model,event_id,true_label,pred_label,pred_conf,logits,latency_sec,actor_norm,notes,pred_conf_iso,pred_conf_temp,prob_V,prob_B,prob_E,prob_P,prob_R,prob_S
llama3.2:3b,CAO11875,V,V,0.92,"{""V"": 0.92, ""B"": 0.02, ""E"": 0.01, ""P"": 0.01, ""R"": 0.04}",0.64,Unidentified Armed Group (Cameroon),"On 24 September 2023, an unidentified armed group shot and killed a bike rider beside a rice farm in Bamunka (Ngo-Ketunjia, Nord-Ouest) after having abducted him. They accused him of impersonating the armed group and extorting money from civilians.",0.6025917926565875,0.92,0.3305872485800247,0.1344067451697615,0.13306937571008917,0.13306937571008917,0.13712194153082538,0.13174531329887934
llama3.2:3b,CAO9055,V,V,0.92,"{""V"": 0.92, ""B"": 0.02, ""E"": 0.01, ""P"": 0.01, ""R"": 0.04}",0.66,Military Forces of Cameroon (1982-),"On 4 September 2022, military forces shot and killed a man in Besali (Wabane, Lebialem, Sud-Ouest) after he was mistaken for a separatist fighter following an exchange of fire between soldiers and Ambazonia Liberation Army fighters.",0.6025917926565875,0.92,0.3305872485800247,0.1344067451697615,0.13306937571008917,0.13306937571008917,0.13712194153082538,0.13174531329887934
llama3.2:3b,CAO3117,B,B,0.93,"{""V"": 0.03, ""B"": 0.93, ""E"": 0.02, ""P"": 0.01, ""R"": 0.01}",0.61,Islamic State West Africa Province (ISWAP) - Lake Chad Faction and/or Boko Haram - Jamaatu Ahli is-Sunnah lid-Dawati wal-Jihad,"On 23 March 2020, Boko Haram were repulsed by the military after staging an attack on the village of Goshikale in Mora subdivision (Mayo-Sava, Extreme-Nord). Militants destroyed the local hospital and looted several houses, taking away 3 motorcycles.",0.6772151898734177,0.93,0.1354922519708132,0.3332571644850734,0.13414408153800397,0.13280932562513567,0.13280932562513567,0.13148785075550468
llama3.2:3b,CAO13564,B,B,0.92,"{""V"": 0.02, ""B"": 0.93, ""E"": 0.03, ""P"": 0.01, ""R"": 0.01}",0.62,Military Forces of Cameroon (1982-) Gendarmerie,"On 21 April 2024, gendarmerie officers clashed with Ambazonian Separatists from the Restoration Forces faction at the Separatist hideout in Kouki (Mbven, Bui, Nord-Ouest). There were no fatalities. No information on the injuries.",0.6025917926565875,0.92,0.13414408153800397,0.3332571644850734,0.1354922519708132,0.13280932562513567,0.13280932562513567,0.13148785075550468
llama3.2:3b,CAO8281,S,E,0.96,"{""V"": 0.02, ""B"": 0.01, ""E"": 0.96, ""P"": 0.0, ""R"": 0.0}",0.63,Islamic State West Africa Province (ISWAP) and/or Boko Haram - Jamaatu Ahli is-Sunnah lid-Dawati wal-Jihad,"Looting: On 18 December 2023, ISWAP or Boko Haram militants looted 2 houses in Waza (Waza, Logone-et-Chari, Extreme-Nord).",0.6772151898734177,0.96,0.13350016810178714,0.13217181923466034,0.34175794968440915,0.13085668765960057,0.13085668765960057,0.13085668765960057
llama3.2:3b,CAO10079,S,V,0.92,"{""V"": 0.92, ""B"": 0.02, ""E"": 0.01, ""P"": 0.01, ""R"": 0.03, ""S"": 0.01}",0.7,Civilians (Cameroon),"Displacement: On 2 February 2023, civilians were displaced for fear of retaliation attacks from, the state security forces in Diongo (Dibombari, Moungo, Littoral) after suspected Ambazonian Separatists mounted an illegal checkpoint paralyzing vehicle movement.",0.6025917926565875,0.92,0.33060057961982675,0.13441216516607782,0.13307474177654105,0.13307474177654105,0.13576302988414168,0.13307474177654105
llama3.2:3b,CAO9679,V,V,0.99,"{""V"": 0.99, ""B"": 0.01, ""E"": 0.0, ""P"": 0.0, ""R"": 0.0, ""S"": 0.0}",0.62,Military Forces of Cameroon (1982-),"On 27 June 2022, military forces shot and killed four civilians in Banten (Bui, Nord-Ouest) who were previously arrested on 25 June during a military operation. The circumstances that led to their execution are unclear.",0.6772151898734177,0.99,0.3494526690479928,0.13115346521695664,0.12984846643367523,0.12984846643367523,0.12984846643367523,0.12984846643367523
llama3.2:3b,CAO5718,V,V,0.99,"{""V"": 0.99, ""B"": 0.01, ""E"": 0.0, ""P"": 0.0, ""R"": 0.0, ""S"": 0.0}",0.64,Military Forces of Cameroon (1982-),"On 16 October 2021, the military forces shot and killed a student in Waindo village, Wum subdivision (Menchum, Nord-Ouest). He was accused of being in possession of a military uniform and some ammunition.",0.6772151898734177,0.99,0.3494526690479928,0.13115346521695664,0.12984846643367523,0.12984846643367523,0.12984846643367523,0.12984846643367523
llama3.2:3b,CAO8534,B,B,0.93,"{""B"": 0.93, ""E"": 0.02, ""P"": 0.01, ""R"": 0.01, ""S"": 0.03}",0.61,Unidentified Armed Group (Cameroon),"On 21 February 2024, an unidentified armed group clashed with Boko Haram (JAS) (likely) militants in Kouyape (Kolofata, Mayo-Sava, Extreme-Nord). The bodies of 3 militants were found by civilians. The exact circumstances of their death are unknown.",0.6772151898734177,0.93,0.13148785075550468,0.3332571644850734,0.13414408153800397,0.13280932562513567,0.13280932562513567,0.1354922519708132
llama3.2:3b,CAO4163,V,V,0.95,"{""V"": 0.95, ""B"": 0.02, ""E"": 0.01, ""P"": 0.0, ""R"": 0.01, ""S"": 0.01}",0.64,Military Forces of Cameroon (1982-),"On 12 December 2020, the military forces shot and killed two civilians in Mkpot village, Mamfe subdivision (Manyu, Sud-Ouest).",0.6772151898734177,0.9499999999999998,0.33861823390414764,0.13360308058636017,0.1322737077229026,0.13095756234044575,0.1322737077229026,0.1322737077229026
llama3.2:3b,CAO14080,B,B,0.93,"{""V"": 0.03, ""B"": 0.93, ""E"": 0.02, ""P"": 0.01, ""R"": 0.01}",0.63,Military Forces of Cameroon (1982-) Rapid Intervention Battalion,"On 24 July 2024, the military forces from the Rapid Intervention clashed with Boko Haram (JAS) (likely) militants in Yabogo neighborhood in Amchide (Kolofata, Mayo-Sava, Extreme-Nord). There were no fatalities.",0.6772151898734177,0.93,0.1354922519708132,0.3332571644850734,0.13414408153800397,0.13280932562513567,0.13280932562513567,0.13148785075550468
llama3.2:3b,CAO13672,V,V,0.92,"{""V"": 0.92, ""B"": 0.02, ""E"": 0.01, ""P"": 0.01, ""R"": 0.04}",0.64,Ambazonian Separatists (Cameroon),"On 15 April 2024, Ambazonian Separatists from the ADF abducted 4 men and 2 women at a checkpoint in Mambanda (Kumba 2, Meme, Sud-Ouest). The militants also looted 3 motorbikes. The reason for the abduction is not known.",0.6025917926565875,0.92,0.3305872485800247,0.1344067451697615,0.13306937571008917,0.13306937571008917,0.13712194153082538,0.13174531329887934
llama3.2:3b,CAO3188,V,V,0.92,"{""V"": 0.92, ""B"": 0.02, ""E"": 0.01, ""P"": 0.01, ""R"": 0.04}",0.62,Military Forces of Cameroon (1982-),"On 16 April 2020, military forces killed three former Ambazonian separatists in Balikumbat town (Ngo-ketunjia, Nord-Ouest).",0.6025917926565875,0.92,0.3305872485800247,0.1344067451697615,0.13306937571008917,0.13306937571008917,0.13712194153082538,0.13174531329887934
llama3.2:3b,CAO8782,B,B,0.92,"{""V"": 0.02, ""B"": 0.93, ""E"": 0.03, ""P"": 0.01, ""R"": 0.01}",0.64,Ambazonian Separatists (Cameroon),"On 1 July 2022, suspected Ambazonian Separatist fighters clashed with the military forces in Bambui (Tubah, Mezam, Nord-Ouest). There were no fatalities.",0.6025917926565875,0.92,0.13414408153800397,0.3332571644850734,0.1354922519708132,0.13280932562513567,0.13280932562513567,0.13148785075550468
llama3.2:3b,CAO7306,B,B,0.93,"{""V"": 0.03, ""B"": 0.93, ""E"": 0.02, ""P"": 0.01, ""R"": 0.01}",0.66,Military Forces of Cameroon (1982-) Rapid Intervention Battalion,"On 19 May 2023, the military forces of Kerawa (Rapid Intervention) clashed with Boko Haram (JAS) (likely) militants in Balatikse neighborhood in Mayo Moskota (Kolofata, Mayo-Sava, Extreme-Nord). 1 militant was killed while 3 soldiers seriously injured. 2 militants were captured. The military seized some equipment.",0.6772151898734177,0.93,0.1354922519708132,0.3332571644850734,0.13414408153800397,0.13280932562513567,0.13280932562513567,0.13148785075550468
llama3.2:3b,CAO13551,S,S,0.85,"{""V"": 0.04, ""B"": 0.03, ""E"": 0.02, ""P"": 0.01, ""R"": 0.02, ""S"": 0.85}",0.67,Boko Haram - Jamaatu Ahli is-Sunnah lid-Dawati wal-Jihad,"On 14 June 2024, 11 members of Boko Haram (JAS) (likely) militants surrendered to the military forces in Madakar (Mayo-Moskota, Mayo-Tsanaga, Extreme-Nord).",0.6025917926565875,0.85,0.1394933464837029,0.13810536449530517,0.13673119315844512,0.13537069505484398,0.13673119315844512,0.31356820764894405
llama3.2:3b,CAO4946,V,V,0.85,"{""V"": 0.85, ""B"": 0.01, ""E"": 0.02, ""P"": 0.06, ""R"": 0.04, ""S"": 0.08}",0.67,Ambazonian Separatists (Cameroon),"On 13 January 2021, Ambazonian separatists kidnapped a truck driver and his assistant in Bukow village, Ndop subdivision (Ngo-Ketunjia, Nord-Ouest).",0.6025917926565875,0.85,0.3096477820680964,0.1336782060752715,0.13502169438183984,0.14053203426233074,0.1377493135410361,0.1433709696711158
llama3.2:3b,CAO8143,B,B,0.93,"{""V"": 0.03, ""B"": 0.93, ""E"": 0.02, ""P"": 0.01, ""R"": 0.01}",0.63,Military Forces of Cameroon (1982-) Rapid Intervention Battalion,"On 14 November 2023, the military forces (Rapid Intervention) ambushed Boko Haram (JAS) (likely) militants along the Limani - Goumbouldi road, coded to Limani (Mora, Mayo-Sava, Extreme-Nord). 2 militants were killed, the militants had approached an abandoned civilian truck near where the military forces were parked and the military recovered a weapon.",0.6772151898734177,0.93,0.1354922519708132,0.3332571644850734,0.13414408153800397,0.13280932562513567,0.13280932562513567,0.13148785075550468
llama3.2:3b,CAO15055,V,R,0.79,"{""R"": 0.79, ""S"": 0.21}",0.51,Unidentified Armed Group (Cameroon),"Around 17 September 2024 (as reported), an unidentified armed group attacked and killed 1 civilian between Mora and Blabline (Kolofata, Mayo-Sava, Extreme-Nord) for an unknown reason.",0.2,0.79,0.13446147431406894,0.13446147431406894,0.13446147431406894,0.13446147431406894,0.2962719319727239,0.16588217077070402
llama3.2:3b,CAO11956,B,B,0.93,"{""V"": 0.03, ""B"": 0.93, ""E"": 0.02, ""P"": 0.01, ""R"": 0.0}",0.63,Military Forces of Cameroon (1982-) Rapid Intervention Battalion,"On 25 October 2023, military forces from the Rapid Intervention Battalion engaged in an armed confrontation with Ambazonian Separatists in Ngarum (Donga-Mantung, Nord-Ouest). There were no casualties.",0.6772151898734177,0.93,0.1356715384994644,0.3336981381887325,0.13432158413588857,0.13298506204266136,0.13166183856645966,0.13166183856645966
llama3.2:3b,CAO12511,V,V,0.99,"{""V"": 0.99, ""B"": 0.01, ""E"": 0.0, ""P"": 0.0, ""R"": 0.0, ""S"": 0.0}",0.64,Military Forces of Cameroon (1982-),"On 19 July 2023, state security forces (coded as military) physically assualted 10 men, including the traditional chief and traditional council chairman, whom they had arrested in Nongomadiba (Kupe-Manenguba, Sud-Ouest), injuring them. They were targeted for not acting against Ambazonian Separatists who had buried a woman alive early in the morning (coded separately).",0.6772151898734177,0.99,0.3494526690479928,0.13115346521695664,0.12984846643367523,0.12984846643367523,0.12984846643367523,0.12984846643367523
llama3.2:3b,CAO4776,S,R,0.83,"{""R"": 0.83, ""S"": 0.0}",0.55,Military Forces of Cameroon (1982-),"Looting: Around 15 July 2020 (month of), the military forces raided Bengang village, Batibo subdivision (Momo, Nord-Ouest). They shot in the air, and then looted property.",0.20000000000000226,0.83,0.13711179171136334,0.13711179171136334,0.13711179171136334,0.13711179171136334,0.31444104144286883,0.13711179171136334
llama3.2:3b,CAO12845,V,V,0.92,"{""V"": 0.92, ""B"": 0.02, ""E"": 0.01, ""P"": 0.01, ""R"": 0.04}",0.63,Ambazonian Separatists (Cameroon),"On 9 December 2021, suspected Ambazonian separatist fighters killed a Fulani pastoralist at 3 Corners near Ntumbaw (Ndu, Donga-Mantung, Nord-Ouest). In retaliation, local Fulanis set ablaze more than 15 houses, and killed a bike who transported a uniformed officer to the scene [Coded as a separate event].",0.6025917926565875,0.92,0.3305872485800247,0.1344067451697615,0.13306937571008917,0.13306937571008917,0.13712194153082538,0.13174531329887934
llama3.2:3b,CAO11075,B,V,0.92,"{""V"": 0.92, ""B"": 0.02, ""E"": 0.01, ""P"": 0.01, ""R"": 0.04}",0.62,Military Forces of Cameroon (1982-),"On 23 November 2023, the military forces ambushed Ambazonian Separatists from the Restoration Forces onboard a motorcycle in Konye (Konye, Meme, Sud-Ouest). The military forces members shot and injured one.",0.6025917926565875,0.92,0.3305872485800247,0.1344067451697615,0.13306937571008917,0.13306937571008917,0.13712194153082538,0.13174531329887934
llama3.2:3b,CAO13652,V,V,0.92,"{""V"": 0.92, ""B"": 0.02, ""E"": 0.01, ""P"": 0.03, ""R"": 0.02}",0.65,Military Forces of Cameroon (1982-) Rapid Intervention Battalion,"On 13 April 2024, state security forces, coded as the military forces from the Rapid Intervention, beat and injured a dump truck driver and 2 other civilians on the main road in Mile 15 Buea (Buea, Fako, Sud-Ouest) after the dump truck blocked the road and delayed their convoy traveling to Buea center. There were no fatalities.",0.6025917926565875,0.92,0.33059618018303394,0.1344103764885579,0.13307297089665981,0.13576122323011383,0.1344103764885579,0.13174887271274593
llama3.2:3b,CAO9051,V,V,0.92,"{""V"": 0.92, ""B"": 0.02, ""E"": 0.01, ""P"": 0.01, ""R"": 0.04}",0.62,Military Forces of Cameroon (1982-),"On 23 May 2022, military forces killed a man at the Finance Junction in Bamenda city (Bamenda 1, Mezam, Nord-Ouest). Locals in the early hours of the morning discovered the dead body dumped by the road.",0.6025917926565875,0.92,0.3305872485800247,0.1344067451697615,0.13306937571008917,0.13306937571008917,0.13712194153082538,0.13174531329887934
llama3.2:3b,CAO10854,B,B,0.93,"{""V"": 0.03, ""B"": 0.93, ""E"": 0.02, ""P"": 0.01, ""R"": 0.01}",0.65,Military Forces of Cameroon (1982-),"On 18 December 2023, the military forces attacked Ambazonian Separatists leading to a clash in Bai Panya (Kumba 1, Meme, Sud-Ouest). Two Ambazonian Separatists were killed and four others arrested.",0.6772151898734177,0.93,0.1354922519708132,0.3332571644850734,0.13414408153800397,0.13280932562513567,0.13280932562513567,0.13148785075550468
llama3.2:3b,CAO8295,S,E,0.99,"{""V"": 0.01, ""B"": 0.0, ""E"": 0.98, ""P"": 0.0, ""R"": 0.0, ""S"": 0.01}",0.67,Military Forces of Cameroon (1982-) Rapid Intervention Battalion,"Defusal: Around 27 December 2023 (as reported), the military forces (Rapid Intervention) defused an IED that was planted by an unidentified armed group on the road in Kumba (Ekondo Titi, Ndian, Sud-Ouest).",0.6772151898734177,0.99,0.13143896555144177,0.13013112599236756,0.3467286909196671,0.13013112599236756,0.13013112599236756,0.13143896555144177
llama3.2:3b,CAO10551,B,B,0.85,"{""V"": 0.01, ""B"": 0.85, ""E"": 0.02, ""P"": 0.01, ""R"": 0.01}",0.65,Military Forces of Cameroon (1982-),"On 15 September 2022, state security forces, coded as military, clashed with Ambazonian Separatists around Kosala and Fiango, coded to Fiango (Meme, Sud-Ouest). Casualties unknown.",0.6025917926565875,0.85,0.13667798994505112,0.3165963823615345,0.13805162658072712,0.13667798994505112,0.13667798994505112,0.13531802122226833
llama3.2:3b,CAO12982,E,E,0.99,"{""V"": 0.01, ""B"": 0.0, ""E"": 0.98, ""P"": 0.0, ""R"": 0.0, ""S"": 0.01}",0.68,Unidentified Armed Group (Cameroon),"On 9 April 2024, an IED planted by an unidentified armed group detonated on members of self-defence militia in Tourou (Mokolo, Mayo-Tsanaga, Extreme-Nord). A self-defence militia member was killed when they stepped on an IED when it detonated.",0.6772151898734177,0.99,0.13143896555144177,0.13013112599236756,0.3467286909196671,0.13013112599236756,0.13013112599236756,0.13143896555144177
llama3.2:3b,CAO4198,V,V,0.92,"{""V"": 0.92, ""B"": 0.02, ""E"": 0.01, ""P"": 0.01, ""R"": 0.04}",0.63,Ambazonian Separatists (Cameroon),"On 7 January 2021, suspected Ambazonian separatists kidnapped between 6 and 7 students in Mulang neighborhood of Bamenda town (Mezam, Nord-Ouest).",0.6025917926565875,0.92,0.3305872485800247,0.1344067451697615,0.13306937571008917,0.13306937571008917,0.13712194153082538,0.13174531329887934
llama3.2:3b,CAO12441,V,B,0.93,"{""V"": 0.03, ""B"": 0.93, ""E"": 0.02, ""P"": 0.01, ""R"": 0.01}",0.66,Military Forces of Cameroon (1982-),"Around 28 July 2023 (as reported), state security forces shot and killed two Ambazonian Separatists in Kumbo commune, coded to Kumbo (Bui, Nord-Ouest) whom they had captured on 28 July (coded separately).",0.6772151898734177,0.93,0.1354922519708132,0.3332571644850734,0.13414408153800397,0.13280932562513567,0.13280932562513567,0.13148785075550468
llama3.2:3b,CAO14598,B,B,0.93,"{""V"": 0.03, ""B"": 0.93, ""E"": 0.02, ""P"": 0.01, ""R"": 0.01}",0.66,Military Forces of Cameroon (1982-) Rapid Intervention Battalion,"On 28 August 2024, the military forces from the Rapid Intervention clashed with the Boko Haram (JAS) (likely) militants around Amchide (Kolofata, Mayo-Sava, Extreme-Nord). Casualties unknown. The militants stole a motorbike from a civilian and the military forces chased them until the militants abandoned the motorbike.",0.6772151898734177,0.93,0.1354922519708132,0.3332571644850734,0.13414408153800397,0.13280932562513567,0.13280932562513567,0.13148785075550468
llama3.2:3b,CAO8757,S,E,0.92,"{""V"": 0.02, ""B"": 0.03, ""E"": 0.92, ""P"": 0.01, ""R"": 0.01, ""S"": 0.01}",0.69,Unidentified Armed Group (Cameroon),"Looting: Around 17 March 2024 (as reported), an unidentified armed group suspected of being ISWAP or Boko Haram militants looted food items, clothing and 1 bicycle in Ganse (Kolofata, Mayo-Sava, Extreme-Nord).",0.6025917926565875,0.92,0.13441216516607782,0.13576302988414168,0.33060057961982675,0.13307474177654105,0.13307474177654105,0.13307474177654105
llama3.2:3b,CAO3886,B,B,0.92,"{""V"": 0.02, ""B"": 0.93, ""E"": 0.03, ""P"": 0.01, ""R"": 0.01}",0.64,Military Forces of Cameroon (1982-),"On 17 August 2020, the military forces engaged in a fire fight with Ambazonian separatists in Makanga village, Muyuka subdivision (Fako, Sud-Ouest). 1 person was killed, and another arrested.",0.6025917926565875,0.92,0.13414408153800397,0.3332571644850734,0.1354922519708132,0.13280932562513567,0.13280932562513567,0.13148785075550468
llama3.2:3b,CAO14603,V,V,0.85,"{""V"": 0.85, ""B"": 0.01, ""E"": 0.02, ""P"": 0.0, ""R"": 0.12}",0.65,Ambazonian Separatists (Cameroon),"On 30 June 2024, Ambazonian Separatists beat and injured a commercial motorbike driver and abducted 4 suspected government officials in Bambui (Tubah, Mezam, Nord-Ouest). The Separatists looted the motorbike from the commercial motorbike driver and used it to transport the abducted. The motorbike was later found abandoned and recovered by the military forces.",0.6025917926565875,0.85,0.31206129411616546,0.13472014462484577,0.13607410458792876,0.13337965678849245,0.1503851430937629,0.13337965678849245
llama3.2:3b,CAO13493,V,V,0.99,"{""V"": 0.99, ""B"": 0.01, ""E"": 0.0, ""P"": 0.0, ""R"": 0.0, ""S"": 0.0}",0.62,Boko Haram - Jamaatu Ahli is-Sunnah lid-Dawati wal-Jihad,"On 20 May 2024, Boko Haram (JAS) (likely) militants slit the throat and killed a civilian between Kordo and Lelede, coded to Kordo (Kolofata, Mayo-Sava, Extreme-Nord). He had been abducted by the militants the previous day (coded as a separate event).",0.6772151898734177,0.99,0.3494526690479928,0.13115346521695664,0.12984846643367523,0.12984846643367523,0.12984846643367523,0.12984846643367523
llama3.2:3b,CAO6461,B,B,0.93,"{""V"": 0.03, ""B"": 0.93, ""E"": 0.02, ""P"": 0.01, ""R"": 0.01}",0.65,Ambazonian Separatists (Cameroon),"On 17 August 2022, Ambazonian separatists clashed with the Cameroonian military forces in Tinta (Akwaya, Manyu, Sud-Ouest) leading to the death of 3. Unclarity if the fatalities are of civilian or separatist fighters. The clashes also resulted in the destruction of several buildings, including a primary school. Civilians fled the fighting into the bushes.",0.6772151898734177,0.93,0.1354922519708132,0.3332571644850734,0.13414408153800397,0.13280932562513567,0.13280932562513567,0.13148785075550468
llama3.2:3b,CAO13869,R,B,0.85,"{""B"": 0.85, ""E"": 0.01, ""P"": 0.02, ""R"": 0.03, ""S"": 0.09}",0.65,Rioters (Cameroon),"Around 29 June 2024 (as reported), youth from Ndoumba Kanda clashed with Belabo youths, coded to Belabo (Belabo, Lom-et-Djerem, Est) during a wake for unknown reasons. Casualties unknown.",0.6025917926565875,0.85,0.13343069901850574,0.31218071490893134,0.13477169983779905,0.13612617793938628,0.1374942687722063,0.145996439522859
llama3.2:3b,CAO4334,B,B,0.92,"{""V"": 0.02, ""B"": 0.93, ""E"": 0.03, ""P"": 0.01, ""R"": 0.01}",0.63,Ambazonian Separatists (Cameroon),"On 4 February 2021, the military forces engaged in a fire fight with Ambazonian separatists in Mbalangi village (Meme, Sud-Ouest), as they tried to remove a road blockade erected by separatists in order to enforce a lockdown in the area. No fatality and/or casualty reported.",0.6025917926565875,0.92,0.13414408153800397,0.3332571644850734,0.1354922519708132,0.13280932562513567,0.13280932562513567,0.13148785075550468
llama3.2:3b,CAO6445,B,B,0.93,"{""V"": 0.03, ""B"": 0.93, ""E"": 0.02, ""P"": 0.01, ""R"": 0.01}",0.64,Islamic State West Africa Province (ISWAP) - Lake Chad Faction and/or Boko Haram - Jamaatu Ahli is-Sunnah lid-Dawati wal-Jihad,"On 25 September 2021, ISWAP or Boko Haram fighters ambushed the Cameroonian military camp in Sagme (Makary, Logone-et-Chari, Extreme-Nord) leading to the death of 2. The fighters stole weapons and ammunition and burnt the camp and military vehicles.",0.6772151898734177,0.93,0.1354922519708132,0.3332571644850734,0.13414408153800397,0.13280932562513567,0.13280932562513567,0.13148785075550468
llama3.2:3b,CAO6236,B,B,0.83,"{""V"": 0.0, ""B"": 0.83, ""E"": 0.01, ""P"": 0.02, ""R"": 0.04, ""S"": 0.14}",0.66,Boko Haram - Jamaatu Ahli is-Sunnah lid-Dawati wal-Jihad,"On 15 June 2022, suspected Boko Haram (JAS) (likely) clashed with Cameroonian military Forces and MNJTF in Limani (Mora, Mayo-Sava, Extreme-Nord), unknown fatalities, coded to 3.",0.20000000000000226,0.83,0.133073311269296,0.3051795185628854,0.13441072028199594,0.13576157047873336,0.13850413612654064,0.15307074328024337
llama3.2:3b,CAO7298,V,S,0.85,"{""V"": 0.04, ""B"": 0.03, ""E"": 0.02, ""P"": 0.01, ""R"": 0.06, ""S"": 0.85}",0.66,Islamic State West Africa Province (ISWAP) and/or Boko Haram - Jamaatu Ahli is-Sunnah lid-Dawati wal-Jihad,"On 15 May 2023, ISWAP or Boko Haram militants abducted 2 herders in Zigague (Waza, Logone-et-Chari, Extreme-Nord) and stole a head of oxen. The herders and the oxen were freed when the militants spotted the security forces who had been following them.",0.6025917926565875,0.85,0.13871927822788815,0.13733899834732527,0.13597245248104664,0.13461950397332687,0.14152159353563587,0.31182817343446534
llama3.2:3b,CAO12794,S,P,0.99,"{""P"": 0.99, ""R"": 0.01}",0.5,Military Forces of Cameroon (1982-),"Property destruction: On 18 March 2022, suspected military forces burnt down 2 shops in Ndop (Ndop, Ngo-Ketunjia, Nord-Ouest) for failing to open their stores on Mondays. The Ambazonian Separatist fighters had imposed lockdown Mondays.",0.6772151898734177,0.99,0.12984846643367526,0.12984846643367526,0.12984846643367526,0.34945266904799294,0.1311534652169567,0.12984846643367526
llama3.2:3b,CAO2846,B,V,0.92,"{""V"": 0.92, ""B"": 0.02, ""E"": 0.01, ""P"": 0.01, ""R"": 0.04}",0.69,Military Forces of Cameroon (1982-),"On 14 January 2020, the military forces engaged in a fire fight with Ambazonian separatists in Peng village, Tombel subdivision (Kupe-Manenguba, Sud-Ouest) [coded: Tombel]. Two civilians were killed after they were reportedly flagged as Ambazonian fighters.",0.6025917926565875,0.92,0.3305872485800247,0.1344067451697615,0.13306937571008917,0.13306937571008917,0.13712194153082538,0.13174531329887934
llama3.2:3b,CAO4930,V,V,0.92,"{""V"": 0.92, ""B"": 0.02, ""E"": 0.01, ""P"": 0.01, ""R"": 0.04}",0.65,Ambazonian Separatists (Cameroon),"On 21 November 2020, Ambazonian separatists kidnapped a retired military officer from his home in Mankon town, Bamenda 2 subdivision (Bamenda - Mankon, Mezam, Nord-Ouest).",0.6025917926565875,0.92,0.3305872485800247,0.1344067451697615,0.13306937571008917,0.13306937571008917,0.13712194153082538,0.13174531329887934
llama3.2:3b,CAO3670,S,S,0.85,"{""V"": 0.04, ""B"": 0.03, ""E"": 0.02, ""P"": 0.01, ""R"": 0.07, ""S"": 0.85}",0.66,Military Forces of Cameroon (1982-) Gendarmerie,"Around 14 September 2020 (as reported), the gendarmerie and police forces arrested 'over a dozen' civilians in Moloundou town (Boumba-Et-Ngoko, Est) for not having national ID cards.",0.6025917926565875,0.85,0.13852225585398292,0.13714393637879552,0.13577933141153298,0.13442830449056142,0.14274088659820577,0.3113852852666098
llama3.2:3b,CAO15919,V,V,0.99,"{""V"": 0.99, ""B"": 0.01, ""E"": 0.0, ""P"": 0.0, ""R"": 0.0, ""S"": 0.0}",0.62,Military Forces of Cameroon (1982-) Rapid Intervention Battalion,"On 10 October 2024, the military forces from the Rapid Intervention shot and killed 7 civilians at their private residences in Mbomboko in the Buea subdivision (Buea, Fako, Sud-Ouest), mistakenly believing them to be Ambazonian Separatists.",0.6772151898734177,0.99,0.3494526690479928,0.13115346521695664,0.12984846643367523,0.12984846643367523,0.12984846643367523,0.12984846643367523
llama3.2:3b,CAO13492,V,B,0.93,"{""V"": 0.03, ""B"": 0.93, ""E"": 0.02, ""P"": 0.01, ""R"": 0.01}",0.63,Boko Haram - Jamaatu Ahli is-Sunnah lid-Dawati wal-Jihad,"On 20 May 2024, Boko Haram (JAS) (likely) militants attacked and killed a civilian along the Limani - Mora road, coded to Limani (Mora, Mayo-Sava, Extreme-Nord).",0.6772151898734177,0.93,0.1354922519708132,0.3332571644850734,0.13414408153800397,0.13280932562513567,0.13280932562513567,0.13148785075550468
llama3.2:3b,CAO9846,S,P,0.88,"{""V"": 0.02, ""B"": 0.01, ""E"": 0.01, ""P"": 0.88, ""R"": 0.06}",0.65,Ambazonian Separatists (Cameroon),"Looting: On 25 November 2022, Ambazonian Separatists abducted the body of a deceased person in Kai, Mbengwi commune, coded to Mbengwi (Momo, Nord-Ouest). The group accused the family of the deceased of not supporting the struggle against the military. They later released the dead body after the family had paid an unspecified amount of money.",0.6025917926565875,0.8800000000000001,0.1357907879499274,0.13443964703449418,0.13443964703449418,0.320895452650607,0.14133251513435838,0.1331019501957978
llama3.2:3b,CAO9206,V,V,0.92,"{""V"": 0.92, ""B"": 0.02, ""E"": 0.01, ""P"": 0.01, ""R"": 0.04}",0.64,Military Forces of Cameroon (1982-),"On 11 March 2023, state security forces coded as military forces shot and wounded two civilians at Ashing, coded to Oku (Boyo, Nord-Ouest) after they shot into the air as they approached a spot where Ambazonian Separatists launched attacks from. The victims were hit by stray bullets and hospitalized.",0.6025917926565875,0.92,0.3305872485800247,0.1344067451697615,0.13306937571008917,0.13306937571008917,0.13712194153082538,0.13174531329887934
llama3.2:3b,CAO3384,B,B,0.93,"{""B"": 0.93, ""E"": 0.02, ""P"": 0.01, ""R"": 0.0, ""S"": 0.04}",0.66,Military Forces of Cameroon (1982-),"On 14 June 2020, the military forces engaged in fire fights with Ambazonian separatists in Bamenda town (Mezam, Nord-Ouest). No fatality and/or casualty reported.",0.6772151898734177,0.93,0.13148255925288674,0.3332437531231249,0.13413868313994237,0.13280398094203227,0.13148255925288674,0.13684846428879363
llama3.2:3b,CAO3727,S,V,0.85,"{""V"": 0.85, ""B"": 0.01, ""E"": 0.02, ""P"": 0.06, ""R"": 0.04, ""S"": 0.08}",0.7,Military Forces of Cameroon (1982-),"On 1 October 2020, the military forces destroyed buildings in Akum town (Mezam, Nord-Ouest), in retaliation for writings on a vehicle that supported the separatists. No fatality and/or casualty reported.",0.6025917926565875,0.85,0.3096477820680964,0.1336782060752715,0.13502169438183984,0.14053203426233074,0.1377493135410361,0.1433709696711158
llama3.2:3b,CAO11453,S,V,0.92,"{""V"": 0.92, ""B"": 0.02, ""E"": 0.01, ""P"": 0.01, ""R"": 0.04}",0.64,Military Forces of Cameroon (1982-),"Other: On 5 July 2023, state security forces, coded as military forces, fired warning shots into the air at their base in Waindo, coded to Wum (Menchum, Nord-Ouest) after they received news that their colleague was murdered by Ambazonian Separatists at Belo.",0.6025917926565875,0.92,0.3305872485800247,0.1344067451697615,0.13306937571008917,0.13306937571008917,0.13712194153082538,0.13174531329887934
llama3.2:3b,CAO3758,V,B,0.85,"{""V"": 0.01, ""B"": 0.85, ""E"": 0.02, ""P"": 0.01, ""R"": 0.01}",0.63,Ambazonian Separatists (Cameroon),"Around 11 October 2020 (as reported), Ambazonian separatists kidnapped 3 Mbororo ethnic men in Ngarbuh village, near Nkambe (Donga-Mantung, Nord-Ouest). They are suspected to be involved in the killing of a separatist fighter on October 10.",0.6025917926565875,0.85,0.13667798994505112,0.3165963823615345,0.13805162658072712,0.13667798994505112,0.13667798994505112,0.13531802122226833
llama3.2:3b,CAO13380,B,V,0.99,"{""V"": 0.99, ""B"": 0.01, ""E"": 0.0, ""P"": 0.0, ""R"": 0.0, ""S"": 0.0}",0.68,Military Forces of Cameroon (1982-),"On 4 April 2024, the security forces, coded as the military forces shot and killed an unknown Separatist commander at the market in Agyati (Bafut, Mezam, Nord-Ouest). The Separatist tried to escape leading to the military forces shooting him. He died of his injuries.",0.6772151898734177,0.99,0.3494526690479928,0.13115346521695664,0.12984846643367523,0.12984846643367523,0.12984846643367523,0.12984846643367523
llama3.2:3b,CAO4585,V,B,0.83,"{""V"": 0.0, ""B"": 0.83, ""E"": 0.01, ""P"": 0.02, ""R"": 0.04, ""S"": 0.14}",0.65,Islamic State West Africa Province (ISWAP) - Lake Chad Faction and/or Boko Haram - Jamaatu Ahli is-Sunnah lid-Dawati wal-Jihad,"On 26 April 2021, suspected Boko Haram fighters attacked Takoudele village, Kourgui town, Mora subdivision (Mayo-Sava, Extreme-Nord). They kidnapped a young girl, and took away goods. No fatality and/or casualty reported.",0.20000000000000226,0.83,0.133073311269296,0.3051795185628854,0.13441072028199594,0.13576157047873336,0.13850413612654064,0.15307074328024337
llama3.2:3b,CAO10717,B,B,0.92,"{""V"": 0.02, ""B"": 0.93, ""E"": 0.03, ""P"": 0.01, ""R"": 0.01}",0.62,Ambazonian Separatists (Cameroon),"On 25 May 2023, Ambazonian Separatists and state security forces, coded as military forces, engaged in an armed clash at Melim (Bui, Nord-Ouest) after the separatists detonated an IED which partially destroyed one of the security forces' vehicles. Casualties are unknown.",0.6025917926565875,0.92,0.13414408153800397,0.3332571644850734,0.1354922519708132,0.13280932562513567,0.13280932562513567,0.13148785075550468
llama3.2:3b,CAO4525,B,V,0.92,"{""V"": 0.92, ""B"": 0.02, ""E"": 0.01, ""P"": 0.0, ""R"": 0.05}",0.65,Islamic State West Africa Province (ISWAP) - Lake Chad Faction and/or Boko Haram - Jamaatu Ahli is-Sunnah lid-Dawati wal-Jihad,"On 4 April 2021, Boko Haram fighters attacked and tortured a group of local vigilance militiamen in Mahoula village, Mora subdivision (Mayo-Sava, Extreme-Nord), killing two of them.",0.6025917926565875,0.92,0.3305693859286932,0.1343994827576876,0.13306218556022278,0.13173819469219952,0.13849255636866672,0.13173819469219952
llama3.2:3b,CAO10405,B,S,0.85,"{""V"": 0.04, ""B"": 0.03, ""E"": 0.02, ""P"": 0.01, ""R"": 0.06, ""S"": 0.85}",0.68,Military Forces of Cameroon (1982-),"On 8 April 2023, the State security forces, coded as the military force, clashed with the Ambazonian Separatists in Batibo (Batibo, Momo, Nord-Ouest). There were no fatalities. During the operation, the military forces arrested about 30 civilians from several villages and moved them to their base.",0.6025917926565875,0.85,0.13871927822788815,0.13733899834732527,0.13597245248104664,0.13461950397332687,0.14152159353563587,0.31182817343446534
llama3.2:3b,CAO10613,S,V,0.92,"{""V"": 0.92, ""B"": 0.02, ""E"": 0.01, ""P"": 0.01, ""R"": 0.04}",0.65,Ambazonian Separatists (Cameroon),"Looting: On 10 May 2023, Ambazonian Separatists from the Restoration Forces extorted money amounting to 200,000 FCFA from a civilian whom they imposed as the new traditional chief in Makwe, Upper Bayang commune, coded to Tinto (Manyu, Sud-Ouest). They also forced the civilians to buy a motorcycle for the man to 'support his reign.' The legal leader fled to Mamfe when the Separatists demanded 500,000 FCFA from him.",0.6025917926565875,0.92,0.3305872485800247,0.1344067451697615,0.13306937571008917,0.13306937571008917,0.13712194153082538,0.13174531329887934
llama3.2:3b,CAO4669,V,V,0.92,"{""V"": 0.92, ""B"": 0.02, ""E"": 0.01, ""P"": 0.01, ""R"": 0.04}",0.64,Military Forces of Cameroon (1982-),"Around 15 May 2020 (month of), the military forces raided Njembo village, Mbengwi town, Mbeggwi subdivision (Momo, Nord-Ouest), killing one person.",0.6025917926565875,0.92,0.3305872485800247,0.1344067451697615,0.13306937571008917,0.13306937571008917,0.13712194153082538,0.13174531329887934
llama3.2:3b,CAO4298,B,V,0.99,"{""V"": 0.99, ""B"": 0.01, ""E"": 0.0, ""P"": 0.0, ""R"": 0.0, ""S"": 0.0}",0.62,Military Forces of Cameroon (1982-),"On 23 January 2021, the military forces engaged in fire fights with Ambazonian separatists in Mulang and Meta neighborhood of Bamenda town, Bamenda 2 subdivision (Mezam, Nord-Ouest). Four civilians were killed, reportedly by the military forces.",0.6772151898734177,0.99,0.3494526690479928,0.13115346521695664,0.12984846643367523,0.12984846643367523,0.12984846643367523,0.12984846643367523
llama3.2:3b,CAO8775,E,E,0.99,"{""V"": 0.01, ""B"": 0.0, ""E"": 0.98, ""P"": 0.0, ""R"": 0.0, ""S"": 0.01}",0.67,Unidentified Armed Group (Cameroon),"On 17 March 2024, an IED planted by an unidentified armed group detonated on military forces along the Zeleved - Dzamadzaf road, coded to Zelevet (Mayo-Moskota, Mayo-Tsanaga, Extreme-Nord). There were no fatalities and 2 militants were injured.",0.6772151898734177,0.99,0.13143896555144177,0.13013112599236756,0.3467286909196671,0.13013112599236756,0.13013112599236756,0.13143896555144177
llama3.2:3b,CAO14650,V,V,0.85,"{""V"": 0.85, ""B"": 0.01, ""E"": 0.02, ""P"": 0.03, ""R"": 0.09}",0.65,Unidentified Armed Group (Cameroon),"On 24 August 2024, an unidentified armed group shot and injured 1 plantation owner who tried to flee an abduction in Sirbia (Touboro, Mayo-Rey, Nord). The plantation owner escaped. 2 other civilians were abducted. The reason for the abduction is not known.",0.6025917926565875,0.85,0.31218071490893134,0.13477169983779905,0.13612617793938628,0.1374942687722063,0.145996439522859,0.13343069901850574
llama3.2:3b,CAO9309,V,V,0.85,"{""V"": 0.85, ""B"": 0.01, ""E"": 0.02, ""P"": 0.06, ""R"": 0.04, ""S"": 0.08}",0.7,Ambazonian Separatists (Cameroon),"On 13 February 2023, Ambazonian Separatists shot a male motorbike rider in his legs near Azire New Church in Bamenda (Mezam, Nord-Ouest) before taking his bike away. He was accused of violating the Monday ghost town. No information on the status of the victim.",0.6025917926565875,0.85,0.3096477820680964,0.1336782060752715,0.13502169438183984,0.14053203426233074,0.1377493135410361,0.1433709696711158
llama3.2:3b,CAO14584,S,E,0.99,"{""V"": 0.01, ""B"": 0.0, ""E"": 0.98, ""P"": 0.0, ""R"": 0.0, ""S"": 0.01}",0.67,Boko Haram - Jamaatu Ahli is-Sunnah lid-Dawati wal-Jihad,"Looting: On 21 August 2024, Boko Haram (JAS) (likely) militants looted 1 motorbike and goods along the Amchide - Ganse road in Guederou (Kolofata, Mayo-Sava, Extreme-Nord).",0.6772151898734177,0.99,0.13143896555144177,0.13013112599236756,0.3467286909196671,0.13013112599236756,0.13013112599236756,0.13143896555144177
llama3.2:3b,CAO7763,S,S,0.77,"{""V"": 0.1, ""B"": 0.05, ""E"": 0.02, ""P"": 0.02, ""R"": 0.04, ""S"": 0.77}",0.68,Military Forces of Cameroon (1982-) Gendarmerie,"On 3 September 2023, the gendarmerie arrested a suspected former ISWAP or Boko Haram militant leader in Banki (Menoua, Ouest).",0.1948717948717949,0.77,0.14939947451102498,0.1421131761598314,0.13791309706270072,0.13791309706270072,0.1406991264306073,0.29196202877284283
llama3.2:3b,CAO7437,V,V,0.99,"{""V"": 0.99, ""B"": 0.01, ""E"": 0.0, ""P"": 0.0, ""R"": 0.0, ""S"": 0.0}",0.66,Military Forces of Cameroon (1982-),"On 25 June 2023, the military forces attacked civilians in Kumba (Ekondo Titi, Ndian, Sud-Ouest). 1 civilian was killed. The victim had challenged a gendarmerie officer to lawfully present a warrant authorizing him to arrest another civilian when the officer shot him at close range in the chest and the other civilian was injured.",0.6772151898734177,0.99,0.3494526690479928,0.13115346521695664,0.12984846643367523,0.12984846643367523,0.12984846643367523,0.12984846643367523
llama3.2:3b,CAO9421,S,V,0.85,"{""V"": 0.85, ""B"": 0.01, ""E"": 0.02, ""P"": 0.06, ""R"": 0.04, ""S"": 0.08}",0.69,Military Forces of Cameroon (1982-),"Other: On 15 September 2022, the military forces fired gunshots under unclear circumstances at GRA quarter in Mbengwi (Momo, Nord-Ouest).",0.6025917926565875,0.85,0.3096477820680964,0.1336782060752715,0.13502169438183984,0.14053203426233074,0.1377493135410361,0.1433709696711158
llama3.2:3b,CAO6502,S,B,0.92,"{""V"": 0.02, ""B"": 0.93, ""E"": 0.03, ""P"": 0.01, ""R"": 0.01}",0.65,Boko Haram - Jamaatu Ahli is-Sunnah lid-Dawati wal-Jihad,"Looting: On 24 August 2022, Boko Haram (JAS) (likely) fighters entered Madakar (Mayo-Moskota, Mayo-Tsanaga, Extreme-Nord) and stole 22 livestock. The Cameroonian military forces returned 175 livestock to their owners.",0.6025917926565875,0.92,0.13414408153800397,0.3332571644850734,0.1354922519708132,0.13280932562513567,0.13280932562513567,0.13148785075550468
llama3.2:3b,CAO15428,V,V,0.92,"{""V"": 0.92, ""B"": 0.02, ""E"": 0.03, ""P"": 0.01, ""R"": 0.02}",0.62,Military Forces of Cameroon (1982-),"On 25 August 2024, security forces, coded as the military forces, beat and injured a group of 15 civilians along the main road in Ashing (Belo, Boyo, Nord-Ouest) accusing them of leaving a bag they suspected of carrying items used to manufacture IEDs near the military minor base.",0.6025917926565875,0.92,0.3305961801830339,0.1344103764885579,0.13576122323011383,0.13307297089665981,0.1344103764885579,0.1317488727127459
llama3.2:3b,CAO8495,B,S,0.85,"{""V"": 0.01, ""B"": 0.03, ""E"": 0.02, ""P"": 0.04, ""R"": 0.07, ""S"": 0.89}",0.69,Military Forces of Cameroon (1982-) Rapid Intervention Battalion,"On 6 February 2024, the military forces (Rapid Intervention) and the gendarmerie fired warning shots in the air at the outpost in Fotokol (Fotokol, Logone-et-Chari, Extreme-Nord) to drive back suspected ISWAP or Boko Haram militants. There were no fatalities.",0.6025917926565875,0.85,0.13274144288495357,0.1354229979083147,0.1340755165649409,0.1367840216643322,0.14094971529640718,0.32002630568073137
llama3.2:3b,CAO13440,B,B,0.99,"{""V"": 0.01, ""B"": 0.98, ""E"": 0.0, ""P"": 0.0, ""R"": 0.01}",0.59,Ambazonian Separatists (Cameroon),"Around 13 May 2024 (as reported), Ambazonian Separatists ambushed patrolling gendarmerie forces along the Ayukaba and Eyangchang villages, coded to Ayukaba (Mamfe, Manyu, Sud-Ouest). The brigade commander and 4 gendarmerie officers were killed. The Separatists looted their weapons and ammunition and burnt the victim's bodies.",0.6772151898734177,0.99,0.13143896555144177,0.3467286909196672,0.13013112599236756,0.13013112599236756,0.13143896555144177,0.13013112599236756
llama3.2:3b,CAO3624,V,V,0.85,"{""V"": 0.85, ""B"": 0.01, ""E"": 0.02, ""P"": 0.03, ""R"": 0.09}",0.65,Islamic State West Africa Province (ISWAP) - Lake Chad Faction and/or Boko Haram - Jamaatu Ahli is-Sunnah lid-Dawati wal-Jihad,"Around 30 August 2020 (as reported), Boko Haram attacked Makoulahe village, in Mora subdivision (Mayo-Sava, Extreme-Nord). They looted houses and injured 2 women.",0.6025917926565875,0.85,0.31218071490893134,0.13477169983779905,0.13612617793938628,0.1374942687722063,0.145996439522859,0.13343069901850574
llama3.2:3b,CAO11112,S,V,0.85,"{""V"": 0.85, ""B"": 0.01, ""E"": 0.02, ""P"": 0.06, ""R"": 0.04, ""S"": 0.08}",0.68,Ambazonian Separatists (Cameroon),"Looting: On 2 February 2024, Ambazonian Separatists extorted money and food items from business persons at the market square in Lassin (Noni, Bui, Nord-Ouest).",0.6025917926565875,0.85,0.3096477820680964,0.1336782060752715,0.13502169438183984,0.14053203426233074,0.1377493135410361,0.1433709696711158
llama3.2:3b,CAO7600,R,R,0.83,"{""V"": 0.01, ""B"": 0.0, ""E"": 0.02, ""P"": 0.03, ""R"": 0.94}",0.65,Rioters (Cameroon),"On 26 August 2023, a mob attacked thieves who had killed an elderly woman while robbing her in Brazzaville neighbourhood, in the outskirts of Douala (Douala 1, Wouri, Littoral). Two managed to escape while a third was beaten to death.",0.20000000000000226,0.83,0.13254055785200597,0.1312217572664005,0.13387261260384747,0.13521805472851023,0.3359252602824993,0.1312217572664005
llama3.2:3b,CAO3498,V,V,0.94,"{""V"": 0.94, ""B"": 0.03, ""E"": 0.01, ""P"": 0.01, ""R"": 0.0, ""S"": 0.01}",0.62,Military Forces of Cameroon (1982-),"On 21 July 2020, military forces opened fire around a food market in Bamenda town (Mezam, Nord-Ouest). One person was reportedly killed and property destroyed.",0.6772151898734177,0.9400000000000001,0.3359297127507557,0.13521984695484018,0.13254231458987684,0.13254231458987684,0.13122349652443752,0.13254231458987684
llama3.2:3b,CAO4080,B,B,0.99,"{""V"": 0.01, ""B"": 0.98, ""E"": 0.0, ""P"": 0.0, ""R"": 0.01}",0.61,Military Forces of Cameroon (1982-),"On 1 December 2020, the military forces repelled an attack of Boko Haram in Boudoua village, Mora subdivision (Mayo-Sava, Extreme-Nord). One Boko Haram fighter was killed, and several others injured. The military seized two motorbikes.",0.6772151898734177,0.99,0.13143896555144177,0.3467286909196672,0.13013112599236756,0.13013112599236756,0.13143896555144177,0.13013112599236756
llama3.2:3b,CAO14355,V,P,0.99,"{""V"": 0.0, ""B"": 0.01, ""E"": 0.0, ""P"": 0.98, ""R"": 0.0}",0.62,Ambazonian Separatists (Cameroon),"On 8 May 2024, Ambazonian Separatists abducted a ship owner alongside two skippers after intercepting 2 ships in the Cameroon-Nigeria waterway in Mabeta (Limbe 3, Fako, Sud-Ouest). The militants later released the men after they paid the sum of approximately 700,000 Franc CFA.",0.6772151898734177,0.99,0.13030153950033435,0.13161109174363703,0.13030153950033435,0.3471827502546784,0.13030153950033435,0.13030153950033435
llama3.2:3b,CAO11427,B,B,0.93,"{""V"": 0.03, ""B"": 0.93, ""E"": 0.02, ""P"": 0.01, ""R"": 0.01}",0.62,Military Forces of Cameroon (1982-),"On 10 January 2024, military forces, disguised as civilians, engaged in gunbattle with Ambazonian Separatists from the Restoration Forces in Yoke (Muyuka, Fako, Sud-Ouest). They freed two civilians held captive by the Ambazonian Separatists. No casualties.",0.6772151898734177,0.93,0.1354922519708132,0.3332571644850734,0.13414408153800397,0.13280932562513567,0.13280932562513567,0.13148785075550468
llama3.2:3b,CAO11069,V,V,0.92,"{""V"": 0.92, ""B"": 0.02, ""E"": 0.01, ""P"": 0.01, ""R"": 0.04}",0.62,Ambazonian Separatists (Cameroon),"On 15 December 2023, Ambazonian Separatists kidnapped an employee of the Mbonge municipal council in Kombone (Kumba 1, Meme, Sud-Ouest). They accused him of working closely with the Mayor of the municipality, who is seen as a security forces collaborator.",0.6025917926565875,0.92,0.3305872485800247,0.1344067451697615,0.13306937571008917,0.13306937571008917,0.13712194153082538,0.13174531329887934
llama3.2:3b,CAO4139,V,V,0.98,"{""V"": 0.98, ""B"": 0.01, ""E"": 0.0, ""P"": 0.0, ""R"": 0.01}",0.58,Military Forces of Cameroon (1982-),"On 8 November 2020, the military forces raided Luh village, in Ndu subdivision (Donga-Mantung, Nord-Ouest), killing two civilians including a driver and a bike taxi driver.",0.6772151898734177,0.98,0.3467286909196672,0.13143896555144177,0.13013112599236756,0.13013112599236756,0.13143896555144177,0.13013112599236756
llama3.2:3b,CAO2894,R,R,0.92,"{""V"": 0.02, ""B"": 0.01, ""E"": 0.0, ""P"": 0.95, ""R"": 0.82}",0.62,Rioters (Cameroon),"On 26 January 2020, one young man was burnt to death in Bamenda town (Mezam, Nord-Ouest), for allegedly trying to steal a motorcycle.",0.6025917926565875,0.92,0.11480400798157216,0.11366168901589369,0.11253073631383517,0.29097181185660803,0.25550101851796475,0.11253073631383517
llama3.2:3b,CAO8266,B,B,0.93,"{""V"": 0.03, ""B"": 0.93, ""E"": 0.02, ""P"": 0.01, ""R"": 0.01}",0.65,Boko Haram - Jamaatu Ahli is-Sunnah lid-Dawati wal-Jihad,"On 18 December 2023, Boko Haram militants [JAS faction] ambushed military forces in Moundou, in the Double-Limani area, coded to Limani (Mora, Mayo-Sava, Extreme-Nord). 2 soldiers were killed and 2 others were wounded. The militants stole 2 motorbikes and the rifles from the killed soldiers.",0.6772151898734177,0.93,0.1354922519708132,0.3332571644850734,0.13414408153800397,0.13280932562513567,0.13280932562513567,0.13148785075550468
llama3.2:3b,CAO6765,V,V,0.98,"{""V"": 0.98, ""B"": 0.01, ""E"": 0.0, ""P"": 0.0, ""R"": 0.01}",0.64,Ambazonian Separatists (Cameroon),"On 24 November 2022, Ambazonian Separatists killed a public transport driver and a passenger in Awing (Santa, Mezam, Nord-Ouest). They set ablaze the driver's vehicle and abducted two other civilian passengers. The fighters left a note on the body of the killed driver on which it was written that he was collaborating with the military and warned any other person who may be collaborating with them. The rest of the civilians were allowed to go. Residents claim the attack was carried out by the Cameroonian military.",0.6772151898734177,0.98,0.3467286909196672,0.13143896555144177,0.13013112599236756,0.13013112599236756,0.13143896555144177,0.13013112599236756
llama3.2:3b,CAO14747,S,S,0.85,"{""V"": 0.01, ""B"": 0.03, ""E"": 0.02, ""P"": 0.04, ""R"": 0.3, ""S"": 0.4}",0.67,Military Forces of Cameroon (1982-),"On 6 July 2024, the security forces, coded as the military forces, arrested 39 men and 11 women from their private residences in Marumba I (Kumba 1, Meme, Sud-Ouest) during a search operation to dislodge Ambazonian Separatists in the area.",0.6025917926565875,0.85,0.14547328615962815,0.14841204147814835,0.14693531699181542,0.14990360729230623,0.19441449839712252,0.21486124968076445
llama3.2:3b,CAO10353,B,B,0.93,"{""V"": 0.03, ""B"": 0.93, ""E"": 0.02, ""P"": 0.01, ""R"": 0.0}",0.62,Military Forces of Cameroon (1982-),"On 19 April 2023, state security forces (coded as military) engaged in an armed confrontation with Ambazonian Separatists in Bamenda - Mankon (Mezam, Nord-Ouest). 4 Separatists were killed, and one soldier was severely wounded. Some ammunition was recovered.",0.6772151898734177,0.93,0.1356715384994644,0.3336981381887325,0.13432158413588857,0.13298506204266136,0.13166183856645966,0.13166183856645966
llama3.2:3b,CAO10413,S,R,0.92,"{""R"": 0.92, ""S"": 0.05}",0.55,Military Forces of Cameroon (1982-),"Property destruction: On 6 April 2023, State security forces (Air Force), coded as the military forces, burned down 7 civilian houses in Maghow, coded to Akwaya (Akwaya,Manyu,Sud-Ouest). The Separatists also stole food items, money and other valuables. The houses were suspected of housing Separatists.",0.6025917926565875,0.92,0.13226530884115856,0.13226530884115856,0.13226530884115856,0.13226530884115856,0.33189206839707563,0.1390466962379582
llama3.2:3b,CAO3901,S,V,0.92,"{""V"": 0.92, ""B"": 0.02, ""E"": 0.01, ""P"": 0.01, ""R"": 0.04}",0.62,Military Forces of Cameroon (1982-),"On 17 September 2020, the security forces (assumed Military Forces) arrested 'scores' of civilians during a raid in Bakweri town (Fako, Sud-Ouest).",0.6025917926565875,0.92,0.3305872485800247,0.1344067451697615,0.13306937571008917,0.13306937571008917,0.13712194153082538,0.13174531329887934
llama3.2:3b,CAO13626,B,B,0.99,"{""B"": 0.99, ""E"": 0.01, ""P"": 0.0, ""R"": 0.0, ""S"": 0.0}",0.66,Boko Haram - Jamaatu Ahli is-Sunnah lid-Dawati wal-Jihad,"On 14 June 2024, Boko Haram (JAS) (likely) militants clashed with the Gendarmerie forces in Tourou (Mokolo, Mayo-Tsanaga, Extreme-Nord). 1 soldier was killed. 4 motorbikes and an ambulance were burnt and several materials looted.",0.6772151898734177,0.99,0.12984846643367523,0.3494526690479928,0.13115346521695664,0.12984846643367523,0.12984846643367523,0.12984846643367523
llama3.2:3b,CAO5613,R,R,0.92,"{""V"": 0.02, ""B"": 0.01, ""E"": 0.0, ""P"": 0.95, ""R"": 0.82, ""S"": 0.0}",0.69,Rioters (Cameroon),"On 19 October 2021, a traditional leader and his supporters tortured a pregnant woman and her children and paraded them on the streets of Buea town (Fako, Sud-Ouest) for being the ex-girlfriend of an Ambazonian separatist commander.",0.6025917926565875,0.92,0.11480400798157216,0.11366168901589369,0.11253073631383517,0.29097181185660803,0.25550101851796475,0.11253073631383517
llama3.2:3b,CAO8174,R,R,0.92,"{""R"": 0.92, ""S"": 0.05}",0.55,Rioters (Cameroon),"On 3 December 2023, a mob killed a suspect who was accused of killing two people with knives in Obala (Obala, Lekie, Centre). The victim was burnt alive by the mob.",0.6025917926565875,0.92,0.13226530884115856,0.13226530884115856,0.13226530884115856,0.13226530884115856,0.33189206839707563,0.1390466962379582
llama3.2:3b,CAO13505,S,V,0.85,"{""V"": 0.85, ""B"": 0.01, ""E"": 0.02, ""P"": 0.06, ""R"": 0.04, ""S"": 0.08}",0.69,Ambazonian Separatists (Cameroon),"Looting: On 10 April 2024, Ambazonian Separatists from the Restoration Forces faction extorted money from commercial motorbike riders and their passengers in Bulu Camp (Mundemba, Ndian, Sud-Ouest) on their way to the market and farms.",0.6025917926565875,0.85,0.3096477820680964,0.1336782060752715,0.13502169438183984,0.14053203426233074,0.1377493135410361,0.1433709696711158
llama3.2:3b,CAO3090,B,B,0.93,"{""V"": 0.03, ""B"": 0.93, ""E"": 0.02, ""P"": 0.01, ""R"": 0.01}",0.63,Ambazonian Separatists (Cameroon),"On 12 March 2020, two groups of Ambazonian separatists clashed in their camp in Vikovi village, near Kikaikom, in Kumbo subdivision (Bui, Nord-Ouest), resulting in 5 deaths.",0.6772151898734177,0.93,0.1354922519708132,0.3332571644850734,0.13414408153800397,0.13280932562513567,0.13280932562513567,0.13148785075550468
llama3.2:3b,CAO6193,B,V,0.92,"{""V"": 0.92, ""B"": 0.02, ""E"": 0.01, ""P"": 0.01, ""R"": 0.04}",0.66,Military Forces of Cameroon (1982-),"On 21 June 2022, Cameroonian military forces clashed with Ambazonia separatist in Essu (Fungom, Menchum, Nord-Ouest) leading to the death of 1 separatist and 1 civilian was injured. She was taking to the hospital for treatment.",0.6025917926565875,0.92,0.3305872485800247,0.1344067451697615,0.13306937571008917,0.13306937571008917,0.13712194153082538,0.13174531329887934
llama3.2:3b,CAO4023,V,B,0.93,"{""V"": 0.03, ""B"": 0.93, ""E"": 0.02, ""P"": 0.01, ""R"": 0.0}",0.64,Islamic State West Africa Province (ISWAP) - Lake Chad Faction and/or Boko Haram - Jamaatu Ahli is-Sunnah lid-Dawati wal-Jihad,"On 18 November 2020, Boko Haram shot and killed a traditional chief and 3 of his children (total of 4 fatalities) in Satomi village, around Mora (Mayo-Sava, Extreme-Nord).",0.6772151898734177,0.93,0.1356715384994644,0.3336981381887325,0.13432158413588857,0.13298506204266136,0.13166183856645966,0.13166183856645966
llama3.2:3b,CAO4443,B,B,0.99,"{""V"": 0.01, ""B"": 0.98, ""E"": 0.0, ""P"": 0.0, ""R"": 0.01}",0.61,MNJTF: Multinational Joint Task Force,"On 4 March 2021, the MNJTF military forces repelled an attack of Boko Haram in Gouzoudou village (Mayo-Sava, Extreme-Nord). No fatality and/or casualty reported.",0.6772151898734177,0.99,0.13143896555144177,0.3467286909196672,0.13013112599236756,0.13013112599236756,0.13143896555144177,0.13013112599236756
llama3.2:3b,CAO10147,B,V,0.85,"{""V"": 0.85, ""B"": 0.01, ""E"": 0.02, ""P"": 0.03, ""R"": 0.09}",0.62,Military Forces of Cameroon (1982-),"On 3 January 2023, state security forces (coded as military) captured and arrested 1 Ambazonian Separatist in Adiemukong, Bafut commune, coded to Bafut (Mezam, Nord-Ouest). Gunshots could be heard, no casualties. It is unclear if the gunshots were an armed confrontation between the two.",0.6025917926565875,0.85,0.31218071490893134,0.13477169983779905,0.13612617793938628,0.1374942687722063,0.145996439522859,0.13343069901850574
llama3.2:3b,CAO7973,S,S,0.85,"{""V"": 0.04, ""B"": 0.03, ""E"": 0.02, ""P"": 0.01, ""R"": 0.06, ""S"": 0.86}",0.67,Islamic State West Africa Province (ISWAP) and/or Boko Haram - Jamaatu Ahli is-Sunnah lid-Dawati wal-Jihad,"Looting: On 18 October 2023, ISWAP or Boko Haram militants demanded money and food items from fishermen in the Tsoukiya zone around Darak (Darak, Logone-et-Chari, Extreme-Nord) as taxes for fishing rights. The militants also searched the fishermen for mobile phones and any person from Darak. Finding neither the militants retreated toward Nigeria.",0.6025917926565875,0.85,0.1382859005531764,0.13690993285252628,0.1355476562592534,0.13419893454456322,0.14107946105115726,0.31397811473900944
llama3.2:3b,CAO9827,V,V,0.92,"{""V"": 0.92, ""B"": 0.02, ""E"": 0.01, ""P"": 0.01, ""R"": 0.04}",0.61,Military Forces of Cameroon (1982-),"On 7 January 2023, the state security forces, coded as the military forces shot and killed a masquerade in Bambui (Tubah, Mezam, Nord-Ouest) accusing him of being an Ambazonian Separatists.",0.6025917926565875,0.92,0.3305872485800247,0.1344067451697615,0.13306937571008917,0.13306937571008917,0.13712194153082538,0.13174531329887934
llama3.2:3b,CAO7395,B,B,0.99,"{""V"": 0.01, ""B"": 0.98, ""E"": 0.0, ""P"": 0.0, ""R"": 0.01}",0.59,Military Forces of Cameroon (1982-) Rapid Intervention Battalion,"On 23 June 2023, the military forces (Rapid Intervention) ambushed Boko Haram (JAS) (likely) militants in Ganse (Kolofata, Mayo-Sava, Extreme-Nord). 1 militant was killed and various items recovered by the military forces.",0.6772151898734177,0.99,0.13143896555144177,0.3467286909196672,0.13013112599236756,0.13013112599236756,0.13143896555144177,0.13013112599236756
llama3.2:3b,CAO6147,V,V,0.92,"{""V"": 0.92, ""B"": 0.02, ""E"": 0.01, ""P"": 0.01, ""R"": 0.04}",0.68,Ambazonian Separatists (Cameroon),"On 1 June 2022, Ambazonia separatists abducted 9 commercial bike riders near Fundong (Njinikom, Boyo, Nord-Ouest) after they had participated in the 20th May celebration despite the ban imposed by the Separatists. The Separatists also burnt their motorbikes.",0.6025917926565875,0.92,0.3305872485800247,0.1344067451697615,0.13306937571008917,0.13306937571008917,0.13712194153082538,0.13174531329887934
llama3.2:3b,CAO16029,V,V,0.92,"{""V"": 0.92, ""B"": 0.02, ""E"": 0.01, ""P"": 0.01, ""R"": 0.04}",0.67,Ambazonian Separatists (Cameroon),"On 22 October 2024, Ambazonian Separatists abducted a male civilian from his private residences in Bamenda - Nkwen (Bamenda 3, Mezam, Nord-Ouest) for an unknown reason.",0.6025917926565875,0.92,0.3305872485800247,0.1344067451697615,0.13306937571008917,0.13306937571008917,0.13712194153082538,0.13174531329887934
llama3.2:3b,CAO11761,B,B,0.93,"{""B"": 0.93, ""E"": 0.02, ""P"": 0.01, ""R"": 0.01, ""S"": 0.03}",0.67,Military Forces of Cameroon (1982-),"On 16 July 2023, state security forces (coded as military) engaged in an armed confrontation with Ambazonian Separatists in Agyati (Mezam, Nord-Ouest). No casualties.",0.6772151898734177,0.93,0.13148785075550468,0.3332571644850734,0.13414408153800397,0.13280932562513567,0.13280932562513567,0.1354922519708132
llama3.2:3b,CAO11220,B,V,0.99,"{""V"": 0.99, ""B"": 0.01, ""E"": 0.0, ""P"": 0.0, ""R"": 0.0, ""S"": 0.0}",0.62,Military Forces of Cameroon (1982-),"On 8 November 2023, the military forces attacked Ambazonian Separatists from the Restoration Forces during an operation in Mfuni (Mamfe, Manyu, Sud-Ouest). The military forces shot and killed one, while several others sustained life-threatening injuries.",0.6772151898734177,0.99,0.3494526690479928,0.13115346521695664,0.12984846643367523,0.12984846643367523,0.12984846643367523,0.12984846643367523
llama3.2:3b,CAO3650,R,R,0.79,"{""V"": 0.12, ""B"": 0.03, ""E"": 0.01, ""P"": 0.03, ""R"": 0.77, ""S"": 0.02}",0.73,Rioters (Cameroon),"On 5 September 2020, residents beat one woman to death in Yokosire village (Lom-Et-Djerem, Est) after she was accused of attempting to use witchcraft against her co-wife.",0.2,0.79,0.1528099903746154,0.13965781562435722,0.1368924055919144,0.13965781562435722,0.29271377564379625,0.13826819714066682
llama3.2:3b,CAO12120,V,V,0.99,"{""V"": 0.99, ""B"": 0.01, ""E"": 0.0, ""P"": 0.0, ""R"": 0.0, ""S"": 0.0}",0.67,Military Forces of Cameroon (1982-),"On 13 August 2023, state security forces, coded as military forces, shot and killed a suspected Ambazonian Separatist in Nkundu quarter in Njenka (Balikumbat, Ngo-Ketunjia, Nord-Ouest) and left his body by the road. He had been arrested earlier from his private residence after a tip-off.",0.6772151898734177,0.99,0.3494526690479928,0.13115346521695664,0.12984846643367523,0.12984846643367523,0.12984846643367523,0.12984846643367523
llama3.2:3b,CAO13210,B,S,0.85,"{""V"": 0.04, ""B"": 0.03, ""E"": 0.02, ""P"": 0.01, ""R"": 0.06, ""S"": 0.86}",0.68,Military Forces of Cameroon (1982-),"On 23 March 2024, state security forces, coded as the military forces, fired several warning gunshots to dislodge and dismantle an Ambazonian Separatist illegal checkpoint in Bobong (Njinikom, Boyo, Nord-Ouest). There were no fatalities or injuries.",0.6025917926565875,0.85,0.1382859005531764,0.13690993285252628,0.1355476562592534,0.13419893454456322,0.14107946105115726,0.31397811473900944
llama3.2:3b,CAO10312,S,R,0.92,"{""V"": 0.02, ""B"": 0.01, ""E"": 0.0, ""P"": 0.93, ""R"": 0.84, ""S"": 0.04}",0.67,Ambazonian Separatists (Cameroon),"Property destruction: On 28 April 2023, Ambazonian Separatists Restoration forces burned a vehicle belonging to an unnamed road construction company working along the Kumba -Mundemba road axis in Dibonda (Toko, Ndian, Sud-Ouest). The burning was an attempt by the perpetrators to enforce the ban on any government sponsored projects especially reconstruction projects the perpetrators had declared.",0.6025917926565875,0.92,0.11434749829073042,0.11320972167237092,0.11208326612052041,0.28407606663984336,0.25962597629134043,0.11665747098491035
llama3.2:3b,CAO4521,V,B,0.93,"{""B"": 0.93, ""E"": 0.02, ""P"": 0.01, ""R"": 0.01, ""S"": 0.03}",0.66,Islamic State West Africa Province (ISWAP) - Lake Chad Faction and/or Boko Haram - Jamaatu Ahli is-Sunnah lid-Dawati wal-Jihad,"On 3 April 2021, Boko Haram fighters nightly attacked Goudjimdele village, Mora subdivision (Mayo-Sava, Extreme-Nord), killing 2 people.",0.6772151898734177,0.93,0.13148785075550468,0.3332571644850734,0.13414408153800397,0.13280932562513567,0.13280932562513567,0.1354922519708132
llama3.2:3b,CAO8337,V,B,0.93,"{""V"": 0.03, ""B"": 0.93, ""E"": 0.02, ""P"": 0.01, ""R"": 0.01}",0.63,Boko Haram - Jamaatu Ahli is-Sunnah lid-Dawati wal-Jihad,"Around 30 December 2023 (as reported), Boko Haram (JAS) (likely) militants attacked Soukoule, coded to Mora (Mora, Mayo-Sava, Extreme-Nord). 1 civilian was killed and 3 motorbikes were taken away.",0.6772151898734177,0.93,0.1354922519708132,0.3332571644850734,0.13414408153800397,0.13280932562513567,0.13280932562513567,0.13148785075550468
llama3.2:3b,CAO9705,V,V,0.99,"{""V"": 0.99, ""B"": 0.01, ""E"": 0.0, ""P"": 0.0, ""R"": 0.0, ""S"": 0.0}",0.65,Military Forces of Cameroon (1982-),"On 23 June 2022, military forces shot and killed two male civilians in Ekombe Bonji (Kumba 1, Meme, Sud-Ouest).",0.6772151898734177,0.99,0.3494526690479928,0.13115346521695664,0.12984846643367523,0.12984846643367523,0.12984846643367523,0.12984846643367523
llama3.2:3b,CAO13243,S,E,0.92,"{""V"": 0.02, ""B"": 0.03, ""E"": 0.92, ""P"": 0.01, ""R"": 0.01, ""S"": 0.01}",0.66,Boko Haram - Jamaatu Ahli is-Sunnah lid-Dawati wal-Jihad,"Looting: On 26 April 2024, ISWAP or Boko Haram militants looted some 150 oxen and cows in a grazing area in Dougza (Kolofata, Mayo-Sava, Extreme-Nord).",0.6025917926565875,0.92,0.13441216516607782,0.13576302988414168,0.33060057961982675,0.13307474177654105,0.13307474177654105,0.13307474177654105
llama3.2:3b,CAO6787,S,B,0.82,"{""V"": 0.0, ""B"": 0.82, ""E"": 0.01, ""P"": 0.02, ""R"": 0.03, ""S"": 0.04}",0.64,Boko Haram - Jamaatu Ahli is-Sunnah lid-Dawati wal-Jihad,"Looting: On 4 December 2022, Boko Haram [JAS] looted farmers in Amchide (Kolofata, Mayo-Sava, Extreme-Nord) stealing 2 motorbikes and 1 bicycle.",0.2,0.8200000000000001,0.13564809293008548,0.30798897295933975,0.1370113789286816,0.1383883661793471,0.1397791923819546,0.1411839966202833
llama3.2:3b,CAO4545,B,B,0.99,"{""V"": 0.01, ""B"": 0.98, ""E"": 0.0, ""P"": 0.0, ""R"": 0.01}",0.58,Military Forces of Cameroon (1982-),"On 12 April 2021, the military forces repelled a nightly attack of Boko Haram fighters in Djanpala village, assumedly in Mora subdivision (Mayo-Sava, Extreme-Nord). One assailant was killed, and foodstuffs retrieved.",0.6772151898734177,0.99,0.13143896555144177,0.3467286909196672,0.13013112599236756,0.13013112599236756,0.13143896555144177,0.13013112599236756
llama3.2:3b,CAO3621,P,P,0.99,"{""P"": 0.99, ""R"": 0.01}",0.46,Protesters (Cameroon),"On 28 August 2020, women of the SUFC movement demonstrated in the Nord-ouest region, around Bamenda town (Mezam, Nord-Ouest), calling for a ceasefire in the North West and South West regions.",0.6772151898734177,0.99,0.12984846643367526,0.12984846643367526,0.12984846643367526,0.34945266904799294,0.1311534652169567,0.12984846643367526
llama3.2:3b,CAO6152,B,V,0.93,"{""V"": 0.93, ""B"": 0.02, ""E"": 0.01, ""P"": 0.0, ""R"": 0.04}",0.65,Military Forces of Cameroon (1982-),"On 10 June 2022, Cameroonian military forces exchanged gunshots with suspected separatists and killed 2 civilians in Belo (Tubah, Mezam, Nord-Ouest). Unclear why the military was targeting civilians.",0.6772151898734177,0.93,0.3332437531231249,0.13413868313994237,0.13280398094203227,0.13148255925288674,0.13684846428879363,0.13148255925288674
llama3.2:3b,CAO6296,P,P,0.88,"{""V"": 0.02, ""B"": 0.01, ""E"": 0.0, ""P"": 0.88, ""R"": 0.06, ""S"": 0.03}",0.68,Protesters (Cameroon),"Around 15 July 2022, residents of Koza and Gaboua protested in front of the sub-prefecture of Koza in Koza (Koza, Mayo-Tsanaga, Extreme-Nord) after a Boko Haram attack. They protested against the lack of security measures in the community.",0.6025917926565875,0.8800000000000001,0.13542299790831466,0.13407551656494088,0.13274144288495354,0.3200263056807313,0.14094971529640715,0.13678402166433218
llama3.2:3b,CAO4239,B,B,0.93,"{""B"": 0.93, ""E"": 0.02, ""P"": 0.01, ""R"": 0.01, ""S"": 0.03}",0.66,Military Forces of Cameroon (1982-),"On 24 December 2020, the military forces repelled an attack of Boko Haram in Makoulahe village, Mora subdivision (Mayo-Sava, Extreme-Nord), killing one assailant.",0.6772151898734177,0.93,0.13148785075550468,0.3332571644850734,0.13414408153800397,0.13280932562513567,0.13280932562513567,0.1354922519708132
llama3.2:3b,CAO6523,B,B,0.99,"{""V"": 0.01, ""B"": 0.98, ""E"": 0.0, ""P"": 0.0, ""R"": 0.01}",0.61,Boko Haram - Jamaatu Ahli is-Sunnah lid-Dawati wal-Jihad,"On 12 September 2022, Boko Haram (JAS) fighters ambushed the Cameroonian military forces on the Limani - Mora Road, coded to Limani (Mora, Mayo-Sava, Extreme-Nord). Unknown fatalities or injuries but 4 motorbikes, mobile phones and a luggage were stolen by the assailants.",0.6772151898734177,0.99,0.13143896555144177,0.3467286909196672,0.13013112599236756,0.13013112599236756,0.13143896555144177,0.13013112599236756
llama3.2:3b,CAO5844,B,V,0.92,"{""V"": 0.92, ""B"": 0.04, ""E"": 0.02, ""P"": 0.01, ""R"": 0.01}",0.64,Military Forces of Cameroon (1982-),"On 25 January 2022, the military intercepted Ambazonian separatists and engaged in fire fights with them in Bamenyam town, Penka-Michel subdivision (Menoua, Ouest). At least one soldier was killed and several others injured.",0.6025917926565875,0.92,0.33058724858002475,0.13712194153082538,0.1344067451697615,0.13306937571008917,0.13306937571008917,0.13174531329887937
llama3.2:3b,CAO9976,S,S,0.85,"{""V"": 0.04, ""B"": 0.03, ""E"": 0.02, ""P"": 0.01, ""R"": 0.04, ""S"": 0.86}",0.65,Military Forces of Cameroon (1982-),"Defusal: On 1 October 2021, state forces, coded as military, defused an IED planted by Ambazonian Separatists in Oku (Bui, Nord-Ouest).",0.6025917926565875,0.85,0.13867329278602838,0.1372934704682571,0.13592737761194426,0.1345748776066658,0.13867329278602838,0.31485768874076114
llama3.2:3b,CAO12429,B,V,0.92,"{""V"": 0.92, ""B"": 0.02, ""E"": 0.01, ""P"": 0.01, ""R"": 0.04}",0.63,Ambazonian Separatists (Cameroon),"On 28 July 2023, Ambazonian Separatists exchanged fire with other Ambazonian Separatists in Bali (Mezam, Nord-Ouest) in a dispute over money extorted from civilians. Two Ambazonian Separatists were killed and their bodies were abandoned in the forest.",0.6025917926565875,0.92,0.3305872485800247,0.1344067451697615,0.13306937571008917,0.13306937571008917,0.13712194153082538,0.13174531329887934
llama3.2:3b,CAO12201,S,V,0.92,"{""V"": 0.92, ""B"": 0.02, ""E"": 0.01, ""P"": 0.01, ""R"": 0.04}",0.69,Ambazonian Separatists (Cameroon),"Other: On 11 August 2023, Ambazonian Separatists fired gunshots in the air and rounded up civilians in Ikiliwindi Mile 10 (Meme, Sud-Ouest). They accused the population of collaborating with state security forces and threatened to kill anyone who collaborated with them.",0.6025917926565875,0.92,0.3305872485800247,0.1344067451697615,0.13306937571008917,0.13306937571008917,0.13712194153082538,0.13174531329887934
llama3.2:3b,CAO6363,B,B,0.93,"{""V"": 0.03, ""B"": 0.93, ""E"": 0.02, ""P"": 0.01, ""R"": 0.0, ""S"": 0.01}",0.62,Military Forces of Cameroon (1982-),"Around 7 August 2022, the Cameroonian military forces clashed with Boko Haram (JAS) (likely) fighters in Mora (Mora, Mayo-Sava, Extreme-Nord) killing many. The military also recovered weapons including 2 Kalashnikov rifles.",0.6772151898734177,0.93,0.1354922519708132,0.3332571644850734,0.13414408153800397,0.13280932562513567,0.13148785075550468,0.13280932562513567
llama3.2:3b,CAO7132,B,B,0.93,"{""B"": 0.93, ""E"": 0.02, ""P"": 0.01, ""R"": 0.01, ""S"": 0.03}",0.7,Islamic State West Africa Province (ISWAP) and/or Boko Haram - Jamaatu Ahli is-Sunnah lid-Dawati wal-Jihad,"Around 5 March 2023, suspected ISWAP or Boko Haram fighters clashed with the Cameroonian military forces in Marouare, coded to Ngaoundere (Ngaoundere 1, Vina, Adamaoua). 2 fighters were killed while 2 civilians were wounded.",0.6772151898734177,0.93,0.13148785075550468,0.3332571644850734,0.13414408153800397,0.13280932562513567,0.13280932562513567,0.1354922519708132
llama3.2:3b,CAO4190,V,V,0.92,"{""V"": 0.92, ""B"": 0.03, ""E"": 0.02, ""P"": 0.01, ""R"": 0.02}",0.65,Ambazonian Separatists (Cameroon),"On 4 January 2021, Ambazonian separatists burnt a transport truck, killed the driver and reportedly injured his assistant in Ewili village, around Buea (Fako, Sud-Ouest). They accused the victims of not respecting their stop order.",0.6025917926565875,0.92,0.3305961801830339,0.13576122323011383,0.1344103764885579,0.13307297089665981,0.1344103764885579,0.1317488727127459
llama3.2:3b,CAO13670,V,R,0.81,"{""R"": 0.81, ""S"": 0.19}",0.5,Military Forces of Cameroon (1982-) Rapid Intervention Battalion,"On 15 April 2024, state security forces, coded as the military forces from the Rapid Intervention, beat and arrested 2 civilian from the road in Bonganjo (Buea, Fako, Sud-Ouest). There were no fatalities.",0.2,0.81,0.1340993520239583,0.1340993520239583,0.1340993520239583,0.1340993520239583,0.30144300442279554,0.1621595874810697
llama3.2:3b,CAO8729,V,V,0.85,"{""V"": 0.85, ""B"": 0.01, ""E"": 0.02, ""P"": 0.06, ""R"": 0.04, ""S"": 0.08}",0.68,Ambazonian Separatists (Cameroon),"On 10 February 2024, Ambazonian Separatists from the Fako Mountain Lions faction fired several shots as a warning to enforce the Separatist-imposed lockdown in Bokova (Buea, Fako, Sud-Ouest) against the Youth Day celebration. There were no fatalities.",0.6025917926565875,0.85,0.3096477820680964,0.1336782060752715,0.13502169438183984,0.14053203426233074,0.1377493135410361,0.1433709696711158
llama3.2:3b,CAO10745,B,V,0.92,"{""V"": 0.92, ""B"": 0.02, ""E"": 0.03, ""P"": 0.01, ""R"": 0.02}",0.63,Ambazonian Separatists (Cameroon),"On 2 June 2023, Ambazonian Separatists detonated an IED targeting a state security forces convoy (coded as military) in Bufi (Menchum, Nord-Ouest). The explosion missed the target, but the soldiers stopped and fired gunshots in the area which caused civilians to flee.",0.6025917926565875,0.92,0.3305961801830339,0.1344103764885579,0.13576122323011383,0.13307297089665981,0.1344103764885579,0.1317488727127459
llama3.2:3b,CAO2881,V,V,0.99,"{""V"": 0.99, ""B"": 0.01, ""E"": 0.0, ""P"": 0.0, ""R"": 0.0, ""S"": 0.0}",0.64,Military Forces of Cameroon (1982-),"On 23 January 2020, the military forces attacked the villages of Bekora Barombi, Ndoh, Njima, Mokono Barombi and Mberenge, in Ekondo Titi subdivision (Ndian, Sud-Ouest). They reportedly killed at least 14 civilians, and injured at least 3 people including a humanitarian worker and two beneficiaries of a humanitarian project.",0.6772151898734177,0.99,0.3494526690479928,0.13115346521695664,0.12984846643367523,0.12984846643367523,0.12984846643367523,0.12984846643367523
llama3.2:3b,CAO12755,R,V,0.92,"{""V"": 0.92, ""B"": 0.02, ""E"": 0.01, ""P"": 0.0, ""R"": 0.05}",0.65,Rioters (Cameroon),"On 4 April 2022, residents killed 1 Ambazonian Separatist fighter in Mbengwi (Mbengwi, Momo, Nord-Ouest) because of the atrocities committed by the separatists in their community.",0.6025917926565875,0.92,0.3305693859286932,0.1343994827576876,0.13306218556022278,0.13173819469219952,0.13849255636866672,0.13173819469219952
llama3.2:3b,CAO11779,V,V,0.92,"{""V"": 0.92, ""B"": 0.02, ""E"": 0.01, ""P"": 0.01, ""R"": 0.04}",0.68,Military Forces of Cameroon (1982-),"On 14 May 2022, state security forces, coded as military, killed a female civilian in Tobin (Bui, Nord-Ouest). The women who approached the military base and was mistaken to be an intruder.",0.6025917926565875,0.92,0.3305872485800247,0.1344067451697615,0.13306937571008917,0.13306937571008917,0.13712194153082538,0.13174531329887934
llama3.2:3b,CAO10497,V,V,0.92,"{""V"": 0.92, ""B"": 0.02, ""E"": 0.01, ""P"": 0.01, ""R"": 0.04}",0.65,Military Forces of Cameroon (1982-),"On 16 March 2023, state security forces (coded as military) fired shots at a vehicle, injuring some civilians, at a vehicular checkpoint in Ntarinkon (Bamenda - Mankon, Mezam, Nord-Ouest) after the driver failed to stop.",0.6025917926565875,0.92,0.3305872485800247,0.1344067451697615,0.13306937571008917,0.13306937571008917,0.13712194153082538,0.13174531329887934
llama3.2:3b,CAO5725,V,V,0.92,"{""V"": 0.92, ""B"": 0.02, ""E"": 0.01, ""P"": 0.01, ""R"": 0.04}",0.63,Military Forces of Cameroon (1982-),"On 27 October 2021, the military forces alongside Fulani militiamen attacked and killed a 15 year old boy in Ngarbuh village, near Ntamruh, Ndu subdivision (Donga-Mantung, Nord-Ouest). He was accused of collaborating with Ambazonian separatists fighters.",0.6025917926565875,0.92,0.3305872485800247,0.1344067451697615,0.13306937571008917,0.13306937571008917,0.13712194153082538,0.13174531329887934
llama3.2:3b,CAO6214,S,E,0.92,"{""V"": 0.02, ""B"": 0.03, ""E"": 0.92, ""P"": 0.01, ""R"": 0.01, ""S"": 0.01}",0.68,Boko Haram - Jamaatu Ahli is-Sunnah lid-Dawati wal-Jihad,"Property destruction: Around 20 June 2022, Boko Haram (JAS) (likely) burnt houses and looted items in Djakana village, around Limani (Limani, Mayo-Sava, Extreme-Nord), including 4 bicycles.",0.6025917926565875,0.92,0.13441216516607782,0.13576302988414168,0.33060057961982675,0.13307474177654105,0.13307474177654105,0.13307474177654105
llama3.2:3b,CAO12645,B,V,0.94,"{""V"": 0.94, ""B"": 0.03, ""E"": 0.01, ""P"": 0.01, ""R"": 0.0}",0.61,Military Forces of Cameroon (1982-),"On 15 January 2022, Ambazonian separatists and the military engaged in an armed clash at Total gas station in Bamunka near Bamenda (Bamenda 1, Mezam, Nord-Ouest). Three civilians were killed in the crossfire.",0.6772151898734177,0.9400000000000001,0.3363733279724177,0.1353984128277092,0.1327173446215609,0.1327173446215609,0.13139678497820742,0.13139678497820742
llama3.2:3b,CAO3193,B,V,0.92,"{""V"": 0.92, ""B"": 0.03, ""E"": 0.02, ""P"": 0.01, ""R"": 0.02}",0.61,Military Forces of Cameroon (1982-) Rapid Intervention Battalion,"On 18 April 2020, the military's rapid intervention battalion engaged in a fire fight with Ambazonian separatists in Oku village, Belo subdivision (Boyo, Nord-Ouest). Some separatists were killed. Some fatalities coded as 3.",0.6025917926565875,0.92,0.3305961801830339,0.13576122323011383,0.1344103764885579,0.13307297089665981,0.1344103764885579,0.1317488727127459
llama3.2:3b,CAO3287,V,B,0.99,"{""B"": 0.99, ""E"": 0.01, ""P"": 0.0, ""R"": 0.0, ""S"": 0.0}",0.63,Islamic State West Africa Province (ISWAP) - Lake Chad Faction and/or Boko Haram - Jamaatu Ahli is-Sunnah lid-Dawati wal-Jihad,"On 18 May 2020, Boko Haram attacked the village of Tolkomari, Kolofata subdivision (Mayo-Sava, Extreme-Nord). No fatality and/or casualty reported.",0.6772151898734177,0.99,0.12984846643367523,0.3494526690479928,0.13115346521695664,0.12984846643367523,0.12984846643367523,0.12984846643367523
llama3.2:3b,CAO8924,B,V,0.92,"{""V"": 0.92, ""B"": 0.02, ""E"": 0.01, ""P"": 0.01, ""R"": 0.04}",0.64,Military Forces of Cameroon (1982-),"On 29 May 2022, the military forces in a joint operation with the self-defense militia (COVI) ambushed Ambazonian Separatist fighter at a checkpoint in Ngarum (Ndu, Donga-Mantung, Nord-Ouest). 1 separatist was killed.",0.6025917926565875,0.92,0.3305872485800247,0.1344067451697615,0.13306937571008917,0.13306937571008917,0.13712194153082538,0.13174531329887934
llama3.2:3b,CAO2836,V,V,0.92,"{""V"": 0.92, ""B"": 0.02, ""E"": 0.01, ""P"": 0.0, ""R"": 0.05}",0.64,Military Forces of Cameroon (1982-),"On 13 January 2020, the military forces attacked Kumbo town, in Jakiri subdivision (Bui, Nord-Ouest). They reportedly killed one person, and burnt over 8 houses in several areas of the town.",0.6025917926565875,0.92,0.3305693859286932,0.1343994827576876,0.13306218556022278,0.13173819469219952,0.13849255636866672,0.13173819469219952
llama3.2:3b,CAO10508,B,V,0.92,"{""V"": 0.92, ""B"": 0.02, ""E"": 0.01, ""P"": 0.01, ""R"": 0.04}",0.64,Military Forces of Cameroon (1982-),"On 14 March 2023, the state security forces, coded as military, shot and killed 3 Ambazonian Separatists at the Ndekwai - Ntenako road axis, coded to Ntenaku (Mamfe, Manyu, Sud-Ouest).",0.6025917926565875,0.92,0.3305872485800247,0.1344067451697615,0.13306937571008917,0.13306937571008917,0.13712194153082538,0.13174531329887934
llama3.2:3b,CAO3184,B,B,0.92,"{""V"": 0.02, ""B"": 0.93, ""E"": 0.03, ""P"": 0.01, ""R"": 0.01}",0.62,Ambazonian Separatists (Cameroon),"On 15 April 2020, Ambazonian separatists engaged in fire fights with military forces in Bafut town, Bamenda subdivision (Mezam, Nord-Ouest). No fatality and/or casualty reported.",0.6025917926565875,0.92,0.13414408153800397,0.3332571644850734,0.1354922519708132,0.13280932562513567,0.13280932562513567,0.13148785075550468
llama3.2:3b,CAO5032,B,V,0.01,"{""V"": 0.99, ""B"": 0.0, ""E"": 0.0, ""P"": 0.0, ""R"": 0.01}",0.61,Military Forces of Cameroon (1982-),"On 10 February 2021, the military forces repelled an incursion of Ambazonian separatists in Meanja water tank neighborhood of Muyuka town (Fako, Sud-Ouest). No fatality and/or casualty reported.",0.0,0.010000000000000002,0.34945266904799294,0.12984846643367526,0.12984846643367526,0.12984846643367526,0.1311534652169567,0.12984846643367526
llama3.2:3b,CAO5789,S,S,0.85,"{""V"": 0.04, ""B"": 0.03, ""E"": 0.02, ""P"": 0.01, ""R"": 0.07, ""S"": 0.85}",0.69,Military Forces of Cameroon (1982-),"Around 21 December 2021 (as reported), the security forces (assumedly Military Forces) arrested at least 30 people including 7 Chadians and seized machetes, knives and spears during a security operation in Kousseri town (Logone-et-Chari, Extreme-Nord). The aim was to restore peace in the city in the context of tensions between the Musgum and Arab Shoa communities.",0.6025917926565875,0.85,0.13852225585398292,0.13714393637879552,0.13577933141153298,0.13442830449056142,0.14274088659820577,0.3113852852666098
llama3.2:3b,CAO13094,V,V,0.92,"{""V"": 0.92, ""B"": 0.02, ""E"": 0.01, ""P"": 0.01, ""R"": 0.03, ""S"": 0.01}",0.65,Ambazonian Separatists (Cameroon),"On 19 March 2024, Ambazonian Separatists from the Restoration Forces faction shot and injured a civilian in his private residence in Bole (Kumba 1, Meme, Sud-Ouest). They accused the man of collaborating with the military forces.",0.6025917926565875,0.92,0.33060057961982675,0.13441216516607782,0.13307474177654105,0.13307474177654105,0.13576302988414168,0.13307474177654105
llama3.2:3b,CAO2871,B,B,0.93,"{""V"": 0.03, ""B"": 0.93, ""E"": 0.02, ""P"": 0.01, ""R"": 0.01}",0.65,Military Forces of Cameroon (1982-),"On 21 January 2020, the military forces attacked an Ambazonian separatists' camp in Kossala village, Kumba subdivision (Ndian, Sud-Ouest) [coded: Kumba], killing two Ambazonian separatists. The military also rescued 23 children hostages.",0.6772151898734177,0.93,0.1354922519708132,0.3332571644850734,0.13414408153800397,0.13280932562513567,0.13280932562513567,0.13148785075550468
llama3.2:3b,CAO11284,V,V,0.85,"{""V"": 0.85, ""B"": 0.01, ""E"": 0.02, ""P"": 0.06, ""R"": 0.04, ""S"": 0.08}",0.67,Ambazonian Separatists (Cameroon),"On 15 December 2023, Ambazonian Separatists temporally detained a civilian masked in a traditional masquerade outfit at an illegal vehicle checkpoint for two hours alongside some motorcycle riders in Ngwa (Bangangte, Nde, Ouest). They were accused of not having paid a stipulated sum of money motorcycle riders pay before plying the road.",0.6025917926565875,0.85,0.3096477820680964,0.1336782060752715,0.13502169438183984,0.14053203426233074,0.1377493135410361,0.1433709696711158
llama3.2:3b,CAO3310,V,V,0.93,"{""V"": 0.93, ""B"": 0.04, ""E"": 0.02, ""P"": 0.01}",0.54,Military Forces of Cameroon (1982-),"On 28 May 2020, military forces killed four people suspected to be armed bandits in Bonduma neighbourhood of Buea town (Fako, Sud-Ouest). Residents say the victims were not armed.",0.6772151898734177,0.93,0.3332437531231249,0.13684846428879363,0.13413868313994237,0.13280398094203227,0.13148255925288674,0.13148255925288674
llama3.2:3b,CAO12582,S,V,0.85,"{""V"": 0.85, ""B"": 0.01, ""E"": 0.02, ""P"": 0.06, ""R"": 0.04, ""S"": 0.08}",0.66,Ambazonian Separatists (Cameroon),"Other: On 20 May 2022, Ambazonian Separatists fired warning shots for about 30 minutes in Alabukam near Nlabakam (Bamenda - Mankon, Mezam, Nord-Ouest) to enforce the lockdown for 20 May.",0.6025917926565875,0.85,0.3096477820680964,0.1336782060752715,0.13502169438183984,0.14053203426233074,0.1377493135410361,0.1433709696711158
llama3.2:3b,CAO12898,V,V,0.92,"{""V"": 0.92, ""B"": 0.02, ""E"": 0.01, ""P"": 0.01, ""R"": 0.04}",0.64,Military Forces of Cameroon (1982-),"On 14 February 2024, security forces, coded as the military shot and killed a traditional doctor at his residence in Bessom, coded to Batibo (Batibo, Momo, Nord-Ouest) during a cordon and search operation. They accused the victim of providing fortification charms to Ambazonian Separatists.",0.6025917926565875,0.92,0.3305872485800247,0.1344067451697615,0.13306937571008917,0.13306937571008917,0.13712194153082538,0.13174531329887934
llama3.2:3b,CAO13115,B,B,0.92,"{""V"": 0.02, ""B"": 0.93, ""E"": 0.03, ""P"": 0.01, ""R"": 0.01}",0.64,Ambazonian Separatists (Cameroon),"On 20 March 2024, Ambazonian Separatists from the Restoration Forces faction clashed with the military forces from the Rapid Intervention in Bombe Bakundu (Kumba 3, Meme, Sud-Ouest) during an operation to dislodge Separatists hideouts. 1 Separatist was killed. The military forces recovered a weapon.",0.6025917926565875,0.92,0.13414408153800397,0.3332571644850734,0.1354922519708132,0.13280932562513567,0.13280932562513567,0.13148785075550468
llama3.2:3b,CAO11938,B,B,0.92,"{""V"": 0.02, ""B"": 0.93, ""E"": 0.03, ""P"": 0.01, ""R"": 0.01}",0.62,Military Forces of Cameroon (1982-) Gendarmerie,"On 10 October 2023, Gendarmerie forces, clashed with Ambazonian Separatists at an illegal Separatist checkpoint in Bamessing (Tubah, Mezam, Nord-Ouest) as Separatists were looting money from commercial vehicles. Casualties unknown. No information on the injuries. The military forces seized 2 motorbikes.",0.6025917926565875,0.92,0.13414408153800397,0.3332571644850734,0.1354922519708132,0.13280932562513567,0.13280932562513567,0.13148785075550468
llama3.2:3b,CAO13051,S,E,0.99,"{""V"": 0.01, ""B"": 0.0, ""E"": 0.98, ""P"": 0.0, ""R"": 0.0, ""S"": 0.01}",0.69,Boko Haram - Jamaatu Ahli is-Sunnah lid-Dawati wal-Jihad,"Property destruction: Around 3 April 2024 (as reported), suspected ISWAP or Boko Haram militants removed sheet metal Roofs of schools and professional training buildings in Tchahack (Chahack) (Darak, Logone-et-Chari, Extreme-Nord).",0.6772151898734177,0.99,0.13143896555144177,0.13013112599236756,0.3467286909196671,0.13013112599236756,0.13013112599236756,0.13143896555144177
llama3.2:3b,CAO11684,V,V,0.99,"{""V"": 0.99, ""B"": 0.01, ""E"": 0.0, ""P"": 0.0, ""R"": 0.0, ""S"": 0.0}",0.62,Ambazonian Separatists (Cameroon),"On 26 June 2023, Ambazonian Separatists from the Restoration Forces shot and killed two members of the state security forces (coded as military) in Konye (Meme, Sud-Ouest). The soldiers had been previously abducted by the Separatists on 25 June 2023 (coded separately).",0.6772151898734177,0.99,0.3494526690479928,0.13115346521695664,0.12984846643367523,0.12984846643367523,0.12984846643367523,0.12984846643367523
llama3.2:3b,CAO14510,V,S,0.85,"{""V"": 0.01, ""B"": 0.03, ""E"": 0.02, ""P"": 0.04, ""R"": 0.3, ""S"": 0.4}",0.66,Boko Haram - Jamaatu Ahli is-Sunnah lid-Dawati wal-Jihad,"On 20 August 2024, Boko Haram (JAS) (likely) militants abducted 2 farmers from their fields in Alagarno (Kolofata, Mayo-Sava, Extreme-Nord). They were later released for an unknown reason.",0.6025917926565875,0.85,0.14547328615962815,0.14841204147814835,0.14693531699181542,0.14990360729230623,0.19441449839712252,0.21486124968076445
llama3.2:3b,CAO13082,B,V,0.93,"{""V"": 0.93, ""B"": 0.02, ""E"": 0.03, ""P"": 0.01, ""R"": 0.01}",0.63,Military Forces of Cameroon (1982-),"On 21 February 2024, the state security forces, coded as the military forces ambushed and clashed with the Ambazonian Separatists restoration forces along Buea - Kumba main road, coded to Kumba (Kumba 1, Meme, Sud-Ouest). A driver of a public transport vehicle was hit and killed by a stray bullet. No information on the injuries.",0.6772151898734177,0.93,0.3332571644850734,0.13414408153800397,0.1354922519708132,0.13280932562513567,0.13280932562513567,0.13148785075550468
llama3.2:3b,CAO5627,B,B,0.99,"{""V"": 0.01, ""B"": 0.98, ""E"": 0.0, ""P"": 0.0, ""R"": 0.01}",0.61,Military Forces of Cameroon (1982-),"Around 24 October 2021 (as reported), the military forces opened fire on BNL fighters who were erecting barricades in Cameroon-Nigeria border area in Bakassi Peninsula, Kombo Abedimo subdivision (Ndian, Sud-Ouest). 2 BNL fighters were killed.",0.6772151898734177,0.99,0.13143896555144177,0.3467286909196672,0.13013112599236756,0.13013112599236756,0.13143896555144177,0.13013112599236756
llama3.2:3b,CAO8784,B,V,0.98,"{""V"": 0.98, ""B"": 0.01, ""E"": 0.0, ""P"": 0.0, ""R"": 0.01}",0.64,Ambazonian Separatists (Cameroon),"On 10 May 2022, suspected Ambazonian Separatist fighters detonated a remote controlled IED targeting traveling military along the Bamenda-Belo road road, coded to Bamenda (Bamenda 1, Mezam, Nord-Ouest). 1 separatist was killed during clashes that followed the detonation. 2 civlians were also killed by stray bullets.",0.6772151898734177,0.98,0.3467286909196672,0.13143896555144177,0.13013112599236756,0.13013112599236756,0.13143896555144177,0.13013112599236756
llama3.2:3b,CAO4808,B,B,0.93,"{""B"": 0.93, ""E"": 0.02, ""P"": 0.01, ""R"": 0.0, ""S"": 0.04}",0.64,Military Forces of Cameroon (1982-),"Around 16 October 2020 (week of), the military forces engaged in fire fights with Ambazonian separatists in Bamessing village, Ndop subdivision (Mezam, Nord-Ouest), resulting in 3 people getting killed.",0.6772151898734177,0.93,0.13148255925288674,0.3332437531231249,0.13413868313994237,0.13280398094203227,0.13148255925288674,0.13684846428879363
llama3.2:3b,CAO14672,S,V,0.92,"{""V"": 0.92, ""B"": 0.03, ""E"": 0.02, ""P"": 0.01, ""R"": 0.02}",0.67,Ambazonian Separatists (Cameroon),"Looting: On 3 July 2024, Ambazonian Separatists from the Restoration Forces faction extorted money, coded as looting, from civilians at an illegal checkpoint on the main road in Bamessing (Tubah, Mezam, Nord-Ouest).",0.6025917926565875,0.92,0.3305961801830339,0.13576122323011383,0.1344103764885579,0.13307297089665981,0.1344103764885579,0.1317488727127459
llama3.2:3b,CAO12986,P,P,0.99,"{""V"": 0.0, ""B"": 0.01, ""E"": 0.0, ""P"": 0.98, ""R"": 0.0}",0.62,Protesters (Cameroon),"On 17 April 2024, people protested in front of the Town Hall in Yaounde (Yaounde 1, Mfoundi, Centre) after the municipal police officers attempted to arrest a civilian who had refused to pay them money causing an accident that killed 2 civilians. The protesters voiced their growing concern about the actions of the police officers.",0.6772151898734177,0.99,0.13030153950033435,0.13161109174363703,0.13030153950033435,0.3471827502546784,0.13030153950033435,0.13030153950033435
llama3.2:3b,CAO11562,B,B,0.93,"{""B"": 0.93, ""E"": 0.02, ""P"": 0.01, ""R"": 0.01, ""S"": 0.03}",0.69,Military Forces of Cameroon (1982-),"On 16 June 2023, government forces, coded as military, clashed with Ambazonian Separatists in Kedjem Keku (Tubah, Mezam, Nord-Ouest), leading to the killing of at least 13 civilians and 3 Ambazonian separatists.",0.6772151898734177,0.93,0.13148785075550468,0.3332571644850734,0.13414408153800397,0.13280932562513567,0.13280932562513567,0.1354922519708132
llama3.2:3b,CAO14799,V,V,0.98,"{""V"": 0.98, ""B"": 0.01, ""E"": 0.0, ""P"": 0.0, ""R"": 0.01}",0.6,Ambazonian Separatists (Cameroon),"On 12 July 2024, Ambazonian Separatists from the Bui Unity Warriors faction shot and killed 1 civilian in Jakiri (Jakiri, Bui, Nord-Ouest) after the Separatists had taken him out of his private residence. They accused him of collaborating with the security forces.",0.6772151898734177,0.98,0.3467286909196672,0.13143896555144177,0.13013112599236756,0.13013112599236756,0.13143896555144177,0.13013112599236756
llama3.2:3b,CAO4310,S,P,0.88,"{""V"": 0.02, ""B"": 0.01, ""E"": 0.0, ""P"": 0.88, ""R"": 0.06, ""S"": 0.03}",0.66,Police Forces of Cameroon (1982-),"Defusal: On 27 January 2021, the police forces retrieved and defused an IED planted by unidentified men in Bamenda town (Mezam, Nord-Ouest). No fatality and/or casualty reported.",0.6025917926565875,0.8800000000000001,0.13542299790831466,0.13407551656494088,0.13274144288495354,0.3200263056807313,0.14094971529640715,0.13678402166433218
llama3.2:3b,CAO10471,V,V,0.92,"{""V"": 0.92, ""B"": 0.02, ""E"": 0.01, ""P"": 0.01, ""R"": 0.04}",0.64,Military Forces of Cameroon (1982-),"On 22 March 2023, state security forces, coded as military forces, beat up civilians and broke into homes where they looted properties in Ngomgham Mankon, coded to Ntarinkon (Bamenda - Mankon, Mezam, Nord-Ouest). They also harrassed civilians, the attack was after separatists attacked their position in the area and engaged them in an armed clash (coded separately). No information on injuries.",0.6025917926565875,0.92,0.3305872485800247,0.1344067451697615,0.13306937571008917,0.13306937571008917,0.13712194153082538,0.13174531329887934
llama3.2:3b,CAO11896,B,V,0.99,"{""V"": 0.99, ""B"": 0.01, ""E"": 0.0, ""P"": 0.0, ""R"": 0.0, ""S"": 0.0}",0.61,Military Forces of Cameroon (1982-),"On 28 September 2023, state forces, coded as military, exchanged fire with Ambazonian Separatists in Benade (Menchum, Nord-Ouest) during an operation to dislodge the Ambazonian Separatists. Four civilians, including the traditional chief of Banum village, were killed caught by stray bullets.",0.6772151898734177,0.99,0.3494526690479928,0.13115346521695664,0.12984846643367523,0.12984846643367523,0.12984846643367523,0.12984846643367523
llama3.2:3b,CAO11447,S,V,0.92,"{""V"": 0.92, ""B"": 0.02, ""E"": 0.01, ""P"": 0.01, ""R"": 0.04}",0.65,Military Forces of Cameroon (1982-),"Other: On 4 July 2023, state security forces, coded as military forces, on vehicular patrol shot into the air at the cattle market in Lassin (Bui, Nord-Ouest) to prevent an attack by Ambazonian Separatists after they tipped off that a separatists camp opened in the area.",0.6025917926565875,0.92,0.3305872485800247,0.1344067451697615,0.13306937571008917,0.13306937571008917,0.13712194153082538,0.13174531329887934
llama3.2:3b,CAO3261,V,V,0.92,"{""V"": 0.92, ""B"": 0.02, ""E"": 0.01, ""P"": 0.01, ""R"": 0.04}",0.68,Ambazonian Separatists (Cameroon),"On 10 May 2020, suspected Ambazonian separatists killed one person in Bakebe village, Mamfe subdivision (Manyu, Sud-Ouest).",0.6025917926565875,0.92,0.3305872485800247,0.1344067451697615,0.13306937571008917,0.13306937571008917,0.13712194153082538,0.13174531329887934
llama3.2:3b,CAO11281,V,V,0.85,"{""V"": 0.85, ""B"": 0.01, ""E"": 0.02, ""P"": 0.06, ""R"": 0.04, ""S"": 0.08}",0.66,Ambazonian Separatists (Cameroon),"On 24 November 2023, the Ambazonian Restoration Forces abducted a builder from a public transport vehicle at a vehicle checkpoint in Nguti (Nguti, Kupe-Manenguba, Sud-Ouest).",0.6025917926565875,0.85,0.3096477820680964,0.1336782060752715,0.13502169438183984,0.14053203426233074,0.1377493135410361,0.1433709696711158
llama3.2:3b,CAO11825,V,V,0.85,"{""V"": 0.85, ""B"": 0.01, ""E"": 0.02, ""P"": 0.06, ""R"": 0.04, ""S"": 0.08}",0.67,Ambazonian Separatists (Cameroon),"On 3 July 2022, Ambazonian Separatists abducted two workers of a government-owned agro-industrial company, (PAMOL) in Mabonji (Meme, Sud-Ouest).",0.6025917926565875,0.85,0.3096477820680964,0.1336782060752715,0.13502169438183984,0.14053203426233074,0.1377493135410361,0.1433709696711158
llama3.2:3b,CAO12114,V,V,0.92,"{""V"": 0.92, ""B"": 0.03, ""E"": 0.02, ""P"": 0.01, ""R"": 0.02}",0.65,Ambazonian Separatists (Cameroon),"On 15 August 2023, Ambazonian Separatists shot and killed a woman in Akwaya (Manyu, Sud-Ouest). They also abducted four civilians from a home for unknown reasons. No additional information.",0.6025917926565875,0.92,0.3305961801830339,0.13576122323011383,0.1344103764885579,0.13307297089665981,0.1344103764885579,0.1317488727127459
llama3.2:3b,CAO15247,S,V,0.92,"{""V"": 0.92, ""B"": 0.02, ""E"": 0.01, ""P"": 0.01, ""R"": 0.04}",0.64,Military Forces of Cameroon (1982-) Gendarmerie,"Looting: On 10 August 2024, gendarmerie forces broke into 8 civilian private residences and looted an unspecified amount of money and valuables in Bamunka (Ndop, Ngo-Ketunjia, Nord-Ouest) during an operation to dislodge Ambazonian Separatists from their hideouts.",0.6025917926565875,0.92,0.3305872485800247,0.1344067451697615,0.13306937571008917,0.13306937571008917,0.13712194153082538,0.13174531329887934
llama3.2:3b,CAO6111,V,V,0.85,"{""V"": 0.85, ""B"": 0.01, ""E"": 0.02, ""P"": 0.03, ""R"": 0.09}",0.62,Military Forces of Cameroon (1982-),"Around 24 May 2022, the Cameroonian military shot randomly in Mbve area of Kumbo (Kumbo, Bui, Nord-Ouest). The bullets went through some houses.",0.6025917926565875,0.85,0.31218071490893134,0.13477169983779905,0.13612617793938628,0.1374942687722063,0.145996439522859,0.13343069901850574
llama3.2:3b,CAO13590,S,V,0.92,"{""V"": 0.92, ""B"": 0.02, ""E"": 0.03, ""P"": 0.01, ""R"": 0.02}",0.64,Military Forces of Cameroon (1982-) Gendarmerie,"Defusal: On 19 April 2024, gendarmerie forces recovered an IED planted by an Ambazonian Separatist at the Market in Great Soppo (Buea, Fako, Sud-Ouest). The were no fatalities. The Separatist had attempted to detonate the IED on a minister's convoy but nearby civilians alerted the gendarmerie forces and he was arrested.",0.6025917926565875,0.92,0.3305961801830339,0.1344103764885579,0.13576122323011383,0.13307297089665981,0.1344103764885579,0.1317488727127459
llama3.2:3b,CAO4947,S,S,0.85,"{""V"": 0.04, ""B"": 0.03, ""E"": 0.02, ""P"": 0.01, ""R"": 0.06, ""S"": 0.86}",0.67,Military Forces of Cameroon (1982-),"On 13 January 2021, a joint police and military forces operation was conducted in Mudeka village, Tiko subdivision (Fako, Sud-Ouest), resulting in 86 people getting arrested.",0.6025917926565875,0.85,0.1382859005531764,0.13690993285252628,0.1355476562592534,0.13419893454456322,0.14107946105115726,0.31397811473900944
llama3.2:3b,CAO5487,V,V,0.94,"{""V"": 0.94, ""B"": 0.03, ""E"": 0.01, ""P"": 0.01, ""R"": 0.0}",0.68,Military Forces of Cameroon (1982-),"On 16 August 2021, the military forces tortured several civilians, and looted properties during a raid in Bamenda - Chomba village, Bamenda 2 subdivision (Mezam, Nord-Ouest).",0.6772151898734177,0.9400000000000001,0.3363733279724177,0.1353984128277092,0.1327173446215609,0.1327173446215609,0.13139678497820742,0.13139678497820742
llama3.2:3b,CAO12450,V,V,0.92,"{""V"": 0.92, ""B"": 0.02, ""E"": 0.01, ""P"": 0.01, ""R"": 0.04}",0.64,Ambazonian Separatists (Cameroon),"On 26 July 2023, Ambazonian Separatists shot and killed a civilian in Mezam department, coded to Bamenda (Mezam, Nord-Ouest), after getting in an argument with him. They let another man go who was with the victim after seizing his phone and an unknown amount of money.",0.6025917926565875,0.92,0.3305872485800247,0.1344067451697615,0.13306937571008917,0.13306937571008917,0.13712194153082538,0.13174531329887934
llama3.2:3b,CAO10410,S,V,0.92,"{""V"": 0.92, ""B"": 0.02, ""E"": 0.01, ""P"": 0.01, ""R"": 0.04}",0.67,Military Forces of Cameroon (1982-),"Property destruction: On 7 April 2023, State security forces, coded as the military forces, set fire to 3 civilian houses in Aboh, coded to Fundong (Njinikom, Boyo, Nord-Ouest).",0.6025917926565875,0.92,0.3305872485800247,0.1344067451697615,0.13306937571008917,0.13306937571008917,0.13712194153082538,0.13174531329887934
llama3.2:3b,CAO6584,S,S,0.85,"{""V"": 0.04, ""B"": 0.03, ""E"": 0.02, ""P"": 0.01, ""R"": 0.06, ""S"": 0.86}",0.67,Military Forces of Cameroon (1982-),"On 25 September 2022, Cameroonian security forces arrested at least 60 people in Kourgui (Mora, Mayo-Sava, Extreme-Nord). 30 motorbikes without official documents were seized. The military were looking for armed group members.",0.6025917926565875,0.85,0.1382859005531764,0.13690993285252628,0.1355476562592534,0.13419893454456322,0.14107946105115726,0.31397811473900944
llama3.2:3b,CAO10587,B,B,0.85,"{""V"": 0.01, ""B"": 0.85, ""E"": 0.02, ""P"": 0.01, ""R"": 0.01}",0.62,Ambazonian Separatists (Cameroon),"On 7 May 2023, Ambazonian Separatists from the Bui Warriors, led by 'General Mad Dog,' engaged in an armed confrontation with state security forces (coded as military) in Njavnyuy, Kumbo commune, coded to Kumbo (Bui, Nord-Ouest). During the attack, the Separatists fired 2 rockets at the base. An unknown number of soldiers were injured.",0.6025917926565875,0.85,0.13667798994505112,0.3165963823615345,0.13805162658072712,0.13667798994505112,0.13667798994505112,0.13531802122226833
llama3.2:3b,CAO4741,V,V,0.92,"{""V"": 0.92, ""B"": 0.02, ""E"": 0.01, ""P"": 0.0, ""R"": 0.05}",0.64,Military Forces of Cameroon (1982-),"On 18 December 2020, the military forces raided Dyeny village, Mbonge subdivision (Meme, Sud-Ouest), resulting in 2 people getting injured and houses burnt down.",0.6025917926565875,0.92,0.3305693859286932,0.1343994827576876,0.13306218556022278,0.13173819469219952,0.13849255636866672,0.13173819469219952
llama3.2:3b,CAO6254,E,E,0.99,"{""V"": 0.01, ""B"": 0.0, ""E"": 0.98, ""P"": 0.0, ""R"": 0.0, ""S"": 0.01}",0.68,Unidentified Armed Group (Cameroon),"On 2 July 2022, an explosive device planted by an unidentified armed group exploded at Mokolo market in Yaounde (Yaounde 1, Mfoundi, Centre) leading to 4 injured, including 2 severely. No fatalities.",0.6772151898734177,0.99,0.13143896555144177,0.13013112599236756,0.3467286909196671,0.13013112599236756,0.13013112599236756,0.13143896555144177
llama3.2:3b,CAO11395,B,E,0.99,"{""V"": 0.01, ""B"": 0.0, ""E"": 0.98, ""P"": 0.0, ""R"": 0.0, ""S"": 0.01}",0.66,Ambazonian Separatists (Cameroon),"On 2 January 2024, the Bui Unity Warriors attacked a military convoy on transit with a road planted IED in Wainamah (Jakiri, Bui, Nord-Ouest). This prompted military to fire repelling gunshots. Casualties unknown.",0.6772151898734177,0.99,0.13143896555144177,0.13013112599236756,0.3467286909196671,0.13013112599236756,0.13013112599236756,0.13143896555144177
llama3.2:3b,CAO8359,B,V,0.92,"{""V"": 0.92, ""B"": 0.02, ""E"": 0.01, ""P"": 0.01, ""R"": 0.04}",0.62,Military Forces of Cameroon (1982-) Rapid Intervention Battalion,"On 4 January 2024, the military forces killed 1 unidentified armed group member in Bourrha (Bourrha, Mayo-Tsanaga, Extreme-Nord). The member was known to abduct civilians. Food items, clothing, bladed weapons and other items were recovered.",0.6025917926565875,0.92,0.3305872485800247,0.1344067451697615,0.13306937571008917,0.13306937571008917,0.13712194153082538,0.13174531329887934
llama3.2:3b,CAO11563,V,V,0.99,"{""V"": 0.99, ""B"": 0.01, ""E"": 0.0, ""P"": 0.0, ""R"": 0.0, ""S"": 0.0}",0.65,Military Forces of Cameroon (1982-),"On 21 June 2023, government forces, coded as military, raped a 12-year-old girl in Atoini, coded to Njinikom (Boyo, Nord-Ouest). No further information is available.",0.6772151898734177,0.99,0.3494526690479928,0.13115346521695664,0.12984846643367523,0.12984846643367523,0.12984846643367523,0.12984846643367523
llama3.2:3b,CAO10080,V,V,0.85,"{""V"": 0.85, ""B"": 0.01, ""E"": 0.02, ""P"": 0.03, ""R"": 0.09}",0.63,Military Forces of Cameroon (1982-),"On 2 February 2023, the state security forces, coded as the military forces beat civilians in Matondo II (Konye, Meme, Sud-Ouest) for an unknown reason. Casualties unknown. The attack caused the displacement of some civilians.",0.6025917926565875,0.85,0.31218071490893134,0.13477169983779905,0.13612617793938628,0.1374942687722063,0.145996439522859,0.13343069901850574
llama3.2:3b,CAO7398,V,B,0.93,"{""V"": 0.03, ""B"": 0.93, ""E"": 0.02, ""P"": 0.01, ""R"": 0.01}",0.65,Boko Haram - Jamaatu Ahli is-Sunnah lid-Dawati wal-Jihad,"On 18 June 2023, Boko Haram [JAS] militants attacked Gazla, coded to Mora (Mora, Mayo-Sava, Extreme-Nord). 2 were killed and 1 was wounded. The militants looted houses and stole food items.",0.6772151898734177,0.93,0.1354922519708132,0.3332571644850734,0.13414408153800397,0.13280932562513567,0.13280932562513567,0.13148785075550468
llama3.2:3b,CAO15321,S,E,0.92,"{""V"": 0.02, ""B"": 0.03, ""E"": 0.92, ""P"": 0.01, ""R"": 0.01, ""S"": 0.01}",0.71,Boko Haram - Jamaatu Ahli is-Sunnah lid-Dawati wal-Jihad,"Looting: On 12 October 2024, Boko Haram (JAS) (likely) militants looted 2 stores and nearly 20 houses in Ldoubam (Mokolo, Mayo-Tsanaga, Extreme-Nord).",0.6025917926565875,0.92,0.13441216516607782,0.13576302988414168,0.33060057961982675,0.13307474177654105,0.13307474177654105,0.13307474177654105
llama3.2:3b,CAO5584,B,B,0.92,"{""V"": 0.02, ""B"": 0.93, ""E"": 0.03, ""P"": 0.01, ""R"": 0.01}",0.63,Military Forces of Cameroon (1982-),"On 3 September 2021, military forces engaged in fire fight with Ambazonian separatists in Ekona town, Bangem subdivision (Kupe-Manenguba, Sud-Ouest).There were no fatalities.",0.6025917926565875,0.92,0.13414408153800397,0.3332571644850734,0.1354922519708132,0.13280932562513567,0.13280932562513567,0.13148785075550468
llama3.2:3b,CAO15173,B,B,0.92,"{""V"": 0.02, ""B"": 0.93, ""E"": 0.03, ""P"": 0.01, ""R"": 0.01}",0.65,Ambazonian Separatists (Cameroon),"On 8 August 2024, Ambazonian Separatists from the Restoration Forces faction clashed with the security forces, coded as the military forces in Big Ngwandi (Konye, Meme, Sud-Ouest). The Separatists detonated an IED that killed 2 soldiers and injured 6 others before clashing with security forces. The casualties on the Separatist side are unknown.",0.6025917926565875,0.92,0.13414408153800397,0.3332571644850734,0.1354922519708132,0.13280932562513567,0.13280932562513567,0.13148785075550468
llama3.2:3b,CAO5791,V,V,0.92,"{""V"": 0.92, ""B"": 0.02, ""E"": 0.01, ""P"": 0.01, ""R"": 0.04}",0.65,Ambazonian Separatists (Cameroon),"On 22 December 2021, suspected Ambazonian separatists opened fire on the house of the former Mayor of Mamfe town (Manyu, Sud-Ouest) before burning his house down. They accuse him of denouncing human rights violations allegedly committed by one separatist leader. There were no fatalities.",0.6025917926565875,0.92,0.3305872485800247,0.1344067451697615,0.13306937571008917,0.13306937571008917,0.13712194153082538,0.13174531329887934
llama3.2:3b,CAO7007,V,V,0.98,"{""V"": 0.98, ""B"": 0.01, ""E"": 0.0, ""P"": 0.0, ""R"": 0.01}",0.62,Military Forces of Cameroon (1982-),"On 29 January 2023, suspected members of the Cameroonian military forces attacked traveling civilians on the Bamenda-Kumbo road, coded to Bamenda (Bamenda 1, Mezam, Nord-Ouest). 2 drivers were killed by the military. The victims were traveling to Jakiri when they were stopped by the soldiers.",0.6772151898734177,0.98,0.3467286909196672,0.13143896555144177,0.13013112599236756,0.13013112599236756,0.13143896555144177,0.13013112599236756
llama3.2:3b,CAO13016,E,V,0.95,"{""V"": 0.95, ""B"": 0.03, ""E"": 0.01, ""P"": 0.0, ""R"": 0.01}",0.62,Ambazonian Separatists (Cameroon),"On 23 February 2024, an IED planted by Ambazonian Separatists detonated on the military forces in Bamenda - Mankon (Bamenda 2, Mezam, Nord-Ouest). At least 6 soldiers were killed and their military vehicle was damaged.",0.6772151898734177,0.9499999999999998,0.3386092309956409,0.13494222603874756,0.13227019093624068,0.1309540805463958,0.13227019093624068,0.1309540805463958
llama3.2:3b,CAO9923,V,V,0.99,"{""V"": 0.99, ""B"": 0.01, ""E"": 0.0, ""P"": 0.0, ""R"": 0.0, ""S"": 0.0}",0.64,Military Forces of Cameroon (1982-),"On 20 March 2021, state forces, coded as military, raided the village Bengang located in Batibo (Momo, Nord-Ouest).There was 1 civilian killed.",0.6772151898734177,0.99,0.3494526690479928,0.13115346521695664,0.12984846643367523,0.12984846643367523,0.12984846643367523,0.12984846643367523
llama3.2:3b,CAO3105,B,V,0.92,"{""V"": 0.92, ""B"": 0.02, ""E"": 0.01, ""P"": 0.0, ""R"": 0.03, ""S"": 0.02}",0.67,Ambazonian Separatists (Cameroon),"On 15 March 2020, the Ambazonian separatists killed a civilian when they targeted a soldier who he was transporting to his duty post in Mundemba town (Ndian, Sud-Ouest).",0.6025917926565875,0.92,0.33059618018303394,0.1344103764885579,0.13307297089665981,0.13174887271274593,0.13576122323011383,0.1344103764885579
llama3.2:3b,CAO12465,S,R,0.85,"{""V"": 0.01, ""B"": 0.02, ""E"": 0.0, ""P"": 0.03, ""R"": 0.94}",0.57,Military Forces of Cameroon (1982-),"Property destruction: On 24 July 2023, state security forces (coded as military) set ablaze the traditional house of a village in Belo commune, coded to Oku (Boyo, Nord-Ouest), which had been a secret shrine of 'Beng Aweh.' They also arrested some men, all, with the exception of two, were shortly released.",0.6025917926565875,0.85,0.13254055785200597,0.13387261260384747,0.1312217572664005,0.13521805472851023,0.3359252602824993,0.1312217572664005
llama3.2:3b,CAO5869,B,B,0.93,"{""V"": 0.03, ""B"": 0.93, ""E"": 0.02, ""P"": 0.01, ""R"": 0.0}",0.62,Islamic State West Africa Province (ISWAP) - Lake Chad Faction,"Around 12 February 2022, ISWAP militants launched an attack targeting a military post of the Multinational Task force in Gasama (Logone-Birni, Logone-et-Chari), causing the killing of ten militants, injury of two soldiers, and the seizure of arms and ammunition.",0.6772151898734177,0.93,0.1356715384994644,0.3336981381887325,0.13432158413588857,0.13298506204266136,0.13166183856645966,0.13166183856645966
llama3.2:3b,CAO13677,V,V,0.92,"{""V"": 0.92, ""B"": 0.02, ""E"": 0.01, ""P"": 0.01, ""R"": 0.04}",0.63,Ambazonian Separatists (Cameroon),"On 16 April 2024, Ambazonian Separatists from the SOCADEF abducted 3 village elders and a traditional ruler from their private residences in Weme (Konye, Meme, Sud-Ouest). The Separatists accused the elders of installing a new traditional council in the village without notifying the Separatists.",0.6025917926565875,0.92,0.3305872485800247,0.1344067451697615,0.13306937571008917,0.13306937571008917,0.13712194153082538,0.13174531329887934
mistral:7b,CAO11875,V,V,0.92,"{""V"": 0.92, ""B"": 0.04, ""E"": 0.01, ""P"": 0.01, ""R"": 0.01, ""S"": 0.01}",0.78,Unidentified Armed Group (Cameroon),"On 24 September 2023, an unidentified armed group shot and killed a bike rider beside a rice farm in Bamunka (Ngo-Ketunjia, Nord-Ouest) after having abducted him. They accused him of impersonating the armed group and extorting money from civilians.",0.49624060150375937,0.92,0.3305916477791031,0.13712376624342817,0.1330711464942846,0.1330711464942846,0.1330711464942846,0.1330711464942846
mistral:7b,CAO9055,V,B,0.98,"{""V"": 0.01, ""B"": 0.98, ""E"": 0.0, ""P"": 0.0, ""R"": 0.0, ""S"": 0.01}",0.72,Military Forces of Cameroon (1982-),"On 4 September 2022, military forces shot and killed a man in Besali (Wabane, Lebialem, Sud-Ouest) after he was mistaken for a separatist fighter following an exchange of fire between soldiers and Ambazonia Liberation Army fighters.",0.7314814814814815,0.98,0.13143896555144177,0.3467286909196672,0.13013112599236756,0.13013112599236756,0.13013112599236756,0.13143896555144177
mistral:7b,CAO3117,B,B,0.98,"{""V"": 0.01, ""B"": 0.98, ""E"": 0.0, ""P"": 0.0, ""R"": 0.0, ""S"": 0.01}",0.73,Islamic State West Africa Province (ISWAP) - Lake Chad Faction and/or Boko Haram - Jamaatu Ahli is-Sunnah lid-Dawati wal-Jihad,"On 23 March 2020, Boko Haram were repulsed by the military after staging an attack on the village of Goshikale in Mora subdivision (Mayo-Sava, Extreme-Nord). Militants destroyed the local hospital and looted several houses, taking away 3 motorcycles.",0.7314814814814815,0.98,0.13143896555144177,0.3467286909196672,0.13013112599236756,0.13013112599236756,0.13013112599236756,0.13143896555144177
mistral:7b,CAO13564,B,B,0.98,"{""V"": 0.01, ""B"": 0.98, ""E"": 0.0, ""P"": 0.0, ""R"": 0.0, ""S"": 0.01}",0.77,Military Forces of Cameroon (1982-) Gendarmerie,"On 21 April 2024, gendarmerie officers clashed with Ambazonian Separatists from the Restoration Forces faction at the Separatist hideout in Kouki (Mbven, Bui, Nord-Ouest). There were no fatalities. No information on the injuries.",0.7314814814814815,0.98,0.13143896555144177,0.3467286909196672,0.13013112599236756,0.13013112599236756,0.13013112599236756,0.13143896555144177
mistral:7b,CAO8281,S,R,0.89,"{""V"": 0.05, ""B"": 0.02, ""E"": 0.01, ""P"": 0.01, ""R"": 0.89, ""S"": 0.02}",0.78,Islamic State West Africa Province (ISWAP) and/or Boko Haram - Jamaatu Ahli is-Sunnah lid-Dawati wal-Jihad,"Looting: On 18 December 2023, ISWAP or Boko Haram militants looted 2 houses in Waza (Waza, Logone-et-Chari, Extreme-Nord).",0.17699115044247785,0.8899999999999999,0.13929833075183207,0.13518144290887824,0.13383636507790755,0.13383636507790755,0.32266605327427383,0.13518144290887824
mistral:7b,CAO10079,S,R,0.85,"{""V"": 0.1, ""B"": 0.05, ""E"": 0.02, ""P"": 0.02, ""R"": 0.85, ""S"": 0.06}",0.78,Civilians (Cameroon),"Displacement: On 2 February 2023, civilians were displaced for fear of retaliation attacks from, the state security forces in Diongo (Dibombari, Moungo, Littoral) after suspected Ambazonian Separatists mounted an illegal checkpoint paralyzing vehicle movement.",0.1,0.85,0.14544922311223504,0.1383555807951273,0.13426655542414107,0.13426655542414107,0.30791600774490224,0.13974607749914544
mistral:7b,CAO9679,V,V,0.98,"{""V"": 0.98, ""B"": 0.01, ""E"": 0.0, ""P"": 0.0, ""R"": 0.0, ""S"": 0.01}",0.77,Military Forces of Cameroon (1982-),"On 27 June 2022, military forces shot and killed four civilians in Banten (Bui, Nord-Ouest) who were previously arrested on 25 June during a military operation. The circumstances that led to their execution are unclear.",0.7314814814814815,0.98,0.3467286909196672,0.13143896555144177,0.13013112599236756,0.13013112599236756,0.13013112599236756,0.13143896555144177
mistral:7b,CAO5718,V,V,0.92,"{""V"": 0.92, ""B"": 0.03, ""E"": 0.01, ""P"": 0.01, ""R"": 0.02, ""S"": 0.01}",0.72,Military Forces of Cameroon (1982-),"On 16 October 2021, the military forces shot and killed a student in Waindo village, Wum subdivision (Menchum, Nord-Ouest). He was accused of being in possession of a military uniform and some ammunition.",0.49624060150375937,0.92,0.33060057961982675,0.13576302988414168,0.13307474177654105,0.13307474177654105,0.13441216516607782,0.13307474177654105
mistral:7b,CAO8534,B,B,0.98,"{""V"": 0.01, ""B"": 0.98, ""E"": 0.0, ""P"": 0.0, ""R"": 0.0, ""S"": 0.01}",0.78,Unidentified Armed Group (Cameroon),"On 21 February 2024, an unidentified armed group clashed with Boko Haram (JAS) (likely) militants in Kouyape (Kolofata, Mayo-Sava, Extreme-Nord). The bodies of 3 militants were found by civilians. The exact circumstances of their death are unknown.",0.7314814814814815,0.98,0.13143896555144177,0.3467286909196672,0.13013112599236756,0.13013112599236756,0.13013112599236756,0.13143896555144177
mistral:7b,CAO4163,V,V,0.98,"{""V"": 0.98, ""B"": 0.01, ""E"": 0.0, ""P"": 0.0, ""R"": 0.0, ""S"": 0.01}",0.72,Military Forces of Cameroon (1982-),"On 12 December 2020, the military forces shot and killed two civilians in Mkpot village, Mamfe subdivision (Manyu, Sud-Ouest).",0.7314814814814815,0.98,0.3467286909196672,0.13143896555144177,0.13013112599236756,0.13013112599236756,0.13013112599236756,0.13143896555144177
mistral:7b,CAO14080,B,B,0.98,"{""V"": 0.01, ""B"": 0.98, ""E"": 0.0, ""P"": 0.0, ""R"": 0.0, ""S"": 0.01}",0.72,Military Forces of Cameroon (1982-) Rapid Intervention Battalion,"On 24 July 2024, the military forces from the Rapid Intervention clashed with Boko Haram (JAS) (likely) militants in Yabogo neighborhood in Amchide (Kolofata, Mayo-Sava, Extreme-Nord). There were no fatalities.",0.7314814814814815,0.98,0.13143896555144177,0.3467286909196672,0.13013112599236756,0.13013112599236756,0.13013112599236756,0.13143896555144177
mistral:7b,CAO13672,V,R,0.82,"{""V"": 0.1, ""B"": 0.05, ""E"": 0.03, ""P"": 0.01, ""R"": 0.82, ""S"": 0.0}",0.73,Ambazonian Separatists (Cameroon),"On 15 April 2024, Ambazonian Separatists from the ADF abducted 4 men and 2 women at a checkpoint in Mambanda (Kumba 2, Meme, Sud-Ouest). The militants also looted 3 motorbikes. The reason for the abduction is not known.",0.09999999999999999,0.8200000000000001,0.14799850393681027,0.14078053172677868,0.13799289042600804,0.13526044812133753,0.30405304161339314,0.1339145841753682
mistral:7b,CAO3188,V,B,0.98,"{""V"": 0.01, ""B"": 0.98, ""E"": 0.0, ""P"": 0.0, ""R"": 0.0, ""S"": 0.01}",0.74,Military Forces of Cameroon (1982-),"On 16 April 2020, military forces killed three former Ambazonian separatists in Balikumbat town (Ngo-ketunjia, Nord-Ouest).",0.7314814814814815,0.98,0.13143896555144177,0.3467286909196672,0.13013112599236756,0.13013112599236756,0.13013112599236756,0.13143896555144177
mistral:7b,CAO8782,B,B,0.98,"{""V"": 0.01, ""B"": 0.98, ""E"": 0.0, ""P"": 0.0, ""R"": 0.0, ""S"": 0.01}",0.77,Ambazonian Separatists (Cameroon),"On 1 July 2022, suspected Ambazonian Separatist fighters clashed with the military forces in Bambui (Tubah, Mezam, Nord-Ouest). There were no fatalities.",0.7314814814814815,0.98,0.13143896555144177,0.3467286909196672,0.13013112599236756,0.13013112599236756,0.13013112599236756,0.13143896555144177
mistral:7b,CAO7306,B,B,0.98,"{""V"": 0.01, ""B"": 0.98, ""E"": 0.0, ""P"": 0.0, ""R"": 0.0, ""S"": 0.01}",0.79,Military Forces of Cameroon (1982-) Rapid Intervention Battalion,"On 19 May 2023, the military forces of Kerawa (Rapid Intervention) clashed with Boko Haram (JAS) (likely) militants in Balatikse neighborhood in Mayo Moskota (Kolofata, Mayo-Sava, Extreme-Nord). 1 militant was killed while 3 soldiers seriously injured. 2 militants were captured. The military seized some equipment.",0.7314814814814815,0.98,0.13143896555144177,0.3467286909196672,0.13013112599236756,0.13013112599236756,0.13013112599236756,0.13143896555144177
mistral:7b,CAO13551,S,S,0.98,"{""V"": 0.01, ""B"": 0.02, ""E"": 0.01, ""P"": 0.01, ""R"": 0.01, ""S"": 0.98}",0.71,Boko Haram - Jamaatu Ahli is-Sunnah lid-Dawati wal-Jihad,"On 14 June 2024, 11 members of Boko Haram (JAS) (likely) militants surrendered to the military forces in Madakar (Mayo-Moskota, Mayo-Tsanaga, Extreme-Nord).",0.7314814814814815,0.98,0.13075322994380242,0.1320673217515323,0.13075322994380242,0.13075322994380242,0.13075322994380242,0.34491975847291306
mistral:7b,CAO4946,V,E,0.98,"{""V"": 0.01, ""B"": 0.01, ""E"": 0.96, ""P"": 0.01, ""R"": 0.01, ""S"": 0.0}",0.73,Ambazonian Separatists (Cameroon),"On 13 January 2021, Ambazonian separatists kidnapped a truck driver and his assistant in Bukow village, Ndop subdivision (Ngo-Ketunjia, Nord-Ouest).",0.7314814814814815,0.98,0.13199996659279858,0.13199996659279858,0.3413135886483683,0.13199996659279858,0.13199996659279858,0.130686544980096
mistral:7b,CAO8143,B,B,0.98,"{""V"": 0.01, ""B"": 0.98, ""E"": 0.0, ""P"": 0.0, ""R"": 0.0, ""S"": 0.01}",0.78,Military Forces of Cameroon (1982-) Rapid Intervention Battalion,"On 14 November 2023, the military forces (Rapid Intervention) ambushed Boko Haram (JAS) (likely) militants along the Limani - Goumbouldi road, coded to Limani (Mora, Mayo-Sava, Extreme-Nord). 2 militants were killed, the militants had approached an abandoned civilian truck near where the military forces were parked and the military recovered a weapon.",0.7314814814814815,0.98,0.13143896555144177,0.3467286909196672,0.13013112599236756,0.13013112599236756,0.13013112599236756,0.13143896555144177
mistral:7b,CAO15055,V,R,0.82,"{""V"": 0.1, ""B"": 0.05, ""E"": 0.03, ""P"": 0.01, ""R"": 0.82, ""S"": 0.0}",0.73,Unidentified Armed Group (Cameroon),"Around 17 September 2024 (as reported), an unidentified armed group attacked and killed 1 civilian between Mora and Blabline (Kolofata, Mayo-Sava, Extreme-Nord) for an unknown reason.",0.09999999999999999,0.8200000000000001,0.14799850393681027,0.14078053172677868,0.13799289042600804,0.13526044812133753,0.30405304161339314,0.1339145841753682
mistral:7b,CAO11956,B,B,0.98,"{""V"": 0.01, ""B"": 0.98, ""E"": 0.0, ""P"": 0.0, ""R"": 0.0, ""S"": 0.01}",0.78,Military Forces of Cameroon (1982-) Rapid Intervention Battalion,"On 25 October 2023, military forces from the Rapid Intervention Battalion engaged in an armed confrontation with Ambazonian Separatists in Ngarum (Donga-Mantung, Nord-Ouest). There were no casualties.",0.7314814814814815,0.98,0.13143896555144177,0.3467286909196672,0.13013112599236756,0.13013112599236756,0.13013112599236756,0.13143896555144177
mistral:7b,CAO12511,V,V,0.92,"{""V"": 0.92, ""B"": 0.04, ""E"": 0.01, ""P"": 0.01, ""R"": 0.01, ""S"": 0.01}",0.78,Military Forces of Cameroon (1982-),"On 19 July 2023, state security forces (coded as military) physically assualted 10 men, including the traditional chief and traditional council chairman, whom they had arrested in Nongomadiba (Kupe-Manenguba, Sud-Ouest), injuring them. They were targeted for not acting against Ambazonian Separatists who had buried a woman alive early in the morning (coded separately).",0.49624060150375937,0.92,0.3305916477791031,0.13712376624342817,0.1330711464942846,0.1330711464942846,0.1330711464942846,0.1330711464942846
mistral:7b,CAO4776,S,R,0.87,"{""V"": 0.05, ""B"": 0.02, ""E"": 0.01, ""P"": 0.03, ""R"": 0.87, ""S"": 0.02}",0.77,Military Forces of Cameroon (1982-),"Looting: Around 15 July 2020 (month of), the military forces raided Bengang village, Batibo subdivision (Momo, Nord-Ouest). They shot in the air, and then looted property.",0.17699115044247785,0.8700000000000001,0.1398136197215608,0.1356815027880383,0.1343314492781346,0.1370451245612891,0.31744680086262134,0.1356815027880383
mistral:7b,CAO12845,V,R,0.85,"{""V"": 0.1, ""B"": 0.02, ""E"": 0.03, ""P"": 0.01, ""R"": 0.85, ""S"": 0.0}",0.78,Ambazonian Separatists (Cameroon),"On 9 December 2021, suspected Ambazonian separatist fighters killed a Fulani pastoralist at 3 Corners near Ntumbaw (Ndu, Donga-Mantung, Nord-Ouest). In retaliation, local Fulanis set ablaze more than 15 houses, and killed a bike who transported a uniformed officer to the scene [Coded as a separate event].",0.1,0.85,0.1472476732997434,0.1359267341903921,0.13729282058021086,0.13457424058726508,0.3117233268217345,0.13323520452034235
mistral:7b,CAO11075,B,B,0.98,"{""V"": 0.01, ""B"": 0.98, ""E"": 0.0, ""P"": 0.0, ""R"": 0.0, ""S"": 0.01}",0.75,Military Forces of Cameroon (1982-),"On 23 November 2023, the military forces ambushed Ambazonian Separatists from the Restoration Forces onboard a motorcycle in Konye (Konye, Meme, Sud-Ouest). The military forces members shot and injured one.",0.7314814814814815,0.98,0.13143896555144177,0.3467286909196672,0.13013112599236756,0.13013112599236756,0.13013112599236756,0.13143896555144177
mistral:7b,CAO13652,V,R,0.82,"{""V"": 0.1, ""B"": 0.05, ""E"": 0.03, ""P"": 0.01, ""R"": 0.82, ""S"": 0.0}",0.78,Military Forces of Cameroon (1982-) Rapid Intervention Battalion,"On 13 April 2024, state security forces, coded as the military forces from the Rapid Intervention, beat and injured a dump truck driver and 2 other civilians on the main road in Mile 15 Buea (Buea, Fako, Sud-Ouest) after the dump truck blocked the road and delayed their convoy traveling to Buea center. There were no fatalities.",0.09999999999999999,0.8200000000000001,0.14799850393681027,0.14078053172677868,0.13799289042600804,0.13526044812133753,0.30405304161339314,0.1339145841753682
mistral:7b,CAO9051,V,V,0.94,"{""V"": 0.94, ""B"": 0.03, ""E"": 0.01, ""P"": 0.01, ""R"": 0.01, ""S"": 0.0}",0.79,Military Forces of Cameroon (1982-),"On 23 May 2022, military forces killed a man at the Finance Junction in Bamenda city (Bamenda 1, Mezam, Nord-Ouest). Locals in the early hours of the morning discovered the dead body dumped by the road.",0.5384615384615382,0.9400000000000001,0.3359297127507557,0.13521984695484018,0.13254231458987684,0.13254231458987684,0.13254231458987684,0.13122349652443752
mistral:7b,CAO10854,B,B,0.98,"{""V"": 0.01, ""B"": 0.98, ""E"": 0.0, ""P"": 0.0, ""R"": 0.0, ""S"": 0.01}",0.8,Military Forces of Cameroon (1982-),"On 18 December 2023, the military forces attacked Ambazonian Separatists leading to a clash in Bai Panya (Kumba 1, Meme, Sud-Ouest). Two Ambazonian Separatists were killed and four others arrested.",0.7314814814814815,0.98,0.13143896555144177,0.3467286909196672,0.13013112599236756,0.13013112599236756,0.13013112599236756,0.13143896555144177
mistral:7b,CAO8295,S,E,0.98,"{""V"": 0.01, ""B"": 0.01, ""E"": 0.96, ""P"": 0.01, ""R"": 0.01, ""S"": 0.0}",0.73,Military Forces of Cameroon (1982-) Rapid Intervention Battalion,"Defusal: Around 27 December 2023 (as reported), the military forces (Rapid Intervention) defused an IED that was planted by an unidentified armed group on the road in Kumba (Ekondo Titi, Ndian, Sud-Ouest).",0.7314814814814815,0.98,0.13199996659279858,0.13199996659279858,0.3413135886483683,0.13199996659279858,0.13199996659279858,0.130686544980096
mistral:7b,CAO10551,B,B,0.98,"{""V"": 0.01, ""B"": 0.98, ""E"": 0.0, ""P"": 0.0, ""R"": 0.0, ""S"": 0.01}",0.77,Military Forces of Cameroon (1982-),"On 15 September 2022, state security forces, coded as military, clashed with Ambazonian Separatists around Kosala and Fiango, coded to Fiango (Meme, Sud-Ouest). Casualties unknown.",0.7314814814814815,0.98,0.13143896555144177,0.3467286909196672,0.13013112599236756,0.13013112599236756,0.13013112599236756,0.13143896555144177
mistral:7b,CAO12982,E,E,0.98,"{""V"": 0.01, ""B"": 0.01, ""E"": 0.96, ""P"": 0.01, ""R"": 0.01, ""S"": 0.0}",0.73,Unidentified Armed Group (Cameroon),"On 9 April 2024, an IED planted by an unidentified armed group detonated on members of self-defence militia in Tourou (Mokolo, Mayo-Tsanaga, Extreme-Nord). A self-defence militia member was killed when they stepped on an IED when it detonated.",0.7314814814814815,0.98,0.13199996659279858,0.13199996659279858,0.3413135886483683,0.13199996659279858,0.13199996659279858,0.130686544980096
mistral:7b,CAO4198,V,E,0.98,"{""V"": 0.01, ""B"": 0.02, ""E"": 0.95, ""P"": 0.01, ""R"": 0.01, ""S"": 0.0}",0.72,Ambazonian Separatists (Cameroon),"On 7 January 2021, suspected Ambazonian separatists kidnapped between 6 and 7 students in Mulang neighborhood of Bamenda town (Mezam, Nord-Ouest).",0.7314814814814815,0.98,0.1322737077229026,0.13360308058636017,0.33861823390414764,0.1322737077229026,0.1322737077229026,0.13095756234044575
mistral:7b,CAO12441,V,B,0.98,"{""V"": 0.01, ""B"": 0.98, ""E"": 0.0, ""P"": 0.0, ""R"": 0.0, ""S"": 0.01}",0.78,Military Forces of Cameroon (1982-),"Around 28 July 2023 (as reported), state security forces shot and killed two Ambazonian Separatists in Kumbo commune, coded to Kumbo (Bui, Nord-Ouest) whom they had captured on 28 July (coded separately).",0.7314814814814815,0.98,0.13143896555144177,0.3467286909196672,0.13013112599236756,0.13013112599236756,0.13013112599236756,0.13143896555144177
mistral:7b,CAO14598,B,B,0.98,"{""V"": 0.01, ""B"": 0.98, ""E"": 0.0, ""P"": 0.0, ""R"": 0.0, ""S"": 0.01}",0.8,Military Forces of Cameroon (1982-) Rapid Intervention Battalion,"On 28 August 2024, the military forces from the Rapid Intervention clashed with the Boko Haram (JAS) (likely) militants around Amchide (Kolofata, Mayo-Sava, Extreme-Nord). Casualties unknown. The militants stole a motorbike from a civilian and the military forces chased them until the militants abandoned the motorbike.",0.7314814814814815,0.98,0.13143896555144177,0.3467286909196672,0.13013112599236756,0.13013112599236756,0.13013112599236756,0.13143896555144177
mistral:7b,CAO8757,S,R,0.87,"{""V"": 0.12, ""B"": 0.05, ""E"": 0.03, ""P"": 0.01, ""R"": 0.87, ""S"": 0.02}",0.73,Unidentified Armed Group (Cameroon),"Looting: Around 17 March 2024 (as reported), an unidentified armed group suspected of being ISWAP or Boko Haram militants looted food items, clothing and 1 bicycle in Ganse (Kolofata, Mayo-Sava, Extreme-Nord).",0.17699115044247785,0.8700000000000001,0.14784158875503275,0.13784658368026928,0.13511703844326858,0.1324415418232297,0.31298064585044855,0.133772601447438
mistral:7b,CAO3886,B,B,0.98,"{""V"": 0.01, ""B"": 0.98, ""E"": 0.0, ""P"": 0.0, ""R"": 0.0, ""S"": 0.01}",0.72,Military Forces of Cameroon (1982-),"On 17 August 2020, the military forces engaged in a fire fight with Ambazonian separatists in Makanga village, Muyuka subdivision (Fako, Sud-Ouest). 1 person was killed, and another arrested.",0.7314814814814815,0.98,0.13143896555144177,0.3467286909196672,0.13013112599236756,0.13013112599236756,0.13013112599236756,0.13143896555144177
mistral:7b,CAO14603,V,R,0.92,"{""V"": 0.05, ""B"": 0.03, ""E"": 0.01, ""P"": 0.01, ""R"": 0.92, ""S"": 0.08}",0.77,Ambazonian Separatists (Cameroon),"On 30 June 2024, Ambazonian Separatists beat and injured a commercial motorbike driver and abducted 4 suspected government officials in Bambui (Tubah, Mezam, Nord-Ouest). The Separatists looted the motorbike from the commercial motorbike driver and used it to transport the abducted. The motorbike was later found abandoned and recovered by the military forces.",0.49624060150375937,0.92,0.13662801892541196,0.13392260288721905,0.13127075767583954,0.13127075767583954,0.32611890126858606,0.14078896156677764
mistral:7b,CAO13493,V,V,0.98,"{""V"": 0.98, ""B"": 0.01, ""E"": 0.0, ""P"": 0.0, ""R"": 0.0, ""S"": 0.01}",0.73,Boko Haram - Jamaatu Ahli is-Sunnah lid-Dawati wal-Jihad,"On 20 May 2024, Boko Haram (JAS) (likely) militants slit the throat and killed a civilian between Kordo and Lelede, coded to Kordo (Kolofata, Mayo-Sava, Extreme-Nord). He had been abducted by the militants the previous day (coded as a separate event).",0.7314814814814815,0.98,0.3467286909196672,0.13143896555144177,0.13013112599236756,0.13013112599236756,0.13013112599236756,0.13143896555144177
mistral:7b,CAO6461,B,B,0.98,"{""V"": 0.01, ""B"": 0.98, ""E"": 0.0, ""P"": 0.0, ""R"": 0.0, ""S"": 0.01}",0.79,Ambazonian Separatists (Cameroon),"On 17 August 2022, Ambazonian separatists clashed with the Cameroonian military forces in Tinta (Akwaya, Manyu, Sud-Ouest) leading to the death of 3. Unclarity if the fatalities are of civilian or separatist fighters. The clashes also resulted in the destruction of several buildings, including a primary school. Civilians fled the fighting into the bushes.",0.7314814814814815,0.98,0.13143896555144177,0.3467286909196672,0.13013112599236756,0.13013112599236756,0.13013112599236756,0.13143896555144177
mistral:7b,CAO13869,R,R,0.75,"{""V"": 0.12, ""B"": 0.08, ""E"": 0.03, ""P"": 0.04, ""R"": 0.75, ""S"": 0.08}",0.78,Rioters (Cameroon),"Around 29 June 2024 (as reported), youth from Ndoumba Kanda clashed with Belabo youths, coded to Belabo (Belabo, Lom-et-Djerem, Est) during a wake for unknown reasons. Casualties unknown.",0.058823529411764705,0.75,0.15068780720506197,0.14477925377164488,0.1377182862448446,0.1391023780321506,0.28293302097437006,0.14477925377164488
mistral:7b,CAO4334,B,B,0.98,"{""V"": 0.01, ""B"": 0.98, ""E"": 0.0, ""P"": 0.0, ""R"": 0.0, ""S"": 0.01}",0.79,Ambazonian Separatists (Cameroon),"On 4 February 2021, the military forces engaged in a fire fight with Ambazonian separatists in Mbalangi village (Meme, Sud-Ouest), as they tried to remove a road blockade erected by separatists in order to enforce a lockdown in the area. No fatality and/or casualty reported.",0.7314814814814815,0.98,0.13143896555144177,0.3467286909196672,0.13013112599236756,0.13013112599236756,0.13013112599236756,0.13143896555144177
mistral:7b,CAO6445,B,B,0.98,"{""V"": 0.01, ""B"": 0.98, ""E"": 0.0, ""P"": 0.0, ""R"": 0.0, ""S"": 0.01}",0.77,Islamic State West Africa Province (ISWAP) - Lake Chad Faction and/or Boko Haram - Jamaatu Ahli is-Sunnah lid-Dawati wal-Jihad,"On 25 September 2021, ISWAP or Boko Haram fighters ambushed the Cameroonian military camp in Sagme (Makary, Logone-et-Chari, Extreme-Nord) leading to the death of 2. The fighters stole weapons and ammunition and burnt the camp and military vehicles.",0.7314814814814815,0.98,0.13143896555144177,0.3467286909196672,0.13013112599236756,0.13013112599236756,0.13013112599236756,0.13143896555144177
mistral:7b,CAO6236,B,B,0.98,"{""V"": 0.01, ""B"": 0.98, ""E"": 0.0, ""P"": 0.0, ""R"": 0.0, ""S"": 0.01}",0.72,Boko Haram - Jamaatu Ahli is-Sunnah lid-Dawati wal-Jihad,"On 15 June 2022, suspected Boko Haram (JAS) (likely) clashed with Cameroonian military Forces and MNJTF in Limani (Mora, Mayo-Sava, Extreme-Nord), unknown fatalities, coded to 3.",0.7314814814814815,0.98,0.13143896555144177,0.3467286909196672,0.13013112599236756,0.13013112599236756,0.13013112599236756,0.13143896555144177
mistral:7b,CAO7298,V,S,0.78,"{""V"": 0.12, ""B"": 0.05, ""E"": 0.03, ""P"": 0.01, ""R"": 0.04, ""S"": 0.78}",0.72,Islamic State West Africa Province (ISWAP) and/or Boko Haram - Jamaatu Ahli is-Sunnah lid-Dawati wal-Jihad,"On 15 May 2023, ISWAP or Boko Haram militants abducted 2 herders in Zigague (Waza, Logone-et-Chari, Extreme-Nord) and stole a head of oxen. The herders and the oxen were freed when the militants spotted the security forces who had been following them.",0.09999999999999999,0.78,0.15151359456916008,0.14127033920802032,0.1384729990692968,0.1357310499765323,0.13986467584658907,0.2931473413301082
mistral:7b,CAO12794,S,R,0.92,"{""V"": 0.03, ""B"": 0.01, ""E"": 0.01, ""P"": 0.01, ""R"": 0.92, ""S"": 0.02}",0.72,Military Forces of Cameroon (1982-),"Property destruction: On 18 March 2022, suspected military forces burnt down 2 shops in Ndop (Ndop, Ngo-Ketunjia, Nord-Ouest) for failing to open their stores on Mondays. The Ambazonian Separatist fighters had imposed lockdown Mondays.",0.49624060150375937,0.92,0.13576302988414168,0.13307474177654105,0.13307474177654105,0.13307474177654105,0.33060057961982675,0.13441216516607782
mistral:7b,CAO2846,B,B,0.98,"{""V"": 0.01, ""B"": 0.98, ""E"": 0.0, ""P"": 0.0, ""R"": 0.0, ""S"": 0.01}",0.75,Military Forces of Cameroon (1982-),"On 14 January 2020, the military forces engaged in a fire fight with Ambazonian separatists in Peng village, Tombel subdivision (Kupe-Manenguba, Sud-Ouest) [coded: Tombel]. Two civilians were killed after they were reportedly flagged as Ambazonian fighters.",0.7314814814814815,0.98,0.13143896555144177,0.3467286909196672,0.13013112599236756,0.13013112599236756,0.13013112599236756,0.13143896555144177
mistral:7b,CAO4930,V,R,0.9,"{""V"": 0.05, ""B"": 0.02, ""E"": 0.01, ""P"": 0.03, ""R"": 0.89, ""S"": 0.02}",0.77,Ambazonian Separatists (Cameroon),"On 21 November 2020, Ambazonian separatists kidnapped a retired military officer from his home in Mankon town, Bamenda 2 subdivision (Bamenda - Mankon, Mezam, Nord-Ouest).",0.17699115044247787,0.8999999999999999,0.13892272899271427,0.1348169418593494,0.13347549087442012,0.13617187465081243,0.32179602176303246,0.1348169418593494
mistral:7b,CAO3670,S,R,0.82,"{""V"": 0.1, ""B"": 0.05, ""E"": 0.03, ""P"": 0.01, ""R"": 0.82, ""S"": 0.0}",0.78,Military Forces of Cameroon (1982-) Gendarmerie,"Around 14 September 2020 (as reported), the gendarmerie and police forces arrested 'over a dozen' civilians in Moloundou town (Boumba-Et-Ngoko, Est) for not having national ID cards.",0.09999999999999999,0.8200000000000001,0.14799850393681027,0.14078053172677868,0.13799289042600804,0.13526044812133753,0.30405304161339314,0.1339145841753682
mistral:7b,CAO15919,V,V,0.98,"{""V"": 0.98, ""B"": 0.01, ""E"": 0.0, ""P"": 0.0, ""R"": 0.0, ""S"": 0.01}",0.73,Military Forces of Cameroon (1982-) Rapid Intervention Battalion,"On 10 October 2024, the military forces from the Rapid Intervention shot and killed 7 civilians at their private residences in Mbomboko in the Buea subdivision (Buea, Fako, Sud-Ouest), mistakenly believing them to be Ambazonian Separatists.",0.7314814814814815,0.98,0.3467286909196672,0.13143896555144177,0.13013112599236756,0.13013112599236756,0.13013112599236756,0.13143896555144177
mistral:7b,CAO13492,V,E,0.98,"{""V"": 0.01, ""B"": 0.02, ""E"": 0.95, ""P"": 0.0, ""R"": 0.0, ""S"": 0.02}",0.72,Boko Haram - Jamaatu Ahli is-Sunnah lid-Dawati wal-Jihad,"On 20 May 2024, Boko Haram (JAS) (likely) militants attacked and killed a civilian along the Limani - Mora road, coded to Limani (Mora, Mayo-Sava, Extreme-Nord).",0.7314814814814815,0.98,0.13227195809808992,0.1336013133775258,0.3386137548971382,0.13095583012469084,0.13095583012469084,0.1336013133775258
mistral:7b,CAO9846,S,R,0.75,"{""V"": 0.12, ""B"": 0.08, ""E"": 0.03, ""P"": 0.04, ""R"": 0.75, ""S"": 0.0}",0.79,Ambazonian Separatists (Cameroon),"Looting: On 25 November 2022, Ambazonian Separatists abducted the body of a deceased person in Kai, Mbengwi commune, coded to Mbengwi (Momo, Nord-Ouest). The group accused the family of the deceased of not supporting the struggle against the military. They later released the dead body after the family had paid an unspecified amount of money.",0.058823529411764705,0.75,0.15238401778328334,0.14640895498177844,0.13926850598906806,0.14066817774382065,0.2861178439006986,0.13515249960106476
mistral:7b,CAO9206,V,V,0.92,"{""V"": 0.92, ""B"": 0.04, ""E"": 0.01, ""P"": 0.01, ""R"": 0.01, ""S"": 0.01}",0.77,Military Forces of Cameroon (1982-),"On 11 March 2023, state security forces coded as military forces shot and wounded two civilians at Ashing, coded to Oku (Boyo, Nord-Ouest) after they shot into the air as they approached a spot where Ambazonian Separatists launched attacks from. The victims were hit by stray bullets and hospitalized.",0.49624060150375937,0.92,0.3305916477791031,0.13712376624342817,0.1330711464942846,0.1330711464942846,0.1330711464942846,0.1330711464942846
mistral:7b,CAO3384,B,B,0.98,"{""V"": 0.01, ""B"": 0.98, ""E"": 0.0, ""P"": 0.0, ""R"": 0.0, ""S"": 0.01}",0.78,Military Forces of Cameroon (1982-),"On 14 June 2020, the military forces engaged in fire fights with Ambazonian separatists in Bamenda town (Mezam, Nord-Ouest). No fatality and/or casualty reported.",0.7314814814814815,0.98,0.13143896555144177,0.3467286909196672,0.13013112599236756,0.13013112599236756,0.13013112599236756,0.13143896555144177
mistral:7b,CAO3727,S,R,0.82,"{""V"": 0.1, ""B"": 0.05, ""E"": 0.03, ""P"": 0.01, ""R"": 0.82, ""S"": 0.0}",0.72,Military Forces of Cameroon (1982-),"On 1 October 2020, the military forces destroyed buildings in Akum town (Mezam, Nord-Ouest), in retaliation for writings on a vehicle that supported the separatists. No fatality and/or casualty reported.",0.09999999999999999,0.8200000000000001,0.14799850393681027,0.14078053172677868,0.13799289042600804,0.13526044812133753,0.30405304161339314,0.1339145841753682
mistral:7b,CAO11453,S,S,0.92,"{""V"": 0.03, ""B"": 0.04, ""E"": 0.01, ""P"": 0.01, ""R"": 0.02, ""S"": 0.92}",0.72,Military Forces of Cameroon (1982-),"Other: On 5 July 2023, state security forces, coded as military forces, fired warning shots into the air at their base in Waindo, coded to Wum (Menchum, Nord-Ouest) after they received news that their colleague was murdered by Ambazonian Separatists at Belo.",0.49624060150375937,0.92,0.13521503993785586,0.13657397368152377,0.13253760275820622,0.13253760275820622,0.13386962781086129,0.3292661530530174
mistral:7b,CAO3758,V,R,0.85,"{""V"": 0.1, ""B"": 0.05, ""E"": 0.02, ""P"": 0.02, ""R"": 0.85, ""S"": 0.06}",0.72,Ambazonian Separatists (Cameroon),"Around 11 October 2020 (as reported), Ambazonian separatists kidnapped 3 Mbororo ethnic men in Ngarbuh village, near Nkambe (Donga-Mantung, Nord-Ouest). They are suspected to be involved in the killing of a separatist fighter on October 10.",0.1,0.85,0.14544922311223504,0.1383555807951273,0.13426655542414107,0.13426655542414107,0.30791600774490224,0.13974607749914544
mistral:7b,CAO13380,B,B,0.98,"{""V"": 0.01, ""B"": 0.98, ""E"": 0.0, ""P"": 0.0, ""R"": 0.0, ""S"": 0.01}",0.78,Military Forces of Cameroon (1982-),"On 4 April 2024, the security forces, coded as the military forces shot and killed an unknown Separatist commander at the market in Agyati (Bafut, Mezam, Nord-Ouest). The Separatist tried to escape leading to the military forces shooting him. He died of his injuries.",0.7314814814814815,0.98,0.13143896555144177,0.3467286909196672,0.13013112599236756,0.13013112599236756,0.13013112599236756,0.13143896555144177
mistral:7b,CAO4585,V,E,0.98,"{""V"": 0.01, ""B"": 0.01, ""E"": 0.96, ""P"": 0.01, ""R"": 0.01, ""S"": 0.0}",0.73,Islamic State West Africa Province (ISWAP) - Lake Chad Faction and/or Boko Haram - Jamaatu Ahli is-Sunnah lid-Dawati wal-Jihad,"On 26 April 2021, suspected Boko Haram fighters attacked Takoudele village, Kourgui town, Mora subdivision (Mayo-Sava, Extreme-Nord). They kidnapped a young girl, and took away goods. No fatality and/or casualty reported.",0.7314814814814815,0.98,0.13199996659279858,0.13199996659279858,0.3413135886483683,0.13199996659279858,0.13199996659279858,0.130686544980096
mistral:7b,CAO10717,B,B,0.98,"{""V"": 0.01, ""B"": 0.98, ""E"": 0.0, ""P"": 0.0, ""R"": 0.0, ""S"": 0.01}",0.77,Ambazonian Separatists (Cameroon),"On 25 May 2023, Ambazonian Separatists and state security forces, coded as military forces, engaged in an armed clash at Melim (Bui, Nord-Ouest) after the separatists detonated an IED which partially destroyed one of the security forces' vehicles. Casualties are unknown.",0.7314814814814815,0.98,0.13143896555144177,0.3467286909196672,0.13013112599236756,0.13013112599236756,0.13013112599236756,0.13143896555144177
mistral:7b,CAO4525,B,B,0.98,"{""V"": 0.01, ""B"": 0.98, ""E"": 0.0, ""P"": 0.0, ""R"": 0.0, ""S"": 0.01}",0.73,Islamic State West Africa Province (ISWAP) - Lake Chad Faction and/or Boko Haram - Jamaatu Ahli is-Sunnah lid-Dawati wal-Jihad,"On 4 April 2021, Boko Haram fighters attacked and tortured a group of local vigilance militiamen in Mahoula village, Mora subdivision (Mayo-Sava, Extreme-Nord), killing two of them.",0.7314814814814815,0.98,0.13143896555144177,0.3467286909196672,0.13013112599236756,0.13013112599236756,0.13013112599236756,0.13143896555144177
mistral:7b,CAO10405,B,S,0.87,"{""V"": 0.02, ""B"": 0.13, ""E"": 0.01, ""P"": 0.01, ""R"": 0.02, ""S"": 0.81}",0.78,Military Forces of Cameroon (1982-),"On 8 April 2023, the State security forces, coded as the military force, clashed with the Ambazonian Separatists in Batibo (Batibo, Momo, Nord-Ouest). There were no fatalities. During the operation, the military forces arrested about 30 civilians from several villages and moved them to their base.",0.17699115044247785,0.8700000000000001,0.13699053936519828,0.15291953495370358,0.13562746072372342,0.13562746072372342,0.13699053936519828,0.30184446486815114
mistral:7b,CAO10613,S,R,0.87,"{""V"": 0.05, ""B"": 0.02, ""E"": 0.01, ""P"": 0.03, ""R"": 0.87, ""S"": 0.02}",0.79,Ambazonian Separatists (Cameroon),"Looting: On 10 May 2023, Ambazonian Separatists from the Restoration Forces extorted money amounting to 200,000 FCFA from a civilian whom they imposed as the new traditional chief in Makwe, Upper Bayang commune, coded to Tinto (Manyu, Sud-Ouest). They also forced the civilians to buy a motorcycle for the man to 'support his reign.' The legal leader fled to Mamfe when the Separatists demanded 500,000 FCFA from him.",0.17699115044247785,0.8700000000000001,0.1398136197215608,0.1356815027880383,0.1343314492781346,0.1370451245612891,0.31744680086262134,0.1356815027880383
mistral:7b,CAO4669,V,V,0.92,"{""V"": 0.92, ""B"": 0.04, ""E"": 0.01, ""P"": 0.01, ""R"": 0.01, ""S"": 0.01}",0.78,Military Forces of Cameroon (1982-),"Around 15 May 2020 (month of), the military forces raided Njembo village, Mbengwi town, Mbeggwi subdivision (Momo, Nord-Ouest), killing one person.",0.49624060150375937,0.92,0.3305916477791031,0.13712376624342817,0.1330711464942846,0.1330711464942846,0.1330711464942846,0.1330711464942846
mistral:7b,CAO4298,B,V,0.98,"{""V"": 0.98, ""B"": 0.01, ""E"": 0.0, ""P"": 0.0, ""R"": 0.0, ""S"": 0.01}",0.78,Military Forces of Cameroon (1982-),"On 23 January 2021, the military forces engaged in fire fights with Ambazonian separatists in Mulang and Meta neighborhood of Bamenda town, Bamenda 2 subdivision (Mezam, Nord-Ouest). Four civilians were killed, reportedly by the military forces.",0.7314814814814815,0.98,0.3467286909196672,0.13143896555144177,0.13013112599236756,0.13013112599236756,0.13013112599236756,0.13143896555144177
mistral:7b,CAO8775,E,E,0.98,"{""V"": 0.01, ""B"": 0.01, ""E"": 0.98, ""P"": 0.0, ""R"": 0.0, ""S"": 0.0}",0.79,Unidentified Armed Group (Cameroon),"On 17 March 2024, an IED planted by an unidentified armed group detonated on military forces along the Zeleved - Dzamadzaf road, coded to Zelevet (Mayo-Moskota, Mayo-Tsanaga, Extreme-Nord). There were no fatalities and 2 militants were injured.",0.7314814814814815,0.98,0.13143896555144177,0.13143896555144177,0.3467286909196671,0.13013112599236756,0.13013112599236756,0.13013112599236756
mistral:7b,CAO14650,V,R,0.78,"{""V"": 0.12, ""B"": 0.05, ""E"": 0.03, ""P"": 0.01, ""R"": 0.78, ""S"": 0.01}",0.78,Unidentified Armed Group (Cameroon),"On 24 August 2024, an unidentified armed group shot and injured 1 plantation owner who tried to flee an abduction in Sirbia (Touboro, Mayo-Rey, Nord). The plantation owner escaped. 2 other civilians were abducted. The reason for the abduction is not known.",0.09999999999999999,0.78,0.15214249472127492,0.14185672182319012,0.1390477705307364,0.13629444020048995,0.29436413252352434,0.13629444020048995
mistral:7b,CAO9309,V,R,0.82,"{""V"": 0.15, ""B"": 0.03, ""E"": 0.02, ""P"": 0.01, ""R"": 0.82, ""S"": 0.07}",0.8,Ambazonian Separatists (Cameroon),"On 13 February 2023, Ambazonian Separatists shot a male motorbike rider in his legs near Azire New Church in Bamenda (Mezam, Nord-Ouest) before taking his bike away. He was accused of violating the Monday ghost town. No information on the status of the victim.",0.09999999999999999,0.8200000000000001,0.15356907341822493,0.13620354966234127,0.13484830169924752,0.13350653867869766,0.3001104145693757,0.1417621219718128
mistral:7b,CAO14584,S,E,0.98,"{""V"": 0.01, ""B"": 0.02, ""E"": 0.95, ""P"": 0.0, ""R"": 0.0, ""S"": 0.02}",0.72,Boko Haram - Jamaatu Ahli is-Sunnah lid-Dawati wal-Jihad,"Looting: On 21 August 2024, Boko Haram (JAS) (likely) militants looted 1 motorbike and goods along the Amchide - Ganse road in Guederou (Kolofata, Mayo-Sava, Extreme-Nord).",0.7314814814814815,0.98,0.13227195809808992,0.1336013133775258,0.3386137548971382,0.13095583012469084,0.13095583012469084,0.1336013133775258
mistral:7b,CAO7763,S,S,0.87,"{""V"": 0.05, ""B"": 0.03, ""E"": 0.02, ""P"": 0.01, ""R"": 0.04, ""S"": 0.85}",0.78,Military Forces of Cameroon (1982-) Gendarmerie,"On 3 September 2023, the gendarmerie arrested a suspected former ISWAP or Boko Haram militant leader in Banki (Menoua, Ouest).",0.17699115044247785,0.8700000000000001,0.14031101097987417,0.13753266681280224,0.13616419391309456,0.13480933754624877,0.13891489309380212,0.3122678976538659
mistral:7b,CAO7437,V,V,0.98,"{""V"": 0.98, ""B"": 0.01, ""E"": 0.0, ""P"": 0.0, ""R"": 0.0, ""S"": 0.01}",0.77,Military Forces of Cameroon (1982-),"On 25 June 2023, the military forces attacked civilians in Kumba (Ekondo Titi, Ndian, Sud-Ouest). 1 civilian was killed. The victim had challenged a gendarmerie officer to lawfully present a warrant authorizing him to arrest another civilian when the officer shot him at close range in the chest and the other civilian was injured.",0.7314814814814815,0.98,0.3467286909196672,0.13143896555144177,0.13013112599236756,0.13013112599236756,0.13013112599236756,0.13143896555144177
mistral:7b,CAO9421,S,V,0.75,"{""V"": 0.75, ""B"": 0.12, ""E"": 0.08, ""P"": 0.03, ""R"": 0.02, ""S"": 0.0}",0.77,Military Forces of Cameroon (1982-),"Other: On 15 September 2022, the military forces fired gunshots under unclear circumstances at GRA quarter in Mbengwi (Momo, Nord-Ouest).",0.058823529411764705,0.75,0.28691702733506264,0.15280965632792617,0.14681790400036743,0.1396575103286706,0.13826789488272306,0.13553000712496302
mistral:7b,CAO6502,S,E,0.98,"{""V"": 0.01, ""B"": 0.01, ""E"": 0.98, ""P"": 0.0, ""R"": 0.0, ""S"": 0.0}",0.78,Boko Haram - Jamaatu Ahli is-Sunnah lid-Dawati wal-Jihad,"Looting: On 24 August 2022, Boko Haram (JAS) (likely) fighters entered Madakar (Mayo-Moskota, Mayo-Tsanaga, Extreme-Nord) and stole 22 livestock. The Cameroonian military forces returned 175 livestock to their owners.",0.7314814814814815,0.98,0.13143896555144177,0.13143896555144177,0.3467286909196671,0.13013112599236756,0.13013112599236756,0.13013112599236756
mistral:7b,CAO15428,V,E,0.98,"{""V"": 0.01, ""B"": 0.02, ""E"": 0.93, ""P"": 0.01, ""R"": 0.01, ""S"": 0.02}",0.77,Military Forces of Cameroon (1982-),"On 25 August 2024, security forces, coded as the military forces, beat and injured a group of 15 civilians along the main road in Ashing (Belo, Boyo, Nord-Ouest) accusing them of leaving a bag they suspected of carrying items used to manufacture IEDs near the military minor base.",0.7314814814814815,0.98,0.13281287113952805,0.1341476626854084,0.33326606121026564,0.13281287113952805,0.13281287113952805,0.1341476626854084
mistral:7b,CAO8495,B,B,0.98,"{""V"": 0.01, ""B"": 0.98, ""E"": 0.0, ""P"": 0.0, ""R"": 0.0, ""S"": 0.01}",0.8,Military Forces of Cameroon (1982-) Rapid Intervention Battalion,"On 6 February 2024, the military forces (Rapid Intervention) and the gendarmerie fired warning shots in the air at the outpost in Fotokol (Fotokol, Logone-et-Chari, Extreme-Nord) to drive back suspected ISWAP or Boko Haram militants. There were no fatalities.",0.7314814814814815,0.98,0.13143896555144177,0.3467286909196672,0.13013112599236756,0.13013112599236756,0.13013112599236756,0.13143896555144177
mistral:7b,CAO13440,B,B,0.98,"{""V"": 0.01, ""B"": 0.98, ""E"": 0.0, ""P"": 0.0, ""R"": 0.0, ""S"": 0.01}",0.8,Ambazonian Separatists (Cameroon),"Around 13 May 2024 (as reported), Ambazonian Separatists ambushed patrolling gendarmerie forces along the Ayukaba and Eyangchang villages, coded to Ayukaba (Mamfe, Manyu, Sud-Ouest). The brigade commander and 4 gendarmerie officers were killed. The Separatists looted their weapons and ammunition and burnt the victim's bodies.",0.7314814814814815,0.98,0.13143896555144177,0.3467286909196672,0.13013112599236756,0.13013112599236756,0.13013112599236756,0.13143896555144177
mistral:7b,CAO3624,V,V,0.98,"{""V"": 0.98, ""B"": 0.01, ""E"": 0.0, ""P"": 0.0, ""R"": 0.0, ""S"": 0.01}",0.73,Islamic State West Africa Province (ISWAP) - Lake Chad Faction and/or Boko Haram - Jamaatu Ahli is-Sunnah lid-Dawati wal-Jihad,"Around 30 August 2020 (as reported), Boko Haram attacked Makoulahe village, in Mora subdivision (Mayo-Sava, Extreme-Nord). They looted houses and injured 2 women.",0.7314814814814815,0.98,0.3467286909196672,0.13143896555144177,0.13013112599236756,0.13013112599236756,0.13013112599236756,0.13143896555144177
mistral:7b,CAO11112,S,R,0.92,"{""V"": 0.03, ""B"": 0.01, ""E"": 0.02, ""P"": 0.01, ""R"": 0.92, ""S"": 0.01}",0.78,Ambazonian Separatists (Cameroon),"Looting: On 2 February 2024, Ambazonian Separatists extorted money and food items from business persons at the market square in Lassin (Noni, Bui, Nord-Ouest).",0.49624060150375937,0.92,0.13576302988414168,0.13307474177654105,0.13441216516607782,0.13307474177654105,0.33060057961982675,0.13307474177654105
mistral:7b,CAO7600,R,R,0.92,"{""V"": 0.03, ""B"": 0.01, ""E"": 0.01, ""P"": 0.01, ""R"": 0.92, ""S"": 0.02}",0.72,Rioters (Cameroon),"On 26 August 2023, a mob attacked thieves who had killed an elderly woman while robbing her in Brazzaville neighbourhood, in the outskirts of Douala (Douala 1, Wouri, Littoral). Two managed to escape while a third was beaten to death.",0.49624060150375937,0.92,0.13576302988414168,0.13307474177654105,0.13307474177654105,0.13307474177654105,0.33060057961982675,0.13441216516607782
mistral:7b,CAO3498,V,V,0.95,"{""V"": 0.95, ""B"": 0.02, ""E"": 0.01, ""P"": 0.01, ""R"": 0.01, ""S"": 0.0}",0.78,Military Forces of Cameroon (1982-),"On 21 July 2020, military forces opened fire around a food market in Bamenda town (Mezam, Nord-Ouest). One person was reportedly killed and property destroyed.",0.5384615384615405,0.9499999999999998,0.33861823390414764,0.13360308058636017,0.1322737077229026,0.1322737077229026,0.1322737077229026,0.13095756234044575
mistral:7b,CAO4080,B,B,0.98,"{""V"": 0.01, ""B"": 0.98, ""E"": 0.0, ""P"": 0.0, ""R"": 0.0, ""S"": 0.01}",0.78,Military Forces of Cameroon (1982-),"On 1 December 2020, the military forces repelled an attack of Boko Haram in Boudoua village, Mora subdivision (Mayo-Sava, Extreme-Nord). One Boko Haram fighter was killed, and several others injured. The military seized two motorbikes.",0.7314814814814815,0.98,0.13143896555144177,0.3467286909196672,0.13013112599236756,0.13013112599236756,0.13013112599236756,0.13143896555144177
mistral:7b,CAO14355,V,E,0.98,"{""V"": 0.01, ""B"": 0.02, ""E"": 0.95, ""P"": 0.01, ""R"": 0.01, ""S"": 0.0}",0.78,Ambazonian Separatists (Cameroon),"On 8 May 2024, Ambazonian Separatists abducted a ship owner alongside two skippers after intercepting 2 ships in the Cameroon-Nigeria waterway in Mabeta (Limbe 3, Fako, Sud-Ouest). The militants later released the men after they paid the sum of approximately 700,000 Franc CFA.",0.7314814814814815,0.98,0.1322737077229026,0.13360308058636017,0.33861823390414764,0.1322737077229026,0.1322737077229026,0.13095756234044575
mistral:7b,CAO11427,B,B,0.98,"{""V"": 0.01, ""B"": 0.98, ""E"": 0.0, ""P"": 0.0, ""R"": 0.0, ""S"": 0.01}",0.78,Military Forces of Cameroon (1982-),"On 10 January 2024, military forces, disguised as civilians, engaged in gunbattle with Ambazonian Separatists from the Restoration Forces in Yoke (Muyuka, Fako, Sud-Ouest). They freed two civilians held captive by the Ambazonian Separatists. No casualties.",0.7314814814814815,0.98,0.13143896555144177,0.3467286909196672,0.13013112599236756,0.13013112599236756,0.13013112599236756,0.13143896555144177
mistral:7b,CAO11069,V,R,0.82,"{""V"": 0.15, ""B"": 0.03, ""E"": 0.01, ""P"": 0.01, ""R"": 0.82, ""S"": 0.08}",0.77,Ambazonian Separatists (Cameroon),"On 15 December 2023, Ambazonian Separatists kidnapped an employee of the Mbonge municipal council in Kombone (Kumba 1, Meme, Sud-Ouest). They accused him of working closely with the Mayor of the municipality, who is seen as a security forces collaborator.",0.09999999999999999,0.8200000000000001,0.15355633285059767,0.13619224979253727,0.13349546256130726,0.13349546256130726,0.30008551647663245,0.14317497575731797
mistral:7b,CAO4139,V,V,0.92,"{""V"": 0.92, ""B"": 0.04, ""E"": 0.01, ""P"": 0.01, ""R"": 0.01, ""S"": 0.01}",0.78,Military Forces of Cameroon (1982-),"On 8 November 2020, the military forces raided Luh village, in Ndu subdivision (Donga-Mantung, Nord-Ouest), killing two civilians including a driver and a bike taxi driver.",0.49624060150375937,0.92,0.3305916477791031,0.13712376624342817,0.1330711464942846,0.1330711464942846,0.1330711464942846,0.1330711464942846
mistral:7b,CAO2894,R,R,0.92,"{""V"": 0.03, ""B"": 0.01, ""E"": 0.01, ""P"": 0.01, ""R"": 0.92, ""S"": 0.02}",0.72,Rioters (Cameroon),"On 26 January 2020, one young man was burnt to death in Bamenda town (Mezam, Nord-Ouest), for allegedly trying to steal a motorcycle.",0.49624060150375937,0.92,0.13576302988414168,0.13307474177654105,0.13307474177654105,0.13307474177654105,0.33060057961982675,0.13441216516607782
mistral:7b,CAO8266,B,B,0.98,"{""V"": 0.01, ""B"": 0.98, ""E"": 0.0, ""P"": 0.0, ""R"": 0.0, ""S"": 0.01}",0.78,Boko Haram - Jamaatu Ahli is-Sunnah lid-Dawati wal-Jihad,"On 18 December 2023, Boko Haram militants [JAS faction] ambushed military forces in Moundou, in the Double-Limani area, coded to Limani (Mora, Mayo-Sava, Extreme-Nord). 2 soldiers were killed and 2 others were wounded. The militants stole 2 motorbikes and the rifles from the killed soldiers.",0.7314814814814815,0.98,0.13143896555144177,0.3467286909196672,0.13013112599236756,0.13013112599236756,0.13013112599236756,0.13143896555144177
mistral:7b,CAO6765,V,V,0.98,"{""V"": 0.98, ""B"": 0.01, ""E"": 0.0, ""P"": 0.0, ""R"": 0.0, ""S"": 0.01}",0.74,Ambazonian Separatists (Cameroon),"On 24 November 2022, Ambazonian Separatists killed a public transport driver and a passenger in Awing (Santa, Mezam, Nord-Ouest). They set ablaze the driver's vehicle and abducted two other civilian passengers. The fighters left a note on the body of the killed driver on which it was written that he was collaborating with the military and warned any other person who may be collaborating with them. The rest of the civilians were allowed to go. Residents claim the attack was carried out by the Cameroonian military.",0.7314814814814815,0.98,0.3467286909196672,0.13143896555144177,0.13013112599236756,0.13013112599236756,0.13013112599236756,0.13143896555144177
mistral:7b,CAO14747,S,S,0.92,"{""V"": 0.03, ""B"": 0.04, ""E"": 0.01, ""P"": 0.01, ""R"": 0.02, ""S"": 0.92}",0.78,Military Forces of Cameroon (1982-),"On 6 July 2024, the security forces, coded as the military forces, arrested 39 men and 11 women from their private residences in Marumba I (Kumba 1, Meme, Sud-Ouest) during a search operation to dislodge Ambazonian Separatists in the area.",0.49624060150375937,0.92,0.13521503993785586,0.13657397368152377,0.13253760275820622,0.13253760275820622,0.13386962781086129,0.3292661530530174
mistral:7b,CAO10353,B,B,0.98,"{""V"": 0.01, ""B"": 0.98, ""E"": 0.0, ""P"": 0.0, ""R"": 0.0, ""S"": 0.01}",0.79,Military Forces of Cameroon (1982-),"On 19 April 2023, state security forces (coded as military) engaged in an armed confrontation with Ambazonian Separatists in Bamenda - Mankon (Mezam, Nord-Ouest). 4 Separatists were killed, and one soldier was severely wounded. Some ammunition was recovered.",0.7314814814814815,0.98,0.13143896555144177,0.3467286909196672,0.13013112599236756,0.13013112599236756,0.13013112599236756,0.13143896555144177
mistral:7b,CAO10413,S,R,0.92,"{""V"": 0.03, ""B"": 0.01, ""E"": 0.02, ""P"": 0.01, ""R"": 0.92, ""S"": 0.01}",0.78,Military Forces of Cameroon (1982-),"Property destruction: On 6 April 2023, State security forces (Air Force), coded as the military forces, burned down 7 civilian houses in Maghow, coded to Akwaya (Akwaya,Manyu,Sud-Ouest). The Separatists also stole food items, money and other valuables. The houses were suspected of housing Separatists.",0.49624060150375937,0.92,0.13576302988414168,0.13307474177654105,0.13441216516607782,0.13307474177654105,0.33060057961982675,0.13307474177654105
mistral:7b,CAO3901,S,R,0.87,"{""V"": 0.05, ""B"": 0.02, ""E"": 0.01, ""P"": 0.03, ""R"": 0.87, ""S"": 0.02}",0.79,Military Forces of Cameroon (1982-),"On 17 September 2020, the security forces (assumed Military Forces) arrested 'scores' of civilians during a raid in Bakweri town (Fako, Sud-Ouest).",0.17699115044247785,0.8700000000000001,0.1398136197215608,0.1356815027880383,0.1343314492781346,0.1370451245612891,0.31744680086262134,0.1356815027880383
mistral:7b,CAO13626,B,B,0.98,"{""V"": 0.01, ""B"": 0.98, ""E"": 0.0, ""P"": 0.0, ""R"": 0.0, ""S"": 0.01}",0.77,Boko Haram - Jamaatu Ahli is-Sunnah lid-Dawati wal-Jihad,"On 14 June 2024, Boko Haram (JAS) (likely) militants clashed with the Gendarmerie forces in Tourou (Mokolo, Mayo-Tsanaga, Extreme-Nord). 1 soldier was killed. 4 motorbikes and an ambulance were burnt and several materials looted.",0.7314814814814815,0.98,0.13143896555144177,0.3467286909196672,0.13013112599236756,0.13013112599236756,0.13013112599236756,0.13143896555144177
mistral:7b,CAO5613,R,R,0.92,"{""V"": 0.03, ""B"": 0.01, ""E"": 0.01, ""P"": 0.01, ""R"": 0.92, ""S"": 0.02}",0.72,Rioters (Cameroon),"On 19 October 2021, a traditional leader and his supporters tortured a pregnant woman and her children and paraded them on the streets of Buea town (Fako, Sud-Ouest) for being the ex-girlfriend of an Ambazonian separatist commander.",0.49624060150375937,0.92,0.13576302988414168,0.13307474177654105,0.13307474177654105,0.13307474177654105,0.33060057961982675,0.13441216516607782
mistral:7b,CAO8174,R,R,0.98,"{""V"": 0.01, ""B"": 0.01, ""E"": 0.01, ""P"": 0.01, ""R"": 0.98, ""S"": 0.08}",0.72,Rioters (Cameroon),"On 3 December 2023, a mob killed a suspect who was accused of killing two people with knives in Obala (Obala, Lekie, Centre). The victim was burnt alive by the mob.",0.7314814814814815,0.98,0.12969407200985753,0.12969407200985753,0.12969407200985753,0.12969407200985753,0.3421257586694821,0.13909795329074567
mistral:7b,CAO13505,S,R,0.92,"{""V"": 0.03, ""B"": 0.01, ""E"": 0.01, ""P"": 0.01, ""R"": 0.92, ""S"": 0.02}",0.73,Ambazonian Separatists (Cameroon),"Looting: On 10 April 2024, Ambazonian Separatists from the Restoration Forces faction extorted money from commercial motorbike riders and their passengers in Bulu Camp (Mundemba, Ndian, Sud-Ouest) on their way to the market and farms.",0.49624060150375937,0.92,0.13576302988414168,0.13307474177654105,0.13307474177654105,0.13307474177654105,0.33060057961982675,0.13441216516607782
mistral:7b,CAO3090,B,B,0.98,"{""V"": 0.01, ""B"": 0.98, ""E"": 0.0, ""P"": 0.0, ""R"": 0.0, ""S"": 0.01}",0.73,Ambazonian Separatists (Cameroon),"On 12 March 2020, two groups of Ambazonian separatists clashed in their camp in Vikovi village, near Kikaikom, in Kumbo subdivision (Bui, Nord-Ouest), resulting in 5 deaths.",0.7314814814814815,0.98,0.13143896555144177,0.3467286909196672,0.13013112599236756,0.13013112599236756,0.13013112599236756,0.13143896555144177
mistral:7b,CAO6193,B,B,0.98,"{""V"": 0.01, ""B"": 0.98, ""E"": 0.0, ""P"": 0.0, ""R"": 0.0, ""S"": 0.01}",0.73,Military Forces of Cameroon (1982-),"On 21 June 2022, Cameroonian military forces clashed with Ambazonia separatist in Essu (Fungom, Menchum, Nord-Ouest) leading to the death of 1 separatist and 1 civilian was injured. She was taking to the hospital for treatment.",0.7314814814814815,0.98,0.13143896555144177,0.3467286909196672,0.13013112599236756,0.13013112599236756,0.13013112599236756,0.13143896555144177
mistral:7b,CAO4023,V,B,0.98,"{""V"": 0.01, ""B"": 0.98, ""E"": 0.0, ""P"": 0.0, ""R"": 0.0, ""S"": 0.01}",0.72,Islamic State West Africa Province (ISWAP) - Lake Chad Faction and/or Boko Haram - Jamaatu Ahli is-Sunnah lid-Dawati wal-Jihad,"On 18 November 2020, Boko Haram shot and killed a traditional chief and 3 of his children (total of 4 fatalities) in Satomi village, around Mora (Mayo-Sava, Extreme-Nord).",0.7314814814814815,0.98,0.13143896555144177,0.3467286909196672,0.13013112599236756,0.13013112599236756,0.13013112599236756,0.13143896555144177
mistral:7b,CAO4443,B,B,0.98,"{""V"": 0.01, ""B"": 0.98, ""E"": 0.0, ""P"": 0.0, ""R"": 0.0, ""S"": 0.01}",0.72,MNJTF: Multinational Joint Task Force,"On 4 March 2021, the MNJTF military forces repelled an attack of Boko Haram in Gouzoudou village (Mayo-Sava, Extreme-Nord). No fatality and/or casualty reported.",0.7314814814814815,0.98,0.13143896555144177,0.3467286909196672,0.13013112599236756,0.13013112599236756,0.13013112599236756,0.13143896555144177
mistral:7b,CAO10147,B,S,0.87,"{""V"": 0.02, ""B"": 0.13, ""E"": 0.01, ""P"": 0.01, ""R"": 0.02, ""S"": 0.81}",0.78,Military Forces of Cameroon (1982-),"On 3 January 2023, state security forces (coded as military) captured and arrested 1 Ambazonian Separatist in Adiemukong, Bafut commune, coded to Bafut (Mezam, Nord-Ouest). Gunshots could be heard, no casualties. It is unclear if the gunshots were an armed confrontation between the two.",0.17699115044247785,0.8700000000000001,0.13699053936519828,0.15291953495370358,0.13562746072372342,0.13562746072372342,0.13699053936519828,0.30184446486815114
mistral:7b,CAO7973,S,E,0.98,"{""V"": 0.01, ""B"": 0.02, ""E"": 0.95, ""P"": 0.01, ""R"": 0.01, ""S"": 0.0}",0.78,Islamic State West Africa Province (ISWAP) and/or Boko Haram - Jamaatu Ahli is-Sunnah lid-Dawati wal-Jihad,"Looting: On 18 October 2023, ISWAP or Boko Haram militants demanded money and food items from fishermen in the Tsoukiya zone around Darak (Darak, Logone-et-Chari, Extreme-Nord) as taxes for fishing rights. The militants also searched the fishermen for mobile phones and any person from Darak. Finding neither the militants retreated toward Nigeria.",0.7314814814814815,0.98,0.1322737077229026,0.13360308058636017,0.33861823390414764,0.1322737077229026,0.1322737077229026,0.13095756234044575
mistral:7b,CAO9827,V,R,0.87,"{""V"": 0.05, ""B"": 0.02, ""E"": 0.01, ""P"": 0.03, ""R"": 0.87, ""S"": 0.02}",0.73,Military Forces of Cameroon (1982-),"On 7 January 2023, the state security forces, coded as the military forces shot and killed a masquerade in Bambui (Tubah, Mezam, Nord-Ouest) accusing him of being an Ambazonian Separatists.",0.17699115044247785,0.8700000000000001,0.1398136197215608,0.1356815027880383,0.1343314492781346,0.1370451245612891,0.31744680086262134,0.1356815027880383
mistral:7b,CAO7395,B,B,0.98,"{""V"": 0.01, ""B"": 0.98, ""E"": 0.0, ""P"": 0.0, ""R"": 0.0, ""S"": 0.01}",0.77,Military Forces of Cameroon (1982-) Rapid Intervention Battalion,"On 23 June 2023, the military forces (Rapid Intervention) ambushed Boko Haram (JAS) (likely) militants in Ganse (Kolofata, Mayo-Sava, Extreme-Nord). 1 militant was killed and various items recovered by the military forces.",0.7314814814814815,0.98,0.13143896555144177,0.3467286909196672,0.13013112599236756,0.13013112599236756,0.13013112599236756,0.13143896555144177
mistral:7b,CAO6147,V,R,0.9,"{""V"": 0.05, ""B"": 0.02, ""E"": 0.01, ""P"": 0.03, ""R"": 0.89, ""S"": 0.02}",0.78,Ambazonian Separatists (Cameroon),"On 1 June 2022, Ambazonia separatists abducted 9 commercial bike riders near Fundong (Njinikom, Boyo, Nord-Ouest) after they had participated in the 20th May celebration despite the ban imposed by the Separatists. The Separatists also burnt their motorbikes.",0.17699115044247787,0.8999999999999999,0.13892272899271427,0.1348169418593494,0.13347549087442012,0.13617187465081243,0.32179602176303246,0.1348169418593494
mistral:7b,CAO16029,V,R,0.82,"{""V"": 0.15, ""B"": 0.03, ""E"": 0.01, ""P"": 0.02, ""R"": 0.82, ""S"": 0.07}",0.78,Ambazonian Separatists (Cameroon),"On 22 October 2024, Ambazonian Separatists abducted a male civilian from his private residences in Bamenda - Nkwen (Bamenda 3, Mezam, Nord-Ouest) for an unknown reason.",0.09999999999999999,0.8200000000000001,0.15356907341822493,0.13620354966234127,0.13350653867869766,0.13484830169924752,0.3001104145693757,0.1417621219718128
mistral:7b,CAO11761,B,B,0.98,"{""V"": 0.01, ""B"": 0.98, ""E"": 0.0, ""P"": 0.0, ""R"": 0.0, ""S"": 0.01}",0.79,Military Forces of Cameroon (1982-),"On 16 July 2023, state security forces (coded as military) engaged in an armed confrontation with Ambazonian Separatists in Agyati (Mezam, Nord-Ouest). No casualties.",0.7314814814814815,0.98,0.13143896555144177,0.3467286909196672,0.13013112599236756,0.13013112599236756,0.13013112599236756,0.13143896555144177
mistral:7b,CAO11220,B,B,0.98,"{""V"": 0.01, ""B"": 0.98, ""E"": 0.0, ""P"": 0.0, ""R"": 0.0, ""S"": 0.01}",0.78,Military Forces of Cameroon (1982-),"On 8 November 2023, the military forces attacked Ambazonian Separatists from the Restoration Forces during an operation in Mfuni (Mamfe, Manyu, Sud-Ouest). The military forces shot and killed one, while several others sustained life-threatening injuries.",0.7314814814814815,0.98,0.13143896555144177,0.3467286909196672,0.13013112599236756,0.13013112599236756,0.13013112599236756,0.13143896555144177
mistral:7b,CAO3650,R,R,0.87,"{""V"": 0.12, ""B"": 0.03, ""E"": 0.01, ""P"": 0.01, ""R"": 0.87, ""S"": 0.06}",0.74,Rioters (Cameroon),"On 5 September 2020, residents beat one woman to death in Yokosire village (Lom-Et-Djerem, Est) after she was accused of attempting to use witchcraft against her co-wife.",0.17699115044247785,0.8700000000000001,0.14783355820349658,0.13510969907178474,0.13243434778103835,0.13243434778103835,0.3129636451727131,0.13922440198961583
mistral:7b,CAO12120,V,V,0.92,"{""V"": 0.92, ""B"": 0.05, ""E"": 0.01, ""P"": 0.01, ""R"": 0.01, ""S"": 0.0}",0.78,Military Forces of Cameroon (1982-),"On 13 August 2023, state security forces, coded as military forces, shot and killed a suspected Ambazonian Separatist in Nkundu quarter in Njenka (Balikumbat, Ngo-Ketunjia, Nord-Ouest) and left his body by the road. He had been arrested earlier from his private residence after a tip-off.",0.49624060150375937,0.92,0.3305737846523766,0.13849439922076856,0.13306395615306016,0.13306395615306016,0.13306395615306016,0.1317399476673438
mistral:7b,CAO13210,B,S,0.92,"{""V"": 0.03, ""B"": 0.04, ""E"": 0.01, ""P"": 0.01, ""R"": 0.02, ""S"": 0.92}",0.8,Military Forces of Cameroon (1982-),"On 23 March 2024, state security forces, coded as the military forces, fired several warning gunshots to dislodge and dismantle an Ambazonian Separatist illegal checkpoint in Bobong (Njinikom, Boyo, Nord-Ouest). There were no fatalities or injuries.",0.49624060150375937,0.92,0.13521503993785586,0.13657397368152377,0.13253760275820622,0.13253760275820622,0.13386962781086129,0.3292661530530174
mistral:7b,CAO10312,S,R,0.92,"{""V"": 0.03, ""B"": 0.01, ""E"": 0.02, ""P"": 0.02, ""R"": 0.92, ""S"": 0.02}",0.78,Ambazonian Separatists (Cameroon),"Property destruction: On 28 April 2023, Ambazonian Separatists Restoration forces burned a vehicle belonging to an unnamed road construction company working along the Kumba -Mundemba road axis in Dibonda (Toko, Ndian, Sud-Ouest). The burning was an attempt by the perpetrators to enforce the ban on any government sponsored projects especially reconstruction projects the perpetrators had declared.",0.49624060150375937,0.92,0.13540085334768082,0.13271973681599927,0.13405359234636688,0.13405359234636688,0.32971863279688945,0.13405359234636688
mistral:7b,CAO4521,V,B,0.98,"{""V"": 0.01, ""B"": 0.98, ""E"": 0.0, ""P"": 0.0, ""R"": 0.0, ""S"": 0.01}",0.73,Islamic State West Africa Province (ISWAP) - Lake Chad Faction and/or Boko Haram - Jamaatu Ahli is-Sunnah lid-Dawati wal-Jihad,"On 3 April 2021, Boko Haram fighters nightly attacked Goudjimdele village, Mora subdivision (Mayo-Sava, Extreme-Nord), killing 2 people.",0.7314814814814815,0.98,0.13143896555144177,0.3467286909196672,0.13013112599236756,0.13013112599236756,0.13013112599236756,0.13143896555144177
mistral:7b,CAO8337,V,B,0.98,"{""V"": 0.01, ""B"": 0.98, ""E"": 0.0, ""P"": 0.0, ""R"": 0.0, ""S"": 0.01}",0.72,Boko Haram - Jamaatu Ahli is-Sunnah lid-Dawati wal-Jihad,"Around 30 December 2023 (as reported), Boko Haram (JAS) (likely) militants attacked Soukoule, coded to Mora (Mora, Mayo-Sava, Extreme-Nord). 1 civilian was killed and 3 motorbikes were taken away.",0.7314814814814815,0.98,0.13143896555144177,0.3467286909196672,0.13013112599236756,0.13013112599236756,0.13013112599236756,0.13143896555144177
mistral:7b,CAO9705,V,V,0.98,"{""V"": 0.98, ""B"": 0.01, ""E"": 0.0, ""P"": 0.0, ""R"": 0.0, ""S"": 0.01}",0.73,Military Forces of Cameroon (1982-),"On 23 June 2022, military forces shot and killed two male civilians in Ekombe Bonji (Kumba 1, Meme, Sud-Ouest).",0.7314814814814815,0.98,0.3467286909196672,0.13143896555144177,0.13013112599236756,0.13013112599236756,0.13013112599236756,0.13143896555144177
mistral:7b,CAO13243,S,R,0.89,"{""V"": 0.1, ""B"": 0.05, ""E"": 0.02, ""P"": 0.01, ""R"": 0.89, ""S"": 0.03}",0.78,Boko Haram - Jamaatu Ahli is-Sunnah lid-Dawati wal-Jihad,"Looting: On 26 April 2024, ISWAP or Boko Haram militants looted some 150 oxen and cows in a grazing area in Dougza (Kolofata, Mayo-Sava, Extreme-Nord).",0.17699115044247785,0.8899999999999999,0.14442378601763886,0.13738015485777288,0.13331995767992808,0.13199340193645892,0.31822285397761757,0.13465984553026555
mistral:7b,CAO6787,S,R,0.89,"{""V"": 0.1, ""B"": 0.02, ""E"": 0.01, ""P"": 0.01, ""R"": 0.89, ""S"": 0.07}",0.77,Boko Haram - Jamaatu Ahli is-Sunnah lid-Dawati wal-Jihad,"Looting: On 4 December 2022, Boko Haram [JAS] looted farmers in Amchide (Kolofata, Mayo-Sava, Extreme-Nord) stealing 2 motorbikes and 1 bicycle.",0.17699115044247785,0.8899999999999999,0.1444080715850949,0.13330545143037253,0.13197904002649813,0.13197904002649813,0.31818822885310954,0.14014016807810856
mistral:7b,CAO4545,B,B,0.98,"{""V"": 0.01, ""B"": 0.98, ""E"": 0.0, ""P"": 0.0, ""R"": 0.0, ""S"": 0.01}",0.75,Military Forces of Cameroon (1982-),"On 12 April 2021, the military forces repelled a nightly attack of Boko Haram fighters in Djanpala village, assumedly in Mora subdivision (Mayo-Sava, Extreme-Nord). One assailant was killed, and foodstuffs retrieved.",0.7314814814814815,0.98,0.13143896555144177,0.3467286909196672,0.13013112599236756,0.13013112599236756,0.13013112599236756,0.13143896555144177
mistral:7b,CAO3621,P,P,0.98,"{""V"": 0.01, ""B"": 0.01, ""E"": 0.01, ""P"": 0.98, ""R"": 0.0, ""S"": 0.0}",0.72,Protesters (Cameroon),"On 28 August 2020, women of the SUFC movement demonstrated in the Nord-ouest region, around Bamenda town (Mezam, Nord-Ouest), calling for a ceasefire in the North West and South West regions.",0.7314814814814815,0.98,0.13126728899807766,0.13126728899807766,0.13126728899807766,0.34627581770691923,0.12996115764925079,0.12996115764925079
mistral:7b,CAO6152,B,B,0.98,"{""V"": 0.01, ""B"": 0.98, ""E"": 0.0, ""P"": 0.0, ""R"": 0.0, ""S"": 0.01}",0.73,Military Forces of Cameroon (1982-),"On 10 June 2022, Cameroonian military forces exchanged gunshots with suspected separatists and killed 2 civilians in Belo (Tubah, Mezam, Nord-Ouest). Unclear why the military was targeting civilians.",0.7314814814814815,0.98,0.13143896555144177,0.3467286909196672,0.13013112599236756,0.13013112599236756,0.13013112599236756,0.13143896555144177
mistral:7b,CAO6296,P,P,0.98,"{""V"": 0.01, ""B"": 0.02, ""E"": 0.03, ""P"": 0.98, ""R"": 0.0, ""S"": 0.06}",0.79,Protesters (Cameroon),"Around 15 July 2022, residents of Koza and Gaboua protested in front of the sub-prefecture of Koza in Koza (Koza, Mayo-Tsanaga, Extreme-Nord) after a Boko Haram attack. They protested against the lack of security measures in the community.",0.7314814814814815,0.98,0.12970981365147968,0.13101341895113336,0.13233012570186037,0.34216728424578047,0.12841917944128303,0.13636017800812084
mistral:7b,CAO4239,B,B,0.98,"{""V"": 0.01, ""B"": 0.98, ""E"": 0.0, ""P"": 0.0, ""R"": 0.0, ""S"": 0.01}",0.73,Military Forces of Cameroon (1982-),"On 24 December 2020, the military forces repelled an attack of Boko Haram in Makoulahe village, Mora subdivision (Mayo-Sava, Extreme-Nord), killing one assailant.",0.7314814814814815,0.98,0.13143896555144177,0.3467286909196672,0.13013112599236756,0.13013112599236756,0.13013112599236756,0.13143896555144177
mistral:7b,CAO6523,B,B,0.98,"{""V"": 0.01, ""B"": 0.98, ""E"": 0.0, ""P"": 0.0, ""R"": 0.0, ""S"": 0.01}",0.79,Boko Haram - Jamaatu Ahli is-Sunnah lid-Dawati wal-Jihad,"On 12 September 2022, Boko Haram (JAS) fighters ambushed the Cameroonian military forces on the Limani - Mora Road, coded to Limani (Mora, Mayo-Sava, Extreme-Nord). Unknown fatalities or injuries but 4 motorbikes, mobile phones and a luggage were stolen by the assailants.",0.7314814814814815,0.98,0.13143896555144177,0.3467286909196672,0.13013112599236756,0.13013112599236756,0.13013112599236756,0.13143896555144177
mistral:7b,CAO5844,B,B,0.98,"{""V"": 0.01, ""B"": 0.98, ""E"": 0.0, ""P"": 0.0, ""R"": 0.0, ""S"": 0.01}",0.74,Military Forces of Cameroon (1982-),"On 25 January 2022, the military intercepted Ambazonian separatists and engaged in fire fights with them in Bamenyam town, Penka-Michel subdivision (Menoua, Ouest). At least one soldier was killed and several others injured.",0.7314814814814815,0.98,0.13143896555144177,0.3467286909196672,0.13013112599236756,0.13013112599236756,0.13013112599236756,0.13143896555144177
mistral:7b,CAO9976,S,E,0.98,"{""V"": 0.01, ""B"": 0.01, ""E"": 0.97, ""P"": 0.0, ""R"": 0.0, ""S"": 0.01}",0.78,Military Forces of Cameroon (1982-),"Defusal: On 1 October 2021, state forces, coded as military, defused an IED planted by Ambazonian Separatists in Oku (Bui, Nord-Ouest).",0.7314814814814815,0.98,0.13172113442422878,0.13172113442422878,0.3440156222510507,0.1304104872379595,0.1304104872379595,0.13172113442422878
mistral:7b,CAO12429,B,B,0.98,"{""V"": 0.01, ""B"": 0.98, ""E"": 0.0, ""P"": 0.0, ""R"": 0.0, ""S"": 0.01}",0.78,Ambazonian Separatists (Cameroon),"On 28 July 2023, Ambazonian Separatists exchanged fire with other Ambazonian Separatists in Bali (Mezam, Nord-Ouest) in a dispute over money extorted from civilians. Two Ambazonian Separatists were killed and their bodies were abandoned in the forest.",0.7314814814814815,0.98,0.13143896555144177,0.3467286909196672,0.13013112599236756,0.13013112599236756,0.13013112599236756,0.13143896555144177
mistral:7b,CAO12201,S,R,0.92,"{""V"": 0.03, ""B"": 0.01, ""E"": 0.01, ""P"": 0.01, ""R"": 0.92, ""S"": 0.02}",0.72,Ambazonian Separatists (Cameroon),"Other: On 11 August 2023, Ambazonian Separatists fired gunshots in the air and rounded up civilians in Ikiliwindi Mile 10 (Meme, Sud-Ouest). They accused the population of collaborating with state security forces and threatened to kill anyone who collaborated with them.",0.49624060150375937,0.92,0.13576302988414168,0.13307474177654105,0.13307474177654105,0.13307474177654105,0.33060057961982675,0.13441216516607782
mistral:7b,CAO6363,B,B,0.98,"{""V"": 0.01, ""B"": 0.98, ""E"": 0.0, ""P"": 0.0, ""R"": 0.0, ""S"": 0.01}",0.73,Military Forces of Cameroon (1982-),"Around 7 August 2022, the Cameroonian military forces clashed with Boko Haram (JAS) (likely) fighters in Mora (Mora, Mayo-Sava, Extreme-Nord) killing many. The military also recovered weapons including 2 Kalashnikov rifles.",0.7314814814814815,0.98,0.13143896555144177,0.3467286909196672,0.13013112599236756,0.13013112599236756,0.13013112599236756,0.13143896555144177
mistral:7b,CAO7132,B,B,0.98,"{""V"": 0.01, ""B"": 0.98, ""E"": 0.0, ""P"": 0.0, ""R"": 0.0, ""S"": 0.01}",0.8,Islamic State West Africa Province (ISWAP) and/or Boko Haram - Jamaatu Ahli is-Sunnah lid-Dawati wal-Jihad,"Around 5 March 2023, suspected ISWAP or Boko Haram fighters clashed with the Cameroonian military forces in Marouare, coded to Ngaoundere (Ngaoundere 1, Vina, Adamaoua). 2 fighters were killed while 2 civilians were wounded.",0.7314814814814815,0.98,0.13143896555144177,0.3467286909196672,0.13013112599236756,0.13013112599236756,0.13013112599236756,0.13143896555144177
mistral:7b,CAO4190,V,V,0.92,"{""V"": 0.92, ""B"": 0.03, ""E"": 0.01, ""P"": 0.01, ""R"": 0.02, ""S"": 0.01}",0.72,Ambazonian Separatists (Cameroon),"On 4 January 2021, Ambazonian separatists burnt a transport truck, killed the driver and reportedly injured his assistant in Ewili village, around Buea (Fako, Sud-Ouest). They accused the victims of not respecting their stop order.",0.49624060150375937,0.92,0.33060057961982675,0.13576302988414168,0.13307474177654105,0.13307474177654105,0.13441216516607782,0.13307474177654105
mistral:7b,CAO13670,V,R,0.82,"{""V"": 0.1, ""B"": 0.05, ""E"": 0.03, ""P"": 0.01, ""R"": 0.82, ""S"": 0.0}",0.79,Military Forces of Cameroon (1982-) Rapid Intervention Battalion,"On 15 April 2024, state security forces, coded as the military forces from the Rapid Intervention, beat and arrested 2 civilian from the road in Bonganjo (Buea, Fako, Sud-Ouest). There were no fatalities.",0.09999999999999999,0.8200000000000001,0.14799850393681027,0.14078053172677868,0.13799289042600804,0.13526044812133753,0.30405304161339314,0.1339145841753682
mistral:7b,CAO8729,V,R,0.87,"{""V"": 0.05, ""B"": 0.02, ""E"": 0.01, ""P"": 0.06, ""R"": 0.87, ""S"": 0.09}",0.79,Ambazonian Separatists (Cameroon),"On 10 February 2024, Ambazonian Separatists from the Fako Mountain Lions faction fired several shots as a warning to enforce the Separatist-imposed lockdown in Bokova (Buea, Fako, Sud-Ouest) against the Youth Day celebration. There were no fatalities.",0.17699115044247785,0.8700000000000001,0.13788166806229535,0.13380664892927252,0.13247525052695955,0.1392674018641652,0.31306030493413867,0.1435087256828555
mistral:7b,CAO10745,B,E,0.98,"{""V"": 0.01, ""B"": 0.02, ""E"": 0.95, ""P"": 0.01, ""R"": 0.01, ""S"": 0.0}",0.79,Ambazonian Separatists (Cameroon),"On 2 June 2023, Ambazonian Separatists detonated an IED targeting a state security forces convoy (coded as military) in Bufi (Menchum, Nord-Ouest). The explosion missed the target, but the soldiers stopped and fired gunshots in the area which caused civilians to flee.",0.7314814814814815,0.98,0.1322737077229026,0.13360308058636017,0.33861823390414764,0.1322737077229026,0.1322737077229026,0.13095756234044575
mistral:7b,CAO2881,V,V,0.98,"{""V"": 0.98, ""B"": 0.01, ""E"": 0.0, ""P"": 0.0, ""R"": 0.0, ""S"": 0.01}",0.79,Military Forces of Cameroon (1982-),"On 23 January 2020, the military forces attacked the villages of Bekora Barombi, Ndoh, Njima, Mokono Barombi and Mberenge, in Ekondo Titi subdivision (Ndian, Sud-Ouest). They reportedly killed at least 14 civilians, and injured at least 3 people including a humanitarian worker and two beneficiaries of a humanitarian project.",0.7314814814814815,0.98,0.3467286909196672,0.13143896555144177,0.13013112599236756,0.13013112599236756,0.13013112599236756,0.13143896555144177
mistral:7b,CAO12755,R,R,0.95,"{""V"": 0.01, ""B"": 0.02, ""E"": 0.01, ""P"": 0.0, ""R"": 0.95, ""S"": 0.01}",0.71,Rioters (Cameroon),"On 4 April 2022, residents killed 1 Ambazonian Separatist fighter in Mbengwi (Mbengwi, Momo, Nord-Ouest) because of the atrocities committed by the separatists in their community.",0.5384615384615405,0.9499999999999998,0.1322737077229026,0.13360308058636017,0.1322737077229026,0.13095756234044575,0.33861823390414764,0.1322737077229026
mistral:7b,CAO11779,V,V,0.92,"{""V"": 0.92, ""B"": 0.03, ""E"": 0.01, ""P"": 0.01, ""R"": 0.02, ""S"": 0.01}",0.78,Military Forces of Cameroon (1982-),"On 14 May 2022, state security forces, coded as military, killed a female civilian in Tobin (Bui, Nord-Ouest). The women who approached the military base and was mistaken to be an intruder.",0.49624060150375937,0.92,0.33060057961982675,0.13576302988414168,0.13307474177654105,0.13307474177654105,0.13441216516607782,0.13307474177654105
mistral:7b,CAO10497,V,V,0.92,"{""V"": 0.92, ""B"": 0.03, ""E"": 0.01, ""P"": 0.01, ""R"": 0.02, ""S"": 0.01}",0.72,Military Forces of Cameroon (1982-),"On 16 March 2023, state security forces (coded as military) fired shots at a vehicle, injuring some civilians, at a vehicular checkpoint in Ntarinkon (Bamenda - Mankon, Mezam, Nord-Ouest) after the driver failed to stop.",0.49624060150375937,0.92,0.33060057961982675,0.13576302988414168,0.13307474177654105,0.13307474177654105,0.13441216516607782,0.13307474177654105
mistral:7b,CAO5725,V,V,0.98,"{""V"": 0.98, ""B"": 0.01, ""E"": 0.0, ""P"": 0.0, ""R"": 0.0, ""S"": 0.01}",0.78,Military Forces of Cameroon (1982-),"On 27 October 2021, the military forces alongside Fulani militiamen attacked and killed a 15 year old boy in Ngarbuh village, near Ntamruh, Ndu subdivision (Donga-Mantung, Nord-Ouest). He was accused of collaborating with Ambazonian separatists fighters.",0.7314814814814815,0.98,0.3467286909196672,0.13143896555144177,0.13013112599236756,0.13013112599236756,0.13013112599236756,0.13143896555144177
mistral:7b,CAO6214,S,E,0.98,"{""V"": 0.01, ""B"": 0.02, ""E"": 0.95, ""P"": 0.0, ""R"": 0.0, ""S"": 0.02}",0.74,Boko Haram - Jamaatu Ahli is-Sunnah lid-Dawati wal-Jihad,"Property destruction: Around 20 June 2022, Boko Haram (JAS) (likely) burnt houses and looted items in Djakana village, around Limani (Limani, Mayo-Sava, Extreme-Nord), including 4 bicycles.",0.7314814814814815,0.98,0.13227195809808992,0.1336013133775258,0.3386137548971382,0.13095583012469084,0.13095583012469084,0.1336013133775258
mistral:7b,CAO12645,B,B,0.98,"{""V"": 0.01, ""B"": 0.98, ""E"": 0.0, ""P"": 0.0, ""R"": 0.0, ""S"": 0.01}",0.78,Military Forces of Cameroon (1982-),"On 15 January 2022, Ambazonian separatists and the military engaged in an armed clash at Total gas station in Bamunka near Bamenda (Bamenda 1, Mezam, Nord-Ouest). Three civilians were killed in the crossfire.",0.7314814814814815,0.98,0.13143896555144177,0.3467286909196672,0.13013112599236756,0.13013112599236756,0.13013112599236756,0.13143896555144177
mistral:7b,CAO3193,B,B,0.98,"{""V"": 0.01, ""B"": 0.98, ""E"": 0.0, ""P"": 0.0, ""R"": 0.0, ""S"": 0.01}",0.73,Military Forces of Cameroon (1982-) Rapid Intervention Battalion,"On 18 April 2020, the military's rapid intervention battalion engaged in a fire fight with Ambazonian separatists in Oku village, Belo subdivision (Boyo, Nord-Ouest). Some separatists were killed. Some fatalities coded as 3.",0.7314814814814815,0.98,0.13143896555144177,0.3467286909196672,0.13013112599236756,0.13013112599236756,0.13013112599236756,0.13143896555144177
mistral:7b,CAO3287,V,E,0.98,"{""V"": 0.01, ""B"": 0.01, ""E"": 0.97, ""P"": 0.0, ""R"": 0.0, ""S"": 0.01}",0.79,Islamic State West Africa Province (ISWAP) - Lake Chad Faction and/or Boko Haram - Jamaatu Ahli is-Sunnah lid-Dawati wal-Jihad,"On 18 May 2020, Boko Haram attacked the village of Tolkomari, Kolofata subdivision (Mayo-Sava, Extreme-Nord). No fatality and/or casualty reported.",0.7314814814814815,0.98,0.13172113442422878,0.13172113442422878,0.3440156222510507,0.1304104872379595,0.1304104872379595,0.13172113442422878
mistral:7b,CAO8924,B,B,0.98,"{""V"": 0.01, ""B"": 0.98, ""E"": 0.0, ""P"": 0.0, ""R"": 0.0, ""S"": 0.01}",0.78,Military Forces of Cameroon (1982-),"On 29 May 2022, the military forces in a joint operation with the self-defense militia (COVI) ambushed Ambazonian Separatist fighter at a checkpoint in Ngarum (Ndu, Donga-Mantung, Nord-Ouest). 1 separatist was killed.",0.7314814814814815,0.98,0.13143896555144177,0.3467286909196672,0.13013112599236756,0.13013112599236756,0.13013112599236756,0.13143896555144177
mistral:7b,CAO2836,V,V,0.92,"{""V"": 0.92, ""B"": 0.05, ""E"": 0.01, ""P"": 0.01, ""R"": 0.01, ""S"": 0.0}",0.77,Military Forces of Cameroon (1982-),"On 13 January 2020, the military forces attacked Kumbo town, in Jakiri subdivision (Bui, Nord-Ouest). They reportedly killed one person, and burnt over 8 houses in several areas of the town.",0.49624060150375937,0.92,0.3305737846523766,0.13849439922076856,0.13306395615306016,0.13306395615306016,0.13306395615306016,0.1317399476673438
mistral:7b,CAO10508,B,B,0.98,"{""V"": 0.01, ""B"": 0.98, ""E"": 0.0, ""P"": 0.0, ""R"": 0.0, ""S"": 0.01}",0.73,Military Forces of Cameroon (1982-),"On 14 March 2023, the state security forces, coded as military, shot and killed 3 Ambazonian Separatists at the Ndekwai - Ntenako road axis, coded to Ntenaku (Mamfe, Manyu, Sud-Ouest).",0.7314814814814815,0.98,0.13143896555144177,0.3467286909196672,0.13013112599236756,0.13013112599236756,0.13013112599236756,0.13143896555144177
mistral:7b,CAO3184,B,B,0.98,"{""V"": 0.01, ""B"": 0.98, ""E"": 0.0, ""P"": 0.0, ""R"": 0.0, ""S"": 0.01}",0.74,Ambazonian Separatists (Cameroon),"On 15 April 2020, Ambazonian separatists engaged in fire fights with military forces in Bafut town, Bamenda subdivision (Mezam, Nord-Ouest). No fatality and/or casualty reported.",0.7314814814814815,0.98,0.13143896555144177,0.3467286909196672,0.13013112599236756,0.13013112599236756,0.13013112599236756,0.13143896555144177
mistral:7b,CAO5032,B,S,0.92,"{""V"": 0.03, ""B"": 0.05, ""E"": 0.01, ""P"": 0.01, ""R"": 0.01, ""S"": 0.9}",0.71,Military Forces of Cameroon (1982-),"On 10 February 2021, the military forces repelled an incursion of Ambazonian separatists in Meanja water tank neighborhood of Muyuka town (Fako, Sud-Ouest). No fatality and/or casualty reported.",0.49624060150375937,0.92,0.1360968578156484,0.13884619671695533,0.13340195947211667,0.13340195947211667,0.13340195947211667,0.3248510670507214
mistral:7b,CAO5789,S,S,0.92,"{""V"": 0.03, ""B"": 0.01, ""E"": 0.02, ""P"": 0.01, ""R"": 0.02, ""S"": 0.92}",0.78,Military Forces of Cameroon (1982-),"Around 21 December 2021 (as reported), the security forces (assumedly Military Forces) arrested at least 30 people including 7 Chadians and seized machetes, knives and spears during a security operation in Kousseri town (Logone-et-Chari, Extreme-Nord). The aim was to restore peace in the city in the context of tensions between the Musgum and Arab Shoa communities.",0.49624060150375937,0.92,0.13558169974770595,0.13289700221737621,0.1342326392946459,0.13289700221737621,0.1342326392946459,0.3301590172279197
mistral:7b,CAO13094,V,V,0.92,"{""V"": 0.92, ""B"": 0.04, ""E"": 0.01, ""P"": 0.01, ""R"": 0.01, ""S"": 0.01}",0.78,Ambazonian Separatists (Cameroon),"On 19 March 2024, Ambazonian Separatists from the Restoration Forces faction shot and injured a civilian in his private residence in Bole (Kumba 1, Meme, Sud-Ouest). They accused the man of collaborating with the military forces.",0.49624060150375937,0.92,0.3305916477791031,0.13712376624342817,0.1330711464942846,0.1330711464942846,0.1330711464942846,0.1330711464942846
mistral:7b,CAO2871,B,B,0.98,"{""V"": 0.01, ""B"": 0.98, ""E"": 0.0, ""P"": 0.0, ""R"": 0.0, ""S"": 0.01}",0.73,Military Forces of Cameroon (1982-),"On 21 January 2020, the military forces attacked an Ambazonian separatists' camp in Kossala village, Kumba subdivision (Ndian, Sud-Ouest) [coded: Kumba], killing two Ambazonian separatists. The military also rescued 23 children hostages.",0.7314814814814815,0.98,0.13143896555144177,0.3467286909196672,0.13013112599236756,0.13013112599236756,0.13013112599236756,0.13143896555144177
mistral:7b,CAO11284,V,R,0.82,"{""V"": 0.15, ""B"": 0.03, ""E"": 0.02, ""P"": 0.01, ""R"": 0.82, ""S"": 0.07}",0.78,Ambazonian Separatists (Cameroon),"On 15 December 2023, Ambazonian Separatists temporally detained a civilian masked in a traditional masquerade outfit at an illegal vehicle checkpoint for two hours alongside some motorcycle riders in Ngwa (Bangangte, Nde, Ouest). They were accused of not having paid a stipulated sum of money motorcycle riders pay before plying the road.",0.09999999999999999,0.8200000000000001,0.15356907341822493,0.13620354966234127,0.13484830169924752,0.13350653867869766,0.3001104145693757,0.1417621219718128
mistral:7b,CAO3310,V,V,0.92,"{""V"": 0.92, ""B"": 0.04, ""E"": 0.01, ""P"": 0.01, ""R"": 0.01, ""S"": 0.01}",0.77,Military Forces of Cameroon (1982-),"On 28 May 2020, military forces killed four people suspected to be armed bandits in Bonduma neighbourhood of Buea town (Fako, Sud-Ouest). Residents say the victims were not armed.",0.49624060150375937,0.92,0.3305916477791031,0.13712376624342817,0.1330711464942846,0.1330711464942846,0.1330711464942846,0.1330711464942846
mistral:7b,CAO12582,S,E,0.98,"{""V"": 0.01, ""B"": 0.01, ""E"": 0.96, ""P"": 0.01, ""R"": 0.01, ""S"": 0.0}",0.72,Ambazonian Separatists (Cameroon),"Other: On 20 May 2022, Ambazonian Separatists fired warning shots for about 30 minutes in Alabukam near Nlabakam (Bamenda - Mankon, Mezam, Nord-Ouest) to enforce the lockdown for 20 May.",0.7314814814814815,0.98,0.13199996659279858,0.13199996659279858,0.3413135886483683,0.13199996659279858,0.13199996659279858,0.130686544980096
mistral:7b,CAO12898,V,V,0.92,"{""V"": 0.92, ""B"": 0.04, ""E"": 0.01, ""P"": 0.01, ""R"": 0.01, ""S"": 0.01}",0.74,Military Forces of Cameroon (1982-),"On 14 February 2024, security forces, coded as the military shot and killed a traditional doctor at his residence in Bessom, coded to Batibo (Batibo, Momo, Nord-Ouest) during a cordon and search operation. They accused the victim of providing fortification charms to Ambazonian Separatists.",0.49624060150375937,0.92,0.3305916477791031,0.13712376624342817,0.1330711464942846,0.1330711464942846,0.1330711464942846,0.1330711464942846
mistral:7b,CAO13115,B,B,0.98,"{""V"": 0.01, ""B"": 0.98, ""E"": 0.0, ""P"": 0.0, ""R"": 0.0, ""S"": 0.01}",0.79,Ambazonian Separatists (Cameroon),"On 20 March 2024, Ambazonian Separatists from the Restoration Forces faction clashed with the military forces from the Rapid Intervention in Bombe Bakundu (Kumba 3, Meme, Sud-Ouest) during an operation to dislodge Separatists hideouts. 1 Separatist was killed. The military forces recovered a weapon.",0.7314814814814815,0.98,0.13143896555144177,0.3467286909196672,0.13013112599236756,0.13013112599236756,0.13013112599236756,0.13143896555144177
mistral:7b,CAO11938,B,B,0.98,"{""V"": 0.01, ""B"": 0.98, ""E"": 0.0, ""P"": 0.0, ""R"": 0.0, ""S"": 0.01}",0.78,Military Forces of Cameroon (1982-) Gendarmerie,"On 10 October 2023, Gendarmerie forces, clashed with Ambazonian Separatists at an illegal Separatist checkpoint in Bamessing (Tubah, Mezam, Nord-Ouest) as Separatists were looting money from commercial vehicles. Casualties unknown. No information on the injuries. The military forces seized 2 motorbikes.",0.7314814814814815,0.98,0.13143896555144177,0.3467286909196672,0.13013112599236756,0.13013112599236756,0.13013112599236756,0.13143896555144177
mistral:7b,CAO13051,S,E,0.98,"{""V"": 0.01, ""B"": 0.02, ""E"": 0.95, ""P"": 0.01, ""R"": 0.01, ""S"": 0.0}",0.72,Boko Haram - Jamaatu Ahli is-Sunnah lid-Dawati wal-Jihad,"Property destruction: Around 3 April 2024 (as reported), suspected ISWAP or Boko Haram militants removed sheet metal Roofs of schools and professional training buildings in Tchahack (Chahack) (Darak, Logone-et-Chari, Extreme-Nord).",0.7314814814814815,0.98,0.1322737077229026,0.13360308058636017,0.33861823390414764,0.1322737077229026,0.1322737077229026,0.13095756234044575
mistral:7b,CAO11684,V,B,0.98,"{""V"": 0.01, ""B"": 0.98, ""E"": 0.0, ""P"": 0.0, ""R"": 0.0, ""S"": 0.01}",0.78,Ambazonian Separatists (Cameroon),"On 26 June 2023, Ambazonian Separatists from the Restoration Forces shot and killed two members of the state security forces (coded as military) in Konye (Meme, Sud-Ouest). The soldiers had been previously abducted by the Separatists on 25 June 2023 (coded separately).",0.7314814814814815,0.98,0.13143896555144177,0.3467286909196672,0.13013112599236756,0.13013112599236756,0.13013112599236756,0.13143896555144177
mistral:7b,CAO14510,V,E,0.98,"{""V"": 0.01, ""B"": 0.02, ""E"": 0.95, ""P"": 0.0, ""R"": 0.0, ""S"": 0.02}",0.75,Boko Haram - Jamaatu Ahli is-Sunnah lid-Dawati wal-Jihad,"On 20 August 2024, Boko Haram (JAS) (likely) militants abducted 2 farmers from their fields in Alagarno (Kolofata, Mayo-Sava, Extreme-Nord). They were later released for an unknown reason.",0.7314814814814815,0.98,0.13227195809808992,0.1336013133775258,0.3386137548971382,0.13095583012469084,0.13095583012469084,0.1336013133775258
mistral:7b,CAO13082,B,B,0.98,"{""V"": 0.01, ""B"": 0.98, ""E"": 0.0, ""P"": 0.0, ""R"": 0.0, ""S"": 0.01}",0.78,Military Forces of Cameroon (1982-),"On 21 February 2024, the state security forces, coded as the military forces ambushed and clashed with the Ambazonian Separatists restoration forces along Buea - Kumba main road, coded to Kumba (Kumba 1, Meme, Sud-Ouest). A driver of a public transport vehicle was hit and killed by a stray bullet. No information on the injuries.",0.7314814814814815,0.98,0.13143896555144177,0.3467286909196672,0.13013112599236756,0.13013112599236756,0.13013112599236756,0.13143896555144177
mistral:7b,CAO5627,B,B,0.98,"{""V"": 0.01, ""B"": 0.98, ""E"": 0.0, ""P"": 0.0, ""R"": 0.0, ""S"": 0.01}",0.78,Military Forces of Cameroon (1982-),"Around 24 October 2021 (as reported), the military forces opened fire on BNL fighters who were erecting barricades in Cameroon-Nigeria border area in Bakassi Peninsula, Kombo Abedimo subdivision (Ndian, Sud-Ouest). 2 BNL fighters were killed.",0.7314814814814815,0.98,0.13143896555144177,0.3467286909196672,0.13013112599236756,0.13013112599236756,0.13013112599236756,0.13143896555144177
mistral:7b,CAO8784,B,E,0.98,"{""V"": 0.01, ""B"": 0.02, ""E"": 0.95, ""P"": 0.0, ""R"": 0.0, ""S"": 0.02}",0.73,Ambazonian Separatists (Cameroon),"On 10 May 2022, suspected Ambazonian Separatist fighters detonated a remote controlled IED targeting traveling military along the Bamenda-Belo road road, coded to Bamenda (Bamenda 1, Mezam, Nord-Ouest). 1 separatist was killed during clashes that followed the detonation. 2 civlians were also killed by stray bullets.",0.7314814814814815,0.98,0.13227195809808992,0.1336013133775258,0.3386137548971382,0.13095583012469084,0.13095583012469084,0.1336013133775258
mistral:7b,CAO4808,B,B,0.98,"{""V"": 0.01, ""B"": 0.98, ""E"": 0.0, ""P"": 0.0, ""R"": 0.0, ""S"": 0.01}",0.78,Military Forces of Cameroon (1982-),"Around 16 October 2020 (week of), the military forces engaged in fire fights with Ambazonian separatists in Bamessing village, Ndop subdivision (Mezam, Nord-Ouest), resulting in 3 people getting killed.",0.7314814814814815,0.98,0.13143896555144177,0.3467286909196672,0.13013112599236756,0.13013112599236756,0.13013112599236756,0.13143896555144177
mistral:7b,CAO14672,S,R,0.92,"{""V"": 0.03, ""B"": 0.01, ""E"": 0.02, ""P"": 0.02, ""R"": 0.92, ""S"": 0.02}",0.78,Ambazonian Separatists (Cameroon),"Looting: On 3 July 2024, Ambazonian Separatists from the Restoration Forces faction extorted money, coded as looting, from civilians at an illegal checkpoint on the main road in Bamessing (Tubah, Mezam, Nord-Ouest).",0.49624060150375937,0.92,0.13540085334768082,0.13271973681599927,0.13405359234636688,0.13405359234636688,0.32971863279688945,0.13405359234636688
mistral:7b,CAO12986,P,R,0.92,"{""V"": 0.03, ""B"": 0.01, ""E"": 0.01, ""P"": 0.87, ""R"": 0.06, ""S"": 0.02}",0.78,Protesters (Cameroon),"On 17 April 2024, people protested in front of the Town Hall in Yaounde (Yaounde 1, Mfoundi, Centre) after the municipal police officers attempted to arrest a civilian who had refused to pay them money causing an accident that killed 2 civilians. The protesters voiced their growing concern about the actions of the police officers.",0.49624060150375937,0.92,0.13703757423920662,0.1343240484624463,0.1343240484624463,0.3174293115458854,0.14121098969678209,0.13567402759291577
mistral:7b,CAO11562,B,B,0.98,"{""V"": 0.01, ""B"": 0.98, ""E"": 0.0, ""P"": 0.0, ""R"": 0.0, ""S"": 0.01}",0.79,Military Forces of Cameroon (1982-),"On 16 June 2023, government forces, coded as military, clashed with Ambazonian Separatists in Kedjem Keku (Tubah, Mezam, Nord-Ouest), leading to the killing of at least 13 civilians and 3 Ambazonian separatists.",0.7314814814814815,0.98,0.13143896555144177,0.3467286909196672,0.13013112599236756,0.13013112599236756,0.13013112599236756,0.13143896555144177
mistral:7b,CAO14799,V,V,0.98,"{""V"": 0.98, ""B"": 0.01, ""E"": 0.0, ""P"": 0.0, ""R"": 0.0, ""S"": 0.01}",0.78,Ambazonian Separatists (Cameroon),"On 12 July 2024, Ambazonian Separatists from the Bui Unity Warriors faction shot and killed 1 civilian in Jakiri (Jakiri, Bui, Nord-Ouest) after the Separatists had taken him out of his private residence. They accused him of collaborating with the security forces.",0.7314814814814815,0.98,0.3467286909196672,0.13143896555144177,0.13013112599236756,0.13013112599236756,0.13013112599236756,0.13143896555144177
mistral:7b,CAO4310,S,E,0.99,"{""V"": 0.01, ""B"": 0.01, ""E"": 0.87, ""P"": 0.01, ""R"": 0.01, ""S"": 0.09}",0.77,Police Forces of Cameroon (1982-),"Defusal: On 27 January 2021, the police forces retrieved and defused an IED planted by unidentified men in Bamenda town (Mezam, Nord-Ouest). No fatality and/or casualty reported.",0.7314814814814815,0.99,0.13429221986702802,0.13429221986702802,0.31735409546025706,0.13429221986702802,0.13429221986702802,0.14547702507131358
mistral:7b,CAO10471,V,R,0.87,"{""V"": 0.05, ""B"": 0.12, ""E"": 0.01, ""P"": 0.03, ""R"": 0.87, ""S"": 0.02}",0.79,Military Forces of Cameroon (1982-),"On 22 March 2023, state security forces, coded as military forces, beat up civilians and broke into homes where they looted properties in Ngomgham Mankon, coded to Ntarinkon (Bamenda - Mankon, Mezam, Nord-Ouest). They also harrassed civilians, the attack was after separatists attacked their position in the area and engaged them in an armed clash (coded separately). No information on injuries.",0.17699115044247785,0.8700000000000001,0.13784658368026928,0.14784158875503275,0.1324415418232297,0.13511703844326858,0.31298064585044855,0.133772601447438
mistral:7b,CAO11896,B,B,0.98,"{""V"": 0.01, ""B"": 0.98, ""E"": 0.0, ""P"": 0.0, ""R"": 0.0, ""S"": 0.01}",0.78,Military Forces of Cameroon (1982-),"On 28 September 2023, state forces, coded as military, exchanged fire with Ambazonian Separatists in Benade (Menchum, Nord-Ouest) during an operation to dislodge the Ambazonian Separatists. Four civilians, including the traditional chief of Banum village, were killed caught by stray bullets.",0.7314814814814815,0.98,0.13143896555144177,0.3467286909196672,0.13013112599236756,0.13013112599236756,0.13013112599236756,0.13143896555144177
mistral:7b,CAO11447,S,S,0.87,"{""V"": 0.05, ""B"": 0.12, ""E"": 0.03, ""P"": 0.01, ""R"": 0.04, ""S"": 0.75}",0.71,Military Forces of Cameroon (1982-),"Other: On 4 July 2023, state security forces, coded as military forces, on vehicular patrol shot into the air at the cattle market in Lassin (Bui, Nord-Ouest) to prevent an attack by Ambazonian Separatists after they tipped off that a separatists camp opened in the area.",0.17699115044247785,0.8700000000000001,0.142504975706834,0.15283775231501281,0.13968318812745006,0.13691727568578446,0.1410870275069802,0.2869697806576514
mistral:7b,CAO3261,V,E,0.98,"{""V"": 0.01, ""B"": 0.02, ""E"": 0.95, ""P"": 0.0, ""R"": 0.0, ""S"": 0.02}",0.73,Ambazonian Separatists (Cameroon),"On 10 May 2020, suspected Ambazonian separatists killed one person in Bakebe village, Mamfe subdivision (Manyu, Sud-Ouest).",0.7314814814814815,0.98,0.13227195809808992,0.1336013133775258,0.3386137548971382,0.13095583012469084,0.13095583012469084,0.1336013133775258
mistral:7b,CAO11281,V,R,0.82,"{""V"": 0.15, ""B"": 0.03, ""E"": 0.01, ""P"": 0.02, ""R"": 0.82, ""S"": 0.07}",0.78,Ambazonian Separatists (Cameroon),"On 24 November 2023, the Ambazonian Restoration Forces abducted a builder from a public transport vehicle at a vehicle checkpoint in Nguti (Nguti, Kupe-Manenguba, Sud-Ouest).",0.09999999999999999,0.8200000000000001,0.15356907341822493,0.13620354966234127,0.13350653867869766,0.13484830169924752,0.3001104145693757,0.1417621219718128
mistral:7b,CAO11825,V,R,0.87,"{""V"": 0.02, ""B"": 0.01, ""E"": 0.03, ""P"": 0.87, ""R"": 0.06, ""S"": 0.01}",0.72,Ambazonian Separatists (Cameroon),"On 3 July 2022, Ambazonian Separatists abducted two workers of a government-owned agro-industrial company, (PAMOL) in Mabonji (Meme, Sud-Ouest).",0.17699115044247785,0.8700000000000001,0.13567402759291583,0.13432404846244633,0.13703757423920665,0.3174293115458855,0.14121098969678214,0.13432404846244633
mistral:7b,CAO12114,V,V,0.98,"{""V"": 0.98, ""B"": 0.01, ""E"": 0.0, ""P"": 0.0, ""R"": 0.0, ""S"": 0.01}",0.78,Ambazonian Separatists (Cameroon),"On 15 August 2023, Ambazonian Separatists shot and killed a woman in Akwaya (Manyu, Sud-Ouest). They also abducted four civilians from a home for unknown reasons. No additional information.",0.7314814814814815,0.98,0.3467286909196672,0.13143896555144177,0.13013112599236756,0.13013112599236756,0.13013112599236756,0.13143896555144177
mistral:7b,CAO15247,S,R,0.87,"{""V"": 0.05, ""B"": 0.02, ""E"": 0.01, ""P"": 0.03, ""R"": 0.87, ""S"": 0.02}",0.78,Military Forces of Cameroon (1982-) Gendarmerie,"Looting: On 10 August 2024, gendarmerie forces broke into 8 civilian private residences and looted an unspecified amount of money and valuables in Bamunka (Ndop, Ngo-Ketunjia, Nord-Ouest) during an operation to dislodge Ambazonian Separatists from their hideouts.",0.17699115044247785,0.8700000000000001,0.1398136197215608,0.1356815027880383,0.1343314492781346,0.1370451245612891,0.31744680086262134,0.1356815027880383
mistral:7b,CAO6111,V,V,0.92,"{""V"": 0.92, ""B"": 0.05, ""E"": 0.01, ""P"": 0.01, ""R"": 0.01, ""S"": 0.0}",0.77,Military Forces of Cameroon (1982-),"Around 24 May 2022, the Cameroonian military shot randomly in Mbve area of Kumbo (Kumbo, Bui, Nord-Ouest). The bullets went through some houses.",0.49624060150375937,0.92,0.3305737846523766,0.13849439922076856,0.13306395615306016,0.13306395615306016,0.13306395615306016,0.1317399476673438
mistral:7b,CAO13590,S,E,0.98,"{""V"": 0.01, ""B"": 0.01, ""E"": 0.96, ""P"": 0.01, ""R"": 0.01, ""S"": 0.0}",0.8,Military Forces of Cameroon (1982-) Gendarmerie,"Defusal: On 19 April 2024, gendarmerie forces recovered an IED planted by an Ambazonian Separatist at the Market in Great Soppo (Buea, Fako, Sud-Ouest). The were no fatalities. The Separatist had attempted to detonate the IED on a minister's convoy but nearby civilians alerted the gendarmerie forces and he was arrested.",0.7314814814814815,0.98,0.13199996659279858,0.13199996659279858,0.3413135886483683,0.13199996659279858,0.13199996659279858,0.130686544980096
mistral:7b,CAO4947,S,S,0.87,"{""V"": 0.03, ""B"": 0.02, ""E"": 0.01, ""P"": 0.01, ""R"": 0.04, ""S"": 0.87}",0.74,Military Forces of Cameroon (1982-),"On 13 January 2021, a joint police and military forces operation was conducted in Mudeka village, Tiko subdivision (Fako, Sud-Ouest), resulting in 86 people getting arrested.",0.17699115044247785,0.8700000000000001,0.13742182833754837,0.13605445829909646,0.13470069381985356,0.13470069381985356,0.13880294067335258,0.31831938504997703
mistral:7b,CAO5487,V,R,0.92,"{""V"": 0.03, ""B"": 0.01, ""E"": 0.01, ""P"": 0.01, ""R"": 0.92, ""S"": 0.02}",0.72,Military Forces of Cameroon (1982-),"On 16 August 2021, the military forces tortured several civilians, and looted properties during a raid in Bamenda - Chomba village, Bamenda 2 subdivision (Mezam, Nord-Ouest).",0.49624060150375937,0.92,0.13576302988414168,0.13307474177654105,0.13307474177654105,0.13307474177654105,0.33060057961982675,0.13441216516607782
mistral:7b,CAO12450,V,V,0.92,"{""V"": 0.92, ""B"": 0.05, ""E"": 0.01, ""P"": 0.01, ""R"": 0.01, ""S"": 0.0}",0.8,Ambazonian Separatists (Cameroon),"On 26 July 2023, Ambazonian Separatists shot and killed a civilian in Mezam department, coded to Bamenda (Mezam, Nord-Ouest), after getting in an argument with him. They let another man go who was with the victim after seizing his phone and an unknown amount of money.",0.49624060150375937,0.92,0.3305737846523766,0.13849439922076856,0.13306395615306016,0.13306395615306016,0.13306395615306016,0.1317399476673438
mistral:7b,CAO10410,S,R,0.92,"{""V"": 0.03, ""B"": 0.01, ""E"": 0.01, ""P"": 0.01, ""R"": 0.92, ""S"": 0.02}",0.72,Military Forces of Cameroon (1982-),"Property destruction: On 7 April 2023, State security forces, coded as the military forces, set fire to 3 civilian houses in Aboh, coded to Fundong (Njinikom, Boyo, Nord-Ouest).",0.49624060150375937,0.92,0.13576302988414168,0.13307474177654105,0.13307474177654105,0.13307474177654105,0.33060057961982675,0.13441216516607782
mistral:7b,CAO6584,S,S,0.92,"{""V"": 0.03, ""B"": 0.04, ""E"": 0.01, ""P"": 0.01, ""R"": 0.02, ""S"": 0.92}",0.72,Military Forces of Cameroon (1982-),"On 25 September 2022, Cameroonian security forces arrested at least 60 people in Kourgui (Mora, Mayo-Sava, Extreme-Nord). 30 motorbikes without official documents were seized. The military were looking for armed group members.",0.49624060150375937,0.92,0.13521503993785586,0.13657397368152377,0.13253760275820622,0.13253760275820622,0.13386962781086129,0.3292661530530174
mistral:7b,CAO10587,B,B,0.98,"{""V"": 0.01, ""B"": 0.98, ""E"": 0.0, ""P"": 0.0, ""R"": 0.0, ""S"": 0.01}",0.78,Ambazonian Separatists (Cameroon),"On 7 May 2023, Ambazonian Separatists from the Bui Warriors, led by 'General Mad Dog,' engaged in an armed confrontation with state security forces (coded as military) in Njavnyuy, Kumbo commune, coded to Kumbo (Bui, Nord-Ouest). During the attack, the Separatists fired 2 rockets at the base. An unknown number of soldiers were injured.",0.7314814814814815,0.98,0.13143896555144177,0.3467286909196672,0.13013112599236756,0.13013112599236756,0.13013112599236756,0.13143896555144177
mistral:7b,CAO4741,V,V,0.92,"{""V"": 0.92, ""B"": 0.03, ""E"": 0.01, ""P"": 0.01, ""R"": 0.02, ""S"": 0.01}",0.72,Military Forces of Cameroon (1982-),"On 18 December 2020, the military forces raided Dyeny village, Mbonge subdivision (Meme, Sud-Ouest), resulting in 2 people getting injured and houses burnt down.",0.49624060150375937,0.92,0.33060057961982675,0.13576302988414168,0.13307474177654105,0.13307474177654105,0.13441216516607782,0.13307474177654105
mistral:7b,CAO6254,E,E,0.98,"{""V"": 0.01, ""B"": 0.01, ""E"": 0.96, ""P"": 0.01, ""R"": 0.01, ""S"": 0.0}",0.74,Unidentified Armed Group (Cameroon),"On 2 July 2022, an explosive device planted by an unidentified armed group exploded at Mokolo market in Yaounde (Yaounde 1, Mfoundi, Centre) leading to 4 injured, including 2 severely. No fatalities.",0.7314814814814815,0.98,0.13199996659279858,0.13199996659279858,0.3413135886483683,0.13199996659279858,0.13199996659279858,0.130686544980096
mistral:7b,CAO11395,B,E,0.98,"{""V"": 0.01, ""B"": 0.02, ""E"": 0.95, ""P"": 0.01, ""R"": 0.01, ""S"": 0.0}",0.78,Ambazonian Separatists (Cameroon),"On 2 January 2024, the Bui Unity Warriors attacked a military convoy on transit with a road planted IED in Wainamah (Jakiri, Bui, Nord-Ouest). This prompted military to fire repelling gunshots. Casualties unknown.",0.7314814814814815,0.98,0.1322737077229026,0.13360308058636017,0.33861823390414764,0.1322737077229026,0.1322737077229026,0.13095756234044575
mistral:7b,CAO8359,B,B,0.98,"{""V"": 0.01, ""B"": 0.98, ""E"": 0.0, ""P"": 0.0, ""R"": 0.0, ""S"": 0.01}",0.72,Military Forces of Cameroon (1982-) Rapid Intervention Battalion,"On 4 January 2024, the military forces killed 1 unidentified armed group member in Bourrha (Bourrha, Mayo-Tsanaga, Extreme-Nord). The member was known to abduct civilians. Food items, clothing, bladed weapons and other items were recovered.",0.7314814814814815,0.98,0.13143896555144177,0.3467286909196672,0.13013112599236756,0.13013112599236756,0.13013112599236756,0.13143896555144177
mistral:7b,CAO11563,V,R,0.98,"{""V"": 0.01, ""B"": 0.01, ""E"": 0.01, ""P"": 0.01, ""R"": 0.98, ""S"": 0.08}",0.77,Military Forces of Cameroon (1982-),"On 21 June 2023, government forces, coded as military, raped a 12-year-old girl in Atoini, coded to Njinikom (Boyo, Nord-Ouest). No further information is available.",0.7314814814814815,0.98,0.12969407200985753,0.12969407200985753,0.12969407200985753,0.12969407200985753,0.3421257586694821,0.13909795329074567
mistral:7b,CAO10080,V,R,0.78,"{""V"": 0.12, ""B"": 0.05, ""E"": 0.03, ""P"": 0.04, ""R"": 0.78, ""S"": 0.09}",0.79,Military Forces of Cameroon (1982-),"On 2 February 2023, the state security forces, coded as the military forces beat civilians in Matondo II (Konye, Meme, Sud-Ouest) for an unknown reason. Casualties unknown. The attack caused the displacement of some civilians.",0.09999999999999999,0.78,0.1498199339791598,0.13969118054088578,0.13692510983883066,0.13830123007072898,0.28987045980349685,0.14539208576660798
mistral:7b,CAO7398,V,B,0.98,"{""V"": 0.01, ""B"": 0.98, ""E"": 0.0, ""P"": 0.0, ""R"": 0.0, ""S"": 0.01}",0.78,Boko Haram - Jamaatu Ahli is-Sunnah lid-Dawati wal-Jihad,"On 18 June 2023, Boko Haram [JAS] militants attacked Gazla, coded to Mora (Mora, Mayo-Sava, Extreme-Nord). 2 were killed and 1 was wounded. The militants looted houses and stole food items.",0.7314814814814815,0.98,0.13143896555144177,0.3467286909196672,0.13013112599236756,0.13013112599236756,0.13013112599236756,0.13143896555144177
mistral:7b,CAO15321,S,R,0.98,"{""V"": 0.01, ""B"": 0.02, ""E"": 0.03, ""P"": 0.04, ""R"": 0.98, ""S"": 0.02}",0.72,Boko Haram - Jamaatu Ahli is-Sunnah lid-Dawati wal-Jihad,"Looting: On 12 October 2024, Boko Haram (JAS) (likely) militants looted 2 stores and nearly 20 houses in Ldoubam (Mokolo, Mayo-Tsanaga, Extreme-Nord).",0.7314814814814815,0.98,0.12972354786265278,0.13102729119342352,0.13234413736250336,0.13367421805560661,0.3422035143320481,0.13102729119342352
mistral:7b,CAO5584,B,B,0.98,"{""V"": 0.01, ""B"": 0.98, ""E"": 0.0, ""P"": 0.0, ""R"": 0.0, ""S"": 0.01}",0.78,Military Forces of Cameroon (1982-),"On 3 September 2021, military forces engaged in fire fight with Ambazonian separatists in Ekona town, Bangem subdivision (Kupe-Manenguba, Sud-Ouest).There were no fatalities.",0.7314814814814815,0.98,0.13143896555144177,0.3467286909196672,0.13013112599236756,0.13013112599236756,0.13013112599236756,0.13143896555144177
mistral:7b,CAO15173,B,B,0.98,"{""V"": 0.01, ""B"": 0.98, ""E"": 0.0, ""P"": 0.0, ""R"": 0.0, ""S"": 0.01}",0.78,Ambazonian Separatists (Cameroon),"On 8 August 2024, Ambazonian Separatists from the Restoration Forces faction clashed with the security forces, coded as the military forces in Big Ngwandi (Konye, Meme, Sud-Ouest). The Separatists detonated an IED that killed 2 soldiers and injured 6 others before clashing with security forces. The casualties on the Separatist side are unknown.",0.7314814814814815,0.98,0.13143896555144177,0.3467286909196672,0.13013112599236756,0.13013112599236756,0.13013112599236756,0.13143896555144177
mistral:7b,CAO5791,V,R,0.85,"{""V"": 0.1, ""B"": 0.05, ""E"": 0.02, ""P"": 0.02, ""R"": 0.85, ""S"": 0.06}",0.8,Ambazonian Separatists (Cameroon),"On 22 December 2021, suspected Ambazonian separatists opened fire on the house of the former Mayor of Mamfe town (Manyu, Sud-Ouest) before burning his house down. They accuse him of denouncing human rights violations allegedly committed by one separatist leader. There were no fatalities.",0.1,0.85,0.14544922311223504,0.1383555807951273,0.13426655542414107,0.13426655542414107,0.30791600774490224,0.13974607749914544
mistral:7b,CAO7007,V,V,0.98,"{""V"": 0.98, ""B"": 0.01, ""E"": 0.0, ""P"": 0.0, ""R"": 0.0, ""S"": 0.01}",0.78,Military Forces of Cameroon (1982-),"On 29 January 2023, suspected members of the Cameroonian military forces attacked traveling civilians on the Bamenda-Kumbo road, coded to Bamenda (Bamenda 1, Mezam, Nord-Ouest). 2 drivers were killed by the military. The victims were traveling to Jakiri when they were stopped by the soldiers.",0.7314814814814815,0.98,0.3467286909196672,0.13143896555144177,0.13013112599236756,0.13013112599236756,0.13013112599236756,0.13143896555144177
mistral:7b,CAO13016,E,E,0.98,"{""V"": 0.01, ""B"": 0.02, ""E"": 0.95, ""P"": 0.0, ""R"": 0.0, ""S"": 0.02}",0.72,Ambazonian Separatists (Cameroon),"On 23 February 2024, an IED planted by Ambazonian Separatists detonated on the military forces in Bamenda - Mankon (Bamenda 2, Mezam, Nord-Ouest). At least 6 soldiers were killed and their military vehicle was damaged.",0.7314814814814815,0.98,0.13227195809808992,0.1336013133775258,0.3386137548971382,0.13095583012469084,0.13095583012469084,0.1336013133775258
mistral:7b,CAO9923,V,V,0.92,"{""V"": 0.92, ""B"": 0.04, ""E"": 0.01, ""P"": 0.01, ""R"": 0.01, ""S"": 0.01}",0.77,Military Forces of Cameroon (1982-),"On 20 March 2021, state forces, coded as military, raided the village Bengang located in Batibo (Momo, Nord-Ouest).There was 1 civilian killed.",0.49624060150375937,0.92,0.3305916477791031,0.13712376624342817,0.1330711464942846,0.1330711464942846,0.1330711464942846,0.1330711464942846
mistral:7b,CAO3105,B,V,0.98,"{""V"": 0.98, ""B"": 0.01, ""E"": 0.0, ""P"": 0.0, ""R"": 0.0, ""S"": 0.01}",0.77,Ambazonian Separatists (Cameroon),"On 15 March 2020, the Ambazonian separatists killed a civilian when they targeted a soldier who he was transporting to his duty post in Mundemba town (Ndian, Sud-Ouest).",0.7314814814814815,0.98,0.3467286909196672,0.13143896555144177,0.13013112599236756,0.13013112599236756,0.13013112599236756,0.13143896555144177
mistral:7b,CAO12465,S,R,0.82,"{""V"": 0.15, ""B"": 0.03, ""E"": 0.01, ""P"": 0.01, ""R"": 0.82, ""S"": 0.08}",0.78,Military Forces of Cameroon (1982-),"Property destruction: On 24 July 2023, state security forces (coded as military) set ablaze the traditional house of a village in Belo commune, coded to Oku (Boyo, Nord-Ouest), which had been a secret shrine of 'Beng Aweh.' They also arrested some men, all, with the exception of two, were shortly released.",0.09999999999999999,0.8200000000000001,0.15355633285059767,0.13619224979253727,0.13349546256130726,0.13349546256130726,0.30008551647663245,0.14317497575731797
mistral:7b,CAO5869,B,B,0.98,"{""V"": 0.01, ""B"": 0.98, ""E"": 0.0, ""P"": 0.0, ""R"": 0.0, ""S"": 0.01}",0.79,Islamic State West Africa Province (ISWAP) - Lake Chad Faction,"Around 12 February 2022, ISWAP militants launched an attack targeting a military post of the Multinational Task force in Gasama (Logone-Birni, Logone-et-Chari), causing the killing of ten militants, injury of two soldiers, and the seizure of arms and ammunition.",0.7314814814814815,0.98,0.13143896555144177,0.3467286909196672,0.13013112599236756,0.13013112599236756,0.13013112599236756,0.13143896555144177
mistral:7b,CAO13677,V,R,0.9,"{""V"": 0.05, ""B"": 0.02, ""E"": 0.01, ""P"": 0.03, ""R"": 0.89, ""S"": 0.02}",0.78,Ambazonian Separatists (Cameroon),"On 16 April 2024, Ambazonian Separatists from the SOCADEF abducted 3 village elders and a traditional ruler from their private residences in Weme (Konye, Meme, Sud-Ouest). The Separatists accused the elders of installing a new traditional council in the village without notifying the Separatists.",0.17699115044247787,0.8999999999999999,0.13892272899271427,0.1348169418593494,0.13347549087442012,0.13617187465081243,0.32179602176303246,0.1348169418593494
gemma3:4b,CAO11875,V,V,0.88,"{""V"": 0.32, ""B"": 0.05, ""E"": 0.03, ""P"": 0.02, ""R"": 0.01, ""S"": 0.17}",1.54,Unidentified Armed Group (Cameroon),"On 24 September 2023, an unidentified armed group shot and killed a bike rider beside a rice farm in Bamunka (Ngo-Ketunjia, Nord-Ouest) after having abducted him. They accused him of impersonating the armed group and extorting money from civilians.",0.49516908212560395,0.8800000000000001,0.206329520553741,0.15750772506708016,0.15438886314631714,0.15285266829073435,0.15133175882935826,0.1775894641125628
gemma3:4b,CAO9055,V,V,0.9,"{""V"": 0.35, ""B"": 0.05, ""E"": 0.1, ""P"": 0.05, ""R"": 0.05, ""S"": 0.4}",1.45,Military Forces of Cameroon (1982-),"On 4 September 2022, military forces shot and killed a man in Besali (Wabane, Lebialem, Sud-Ouest) after he was mistaken for a separatist fighter following an exchange of fire between soldiers and Ambazonia Liberation Army fighters.",0.5081967213114754,0.8999999999999999,0.19792078117503145,0.14662332094602243,0.15414085936521865,0.14662332094602243,0.14662332094602243,0.20806839662147444
gemma3:4b,CAO3117,B,V,0.88,"{""V"": 0.15, ""B"": 0.05, ""E"": 0.1, ""P"": 0.05, ""R"": 0.05, ""S"": 0.1}",1.45,Islamic State West Africa Province (ISWAP) - Lake Chad Faction and/or Boko Haram - Jamaatu Ahli is-Sunnah lid-Dawati wal-Jihad,"On 23 March 2020, Boko Haram were repulsed by the military after staging an attack on the village of Goshikale in Mora subdivision (Mayo-Sava, Extreme-Nord). Militants destroyed the local hospital and looted several houses, taking away 3 motorcycles.",0.49516908212560395,0.8800000000000001,0.17803189328253194,0.1610899186458197,0.1693491753899154,0.1610899186458197,0.1610899186458197,0.1693491753899154
gemma3:4b,CAO13564,B,B,0.92,"{""V"": 0.03, ""B"": 0.85, ""E"": 0.01, ""P"": 0.01, ""R"": 0.0, ""S"": 0.0}",1.47,Military Forces of Cameroon (1982-) Gendarmerie,"On 21 April 2024, gendarmerie officers clashed with Ambazonian Separatists from the Restoration Forces faction at the Separatist hideout in Kouki (Mbven, Bui, Nord-Ouest). There were no fatalities. No information on the injuries.",0.6842105263157895,0.92,0.13943523776324193,0.31658768468773313,0.13667423506774173,0.13667423506774173,0.1353143037066124,0.1353143037066124
gemma3:4b,CAO8281,S,V,0.88,"{""V"": 0.25, ""B"": 0.05, ""E"": 0.05, ""P"": 0.05, ""R"": 0.05, ""S"": 0.15}",1.49,Islamic State West Africa Province (ISWAP) and/or Boko Haram - Jamaatu Ahli is-Sunnah lid-Dawati wal-Jihad,"Looting: On 18 December 2023, ISWAP or Boko Haram militants looted 2 houses in Waza (Waza, Logone-et-Chari, Extreme-Nord).",0.49516908212560395,0.8800000000000001,0.1930591218352244,0.15806344020872712,0.15806344020872712,0.15806344020872712,0.15806344020872712,0.17468711732967418
gemma3:4b,CAO10079,S,V,0.88,"{""V"": 0.25, ""B"": 0.05, ""E"": 0.1, ""P"": 0.05, ""R"": 0.05, ""S"": 0.1}",1.46,Civilians (Cameroon),"Displacement: On 2 February 2023, civilians were displaced for fear of retaliation attacks from, the state security forces in Diongo (Dibombari, Moungo, Littoral) after suspected Ambazonian Separatists mounted an illegal checkpoint paralyzing vehicle movement.",0.49516908212560395,0.8800000000000001,0.19313937228118166,0.15812914371678055,0.16623659828414178,0.15812914371678055,0.15812914371678055,0.16623659828414178
gemma3:4b,CAO9679,V,V,0.88,"{""V"": 0.25, ""B"": 0.05, ""E"": 0.05, ""P"": 0.05, ""R"": 0.05, ""S"": 0.15}",1.48,Military Forces of Cameroon (1982-),"On 27 June 2022, military forces shot and killed four civilians in Banten (Bui, Nord-Ouest) who were previously arrested on 25 June during a military operation. The circumstances that led to their execution are unclear.",0.49516908212560395,0.8800000000000001,0.1930591218352244,0.15806344020872712,0.15806344020872712,0.15806344020872712,0.15806344020872712,0.17468711732967418
gemma3:4b,CAO5718,V,V,0.88,"{""V"": 0.15, ""B"": 0.05, ""E"": 0.05, ""P"": 0.05, ""R"": 0.05, ""S"": 0.05}",1.45,Military Forces of Cameroon (1982-),"On 16 October 2021, the military forces shot and killed a student in Waindo village, Wum subdivision (Menchum, Nord-Ouest). He was accused of being in possession of a military uniform and some ammunition.",0.49516908212560395,0.8800000000000001,0.18102210943896027,0.16379557811217174,0.16379557811217174,0.16379557811217174,0.16379557811217174,0.16379557811217174
gemma3:4b,CAO8534,B,B,0.92,"{""V"": 0.03, ""B"": 0.05, ""E"": 0.02, ""P"": 0.01, ""R"": 0.01, ""S"": 0.02}",1.43,Unidentified Armed Group (Cameroon),"On 21 February 2024, an unidentified armed group clashed with Boko Haram (JAS) (likely) militants in Kouyape (Kolofata, Mayo-Sava, Extreme-Nord). The bodies of 3 militants were found by civilians. The exact circumstances of their death are unknown.",0.6842105263157895,0.92,0.16776557721722551,0.17115466668737564,0.16609628183274733,0.16444359621486646,0.16444359621486646,0.16609628183274733
gemma3:4b,CAO4163,V,V,0.88,"{""V"": 0.15, ""B"": 0.05, ""E"": 0.08, ""P"": 0.04, ""R"": 0.03, ""S"": 0.06}",1.47,Military Forces of Cameroon (1982-),"On 12 December 2020, the military forces shot and killed two civilians in Mkpot village, Mamfe subdivision (Manyu, Sud-Ouest).",0.49516908212560395,0.8800000000000001,0.18070383073370105,0.16350758763028916,0.16848713500943344,0.1618806599500953,0.16026992047079744,0.1651508662055028
gemma3:4b,CAO14080,B,B,0.92,"{""V"": 0.03, ""B"": 0.89, ""E"": 0.01, ""P"": 0.01, ""R"": 0.0, ""S"": 0.0}",1.43,Military Forces of Cameroon (1982-) Rapid Intervention Battalion,"On 24 July 2024, the military forces from the Rapid Intervention clashed with Boko Haram (JAS) (likely) militants in Yabogo neighborhood in Amchide (Kolofata, Mayo-Sava, Extreme-Nord). There were no fatalities.",0.6842105263157895,0.92,0.13765668741195644,0.32530487291768073,0.13493090237300243,0.13493090237300243,0.13358831746201627,0.13358831746201627
gemma3:4b,CAO13672,V,V,0.88,"{""V"": 0.15, ""B"": 0.05, ""E"": 0.1, ""P"": 0.05, ""R"": 0.05, ""S"": 0.1}",1.46,Ambazonian Separatists (Cameroon),"On 15 April 2024, Ambazonian Separatists from the ADF abducted 4 men and 2 women at a checkpoint in Mambanda (Kumba 2, Meme, Sud-Ouest). The militants also looted 3 motorbikes. The reason for the abduction is not known.",0.49516908212560395,0.8800000000000001,0.17803189328253194,0.1610899186458197,0.1693491753899154,0.1610899186458197,0.1610899186458197,0.1693491753899154
gemma3:4b,CAO3188,V,V,0.9,"{""V"": 0.3, ""B"": 0.05, ""E"": 0.1, ""P"": 0.05, ""R"": 0.05, ""S"": 0.45}",1.51,Military Forces of Cameroon (1982-),"On 16 April 2020, military forces killed three former Ambazonian separatists in Balikumbat town (Ngo-ketunjia, Nord-Ouest).",0.5081967213114754,0.8999999999999999,0.18807713779478358,0.14647462219240598,0.15398453666347453,0.14647462219240598,0.14647462219240598,0.21851445896430532
gemma3:4b,CAO8782,B,B,0.92,"{""V"": 0.03, ""B"": 0.89, ""E"": 0.01, ""P"": 0.01, ""R"": 0.0, ""S"": 0.0}",1.46,Ambazonian Separatists (Cameroon),"On 1 July 2022, suspected Ambazonian Separatist fighters clashed with the military forces in Bambui (Tubah, Mezam, Nord-Ouest). There were no fatalities.",0.6842105263157895,0.92,0.13765668741195644,0.32530487291768073,0.13493090237300243,0.13493090237300243,0.13358831746201627,0.13358831746201627
gemma3:4b,CAO7306,B,B,0.92,"{""V"": 0.03, ""B"": 0.82, ""E"": 0.02, ""P"": 0.01, ""R"": 0.0, ""S"": 0.02}",1.47,Military Forces of Cameroon (1982-) Rapid Intervention Battalion,"On 19 May 2023, the military forces of Kerawa (Rapid Intervention) clashed with Boko Haram (JAS) (likely) militants in Balatikse neighborhood in Mayo Moskota (Kolofata, Mayo-Sava, Extreme-Nord). 1 militant was killed while 3 soldiers seriously injured. 2 militants were captured. The military seized some equipment.",0.6842105263157895,0.92,0.1401710588610448,0.3088524101589366,0.13877633352182225,0.13739548593159923,0.13602837800446596,0.13877633352182225
gemma3:4b,CAO13551,S,V,0.84,"{""V"": 0.25, ""B"": 0.05, ""E"": 0.1, ""P"": 0.05, ""R"": 0.05, ""S"": 0.1}",1.44,Boko Haram - Jamaatu Ahli is-Sunnah lid-Dawati wal-Jihad,"On 14 June 2024, 11 members of Boko Haram (JAS) (likely) militants surrendered to the military forces in Madakar (Mayo-Moskota, Mayo-Tsanaga, Extreme-Nord).",0.20588235294117646,0.84,0.19313937228118166,0.15812914371678055,0.16623659828414178,0.15812914371678055,0.15812914371678055,0.16623659828414178
gemma3:4b,CAO4946,V,V,0.88,"{""V"": 0.25, ""B"": 0.05, ""E"": 0.1, ""P"": 0.05, ""R"": 0.05, ""S"": 0.1}",1.5,Ambazonian Separatists (Cameroon),"On 13 January 2021, Ambazonian separatists kidnapped a truck driver and his assistant in Bukow village, Ndop subdivision (Ngo-Ketunjia, Nord-Ouest).",0.49516908212560395,0.8800000000000001,0.19313937228118166,0.15812914371678055,0.16623659828414178,0.15812914371678055,0.15812914371678055,0.16623659828414178
gemma3:4b,CAO8143,B,B,0.92,"{""V"": 0.03, ""B"": 0.28, ""E"": 0.02, ""P"": 0.01, ""R"": 0.01, ""S"": 0.07}",1.49,Military Forces of Cameroon (1982-) Rapid Intervention Battalion,"On 14 November 2023, the military forces (Rapid Intervention) ambushed Boko Haram (JAS) (likely) militants along the Limani - Goumbouldi road, coded to Limani (Mora, Mayo-Sava, Extreme-Nord). 2 militants were killed, the militants had approached an abandoned civilian truck near where the military forces were parked and the military recovered a weapon.",0.6842105263157895,0.92,0.15935535350999572,0.2046163241920946,0.15776974124961116,0.15619990609482678,0.15619990609482678,0.16585876885844034
gemma3:4b,CAO15055,V,V,0.88,"{""V"": 0.15, ""B"": 0.05, ""E"": 0.1, ""P"": 0.05, ""R"": 0.05, ""S"": 0.1}",1.46,Unidentified Armed Group (Cameroon),"Around 17 September 2024 (as reported), an unidentified armed group attacked and killed 1 civilian between Mora and Blabline (Kolofata, Mayo-Sava, Extreme-Nord) for an unknown reason.",0.49516908212560395,0.8800000000000001,0.17803189328253194,0.1610899186458197,0.1693491753899154,0.1610899186458197,0.1610899186458197,0.1693491753899154
gemma3:4b,CAO11956,B,B,0.92,"{""V"": 0.03, ""B"": 0.85, ""E"": 0.01, ""P"": 0.01, ""R"": 0.0, ""S"": 0.0}",1.47,Military Forces of Cameroon (1982-) Rapid Intervention Battalion,"On 25 October 2023, military forces from the Rapid Intervention Battalion engaged in an armed confrontation with Ambazonian Separatists in Ngarum (Donga-Mantung, Nord-Ouest). There were no casualties.",0.6842105263157895,0.92,0.13943523776324193,0.31658768468773313,0.13667423506774173,0.13667423506774173,0.1353143037066124,0.1353143037066124
gemma3:4b,CAO12511,V,V,0.9,"{""V"": 0.35, ""B"": 0.05, ""E"": 0.03, ""P"": 0.02, ""R"": 0.02, ""S"": 0.03}",1.48,Military Forces of Cameroon (1982-),"On 19 July 2023, state security forces (coded as military) physically assualted 10 men, including the traditional chief and traditional council chairman, whom they had arrested in Nongomadiba (Kupe-Manenguba, Sud-Ouest), injuring them. They were targeted for not acting against Ambazonian Separatists who had buried a woman alive early in the morning (coded separately).",0.5081967213114754,0.8999999999999999,0.21593777266661482,0.15997063652485488,0.15680300568969993,0.15524278971445726,0.15524278971445726,0.15680300568969993
gemma3:4b,CAO4776,S,V,0.88,"{""V"": 0.25, ""B"": 0.05, ""E"": 0.05, ""P"": 0.05, ""R"": 0.05, ""S"": 0.15}",1.42,Military Forces of Cameroon (1982-),"Looting: Around 15 July 2020 (month of), the military forces raided Bengang village, Batibo subdivision (Momo, Nord-Ouest). They shot in the air, and then looted property.",0.49516908212560395,0.8800000000000001,0.1930591218352244,0.15806344020872712,0.15806344020872712,0.15806344020872712,0.15806344020872712,0.17468711732967418
gemma3:4b,CAO12845,V,V,0.88,"{""V"": 0.25, ""B"": 0.05, ""E"": 0.1, ""P"": 0.05, ""R"": 0.05, ""S"": 0.1}",1.49,Ambazonian Separatists (Cameroon),"On 9 December 2021, suspected Ambazonian separatist fighters killed a Fulani pastoralist at 3 Corners near Ntumbaw (Ndu, Donga-Mantung, Nord-Ouest). In retaliation, local Fulanis set ablaze more than 15 houses, and killed a bike who transported a uniformed officer to the scene [Coded as a separate event].",0.49516908212560395,0.8800000000000001,0.19313937228118166,0.15812914371678055,0.16623659828414178,0.15812914371678055,0.15812914371678055,0.16623659828414178
gemma3:4b,CAO11075,B,V,0.92,"{""V"": 0.15, ""B"": 0.05, ""E"": 0.1, ""P"": 0.05, ""R"": 0.05, ""S"": 0.2}",1.48,Military Forces of Cameroon (1982-),"On 23 November 2023, the military forces ambushed Ambazonian Separatists from the Restoration Forces onboard a motorcycle in Konye (Konye, Meme, Sud-Ouest). The military forces members shot and injured one.",0.6842105263157895,0.92,0.17491652360397375,0.15827101558964557,0.16638574408347348,0.15827101558964557,0.15827101558964557,0.18388468554343215
gemma3:4b,CAO13652,V,V,0.87,"{""V"": 0.25, ""B"": 0.05, ""E"": 0.05, ""P"": 0.05, ""R"": 0.05, ""S"": 0.15}",1.48,Military Forces of Cameroon (1982-) Rapid Intervention Battalion,"On 13 April 2024, state security forces, coded as the military forces from the Rapid Intervention, beat and injured a dump truck driver and 2 other civilians on the main road in Mile 15 Buea (Buea, Fako, Sud-Ouest) after the dump truck blocked the road and delayed their convoy traveling to Buea center. There were no fatalities.",0.423728813559322,0.8700000000000001,0.1930591218352244,0.15806344020872712,0.15806344020872712,0.15806344020872712,0.15806344020872712,0.17468711732967418
gemma3:4b,CAO9051,V,V,0.88,"{""V"": 0.15, ""B"": 0.05, ""E"": 0.05, ""P"": 0.05, ""R"": 0.05, ""S"": 0.15}",1.44,Military Forces of Cameroon (1982-),"On 23 May 2022, military forces killed a man at the Finance Junction in Bamenda city (Bamenda 1, Mezam, Nord-Ouest). Locals in the early hours of the morning discovered the dead body dumped by the road.",0.49516908212560395,0.8800000000000001,0.17795653560357846,0.16102173219816626,0.16102173219816626,0.16102173219816626,0.16102173219816626,0.17795653560357846
gemma3:4b,CAO10854,B,B,0.92,"{""V"": 0.03, ""B"": 0.85, ""E"": 0.01, ""P"": 0.01, ""R"": 0.0, ""S"": 0.0}",1.5,Military Forces of Cameroon (1982-),"On 18 December 2023, the military forces attacked Ambazonian Separatists leading to a clash in Bai Panya (Kumba 1, Meme, Sud-Ouest). Two Ambazonian Separatists were killed and four others arrested.",0.6842105263157895,0.92,0.13943523776324193,0.31658768468773313,0.13667423506774173,0.13667423506774173,0.1353143037066124,0.1353143037066124
gemma3:4b,CAO8295,S,E,0.97,"{""V"": 0.01, ""B"": 0.01, ""E"": 0.97, ""P"": 0.0, ""R"": 0.0, ""S"": 0.0}",1.52,Military Forces of Cameroon (1982-) Rapid Intervention Battalion,"Defusal: Around 27 December 2023 (as reported), the military forces (Rapid Intervention) defused an IED that was planted by an unidentified armed group on the road in Kumba (Ekondo Titi, Ndian, Sud-Ouest).",0.6842105263157895,0.9699999999999999,0.13189400092542747,0.13189400092542747,0.3444670970826043,0.13058163368873207,0.13058163368873207,0.13058163368873207
gemma3:4b,CAO10551,B,V,0.87,"{""V"": 0.25, ""B"": 0.05, ""E"": 0.05, ""P"": 0.05, ""R"": 0.05, ""S"": 0.15}",1.43,Military Forces of Cameroon (1982-),"On 15 September 2022, state security forces, coded as military, clashed with Ambazonian Separatists around Kosala and Fiango, coded to Fiango (Meme, Sud-Ouest). Casualties unknown.",0.423728813559322,0.8700000000000001,0.1930591218352244,0.15806344020872712,0.15806344020872712,0.15806344020872712,0.15806344020872712,0.17468711732967418
gemma3:4b,CAO12982,E,E,0.92,"{""V"": 0.03, ""B"": 0.01, ""E"": 0.86, ""P"": 0.01, ""R"": 0.0, ""S"": 0.01}",1.45,Unidentified Armed Group (Cameroon),"On 9 April 2024, an IED planted by an unidentified armed group detonated on members of self-defence militia in Tourou (Mokolo, Mayo-Tsanaga, Extreme-Nord). A self-defence militia member was killed when they stepped on an IED when it detonated.",0.6842105263157895,0.92,0.13880482919067463,0.13605630942127006,0.31832371602214304,0.13605630942127006,0.13470252652305378,0.13605630942127006
gemma3:4b,CAO4198,V,V,0.88,"{""V"": 0.25, ""B"": 0.05, ""E"": 0.1, ""P"": 0.05, ""R"": 0.05, ""S"": 0.1}",1.48,Ambazonian Separatists (Cameroon),"On 7 January 2021, suspected Ambazonian separatists kidnapped between 6 and 7 students in Mulang neighborhood of Bamenda town (Mezam, Nord-Ouest).",0.49516908212560395,0.8800000000000001,0.19313937228118166,0.15812914371678055,0.16623659828414178,0.15812914371678055,0.15812914371678055,0.16623659828414178
gemma3:4b,CAO12441,V,V,0.92,"{""V"": 0.03, ""B"": 0.02, ""E"": 0.01, ""P"": 0.01, ""R"": 0.01, ""S"": 0.02}",1.44,Military Forces of Cameroon (1982-),"Around 28 July 2023 (as reported), state security forces shot and killed two Ambazonian Separatists in Kumbo commune, coded to Kumbo (Bui, Nord-Ouest) whom they had captured on 28 July (coded separately).",0.6842105263157895,0.92,0.16889907078399882,0.167218496950087,0.1655546451052194,0.1655546451052194,0.1655546451052194,0.167218496950087
gemma3:4b,CAO14598,B,B,0.92,"{""V"": 0.03, ""B"": 0.88, ""E"": 0.01, ""P"": 0.01, ""R"": 0.0, ""S"": 0.05}",1.43,Military Forces of Cameroon (1982-) Rapid Intervention Battalion,"On 28 August 2024, the military forces from the Rapid Intervention clashed with the Boko Haram (JAS) (likely) militants around Amchide (Kolofata, Mayo-Sava, Extreme-Nord). Casualties unknown. The militants stole a motorbike from a civilian and the military forces chased them until the militants abandoned the motorbike.",0.6842105263157895,0.92,0.13716120873979307,0.32090879023442054,0.1344452348358961,0.1344452348358961,0.13310748239764678,0.13993204895602646
gemma3:4b,CAO8757,S,V,0.88,"{""V"": 0.15, ""B"": 0.05, ""E"": 0.1, ""P"": 0.05, ""R"": 0.05, ""S"": 0.1}",1.46,Unidentified Armed Group (Cameroon),"Looting: Around 17 March 2024 (as reported), an unidentified armed group suspected of being ISWAP or Boko Haram militants looted food items, clothing and 1 bicycle in Ganse (Kolofata, Mayo-Sava, Extreme-Nord).",0.49516908212560395,0.8800000000000001,0.17803189328253194,0.1610899186458197,0.1693491753899154,0.1610899186458197,0.1610899186458197,0.1693491753899154
gemma3:4b,CAO3886,B,V,0.88,"{""V"": 0.15, ""B"": 0.05, ""E"": 0.05, ""P"": 0.05, ""R"": 0.05, ""S"": 0.15}",1.45,Military Forces of Cameroon (1982-),"On 17 August 2020, the military forces engaged in a fire fight with Ambazonian separatists in Makanga village, Muyuka subdivision (Fako, Sud-Ouest). 1 person was killed, and another arrested.",0.49516908212560395,0.8800000000000001,0.17795653560357846,0.16102173219816626,0.16102173219816626,0.16102173219816626,0.16102173219816626,0.17795653560357846
gemma3:4b,CAO14603,V,V,0.89,"{""V"": 0.25, ""B"": 0.05, ""E"": 0.05, ""P"": 0.05, ""R"": 0.05, ""S"": 0.15}",1.48,Ambazonian Separatists (Cameroon),"On 30 June 2024, Ambazonian Separatists beat and injured a commercial motorbike driver and abducted 4 suspected government officials in Bambui (Tubah, Mezam, Nord-Ouest). The Separatists looted the motorbike from the commercial motorbike driver and used it to transport the abducted. The motorbike was later found abandoned and recovered by the military forces.",0.49516908212560395,0.8899999999999999,0.1930591218352244,0.15806344020872712,0.15806344020872712,0.15806344020872712,0.15806344020872712,0.17468711732967418
gemma3:4b,CAO13493,V,V,0.88,"{""V"": 0.15, ""B"": 0.05, ""E"": 0.1, ""P"": 0.05, ""R"": 0.05, ""S"": 0.1}",1.42,Boko Haram - Jamaatu Ahli is-Sunnah lid-Dawati wal-Jihad,"On 20 May 2024, Boko Haram (JAS) (likely) militants slit the throat and killed a civilian between Kordo and Lelede, coded to Kordo (Kolofata, Mayo-Sava, Extreme-Nord). He had been abducted by the militants the previous day (coded as a separate event).",0.49516908212560395,0.8800000000000001,0.17803189328253194,0.1610899186458197,0.1693491753899154,0.1610899186458197,0.1610899186458197,0.1693491753899154
gemma3:4b,CAO6461,B,V,0.88,"{""V"": 0.25, ""B"": 0.15, ""E"": 0.1, ""P"": 0.05, ""R"": 0.05, ""S"": 0.2}",1.5,Ambazonian Separatists (Cameroon),"On 17 August 2022, Ambazonian separatists clashed with the Cameroonian military forces in Tinta (Akwaya, Manyu, Sud-Ouest) leading to the death of 3. Unclarity if the fatalities are of civilian or separatist fighters. The clashes also resulted in the destruction of several buildings, including a primary school. Civilians fled the fighting into the bushes.",0.49516908212560395,0.8800000000000001,0.18676799813796632,0.16899467320690234,0.16075270573828795,0.15291270376636426,0.15291270376636426,0.17765921538392812
gemma3:4b,CAO13869,R,V,0.75,"{""V"": 0.25, ""B"": 0.05, ""E"": 0.1, ""P"": 0.05, ""R"": 0.05, ""S"": 0.5}",1.44,Rioters (Cameroon),"Around 29 June 2024 (as reported), youth from Ndoumba Kanda clashed with Belabo youths, coded to Belabo (Belabo, Lom-et-Djerem, Est) during a wake for unknown reasons. Casualties unknown.",0.0,0.75,0.17854191647424894,0.146177757730948,0.1536724516356025,0.146177757730948,0.146177757730948,0.22925235869707544
gemma3:4b,CAO4334,B,V,0.88,"{""V"": 0.25, ""B"": 0.05, ""E"": 0.1, ""P"": 0.05, ""R"": 0.05, ""S"": 0.1}",1.47,Ambazonian Separatists (Cameroon),"On 4 February 2021, the military forces engaged in a fire fight with Ambazonian separatists in Mbalangi village (Meme, Sud-Ouest), as they tried to remove a road blockade erected by separatists in order to enforce a lockdown in the area. No fatality and/or casualty reported.",0.49516908212560395,0.8800000000000001,0.19313937228118166,0.15812914371678055,0.16623659828414178,0.15812914371678055,0.15812914371678055,0.16623659828414178
gemma3:4b,CAO6445,B,B,0.92,"{""V"": 0.03, ""B"": 0.85, ""E"": 0.01, ""P"": 0.01, ""R"": 0.0, ""S"": 0.01}",1.51,Islamic State West Africa Province (ISWAP) - Lake Chad Faction and/or Boko Haram - Jamaatu Ahli is-Sunnah lid-Dawati wal-Jihad,"On 25 September 2021, ISWAP or Boko Haram fighters ambushed the Cameroonian military camp in Sagme (Makary, Logone-et-Chari, Extreme-Nord) leading to the death of 2. The fighters stole weapons and ammunition and burnt the camp and military vehicles.",0.6842105263157895,0.92,0.1392458729337315,0.31615773187309537,0.13648861991308467,0.13648861991308467,0.13513053545360285,0.13648861991308467
gemma3:4b,CAO6236,B,B,0.92,"{""V"": 0.03, ""B"": 0.88, ""E"": 0.02, ""P"": 0.01, ""R"": 0.01, ""S"": 0.01}",1.46,Boko Haram - Jamaatu Ahli is-Sunnah lid-Dawati wal-Jihad,"On 15 June 2022, suspected Boko Haram (JAS) (likely) clashed with Cameroonian military Forces and MNJTF in Limani (Mora, Mayo-Sava, Extreme-Nord), unknown fatalities, coded to 3.",0.6842105263157895,0.92,0.1375460439481411,0.3218091687181423,0.13617743794371284,0.13482244979656058,0.13482244979656058,0.13482244979656058
gemma3:4b,CAO7298,V,V,0.88,"{""V"": 0.15, ""B"": 0.05, ""E"": 0.1, ""P"": 0.05, ""R"": 0.05, ""S"": 0.6}",1.44,Islamic State West Africa Province (ISWAP) and/or Boko Haram - Jamaatu Ahli is-Sunnah lid-Dawati wal-Jihad,"On 15 May 2023, ISWAP or Boko Haram militants abducted 2 herders in Zigague (Waza, Logone-et-Chari, Extreme-Nord) and stole a head of oxen. The herders and the oxen were freed when the militants spotted the security forces who had been following them.",0.49516908212560395,0.8800000000000001,0.16040926527097235,0.14514430541683196,0.1525860130882894,0.14514430541683196,0.14514430541683196,0.25157180538999085
gemma3:4b,CAO12794,S,R,0.88,"{""V"": 0.03, ""B"": 0.02, ""E"": 0.01, ""P"": 0.12, ""R"": 0.6, ""S"": 0.02}",1.45,Military Forces of Cameroon (1982-),"Property destruction: On 18 March 2022, suspected military forces burnt down 2 shops in Ndop (Ndop, Ngo-Ketunjia, Nord-Ouest) for failing to open their stores on Mondays. The Ambazonian Separatist fighters had imposed lockdown Mondays.",0.49516908212560395,0.8800000000000001,0.1465686875795059,0.14511030477092357,0.143666433113744,0.16037168874591862,0.2591725810187252,0.14511030477092357
gemma3:4b,CAO2846,B,V,0.88,"{""V"": 0.25, ""B"": 0.05, ""E"": 0.1, ""P"": 0.05, ""R"": 0.05, ""S"": 0.1}",1.46,Military Forces of Cameroon (1982-),"On 14 January 2020, the military forces engaged in a fire fight with Ambazonian separatists in Peng village, Tombel subdivision (Kupe-Manenguba, Sud-Ouest) [coded: Tombel]. Two civilians were killed after they were reportedly flagged as Ambazonian fighters.",0.49516908212560395,0.8800000000000001,0.19313937228118166,0.15812914371678055,0.16623659828414178,0.15812914371678055,0.15812914371678055,0.16623659828414178
gemma3:4b,CAO4930,V,V,0.87,"{""V"": 0.25, ""B"": 0.05, ""E"": 0.05, ""P"": 0.05, ""R"": 0.05, ""S"": 0.15}",1.5,Ambazonian Separatists (Cameroon),"On 21 November 2020, Ambazonian separatists kidnapped a retired military officer from his home in Mankon town, Bamenda 2 subdivision (Bamenda - Mankon, Mezam, Nord-Ouest).",0.423728813559322,0.8700000000000001,0.1930591218352244,0.15806344020872712,0.15806344020872712,0.15806344020872712,0.15806344020872712,0.17468711732967418
gemma3:4b,CAO3670,S,V,0.84,"{""V"": 0.15, ""B"": 0.05, ""E"": 0.03, ""P"": 0.03, ""R"": 0.02, ""S"": 0.02}",1.43,Military Forces of Cameroon (1982-) Gendarmerie,"Around 14 September 2020 (as reported), the gendarmerie and police forces arrested 'over a dozen' civilians in Moloundou town (Boumba-Et-Ngoko, Est) for not having national ID cards.",0.20588235294117646,0.84,0.18399706999211354,0.16648743373784575,0.1631907616720827,0.1631907616720827,0.16156698646284562,0.16156698646284562
gemma3:4b,CAO15919,V,V,0.92,"{""V"": 0.03, ""B"": 0.02, ""E"": 0.01, ""P"": 0.01, ""R"": 0.01, ""S"": 0.02}",1.42,Military Forces of Cameroon (1982-) Rapid Intervention Battalion,"On 10 October 2024, the military forces from the Rapid Intervention shot and killed 7 civilians at their private residences in Mbomboko in the Buea subdivision (Buea, Fako, Sud-Ouest), mistakenly believing them to be Ambazonian Separatists.",0.6842105263157895,0.92,0.16889907078399882,0.167218496950087,0.1655546451052194,0.1655546451052194,0.1655546451052194,0.167218496950087
gemma3:4b,CAO13492,V,V,0.92,"{""V"": 0.03, ""B"": 0.02, ""E"": 0.03, ""P"": 0.02, ""R"": 0.01, ""S"": 0.09}",1.51,Boko Haram - Jamaatu Ahli is-Sunnah lid-Dawati wal-Jihad,"On 20 May 2024, Boko Haram (JAS) (likely) militants attacked and killed a civilian along the Limani - Mora road, coded to Limani (Mora, Mayo-Sava, Extreme-Nord).",0.6842105263157895,0.92,0.1660540686493643,0.16440180305967608,0.1660540686493643,0.16440180305967608,0.16276597778729576,0.17632227879444706
gemma3:4b,CAO9846,S,V,0.86,"{""V"": 0.25, ""B"": 0.05, ""E"": 0.05, ""P"": 0.05, ""R"": 0.05, ""S"": 0.15}",1.49,Ambazonian Separatists (Cameroon),"Looting: On 25 November 2022, Ambazonian Separatists abducted the body of a deceased person in Kai, Mbengwi commune, coded to Mbengwi (Momo, Nord-Ouest). The group accused the family of the deceased of not supporting the struggle against the military. They later released the dead body after the family had paid an unspecified amount of money.",0.4,0.86,0.1930591218352244,0.15806344020872712,0.15806344020872712,0.15806344020872712,0.15806344020872712,0.17468711732967418
gemma3:4b,CAO9206,V,V,0.88,"{""V"": 0.15, ""B"": 0.05, ""E"": 0.1, ""P"": 0.05, ""R"": 0.05, ""S"": 0.1}",1.43,Military Forces of Cameroon (1982-),"On 11 March 2023, state security forces coded as military forces shot and wounded two civilians at Ashing, coded to Oku (Boyo, Nord-Ouest) after they shot into the air as they approached a spot where Ambazonian Separatists launched attacks from. The victims were hit by stray bullets and hospitalized.",0.49516908212560395,0.8800000000000001,0.17803189328253194,0.1610899186458197,0.1693491753899154,0.1610899186458197,0.1610899186458197,0.1693491753899154
gemma3:4b,CAO3384,B,B,0.93,"{""V"": 0.03, ""B"": 0.93, ""E"": 0.02, ""P"": 0.01, ""R"": 0.01, ""S"": 0.0}",1.48,Military Forces of Cameroon (1982-),"On 14 June 2020, the military forces engaged in fire fights with Ambazonian separatists in Bamenda town (Mezam, Nord-Ouest). No fatality and/or casualty reported.",0.6842105263157895,0.93,0.1354922519708132,0.3332571644850734,0.13414408153800397,0.13280932562513567,0.13280932562513567,0.13148785075550468
gemma3:4b,CAO3727,S,V,0.88,"{""V"": 0.15, ""B"": 0.05, ""E"": 0.05, ""P"": 0.05, ""R"": 0.05, ""S"": 0.05}",1.43,Military Forces of Cameroon (1982-),"On 1 October 2020, the military forces destroyed buildings in Akum town (Mezam, Nord-Ouest), in retaliation for writings on a vehicle that supported the separatists. No fatality and/or casualty reported.",0.49516908212560395,0.8800000000000001,0.18102210943896027,0.16379557811217174,0.16379557811217174,0.16379557811217174,0.16379557811217174,0.16379557811217174
gemma3:4b,CAO11453,S,V,0.87,"{""V"": 0.25, ""B"": 0.05, ""E"": 0.1, ""P"": 0.05, ""R"": 0.05, ""S"": 0.1}",1.44,Military Forces of Cameroon (1982-),"Other: On 5 July 2023, state security forces, coded as military forces, fired warning shots into the air at their base in Waindo, coded to Wum (Menchum, Nord-Ouest) after they received news that their colleague was murdered by Ambazonian Separatists at Belo.",0.423728813559322,0.8700000000000001,0.19313937228118166,0.15812914371678055,0.16623659828414178,0.15812914371678055,0.15812914371678055,0.16623659828414178
gemma3:4b,CAO3758,V,V,0.88,"{""V"": 0.15, ""B"": 0.05, ""E"": 0.1, ""P"": 0.05, ""R"": 0.05, ""S"": 0.1}",1.46,Ambazonian Separatists (Cameroon),"Around 11 October 2020 (as reported), Ambazonian separatists kidnapped 3 Mbororo ethnic men in Ngarbuh village, near Nkambe (Donga-Mantung, Nord-Ouest). They are suspected to be involved in the killing of a separatist fighter on October 10.",0.49516908212560395,0.8800000000000001,0.17803189328253194,0.1610899186458197,0.1693491753899154,0.1610899186458197,0.1610899186458197,0.1693491753899154
gemma3:4b,CAO13380,B,V,0.9,"{""V"": 0.15, ""B"": 0.05, ""E"": 0.1, ""P"": 0.05, ""R"": 0.05, ""S"": 0.2}",1.41,Military Forces of Cameroon (1982-),"On 4 April 2024, the security forces, coded as the military forces shot and killed an unknown Separatist commander at the market in Agyati (Bafut, Mezam, Nord-Ouest). The Separatist tried to escape leading to the military forces shooting him. He died of his injuries.",0.5081967213114754,0.8999999999999999,0.17491652360397375,0.15827101558964557,0.16638574408347348,0.15827101558964557,0.15827101558964557,0.18388468554343215
gemma3:4b,CAO4585,V,V,0.88,"{""V"": 0.25, ""B"": 0.05, ""E"": 0.1, ""P"": 0.05, ""R"": 0.05, ""S"": 0.1}",1.5,Islamic State West Africa Province (ISWAP) - Lake Chad Faction and/or Boko Haram - Jamaatu Ahli is-Sunnah lid-Dawati wal-Jihad,"On 26 April 2021, suspected Boko Haram fighters attacked Takoudele village, Kourgui town, Mora subdivision (Mayo-Sava, Extreme-Nord). They kidnapped a young girl, and took away goods. No fatality and/or casualty reported.",0.49516908212560395,0.8800000000000001,0.19313937228118166,0.15812914371678055,0.16623659828414178,0.15812914371678055,0.15812914371678055,0.16623659828414178
gemma3:4b,CAO10717,B,V,0.88,"{""V"": 0.32, ""B"": 0.05, ""E"": 0.15, ""P"": 0.03, ""R"": 0.02, ""S"": 0.45}",1.51,Ambazonian Separatists (Cameroon),"On 25 May 2023, Ambazonian Separatists and state security forces, coded as military forces, engaged in an armed clash at Melim (Bui, Nord-Ouest) after the separatists detonated an IED which partially destroyed one of the security forces' vehicles. Casualties are unknown.",0.49516908212560395,0.8800000000000001,0.19102362844590728,0.14582352088942763,0.16115991445839212,0.14293602171273687,0.1415137845334626,0.21754312995985584
gemma3:4b,CAO4525,B,V,0.9,"{""V"": 0.25, ""B"": 0.05, ""E"": 0.1, ""P"": 0.05, ""R"": 0.05, ""S"": 0.1}",1.43,Islamic State West Africa Province (ISWAP) - Lake Chad Faction and/or Boko Haram - Jamaatu Ahli is-Sunnah lid-Dawati wal-Jihad,"On 4 April 2021, Boko Haram fighters attacked and tortured a group of local vigilance militiamen in Mahoula village, Mora subdivision (Mayo-Sava, Extreme-Nord), killing two of them.",0.5081967213114754,0.8999999999999999,0.19313937228118166,0.15812914371678055,0.16623659828414178,0.15812914371678055,0.15812914371678055,0.16623659828414178
gemma3:4b,CAO10405,B,V,0.87,"{""V"": 0.25, ""B"": 0.05, ""E"": 0.05, ""P"": 0.05, ""R"": 0.05, ""S"": 0.15}",1.44,Military Forces of Cameroon (1982-),"On 8 April 2023, the State security forces, coded as the military force, clashed with the Ambazonian Separatists in Batibo (Batibo, Momo, Nord-Ouest). There were no fatalities. During the operation, the military forces arrested about 30 civilians from several villages and moved them to their base.",0.423728813559322,0.8700000000000001,0.1930591218352244,0.15806344020872712,0.15806344020872712,0.15806344020872712,0.15806344020872712,0.17468711732967418
gemma3:4b,CAO10613,S,V,0.87,"{""V"": 0.03, ""B"": 0.01, ""E"": 0.01, ""P"": 0.02, ""R"": 0.02, ""S"": 0.73}",1.46,Ambazonian Separatists (Cameroon),"Looting: On 10 May 2023, Ambazonian Separatists from the Restoration Forces extorted money amounting to 200,000 FCFA from a civilian whom they imposed as the new traditional chief in Makwe, Upper Bayang commune, coded to Tinto (Manyu, Sud-Ouest). They also forced the civilians to buy a motorcycle for the man to 'support his reign.' The legal leader fled to Mamfe when the Separatists demanded 500,000 FCFA from him.",0.423728813559322,0.8700000000000001,0.1437969644512819,0.14094959378068517,0.14094959378068517,0.14236616074862668,0.14236616074862668,0.2895715264898048
gemma3:4b,CAO4669,V,V,0.88,"{""V"": 0.25, ""B"": 0.05, ""E"": 0.1, ""P"": 0.05, ""R"": 0.05, ""S"": 0.2}",1.48,Military Forces of Cameroon (1982-),"Around 15 May 2020 (month of), the military forces raided Njembo village, Mbengwi town, Mbeggwi subdivision (Momo, Nord-Ouest), killing one person.",0.49516908212560395,0.8800000000000001,0.18982068865205048,0.1554120353698744,0.1633801808133173,0.1554120353698744,0.1554120353698744,0.1805630244248192
gemma3:4b,CAO4298,B,V,0.92,"{""V"": 0.03, ""B"": 0.02, ""E"": 0.02, ""P"": 0.01, ""R"": 0.01, ""S"": 0.01}",1.45,Military Forces of Cameroon (1982-),"On 23 January 2021, the military forces engaged in fire fights with Ambazonian separatists in Mulang and Meta neighborhood of Bamenda town, Bamenda 2 subdivision (Mezam, Nord-Ouest). Four civilians were killed, reportedly by the military forces.",0.6842105263157895,0.92,0.16889907078399885,0.16721849695008703,0.16721849695008703,0.16555464510521942,0.16555464510521942,0.16555464510521942
gemma3:4b,CAO8775,E,E,0.92,"{""V"": 0.03, ""B"": 0.02, ""E"": 0.85, ""P"": 0.01, ""R"": 0.0, ""S"": 0.01}",1.45,Unidentified Armed Group (Cameroon),"On 17 March 2024, an IED planted by an unidentified armed group detonated on military forces along the Zeleved - Dzamadzaf road, coded to Zelevet (Mayo-Moskota, Mayo-Tsanaga, Extreme-Nord). There were no fatalities and 2 militants were injured.",0.6842105263157895,0.92,0.1390551263675552,0.1376715047421676,0.31572464182558224,0.13630165038198083,0.13494542630041736,0.13630165038198083
gemma3:4b,CAO14650,V,V,0.87,"{""V"": 0.25, ""B"": 0.05, ""E"": 0.1, ""P"": 0.05, ""R"": 0.05, ""S"": 0.1}",1.41,Unidentified Armed Group (Cameroon),"On 24 August 2024, an unidentified armed group shot and injured 1 plantation owner who tried to flee an abduction in Sirbia (Touboro, Mayo-Rey, Nord). The plantation owner escaped. 2 other civilians were abducted. The reason for the abduction is not known.",0.423728813559322,0.8700000000000001,0.19313937228118166,0.15812914371678055,0.16623659828414178,0.15812914371678055,0.15812914371678055,0.16623659828414178
gemma3:4b,CAO9309,V,V,0.88,"{""V"": 0.25, ""B"": 0.05, ""E"": 0.1, ""P"": 0.05, ""R"": 0.05, ""S"": 0.1}",1.45,Ambazonian Separatists (Cameroon),"On 13 February 2023, Ambazonian Separatists shot a male motorbike rider in his legs near Azire New Church in Bamenda (Mezam, Nord-Ouest) before taking his bike away. He was accused of violating the Monday ghost town. No information on the status of the victim.",0.49516908212560395,0.8800000000000001,0.19313937228118166,0.15812914371678055,0.16623659828414178,0.15812914371678055,0.15812914371678055,0.16623659828414178
gemma3:4b,CAO14584,S,V,0.88,"{""V"": 0.15, ""B"": 0.05, ""E"": 0.05, ""P"": 0.05, ""R"": 0.05, ""S"": 0.15}",1.44,Boko Haram - Jamaatu Ahli is-Sunnah lid-Dawati wal-Jihad,"Looting: On 21 August 2024, Boko Haram (JAS) (likely) militants looted 1 motorbike and goods along the Amchide - Ganse road in Guederou (Kolofata, Mayo-Sava, Extreme-Nord).",0.49516908212560395,0.8800000000000001,0.17795653560357846,0.16102173219816626,0.16102173219816626,0.16102173219816626,0.16102173219816626,0.17795653560357846
gemma3:4b,CAO7763,S,S,0.9,"{""V"": 0.03, ""B"": 0.02, ""E"": 0.02, ""P"": 0.01, ""R"": 0.01, ""S"": 0.9}",1.4,Military Forces of Cameroon (1982-) Gendarmerie,"On 3 September 2023, the gendarmerie arrested a suspected former ISWAP or Boko Haram militant leader in Banki (Menoua, Ouest).",0.5081967213114754,0.8999999999999999,0.13647390974596885,0.13511597165509542,0.13511597165509542,0.13377154527398452,0.13377154527398452,0.3257510563955456
gemma3:4b,CAO7437,V,V,0.92,"{""V"": 0.03, ""B"": 0.01, ""E"": 0.02, ""P"": 0.01, ""R"": 0.01, ""S"": 0.02}",1.42,Military Forces of Cameroon (1982-),"On 25 June 2023, the military forces attacked civilians in Kumba (Ekondo Titi, Ndian, Sud-Ouest). 1 civilian was killed. The victim had challenged a gendarmerie officer to lawfully present a warrant authorizing him to arrest another civilian when the officer shot him at close range in the chest and the other civilian was injured.",0.6842105263157895,0.92,0.16889907078399882,0.1655546451052194,0.167218496950087,0.1655546451052194,0.1655546451052194,0.167218496950087
gemma3:4b,CAO9421,S,V,0.84,"{""V"": 0.15, ""B"": 0.05, ""E"": 0.1, ""P"": 0.1, ""R"": 0.1, ""S"": 0.15}",1.48,Military Forces of Cameroon (1982-),"Other: On 15 September 2022, the military forces fired gunshots under unclear circumstances at GRA quarter in Mbengwi (Momo, Nord-Ouest).",0.20588235294117646,0.84,0.1736555593507696,0.1571300479505407,0.16518627778258213,0.16518627778258213,0.16518627778258213,0.1736555593507696
gemma3:4b,CAO6502,S,V,0.86,"{""V"": 0.25, ""B"": 0.05, ""E"": 0.05, ""P"": 0.05, ""R"": 0.05, ""S"": 0.15}",1.49,Boko Haram - Jamaatu Ahli is-Sunnah lid-Dawati wal-Jihad,"Looting: On 24 August 2022, Boko Haram (JAS) (likely) fighters entered Madakar (Mayo-Moskota, Mayo-Tsanaga, Extreme-Nord) and stole 22 livestock. The Cameroonian military forces returned 175 livestock to their owners.",0.4,0.86,0.1930591218352244,0.15806344020872712,0.15806344020872712,0.15806344020872712,0.15806344020872712,0.17468711732967418
gemma3:4b,CAO15428,V,V,0.88,"{""V"": 0.15, ""B"": 0.05, ""E"": 0.1, ""P"": 0.05, ""R"": 0.05, ""S"": 0.1}",1.44,Military Forces of Cameroon (1982-),"On 25 August 2024, security forces, coded as the military forces, beat and injured a group of 15 civilians along the main road in Ashing (Belo, Boyo, Nord-Ouest) accusing them of leaving a bag they suspected of carrying items used to manufacture IEDs near the military minor base.",0.49516908212560395,0.8800000000000001,0.17803189328253194,0.1610899186458197,0.1693491753899154,0.1610899186458197,0.1610899186458197,0.1693491753899154
gemma3:4b,CAO8495,B,V,0.92,"{""V"": 0.03, ""B"": 0.01, ""E"": 0.02, ""P"": 0.01, ""R"": 0.01, ""S"": 0.02}",1.45,Military Forces of Cameroon (1982-) Rapid Intervention Battalion,"On 6 February 2024, the military forces (Rapid Intervention) and the gendarmerie fired warning shots in the air at the outpost in Fotokol (Fotokol, Logone-et-Chari, Extreme-Nord) to drive back suspected ISWAP or Boko Haram militants. There were no fatalities.",0.6842105263157895,0.92,0.16889907078399882,0.1655546451052194,0.167218496950087,0.1655546451052194,0.1655546451052194,0.167218496950087
gemma3:4b,CAO13440,B,V,0.92,"{""V"": 0.03, ""B"": 0.02, ""E"": 0.03, ""P"": 0.02, ""R"": 0.01, ""S"": 0.09}",1.44,Ambazonian Separatists (Cameroon),"Around 13 May 2024 (as reported), Ambazonian Separatists ambushed patrolling gendarmerie forces along the Ayukaba and Eyangchang villages, coded to Ayukaba (Mamfe, Manyu, Sud-Ouest). The brigade commander and 4 gendarmerie officers were killed. The Separatists looted their weapons and ammunition and burnt the victim's bodies.",0.6842105263157895,0.92,0.1660540686493643,0.16440180305967608,0.1660540686493643,0.16440180305967608,0.16276597778729576,0.17632227879444706
gemma3:4b,CAO3624,V,V,0.9,"{""V"": 0.35, ""B"": 0.05, ""E"": 0.1, ""P"": 0.05, ""R"": 0.05, ""S"": 0.4}",1.42,Islamic State West Africa Province (ISWAP) - Lake Chad Faction and/or Boko Haram - Jamaatu Ahli is-Sunnah lid-Dawati wal-Jihad,"Around 30 August 2020 (as reported), Boko Haram attacked Makoulahe village, in Mora subdivision (Mayo-Sava, Extreme-Nord). They looted houses and injured 2 women.",0.5081967213114754,0.8999999999999999,0.19792078117503145,0.14662332094602243,0.15414085936521865,0.14662332094602243,0.14662332094602243,0.20806839662147444
gemma3:4b,CAO11112,S,V,0.88,"{""V"": 0.15, ""B"": 0.05, ""E"": 0.05, ""P"": 0.05, ""R"": 0.05, ""S"": 0.15}",1.5,Ambazonian Separatists (Cameroon),"Looting: On 2 February 2024, Ambazonian Separatists extorted money and food items from business persons at the market square in Lassin (Noni, Bui, Nord-Ouest).",0.49516908212560395,0.8800000000000001,0.17795653560357846,0.16102173219816626,0.16102173219816626,0.16102173219816626,0.16102173219816626,0.17795653560357846
gemma3:4b,CAO7600,R,V,0.88,"{""V"": 0.15, ""B"": 0.05, ""E"": 0.05, ""P"": 0.05, ""R"": 0.05, ""S"": 0.15}",1.48,Rioters (Cameroon),"On 26 August 2023, a mob attacked thieves who had killed an elderly woman while robbing her in Brazzaville neighbourhood, in the outskirts of Douala (Douala 1, Wouri, Littoral). Two managed to escape while a third was beaten to death.",0.49516908212560395,0.8800000000000001,0.17795653560357846,0.16102173219816626,0.16102173219816626,0.16102173219816626,0.16102173219816626,0.17795653560357846
gemma3:4b,CAO3498,V,V,0.88,"{""V"": 0.25, ""B"": 0.05, ""E"": 0.1, ""P"": 0.05, ""R"": 0.05, ""S"": 0.1}",1.49,Military Forces of Cameroon (1982-),"On 21 July 2020, military forces opened fire around a food market in Bamenda town (Mezam, Nord-Ouest). One person was reportedly killed and property destroyed.",0.49516908212560395,0.8800000000000001,0.19313937228118166,0.15812914371678055,0.16623659828414178,0.15812914371678055,0.15812914371678055,0.16623659828414178
gemma3:4b,CAO4080,B,B,0.92,"{""V"": 0.03, ""B"": 0.15, ""E"": 0.02, ""P"": 0.01, ""R"": 0.01, ""S"": 0.02}",1.46,Military Forces of Cameroon (1982-),"On 1 December 2020, the military forces repelled an attack of Boko Haram in Boudoua village, Mora subdivision (Mayo-Sava, Extreme-Nord). One Boko Haram fighter was killed, and several others injured. The military seized two motorbikes.",0.6842105263157895,0.92,0.1647991118866929,0.18581047979532353,0.16315933332543087,0.16153587083346793,0.16153587083346793,0.16315933332543087
gemma3:4b,CAO14355,V,V,0.88,"{""V"": 0.15, ""B"": 0.05, ""E"": 0.1, ""P"": 0.05, ""R"": 0.05, ""S"": 0.1}",1.4,Ambazonian Separatists (Cameroon),"On 8 May 2024, Ambazonian Separatists abducted a ship owner alongside two skippers after intercepting 2 ships in the Cameroon-Nigeria waterway in Mabeta (Limbe 3, Fako, Sud-Ouest). The militants later released the men after they paid the sum of approximately 700,000 Franc CFA.",0.49516908212560395,0.8800000000000001,0.17803189328253194,0.1610899186458197,0.1693491753899154,0.1610899186458197,0.1610899186458197,0.1693491753899154
gemma3:4b,CAO11427,B,B,0.92,"{""V"": 0.03, ""B"": 0.85, ""E"": 0.01, ""P"": 0.01, ""R"": 0.0, ""S"": 0.0}",1.4,Military Forces of Cameroon (1982-),"On 10 January 2024, military forces, disguised as civilians, engaged in gunbattle with Ambazonian Separatists from the Restoration Forces in Yoke (Muyuka, Fako, Sud-Ouest). They freed two civilians held captive by the Ambazonian Separatists. No casualties.",0.6842105263157895,0.92,0.13943523776324193,0.31658768468773313,0.13667423506774173,0.13667423506774173,0.1353143037066124,0.1353143037066124
gemma3:4b,CAO11069,V,V,0.87,"{""V"": 0.25, ""B"": 0.05, ""E"": 0.05, ""P"": 0.05, ""R"": 0.05, ""S"": 0.15}",1.45,Ambazonian Separatists (Cameroon),"On 15 December 2023, Ambazonian Separatists kidnapped an employee of the Mbonge municipal council in Kombone (Kumba 1, Meme, Sud-Ouest). They accused him of working closely with the Mayor of the municipality, who is seen as a security forces collaborator.",0.423728813559322,0.8700000000000001,0.1930591218352244,0.15806344020872712,0.15806344020872712,0.15806344020872712,0.15806344020872712,0.17468711732967418
gemma3:4b,CAO4139,V,V,0.88,"{""V"": 0.15, ""B"": 0.05, ""E"": 0.05, ""P"": 0.05, ""R"": 0.05, ""S"": 0.15}",1.44,Military Forces of Cameroon (1982-),"On 8 November 2020, the military forces raided Luh village, in Ndu subdivision (Donga-Mantung, Nord-Ouest), killing two civilians including a driver and a bike taxi driver.",0.49516908212560395,0.8800000000000001,0.17795653560357846,0.16102173219816626,0.16102173219816626,0.16102173219816626,0.16102173219816626,0.17795653560357846
gemma3:4b,CAO2894,R,V,0.88,"{""V"": 0.25, ""B"": 0.05, ""E"": 0.05, ""P"": 0.05, ""R"": 0.05, ""S"": 0.15}",1.44,Rioters (Cameroon),"On 26 January 2020, one young man was burnt to death in Bamenda town (Mezam, Nord-Ouest), for allegedly trying to steal a motorcycle.",0.49516908212560395,0.8800000000000001,0.1930591218352244,0.15806344020872712,0.15806344020872712,0.15806344020872712,0.15806344020872712,0.17468711732967418
gemma3:4b,CAO8266,B,B,0.92,"{""V"": 0.03, ""B"": 0.82, ""E"": 0.02, ""P"": 0.01, ""R"": 0.0, ""S"": 0.02}",1.51,Boko Haram - Jamaatu Ahli is-Sunnah lid-Dawati wal-Jihad,"On 18 December 2023, Boko Haram militants [JAS faction] ambushed military forces in Moundou, in the Double-Limani area, coded to Limani (Mora, Mayo-Sava, Extreme-Nord). 2 soldiers were killed and 2 others were wounded. The militants stole 2 motorbikes and the rifles from the killed soldiers.",0.6842105263157895,0.92,0.1401710588610448,0.3088524101589366,0.13877633352182225,0.13739548593159923,0.13602837800446596,0.13877633352182225
gemma3:4b,CAO6765,V,V,0.89,"{""V"": 0.3, ""B"": 0.05, ""E"": 0.1, ""P"": 0.05, ""R"": 0.05, ""S"": 0.25}",1.46,Ambazonian Separatists (Cameroon),"On 24 November 2022, Ambazonian Separatists killed a public transport driver and a passenger in Awing (Santa, Mezam, Nord-Ouest). They set ablaze the driver's vehicle and abducted two other civilian passengers. The fighters left a note on the body of the killed driver on which it was written that he was collaborating with the military and warned any other person who may be collaborating with them. The rest of the civilians were allowed to go. Residents claim the attack was carried out by the Cameroonian military.",0.49516908212560395,0.8899999999999999,0.1958341176821736,0.15251576420297444,0.1603354146482881,0.15251576420297444,0.15251576420297444,0.18628317506041908
gemma3:4b,CAO14747,S,V,0.88,"{""V"": 0.15, ""B"": 0.05, ""E"": 0.05, ""P"": 0.05, ""R"": 0.05, ""S"": 0.15}",1.46,Military Forces of Cameroon (1982-),"On 6 July 2024, the security forces, coded as the military forces, arrested 39 men and 11 women from their private residences in Marumba I (Kumba 1, Meme, Sud-Ouest) during a search operation to dislodge Ambazonian Separatists in the area.",0.49516908212560395,0.8800000000000001,0.17795653560357846,0.16102173219816626,0.16102173219816626,0.16102173219816626,0.16102173219816626,0.17795653560357846
gemma3:4b,CAO10353,B,B,0.92,"{""V"": 0.03, ""B"": 0.85, ""E"": 0.02, ""P"": 0.01, ""R"": 0.0, ""S"": 0.01}",1.46,Military Forces of Cameroon (1982-),"On 19 April 2023, state security forces (coded as military) engaged in an armed confrontation with Ambazonian Separatists in Bamenda - Mankon (Mezam, Nord-Ouest). 4 Separatists were killed, and one soldier was severely wounded. Some ammunition was recovered.",0.6842105263157895,0.92,0.1390551263675552,0.31572464182558224,0.1376715047421676,0.13630165038198083,0.13494542630041736,0.13630165038198083
gemma3:4b,CAO10413,S,V,0.88,"{""V"": 0.15, ""B"": 0.05, ""E"": 0.1, ""P"": 0.05, ""R"": 0.05, ""S"": 0.1}",1.43,Military Forces of Cameroon (1982-),"Property destruction: On 6 April 2023, State security forces (Air Force), coded as the military forces, burned down 7 civilian houses in Maghow, coded to Akwaya (Akwaya,Manyu,Sud-Ouest). The Separatists also stole food items, money and other valuables. The houses were suspected of housing Separatists.",0.49516908212560395,0.8800000000000001,0.17803189328253194,0.1610899186458197,0.1693491753899154,0.1610899186458197,0.1610899186458197,0.1693491753899154
gemma3:4b,CAO3901,S,V,0.87,"{""V"": 0.25, ""B"": 0.05, ""E"": 0.05, ""P"": 0.05, ""R"": 0.05, ""S"": 0.15}",1.44,Military Forces of Cameroon (1982-),"On 17 September 2020, the security forces (assumed Military Forces) arrested 'scores' of civilians during a raid in Bakweri town (Fako, Sud-Ouest).",0.423728813559322,0.8700000000000001,0.1930591218352244,0.15806344020872712,0.15806344020872712,0.15806344020872712,0.15806344020872712,0.17468711732967418
gemma3:4b,CAO13626,B,B,0.92,"{""V"": 0.03, ""B"": 0.89, ""E"": 0.01, ""P"": 0.01, ""R"": 0.0, ""S"": 0.0}",1.43,Boko Haram - Jamaatu Ahli is-Sunnah lid-Dawati wal-Jihad,"On 14 June 2024, Boko Haram (JAS) (likely) militants clashed with the Gendarmerie forces in Tourou (Mokolo, Mayo-Tsanaga, Extreme-Nord). 1 soldier was killed. 4 motorbikes and an ambulance were burnt and several materials looted.",0.6842105263157895,0.92,0.13765668741195644,0.32530487291768073,0.13493090237300243,0.13493090237300243,0.13358831746201627,0.13358831746201627
gemma3:4b,CAO5613,R,V,0.92,"{""V"": 0.03, ""B"": 0.01, ""E"": 0.02, ""P"": 0.01, ""R"": 0.01, ""S"": 0.02}",1.51,Rioters (Cameroon),"On 19 October 2021, a traditional leader and his supporters tortured a pregnant woman and her children and paraded them on the streets of Buea town (Fako, Sud-Ouest) for being the ex-girlfriend of an Ambazonian separatist commander.",0.6842105263157895,0.92,0.16889907078399882,0.1655546451052194,0.167218496950087,0.1655546451052194,0.1655546451052194,0.167218496950087
gemma3:4b,CAO8174,R,V,0.88,"{""V"": 0.15, ""B"": 0.05, ""E"": 0.05, ""P"": 0.05, ""R"": 0.05, ""S"": 0.15}",1.48,Rioters (Cameroon),"On 3 December 2023, a mob killed a suspect who was accused of killing two people with knives in Obala (Obala, Lekie, Centre). The victim was burnt alive by the mob.",0.49516908212560395,0.8800000000000001,0.17795653560357846,0.16102173219816626,0.16102173219816626,0.16102173219816626,0.16102173219816626,0.17795653560357846
gemma3:4b,CAO13505,S,V,0.88,"{""V"": 0.25, ""B"": 0.05, ""E"": 0.05, ""P"": 0.05, ""R"": 0.05, ""S"": 0.15}",1.5,Ambazonian Separatists (Cameroon),"Looting: On 10 April 2024, Ambazonian Separatists from the Restoration Forces faction extorted money from commercial motorbike riders and their passengers in Bulu Camp (Mundemba, Ndian, Sud-Ouest) on their way to the market and farms.",0.49516908212560395,0.8800000000000001,0.1930591218352244,0.15806344020872712,0.15806344020872712,0.15806344020872712,0.15806344020872712,0.17468711732967418
gemma3:4b,CAO3090,B,V,0.88,"{""V"": 0.25, ""B"": 0.05, ""E"": 0.05, ""P"": 0.05, ""R"": 0.05, ""S"": 0.15}",1.47,Ambazonian Separatists (Cameroon),"On 12 March 2020, two groups of Ambazonian separatists clashed in their camp in Vikovi village, near Kikaikom, in Kumbo subdivision (Bui, Nord-Ouest), resulting in 5 deaths.",0.49516908212560395,0.8800000000000001,0.1930591218352244,0.15806344020872712,0.15806344020872712,0.15806344020872712,0.15806344020872712,0.17468711732967418
gemma3:4b,CAO6193,B,V,0.88,"{""V"": 0.15, ""B"": 0.05, ""E"": 0.05, ""P"": 0.05, ""R"": 0.05, ""S"": 0.15}",1.47,Military Forces of Cameroon (1982-),"On 21 June 2022, Cameroonian military forces clashed with Ambazonia separatist in Essu (Fungom, Menchum, Nord-Ouest) leading to the death of 1 separatist and 1 civilian was injured. She was taking to the hospital for treatment.",0.49516908212560395,0.8800000000000001,0.17795653560357846,0.16102173219816626,0.16102173219816626,0.16102173219816626,0.16102173219816626,0.17795653560357846
gemma3:4b,CAO4023,V,V,0.92,"{""V"": 0.15, ""B"": 0.05, ""E"": 0.1, ""P"": 0.05, ""R"": 0.05, ""S"": 0.2}",1.41,Islamic State West Africa Province (ISWAP) - Lake Chad Faction and/or Boko Haram - Jamaatu Ahli is-Sunnah lid-Dawati wal-Jihad,"On 18 November 2020, Boko Haram shot and killed a traditional chief and 3 of his children (total of 4 fatalities) in Satomi village, around Mora (Mayo-Sava, Extreme-Nord).",0.6842105263157895,0.92,0.17491652360397375,0.15827101558964557,0.16638574408347348,0.15827101558964557,0.15827101558964557,0.18388468554343215
gemma3:4b,CAO4443,B,B,0.92,"{""V"": 0.03, ""B"": 0.82, ""E"": 0.01, ""P"": 0.01, ""R"": 0.0, ""S"": 0.03}",1.55,MNJTF: Multinational Joint Task Force,"On 4 March 2021, the MNJTF military forces repelled an attack of Boko Haram in Gouzoudou village (Mayo-Sava, Extreme-Nord). No fatality and/or casualty reported.",0.6842105263157895,0.92,0.14016911362926834,0.30884812404219214,0.13739357921799267,0.13739357921799267,0.13602649026297678,0.14016911362926834
gemma3:4b,CAO10147,B,V,0.88,"{""V"": 0.25, ""B"": 0.05, ""E"": 0.1, ""P"": 0.05, ""R"": 0.05, ""S"": 0.2}",1.43,Military Forces of Cameroon (1982-),"On 3 January 2023, state security forces (coded as military) captured and arrested 1 Ambazonian Separatist in Adiemukong, Bafut commune, coded to Bafut (Mezam, Nord-Ouest). Gunshots could be heard, no casualties. It is unclear if the gunshots were an armed confrontation between the two.",0.49516908212560395,0.8800000000000001,0.18982068865205048,0.1554120353698744,0.1633801808133173,0.1554120353698744,0.1554120353698744,0.1805630244248192
gemma3:4b,CAO7973,S,V,0.86,"{""V"": 0.15, ""B"": 0.05, ""E"": 0.1, ""P"": 0.05, ""R"": 0.05, ""S"": 0.1}",1.53,Islamic State West Africa Province (ISWAP) and/or Boko Haram - Jamaatu Ahli is-Sunnah lid-Dawati wal-Jihad,"Looting: On 18 October 2023, ISWAP or Boko Haram militants demanded money and food items from fishermen in the Tsoukiya zone around Darak (Darak, Logone-et-Chari, Extreme-Nord) as taxes for fishing rights. The militants also searched the fishermen for mobile phones and any person from Darak. Finding neither the militants retreated toward Nigeria.",0.4,0.86,0.17803189328253194,0.1610899186458197,0.1693491753899154,0.1610899186458197,0.1610899186458197,0.1693491753899154
gemma3:4b,CAO9827,V,V,0.88,"{""V"": 0.15, ""B"": 0.05, ""E"": 0.03, ""P"": 0.02, ""R"": 0.02, ""S"": 0.03}",1.42,Military Forces of Cameroon (1982-),"On 7 January 2023, the state security forces, coded as the military forces shot and killed a masquerade in Bambui (Tubah, Mezam, Nord-Ouest) accusing him of being an Ambazonian Separatists.",0.49516908212560395,0.8800000000000001,0.18399706999211354,0.16648743373784575,0.1631907616720827,0.16156698646284562,0.16156698646284562,0.1631907616720827
gemma3:4b,CAO7395,B,B,0.92,"{""V"": 0.03, ""B"": 0.89, ""E"": 0.01, ""P"": 0.01, ""R"": 0.0, ""S"": 0.0}",1.41,Military Forces of Cameroon (1982-) Rapid Intervention Battalion,"On 23 June 2023, the military forces (Rapid Intervention) ambushed Boko Haram (JAS) (likely) militants in Ganse (Kolofata, Mayo-Sava, Extreme-Nord). 1 militant was killed and various items recovered by the military forces.",0.6842105263157895,0.92,0.13765668741195644,0.32530487291768073,0.13493090237300243,0.13493090237300243,0.13358831746201627,0.13358831746201627
gemma3:4b,CAO6147,V,V,0.89,"{""V"": 0.25, ""B"": 0.05, ""E"": 0.1, ""P"": 0.05, ""R"": 0.05, ""S"": 0.1}",1.44,Ambazonian Separatists (Cameroon),"On 1 June 2022, Ambazonia separatists abducted 9 commercial bike riders near Fundong (Njinikom, Boyo, Nord-Ouest) after they had participated in the 20th May celebration despite the ban imposed by the Separatists. The Separatists also burnt their motorbikes.",0.49516908212560395,0.8899999999999999,0.19313937228118166,0.15812914371678055,0.16623659828414178,0.15812914371678055,0.15812914371678055,0.16623659828414178
gemma3:4b,CAO16029,V,V,0.88,"{""V"": 0.25, ""B"": 0.05, ""E"": 0.1, ""P"": 0.05, ""R"": 0.05, ""S"": 0.1}",1.45,Ambazonian Separatists (Cameroon),"On 22 October 2024, Ambazonian Separatists abducted a male civilian from his private residences in Bamenda - Nkwen (Bamenda 3, Mezam, Nord-Ouest) for an unknown reason.",0.49516908212560395,0.8800000000000001,0.19313937228118166,0.15812914371678055,0.16623659828414178,0.15812914371678055,0.15812914371678055,0.16623659828414178
gemma3:4b,CAO11761,B,B,0.92,"{""V"": 0.03, ""B"": 0.85, ""E"": 0.01, ""P"": 0.01, ""R"": 0.0, ""S"": 0.0}",1.47,Military Forces of Cameroon (1982-),"On 16 July 2023, state security forces (coded as military) engaged in an armed confrontation with Ambazonian Separatists in Agyati (Mezam, Nord-Ouest). No casualties.",0.6842105263157895,0.92,0.13943523776324193,0.31658768468773313,0.13667423506774173,0.13667423506774173,0.1353143037066124,0.1353143037066124
gemma3:4b,CAO11220,B,V,0.9,"{""V"": 0.35, ""B"": 0.05, ""E"": 0.03, ""P"": 0.02, ""R"": 0.01, ""S"": 0.04}",1.39,Military Forces of Cameroon (1982-),"On 8 November 2023, the military forces attacked Ambazonian Separatists from the Restoration Forces during an operation in Mfuni (Mamfe, Manyu, Sud-Ouest). The military forces shot and killed one, while several others sustained life-threatening injuries.",0.5081967213114754,0.8999999999999999,0.21593103457332075,0.15996564482256997,0.15679811282974274,0.1552379455392701,0.15369330217271676,0.15837396006216387
gemma3:4b,CAO3650,R,V,0.87,"{""V"": 0.15, ""B"": 0.05, ""E"": 0.05, ""P"": 0.05, ""R"": 0.05, ""S"": 0.15}",1.46,Rioters (Cameroon),"On 5 September 2020, residents beat one woman to death in Yokosire village (Lom-Et-Djerem, Est) after she was accused of attempting to use witchcraft against her co-wife.",0.423728813559322,0.8700000000000001,0.17795653560357846,0.16102173219816626,0.16102173219816626,0.16102173219816626,0.16102173219816626,0.17795653560357846
gemma3:4b,CAO12120,V,V,0.9,"{""V"": 0.35, ""B"": 0.02, ""E"": 0.01, ""P"": 0.01, ""R"": 0.01, ""S"": 0.1}",1.47,Military Forces of Cameroon (1982-),"On 13 August 2023, state security forces, coded as military forces, shot and killed a suspected Ambazonian Separatist in Nkundu quarter in Njenka (Balikumbat, Ngo-Ketunjia, Nord-Ouest) and left his body by the road. He had been arrested earlier from his private residence after a tip-off.",0.5081967213114754,0.8999999999999999,0.21584121323535693,0.15517337084763927,0.1536293700100033,0.1536293700100033,0.1536293700100033,0.16809730588677804
gemma3:4b,CAO13210,B,V,0.88,"{""V"": 0.15, ""B"": 0.05, ""E"": 0.05, ""P"": 0.05, ""R"": 0.05, ""S"": 0.15}",1.46,Military Forces of Cameroon (1982-),"On 23 March 2024, state security forces, coded as the military forces, fired several warning gunshots to dislodge and dismantle an Ambazonian Separatist illegal checkpoint in Bobong (Njinikom, Boyo, Nord-Ouest). There were no fatalities or injuries.",0.49516908212560395,0.8800000000000001,0.17795653560357846,0.16102173219816626,0.16102173219816626,0.16102173219816626,0.16102173219816626,0.17795653560357846
gemma3:4b,CAO10312,S,V,0.88,"{""V"": 0.25, ""B"": 0.05, ""E"": 0.05, ""P"": 0.05, ""R"": 0.05, ""S"": 0.15}",1.47,Ambazonian Separatists (Cameroon),"Property destruction: On 28 April 2023, Ambazonian Separatists Restoration forces burned a vehicle belonging to an unnamed road construction company working along the Kumba -Mundemba road axis in Dibonda (Toko, Ndian, Sud-Ouest). The burning was an attempt by the perpetrators to enforce the ban on any government sponsored projects especially reconstruction projects the perpetrators had declared.",0.49516908212560395,0.8800000000000001,0.1930591218352244,0.15806344020872712,0.15806344020872712,0.15806344020872712,0.15806344020872712,0.17468711732967418
gemma3:4b,CAO4521,V,V,0.92,"{""V"": 0.15, ""B"": 0.05, ""E"": 0.1, ""P"": 0.05, ""R"": 0.05, ""S"": 0.2}",1.46,Islamic State West Africa Province (ISWAP) - Lake Chad Faction and/or Boko Haram - Jamaatu Ahli is-Sunnah lid-Dawati wal-Jihad,"On 3 April 2021, Boko Haram fighters nightly attacked Goudjimdele village, Mora subdivision (Mayo-Sava, Extreme-Nord), killing 2 people.",0.6842105263157895,0.92,0.17491652360397375,0.15827101558964557,0.16638574408347348,0.15827101558964557,0.15827101558964557,0.18388468554343215
gemma3:4b,CAO8337,V,V,0.88,"{""V"": 0.25, ""B"": 0.05, ""E"": 0.1, ""P"": 0.05, ""R"": 0.05, ""S"": 0.1}",1.42,Boko Haram - Jamaatu Ahli is-Sunnah lid-Dawati wal-Jihad,"Around 30 December 2023 (as reported), Boko Haram (JAS) (likely) militants attacked Soukoule, coded to Mora (Mora, Mayo-Sava, Extreme-Nord). 1 civilian was killed and 3 motorbikes were taken away.",0.49516908212560395,0.8800000000000001,0.19313937228118166,0.15812914371678055,0.16623659828414178,0.15812914371678055,0.15812914371678055,0.16623659828414178
gemma3:4b,CAO9705,V,V,0.88,"{""V"": 0.15, ""B"": 0.05, ""E"": 0.05, ""P"": 0.05, ""R"": 0.05, ""S"": 0.15}",1.4,Military Forces of Cameroon (1982-),"On 23 June 2022, military forces shot and killed two male civilians in Ekombe Bonji (Kumba 1, Meme, Sud-Ouest).",0.49516908212560395,0.8800000000000001,0.17795653560357846,0.16102173219816626,0.16102173219816626,0.16102173219816626,0.16102173219816626,0.17795653560357846
gemma3:4b,CAO13243,S,V,0.88,"{""V"": 0.12, ""B"": 0.05, ""E"": 0.03, ""P"": 0.02, ""R"": 0.02, ""S"": 0.02}",1.47,Boko Haram - Jamaatu Ahli is-Sunnah lid-Dawati wal-Jihad,"Looting: On 26 April 2024, ISWAP or Boko Haram militants looted some 150 oxen and cows in a grazing area in Dougza (Kolofata, Mayo-Sava, Extreme-Nord).",0.49516908212560395,0.8800000000000001,0.17982903533637812,0.16767148118728734,0.1643513634111576,0.1627160400216657,0.1627160400216657,0.1627160400216657
gemma3:4b,CAO6787,S,V,0.88,"{""V"": 0.15, ""B"": 0.05, ""E"": 0.05, ""P"": 0.05, ""R"": 0.05, ""S"": 0.15}",1.51,Boko Haram - Jamaatu Ahli is-Sunnah lid-Dawati wal-Jihad,"Looting: On 4 December 2022, Boko Haram [JAS] looted farmers in Amchide (Kolofata, Mayo-Sava, Extreme-Nord) stealing 2 motorbikes and 1 bicycle.",0.49516908212560395,0.8800000000000001,0.17795653560357846,0.16102173219816626,0.16102173219816626,0.16102173219816626,0.16102173219816626,0.17795653560357846
gemma3:4b,CAO4545,B,B,0.92,"{""V"": 0.03, ""B"": 0.05, ""E"": 0.02, ""P"": 0.01, ""R"": 0.01, ""S"": 0.02}",1.51,Military Forces of Cameroon (1982-),"On 12 April 2021, the military forces repelled a nightly attack of Boko Haram fighters in Djanpala village, assumedly in Mora subdivision (Mayo-Sava, Extreme-Nord). One assailant was killed, and foodstuffs retrieved.",0.6842105263157895,0.92,0.16776557721722551,0.17115466668737564,0.16609628183274733,0.16444359621486646,0.16444359621486646,0.16609628183274733
gemma3:4b,CAO3621,P,P,0.92,"{""V"": 0.03, ""B"": 0.01, ""E"": 0.01, ""P"": 0.85, ""R"": 0.01, ""S"": 0.0}",1.42,Protesters (Cameroon),"On 28 August 2020, women of the SUFC movement demonstrated in the Nord-ouest region, around Bamenda town (Mezam, Nord-Ouest), calling for a ceasefire in the North West and South West regions.",0.6842105263157895,0.92,0.1392458729337315,0.13648861991308467,0.13648861991308467,0.31615773187309537,0.13648861991308467,0.13513053545360285
gemma3:4b,CAO6152,B,V,0.92,"{""V"": 0.03, ""B"": 0.02, ""E"": 0.02, ""P"": 0.01, ""R"": 0.01, ""S"": 0.01}",1.46,Military Forces of Cameroon (1982-),"On 10 June 2022, Cameroonian military forces exchanged gunshots with suspected separatists and killed 2 civilians in Belo (Tubah, Mezam, Nord-Ouest). Unclear why the military was targeting civilians.",0.6842105263157895,0.92,0.16889907078399885,0.16721849695008703,0.16721849695008703,0.16555464510521942,0.16555464510521942,0.16555464510521942
gemma3:4b,CAO6296,P,P,0.87,"{""V"": 0.03, ""B"": 0.01, ""E"": 0.01, ""P"": 0.87, ""R"": 0.01, ""S"": 0.0}",1.45,Protesters (Cameroon),"Around 15 July 2022, residents of Koza and Gaboua protested in front of the sub-prefecture of Koza in Koza (Koza, Mayo-Tsanaga, Extreme-Nord) after a Boko Haram attack. They protested against the lack of security measures in the community.",0.423728813559322,0.8700000000000001,0.13836218000051362,0.1356224252723339,0.1356224252723339,0.3204975845886309,0.1356224252723339,0.13427295959353314
gemma3:4b,CAO4239,B,B,0.92,"{""V"": 0.03, ""B"": 0.92, ""E"": 0.01, ""P"": 0.01, ""R"": 0.0, ""S"": 0.01}",1.47,Military Forces of Cameroon (1982-),"On 24 December 2020, the military forces repelled an attack of Boko Haram in Makoulahe village, Mora subdivision (Mayo-Sava, Extreme-Nord), killing one assailant.",0.6842105263157895,0.92,0.13612533279266562,0.3314828341751219,0.13342987060681138,0.13342987060681138,0.1321022212114466,0.13342987060681138
gemma3:4b,CAO6523,B,B,0.92,"{""V"": 0.03, ""B"": 0.88, ""E"": 0.02, ""P"": 0.01, ""R"": 0.0, ""S"": 0.0}",1.45,Boko Haram - Jamaatu Ahli is-Sunnah lid-Dawati wal-Jihad,"On 12 September 2022, Boko Haram (JAS) fighters ambushed the Cameroonian military forces on the Limani - Mora Road, coded to Limani (Mora, Mayo-Sava, Extreme-Nord). Unknown fatalities or injuries but 4 motorbikes, mobile phones and a luggage were stolen by the assailants.",0.6842105263157895,0.92,0.13791607437270162,0.32267490923608216,0.13654378650403112,0.1351851531277979,0.13384003837953215,0.13384003837953215
gemma3:4b,CAO5844,B,V,0.92,"{""V"": 0.03, ""B"": 0.02, ""E"": 0.03, ""P"": 0.02, ""R"": 0.01, ""S"": 0.09}",1.49,Military Forces of Cameroon (1982-),"On 25 January 2022, the military intercepted Ambazonian separatists and engaged in fire fights with them in Bamenyam town, Penka-Michel subdivision (Menoua, Ouest). At least one soldier was killed and several others injured.",0.6842105263157895,0.92,0.1660540686493643,0.16440180305967608,0.1660540686493643,0.16440180305967608,0.16276597778729576,0.17632227879444706
gemma3:4b,CAO9976,S,E,0.97,"{""V"": 0.01, ""B"": 0.01, ""E"": 0.97, ""P"": 0.0, ""R"": 0.0, ""S"": 0.01}",1.54,Military Forces of Cameroon (1982-),"Defusal: On 1 October 2021, state forces, coded as military, defused an IED planted by Ambazonian Separatists in Oku (Bui, Nord-Ouest).",0.6842105263157895,0.9699999999999999,0.13172113442422878,0.13172113442422878,0.3440156222510507,0.1304104872379595,0.1304104872379595,0.13172113442422878
gemma3:4b,CAO12429,B,V,0.89,"{""V"": 0.89, ""B"": 0.02, ""E"": 0.01, ""P"": 0.01, ""R"": 0.01, ""S"": 0.01}",1.44,Ambazonian Separatists (Cameroon),"On 28 July 2023, Ambazonian Separatists exchanged fire with other Ambazonian Separatists in Bali (Mezam, Nord-Ouest) in a dispute over money extorted from civilians. Two Ambazonian Separatists were killed and their bodies were abandoned in the forest.",0.49516908212560395,0.8899999999999999,0.3248775086091381,0.13610793554751158,0.13475363896075632,0.13475363896075632,0.13475363896075632,0.13475363896075632
gemma3:4b,CAO12201,S,V,0.88,"{""V"": 0.15, ""B"": 0.05, ""E"": 0.05, ""P"": 0.05, ""R"": 0.05, ""S"": 0.15}",1.45,Ambazonian Separatists (Cameroon),"Other: On 11 August 2023, Ambazonian Separatists fired gunshots in the air and rounded up civilians in Ikiliwindi Mile 10 (Meme, Sud-Ouest). They accused the population of collaborating with state security forces and threatened to kill anyone who collaborated with them.",0.49516908212560395,0.8800000000000001,0.17795653560357846,0.16102173219816626,0.16102173219816626,0.16102173219816626,0.16102173219816626,0.17795653560357846
gemma3:4b,CAO6363,B,B,0.93,"{""V"": 0.03, ""B"": 0.93, ""E"": 0.02, ""P"": 0.01, ""R"": 0.01, ""S"": 0.01}",1.44,Military Forces of Cameroon (1982-),"Around 7 August 2022, the Cameroonian military forces clashed with Boko Haram (JAS) (likely) fighters in Mora (Mora, Mayo-Sava, Extreme-Nord) killing many. The military also recovered weapons including 2 Kalashnikov rifles.",0.6842105263157895,0.93,0.13531343866209786,0.33281735471464097,0.13396704745143823,0.13263405305716333,0.13263405305716333,0.13263405305716333
gemma3:4b,CAO7132,B,V,0.88,"{""V"": 0.25, ""B"": 0.05, ""E"": 0.1, ""P"": 0.05, ""R"": 0.05, ""S"": 0.2}",1.45,Islamic State West Africa Province (ISWAP) and/or Boko Haram - Jamaatu Ahli is-Sunnah lid-Dawati wal-Jihad,"Around 5 March 2023, suspected ISWAP or Boko Haram fighters clashed with the Cameroonian military forces in Marouare, coded to Ngaoundere (Ngaoundere 1, Vina, Adamaoua). 2 fighters were killed while 2 civilians were wounded.",0.49516908212560395,0.8800000000000001,0.18982068865205048,0.1554120353698744,0.1633801808133173,0.1554120353698744,0.1554120353698744,0.1805630244248192
gemma3:4b,CAO4190,V,V,0.88,"{""V"": 0.25, ""B"": 0.05, ""E"": 0.1, ""P"": 0.05, ""R"": 0.05, ""S"": 0.1}",1.48,Ambazonian Separatists (Cameroon),"On 4 January 2021, Ambazonian separatists burnt a transport truck, killed the driver and reportedly injured his assistant in Ewili village, around Buea (Fako, Sud-Ouest). They accused the victims of not respecting their stop order.",0.49516908212560395,0.8800000000000001,0.19313937228118166,0.15812914371678055,0.16623659828414178,0.15812914371678055,0.15812914371678055,0.16623659828414178
gemma3:4b,CAO13670,V,V,0.87,"{""V"": 0.25, ""B"": 0.05, ""E"": 0.05, ""P"": 0.05, ""R"": 0.05, ""S"": 0.15}",1.45,Military Forces of Cameroon (1982-) Rapid Intervention Battalion,"On 15 April 2024, state security forces, coded as the military forces from the Rapid Intervention, beat and arrested 2 civilian from the road in Bonganjo (Buea, Fako, Sud-Ouest). There were no fatalities.",0.423728813559322,0.8700000000000001,0.1930591218352244,0.15806344020872712,0.15806344020872712,0.15806344020872712,0.15806344020872712,0.17468711732967418
gemma3:4b,CAO8729,V,V,0.88,"{""V"": 0.15, ""B"": 0.05, ""E"": 0.05, ""P"": 0.05, ""R"": 0.05, ""S"": 0.05}",1.42,Ambazonian Separatists (Cameroon),"On 10 February 2024, Ambazonian Separatists from the Fako Mountain Lions faction fired several shots as a warning to enforce the Separatist-imposed lockdown in Bokova (Buea, Fako, Sud-Ouest) against the Youth Day celebration. There were no fatalities.",0.49516908212560395,0.8800000000000001,0.18102210943896027,0.16379557811217174,0.16379557811217174,0.16379557811217174,0.16379557811217174,0.16379557811217174
gemma3:4b,CAO10745,B,V,0.88,"{""V"": 0.15, ""B"": 0.05, ""E"": 0.1, ""P"": 0.05, ""R"": 0.05, ""S"": 0.1}",1.44,Ambazonian Separatists (Cameroon),"On 2 June 2023, Ambazonian Separatists detonated an IED targeting a state security forces convoy (coded as military) in Bufi (Menchum, Nord-Ouest). The explosion missed the target, but the soldiers stopped and fired gunshots in the area which caused civilians to flee.",0.49516908212560395,0.8800000000000001,0.17803189328253194,0.1610899186458197,0.1693491753899154,0.1610899186458197,0.1610899186458197,0.1693491753899154
gemma3:4b,CAO2881,V,V,0.92,"{""V"": 0.35, ""B"": 0.05, ""E"": 0.1, ""P"": 0.05, ""R"": 0.05, ""S"": 0.4}",1.44,Military Forces of Cameroon (1982-),"On 23 January 2020, the military forces attacked the villages of Bekora Barombi, Ndoh, Njima, Mokono Barombi and Mberenge, in Ekondo Titi subdivision (Ndian, Sud-Ouest). They reportedly killed at least 14 civilians, and injured at least 3 people including a humanitarian worker and two beneficiaries of a humanitarian project.",0.6842105263157895,0.92,0.19792078117503145,0.14662332094602243,0.15414085936521865,0.14662332094602243,0.14662332094602243,0.20806839662147444
gemma3:4b,CAO12755,R,V,0.88,"{""V"": 0.25, ""B"": 0.05, ""E"": 0.05, ""P"": 0.05, ""R"": 0.05, ""S"": 0.15}",1.44,Rioters (Cameroon),"On 4 April 2022, residents killed 1 Ambazonian Separatist fighter in Mbengwi (Mbengwi, Momo, Nord-Ouest) because of the atrocities committed by the separatists in their community.",0.49516908212560395,0.8800000000000001,0.1930591218352244,0.15806344020872712,0.15806344020872712,0.15806344020872712,0.15806344020872712,0.17468711732967418
gemma3:4b,CAO11779,V,V,0.88,"{""V"": 0.15, ""B"": 0.05, ""E"": 0.05, ""P"": 0.05, ""R"": 0.05, ""S"": 0.05}",1.43,Military Forces of Cameroon (1982-),"On 14 May 2022, state security forces, coded as military, killed a female civilian in Tobin (Bui, Nord-Ouest). The women who approached the military base and was mistaken to be an intruder.",0.49516908212560395,0.8800000000000001,0.18102210943896027,0.16379557811217174,0.16379557811217174,0.16379557811217174,0.16379557811217174,0.16379557811217174
gemma3:4b,CAO10497,V,V,0.88,"{""V"": 0.25, ""B"": 0.05, ""E"": 0.05, ""P"": 0.05, ""R"": 0.05, ""S"": 0.15}",1.48,Military Forces of Cameroon (1982-),"On 16 March 2023, state security forces (coded as military) fired shots at a vehicle, injuring some civilians, at a vehicular checkpoint in Ntarinkon (Bamenda - Mankon, Mezam, Nord-Ouest) after the driver failed to stop.",0.49516908212560395,0.8800000000000001,0.1930591218352244,0.15806344020872712,0.15806344020872712,0.15806344020872712,0.15806344020872712,0.17468711732967418
gemma3:4b,CAO5725,V,V,0.92,"{""V"": 0.03, ""B"": 0.02, ""E"": 0.02, ""P"": 0.01, ""R"": 0.01, ""S"": 0.03}",1.44,Military Forces of Cameroon (1982-),"On 27 October 2021, the military forces alongside Fulani militiamen attacked and killed a 15 year old boy in Ngarbuh village, near Ntamruh, Ndu subdivision (Donga-Mantung, Nord-Ouest). He was accused of collaborating with Ambazonian separatists fighters.",0.6842105263157895,0.92,0.168336083264464,0.1666611112499687,0.1666611112499687,0.1650028054854831,0.1650028054854831,0.168336083264464
gemma3:4b,CAO6214,S,V,0.88,"{""V"": 0.25, ""B"": 0.05, ""E"": 0.05, ""P"": 0.05, ""R"": 0.05, ""S"": 0.15}",1.49,Boko Haram - Jamaatu Ahli is-Sunnah lid-Dawati wal-Jihad,"Property destruction: Around 20 June 2022, Boko Haram (JAS) (likely) burnt houses and looted items in Djakana village, around Limani (Limani, Mayo-Sava, Extreme-Nord), including 4 bicycles.",0.49516908212560395,0.8800000000000001,0.1930591218352244,0.15806344020872712,0.15806344020872712,0.15806344020872712,0.15806344020872712,0.17468711732967418
gemma3:4b,CAO12645,B,V,0.88,"{""V"": 0.25, ""B"": 0.05, ""E"": 0.1, ""P"": 0.05, ""R"": 0.05, ""S"": 0.1}",1.44,Military Forces of Cameroon (1982-),"On 15 January 2022, Ambazonian separatists and the military engaged in an armed clash at Total gas station in Bamunka near Bamenda (Bamenda 1, Mezam, Nord-Ouest). Three civilians were killed in the crossfire.",0.49516908212560395,0.8800000000000001,0.19313937228118166,0.15812914371678055,0.16623659828414178,0.15812914371678055,0.15812914371678055,0.16623659828414178
gemma3:4b,CAO3193,B,B,0.92,"{""V"": 0.03, ""B"": 0.89, ""E"": 0.01, ""P"": 0.01, ""R"": 0.0, ""S"": 0.0}",1.47,Military Forces of Cameroon (1982-) Rapid Intervention Battalion,"On 18 April 2020, the military's rapid intervention battalion engaged in a fire fight with Ambazonian separatists in Oku village, Belo subdivision (Boyo, Nord-Ouest). Some separatists were killed. Some fatalities coded as 3.",0.6842105263157895,0.92,0.13765668741195644,0.32530487291768073,0.13493090237300243,0.13493090237300243,0.13358831746201627,0.13358831746201627
gemma3:4b,CAO3287,V,V,0.88,"{""V"": 0.25, ""B"": 0.05, ""E"": 0.1, ""P"": 0.05, ""R"": 0.05, ""S"": 0.1}",1.46,Islamic State West Africa Province (ISWAP) - Lake Chad Faction and/or Boko Haram - Jamaatu Ahli is-Sunnah lid-Dawati wal-Jihad,"On 18 May 2020, Boko Haram attacked the village of Tolkomari, Kolofata subdivision (Mayo-Sava, Extreme-Nord). No fatality and/or casualty reported.",0.49516908212560395,0.8800000000000001,0.19313937228118166,0.15812914371678055,0.16623659828414178,0.15812914371678055,0.15812914371678055,0.16623659828414178
gemma3:4b,CAO8924,B,V,0.89,"{""V"": 0.89, ""B"": 0.03, ""E"": 0.02, ""P"": 0.01, ""R"": 0.01, ""S"": 0.02}",1.45,Military Forces of Cameroon (1982-),"On 29 May 2022, the military forces in a joint operation with the self-defense militia (COVI) ambushed Ambazonian Separatist fighter at a checkpoint in Ngarum (Ndu, Donga-Mantung, Nord-Ouest). 1 separatist was killed.",0.49516908212560395,0.8899999999999999,0.32355852207799457,0.1369176979541775,0.13555534409685224,0.13420654588689981,0.13420654588689981,0.13555534409685224
gemma3:4b,CAO2836,V,V,0.88,"{""V"": 0.25, ""B"": 0.05, ""E"": 0.05, ""P"": 0.05, ""R"": 0.05, ""S"": 0.15}",1.44,Military Forces of Cameroon (1982-),"On 13 January 2020, the military forces attacked Kumbo town, in Jakiri subdivision (Bui, Nord-Ouest). They reportedly killed one person, and burnt over 8 houses in several areas of the town.",0.49516908212560395,0.8800000000000001,0.1930591218352244,0.15806344020872712,0.15806344020872712,0.15806344020872712,0.15806344020872712,0.17468711732967418
gemma3:4b,CAO10508,B,V,0.92,"{""V"": 0.35, ""B"": 0.05, ""E"": 0.1, ""P"": 0.03, ""R"": 0.02, ""S"": 0.45}",1.55,Military Forces of Cameroon (1982-),"On 14 March 2023, the state security forces, coded as military, shot and killed 3 Ambazonian Separatists at the Ndekwai - Ntenako road axis, coded to Ntenaku (Mamfe, Manyu, Sud-Ouest).",0.6842105263157895,0.92,0.19724400061401623,0.14612194957501917,0.15361378213433252,0.1432285411144304,0.1418033933184777,0.21798833324350592
gemma3:4b,CAO3184,B,B,0.92,"{""V"": 0.03, ""B"": 0.85, ""E"": 0.01, ""P"": 0.01, ""R"": 0.0, ""S"": 0.0}",1.43,Ambazonian Separatists (Cameroon),"On 15 April 2020, Ambazonian separatists engaged in fire fights with military forces in Bafut town, Bamenda subdivision (Mezam, Nord-Ouest). No fatality and/or casualty reported.",0.6842105263157895,0.92,0.13943523776324193,0.31658768468773313,0.13667423506774173,0.13667423506774173,0.1353143037066124,0.1353143037066124
gemma3:4b,CAO5032,B,V,0.88,"{""V"": 0.15, ""B"": 0.05, ""E"": 0.05, ""P"": 0.05, ""R"": 0.05, ""S"": 0.05}",1.43,Military Forces of Cameroon (1982-),"On 10 February 2021, the military forces repelled an incursion of Ambazonian separatists in Meanja water tank neighborhood of Muyuka town (Fako, Sud-Ouest). No fatality and/or casualty reported.",0.49516908212560395,0.8800000000000001,0.18102210943896027,0.16379557811217174,0.16379557811217174,0.16379557811217174,0.16379557811217174,0.16379557811217174
gemma3:4b,CAO5789,S,S,0.88,"{""V"": 0.03, ""B"": 0.02, ""E"": 0.02, ""P"": 0.03, ""R"": 0.02, ""S"": 0.88}",1.47,Military Forces of Cameroon (1982-),"Around 21 December 2021 (as reported), the security forces (assumedly Military Forces) arrested at least 30 people including 7 Chadians and seized machetes, knives and spears during a security operation in Kousseri town (Logone-et-Chari, Extreme-Nord). The aim was to restore peace in the city in the context of tensions between the Musgum and Arab Shoa communities.",0.49516908212560395,0.8800000000000001,0.1368027167494943,0.13544150697427135,0.13544150697427135,0.1368027167494943,0.13544150697427135,0.3200700455778773
gemma3:4b,CAO13094,V,V,0.88,"{""V"": 0.25, ""B"": 0.05, ""E"": 0.1, ""P"": 0.05, ""R"": 0.05, ""S"": 0.1}",1.46,Ambazonian Separatists (Cameroon),"On 19 March 2024, Ambazonian Separatists from the Restoration Forces faction shot and injured a civilian in his private residence in Bole (Kumba 1, Meme, Sud-Ouest). They accused the man of collaborating with the military forces.",0.49516908212560395,0.8800000000000001,0.19313937228118166,0.15812914371678055,0.16623659828414178,0.15812914371678055,0.15812914371678055,0.16623659828414178
gemma3:4b,CAO2871,B,V,0.92,"{""V"": 0.03, ""B"": 0.01, ""E"": 0.02, ""P"": 0.01, ""R"": 0.01, ""S"": 0.02}",1.46,Military Forces of Cameroon (1982-),"On 21 January 2020, the military forces attacked an Ambazonian separatists' camp in Kossala village, Kumba subdivision (Ndian, Sud-Ouest) [coded: Kumba], killing two Ambazonian separatists. The military also rescued 23 children hostages.",0.6842105263157895,0.92,0.16889907078399882,0.1655546451052194,0.167218496950087,0.1655546451052194,0.1655546451052194,0.167218496950087
gemma3:4b,CAO11284,V,V,0.85,"{""V"": 0.25, ""B"": 0.05, ""E"": 0.1, ""P"": 0.15, ""R"": 0.1, ""S"": 0.25}",1.48,Ambazonian Separatists (Cameroon),"On 15 December 2023, Ambazonian Separatists temporally detained a civilian masked in a traditional masquerade outfit at an illegal vehicle checkpoint for two hours alongside some motorcycle riders in Ngwa (Bangangte, Nde, Ouest). They were accused of not having paid a stipulated sum of money motorcycle riders pay before plying the road.",0.4,0.85,0.1836552645945635,0.150364213088243,0.15807355114899532,0.1661781554244558,0.15807355114899532,0.1836552645945635
gemma3:4b,CAO3310,V,V,0.88,"{""V"": 0.15, ""B"": 0.05, ""E"": 0.05, ""P"": 0.05, ""R"": 0.05, ""S"": 0.15}",1.43,Military Forces of Cameroon (1982-),"On 28 May 2020, military forces killed four people suspected to be armed bandits in Bonduma neighbourhood of Buea town (Fako, Sud-Ouest). Residents say the victims were not armed.",0.49516908212560395,0.8800000000000001,0.17795653560357846,0.16102173219816626,0.16102173219816626,0.16102173219816626,0.16102173219816626,0.17795653560357846
gemma3:4b,CAO12582,S,V,0.84,"{""V"": 0.25, ""B"": 0.05, ""E"": 0.1, ""P"": 0.15, ""R"": 0.05, ""S"": 0.2}",1.44,Ambazonian Separatists (Cameroon),"Other: On 20 May 2022, Ambazonian Separatists fired warning shots for about 30 minutes in Alabukam near Nlabakam (Bamenda - Mankon, Mezam, Nord-Ouest) to enforce the lockdown for 20 May.",0.20588235294117646,0.84,0.18676799813796632,0.15291270376636426,0.16075270573828795,0.16899467320690234,0.15291270376636426,0.17765921538392812
gemma3:4b,CAO12898,V,V,0.88,"{""V"": 0.15, ""B"": 0.05, ""E"": 0.08, ""P"": 0.04, ""R"": 0.03, ""S"": 0.06}",1.46,Military Forces of Cameroon (1982-),"On 14 February 2024, security forces, coded as the military shot and killed a traditional doctor at his residence in Bessom, coded to Batibo (Batibo, Momo, Nord-Ouest) during a cordon and search operation. They accused the victim of providing fortification charms to Ambazonian Separatists.",0.49516908212560395,0.8800000000000001,0.18070383073370105,0.16350758763028916,0.16848713500943344,0.1618806599500953,0.16026992047079744,0.1651508662055028
gemma3:4b,CAO13115,B,B,0.92,"{""V"": 0.03, ""B"": 0.85, ""E"": 0.02, ""P"": 0.01, ""R"": 0.0, ""S"": 0.01}",1.47,Ambazonian Separatists (Cameroon),"On 20 March 2024, Ambazonian Separatists from the Restoration Forces faction clashed with the military forces from the Rapid Intervention in Bombe Bakundu (Kumba 3, Meme, Sud-Ouest) during an operation to dislodge Separatists hideouts. 1 Separatist was killed. The military forces recovered a weapon.",0.6842105263157895,0.92,0.1390551263675552,0.31572464182558224,0.1376715047421676,0.13630165038198083,0.13494542630041736,0.13630165038198083
gemma3:4b,CAO11938,B,V,0.87,"{""V"": 0.15, ""B"": 0.05, ""E"": 0.05, ""P"": 0.05, ""R"": 0.05, ""S"": 0.15}",1.48,Military Forces of Cameroon (1982-) Gendarmerie,"On 10 October 2023, Gendarmerie forces, clashed with Ambazonian Separatists at an illegal Separatist checkpoint in Bamessing (Tubah, Mezam, Nord-Ouest) as Separatists were looting money from commercial vehicles. Casualties unknown. No information on the injuries. The military forces seized 2 motorbikes.",0.423728813559322,0.8700000000000001,0.17795653560357846,0.16102173219816626,0.16102173219816626,0.16102173219816626,0.16102173219816626,0.17795653560357846
gemma3:4b,CAO13051,S,V,0.88,"{""V"": 0.25, ""B"": 0.05, ""E"": 0.1, ""P"": 0.05, ""R"": 0.05, ""S"": 0.2}",1.46,Boko Haram - Jamaatu Ahli is-Sunnah lid-Dawati wal-Jihad,"Property destruction: Around 3 April 2024 (as reported), suspected ISWAP or Boko Haram militants removed sheet metal Roofs of schools and professional training buildings in Tchahack (Chahack) (Darak, Logone-et-Chari, Extreme-Nord).",0.49516908212560395,0.8800000000000001,0.18982068865205048,0.1554120353698744,0.1633801808133173,0.1554120353698744,0.1554120353698744,0.1805630244248192
gemma3:4b,CAO11684,V,V,0.92,"{""V"": 0.03, ""B"": 0.02, ""E"": 0.02, ""P"": 0.01, ""R"": 0.01, ""S"": 0.01}",1.53,Ambazonian Separatists (Cameroon),"On 26 June 2023, Ambazonian Separatists from the Restoration Forces shot and killed two members of the state security forces (coded as military) in Konye (Meme, Sud-Ouest). The soldiers had been previously abducted by the Separatists on 25 June 2023 (coded separately).",0.6842105263157895,0.92,0.16889907078399885,0.16721849695008703,0.16721849695008703,0.16555464510521942,0.16555464510521942,0.16555464510521942
gemma3:4b,CAO14510,V,V,0.88,"{""V"": 0.25, ""B"": 0.05, ""E"": 0.1, ""P"": 0.05, ""R"": 0.05, ""S"": 0.2}",1.47,Boko Haram - Jamaatu Ahli is-Sunnah lid-Dawati wal-Jihad,"On 20 August 2024, Boko Haram (JAS) (likely) militants abducted 2 farmers from their fields in Alagarno (Kolofata, Mayo-Sava, Extreme-Nord). They were later released for an unknown reason.",0.49516908212560395,0.8800000000000001,0.18982068865205048,0.1554120353698744,0.1633801808133173,0.1554120353698744,0.1554120353698744,0.1805630244248192
gemma3:4b,CAO13082,B,V,0.89,"{""V"": 0.25, ""B"": 0.05, ""E"": 0.05, ""P"": 0.05, ""R"": 0.05, ""S"": 0.15}",1.4,Military Forces of Cameroon (1982-),"On 21 February 2024, the state security forces, coded as the military forces ambushed and clashed with the Ambazonian Separatists restoration forces along Buea - Kumba main road, coded to Kumba (Kumba 1, Meme, Sud-Ouest). A driver of a public transport vehicle was hit and killed by a stray bullet. No information on the injuries.",0.49516908212560395,0.8899999999999999,0.1930591218352244,0.15806344020872712,0.15806344020872712,0.15806344020872712,0.15806344020872712,0.17468711732967418
gemma3:4b,CAO5627,B,V,0.89,"{""V"": 0.89, ""B"": 0.02, ""E"": 0.02, ""P"": 0.01, ""R"": 0.01, ""S"": 0.03}",1.47,Military Forces of Cameroon (1982-),"Around 24 October 2021 (as reported), the military forces opened fire on BNL fighters who were erecting barricades in Cameroon-Nigeria border area in Bakassi Peninsula, Kombo Abedimo subdivision (Ndian, Sud-Ouest). 2 BNL fighters were killed.",0.49516908212560395,0.8899999999999999,0.3235585220779946,0.13555534409685227,0.13555534409685227,0.13420654588689984,0.13420654588689984,0.13691769795417752
gemma3:4b,CAO8784,B,V,0.89,"{""V"": 0.25, ""B"": 0.05, ""E"": 0.1, ""P"": 0.05, ""R"": 0.05, ""S"": 0.1}",1.41,Ambazonian Separatists (Cameroon),"On 10 May 2022, suspected Ambazonian Separatist fighters detonated a remote controlled IED targeting traveling military along the Bamenda-Belo road road, coded to Bamenda (Bamenda 1, Mezam, Nord-Ouest). 1 separatist was killed during clashes that followed the detonation. 2 civlians were also killed by stray bullets.",0.49516908212560395,0.8899999999999999,0.19313937228118166,0.15812914371678055,0.16623659828414178,0.15812914371678055,0.15812914371678055,0.16623659828414178
gemma3:4b,CAO4808,B,V,0.89,"{""V"": 0.89, ""B"": 0.03, ""E"": 0.02, ""P"": 0.01, ""R"": 0.01, ""S"": 0.02}",1.47,Military Forces of Cameroon (1982-),"Around 16 October 2020 (week of), the military forces engaged in fire fights with Ambazonian separatists in Bamessing village, Ndop subdivision (Mezam, Nord-Ouest), resulting in 3 people getting killed.",0.49516908212560395,0.8899999999999999,0.32355852207799457,0.1369176979541775,0.13555534409685224,0.13420654588689981,0.13420654588689981,0.13555534409685224
gemma3:4b,CAO14672,S,V,0.88,"{""V"": 0.15, ""B"": 0.05, ""E"": 0.05, ""P"": 0.05, ""R"": 0.05, ""S"": 0.15}",1.47,Ambazonian Separatists (Cameroon),"Looting: On 3 July 2024, Ambazonian Separatists from the Restoration Forces faction extorted money, coded as looting, from civilians at an illegal checkpoint on the main road in Bamessing (Tubah, Mezam, Nord-Ouest).",0.49516908212560395,0.8800000000000001,0.17795653560357846,0.16102173219816626,0.16102173219816626,0.16102173219816626,0.16102173219816626,0.17795653560357846
gemma3:4b,CAO12986,P,V,0.89,"{""V"": 0.25, ""B"": 0.05, ""E"": 0.05, ""P"": 0.1, ""R"": 0.15, ""S"": 0.2}",1.45,Protesters (Cameroon),"On 17 April 2024, people protested in front of the Town Hall in Yaounde (Yaounde 1, Mfoundi, Centre) after the municipal police officers attempted to arrest a civilian who had refused to pay them money causing an accident that killed 2 civilians. The protesters voiced their growing concern about the actions of the police officers.",0.49516908212560395,0.8899999999999999,0.18676799813796632,0.15291270376636426,0.15291270376636426,0.16075270573828795,0.16899467320690234,0.17765921538392812
gemma3:4b,CAO11562,B,V,0.92,"{""V"": 0.03, ""B"": 0.02, ""E"": 0.02, ""P"": 0.01, ""R"": 0.01, ""S"": 0.01}",1.41,Military Forces of Cameroon (1982-),"On 16 June 2023, government forces, coded as military, clashed with Ambazonian Separatists in Kedjem Keku (Tubah, Mezam, Nord-Ouest), leading to the killing of at least 13 civilians and 3 Ambazonian separatists.",0.6842105263157895,0.92,0.16889907078399885,0.16721849695008703,0.16721849695008703,0.16555464510521942,0.16555464510521942,0.16555464510521942
gemma3:4b,CAO14799,V,V,0.9,"{""V"": 0.35, ""B"": 0.05, ""E"": 0.1, ""P"": 0.05, ""R"": 0.05, ""S"": 0.4}",1.47,Ambazonian Separatists (Cameroon),"On 12 July 2024, Ambazonian Separatists from the Bui Unity Warriors faction shot and killed 1 civilian in Jakiri (Jakiri, Bui, Nord-Ouest) after the Separatists had taken him out of his private residence. They accused him of collaborating with the security forces.",0.5081967213114754,0.8999999999999999,0.19792078117503145,0.14662332094602243,0.15414085936521865,0.14662332094602243,0.14662332094602243,0.20806839662147444
gemma3:4b,CAO4310,S,E,0.96,"{""V"": 0.01, ""B"": 0.01, ""E"": 0.96, ""P"": 0.0, ""R"": 0.0, ""S"": 0.0}",1.45,Police Forces of Cameroon (1982-),"Defusal: On 27 January 2021, the police forces retrieved and defused an IED planted by unidentified men in Bamenda town (Mezam, Nord-Ouest). No fatality and/or casualty reported.",0.6842105263157895,0.96,0.13234762304980546,0.13234762304980546,0.3422125273073745,0.13103074219755748,0.13103074219755748,0.13103074219755748
gemma3:4b,CAO10471,V,V,0.87,"{""V"": 0.25, ""B"": 0.05, ""E"": 0.05, ""P"": 0.05, ""R"": 0.05, ""S"": 0.15}",1.52,Military Forces of Cameroon (1982-),"On 22 March 2023, state security forces, coded as military forces, beat up civilians and broke into homes where they looted properties in Ngomgham Mankon, coded to Ntarinkon (Bamenda - Mankon, Mezam, Nord-Ouest). They also harrassed civilians, the attack was after separatists attacked their position in the area and engaged them in an armed clash (coded separately). No information on injuries.",0.423728813559322,0.8700000000000001,0.1930591218352244,0.15806344020872712,0.15806344020872712,0.15806344020872712,0.15806344020872712,0.17468711732967418
gemma3:4b,CAO11896,B,V,0.9,"{""V"": 0.25, ""B"": 0.15, ""E"": 0.1, ""P"": 0.1, ""R"": 0.15, ""S"": 0.15}",1.43,Military Forces of Cameroon (1982-),"On 28 September 2023, state forces, coded as military, exchanged fire with Ambazonian Separatists in Benade (Menchum, Nord-Ouest) during an operation to dislodge the Ambazonian Separatists. Four civilians, including the traditional chief of Banum village, were killed caught by stray bullets.",0.5081967213114754,0.8999999999999999,0.18396122279904562,0.16645499785622633,0.15833689181604577,0.15833689181604577,0.16645499785622633,0.16645499785622633
gemma3:4b,CAO11447,S,V,0.88,"{""V"": 0.15, ""B"": 0.05, ""E"": 0.1, ""P"": 0.05, ""R"": 0.05, ""S"": 0.1}",1.43,Military Forces of Cameroon (1982-),"Other: On 4 July 2023, state security forces, coded as military forces, on vehicular patrol shot into the air at the cattle market in Lassin (Bui, Nord-Ouest) to prevent an attack by Ambazonian Separatists after they tipped off that a separatists camp opened in the area.",0.49516908212560395,0.8800000000000001,0.17803189328253194,0.1610899186458197,0.1693491753899154,0.1610899186458197,0.1610899186458197,0.1693491753899154
gemma3:4b,CAO3261,V,V,0.88,"{""V"": 0.15, ""B"": 0.05, ""E"": 0.05, ""P"": 0.05, ""R"": 0.05, ""S"": 0.05}",1.47,Ambazonian Separatists (Cameroon),"On 10 May 2020, suspected Ambazonian separatists killed one person in Bakebe village, Mamfe subdivision (Manyu, Sud-Ouest).",0.49516908212560395,0.8800000000000001,0.18102210943896027,0.16379557811217174,0.16379557811217174,0.16379557811217174,0.16379557811217174,0.16379557811217174
gemma3:4b,CAO11281,V,V,0.88,"{""V"": 0.25, ""B"": 0.05, ""E"": 0.1, ""P"": 0.05, ""R"": 0.05, ""S"": 0.1}",1.42,Ambazonian Separatists (Cameroon),"On 24 November 2023, the Ambazonian Restoration Forces abducted a builder from a public transport vehicle at a vehicle checkpoint in Nguti (Nguti, Kupe-Manenguba, Sud-Ouest).",0.49516908212560395,0.8800000000000001,0.19313937228118166,0.15812914371678055,0.16623659828414178,0.15812914371678055,0.15812914371678055,0.16623659828414178
gemma3:4b,CAO11825,V,V,0.88,"{""V"": 0.25, ""B"": 0.05, ""E"": 0.1, ""P"": 0.05, ""R"": 0.05, ""S"": 0.2}",1.48,Ambazonian Separatists (Cameroon),"On 3 July 2022, Ambazonian Separatists abducted two workers of a government-owned agro-industrial company, (PAMOL) in Mabonji (Meme, Sud-Ouest).",0.49516908212560395,0.8800000000000001,0.18982068865205048,0.1554120353698744,0.1633801808133173,0.1554120353698744,0.1554120353698744,0.1805630244248192
gemma3:4b,CAO12114,V,V,0.88,"{""V"": 0.25, ""B"": 0.05, ""E"": 0.1, ""P"": 0.05, ""R"": 0.05, ""S"": 0.1}",1.47,Ambazonian Separatists (Cameroon),"On 15 August 2023, Ambazonian Separatists shot and killed a woman in Akwaya (Manyu, Sud-Ouest). They also abducted four civilians from a home for unknown reasons. No additional information.",0.49516908212560395,0.8800000000000001,0.19313937228118166,0.15812914371678055,0.16623659828414178,0.15812914371678055,0.15812914371678055,0.16623659828414178
gemma3:4b,CAO15247,S,V,0.88,"{""V"": 0.32, ""B"": 0.05, ""E"": 0.03, ""P"": 0.02, ""R"": 0.02, ""S"": 0.38}",1.51,Military Forces of Cameroon (1982-) Gendarmerie,"Looting: On 10 August 2024, gendarmerie forces broke into 8 civilian private residences and looted an unspecified amount of money and valuables in Bamunka (Ndop, Ngo-Ketunjia, Nord-Ouest) during an operation to dislodge Ambazonian Separatists from their hideouts.",0.49516908212560395,0.8800000000000001,0.19781939527077008,0.15101126993182254,0.14802104644154077,0.1465482124208253,0.1465482124208253,0.21005186351400593
gemma3:4b,CAO6111,V,V,0.88,"{""V"": 0.25, ""B"": 0.05, ""E"": 0.1, ""P"": 0.05, ""R"": 0.05, ""S"": 0.2}",1.4,Military Forces of Cameroon (1982-),"Around 24 May 2022, the Cameroonian military shot randomly in Mbve area of Kumbo (Kumbo, Bui, Nord-Ouest). The bullets went through some houses.",0.49516908212560395,0.8800000000000001,0.18982068865205048,0.1554120353698744,0.1633801808133173,0.1554120353698744,0.1554120353698744,0.1805630244248192
gemma3:4b,CAO13590,S,E,0.92,"{""V"": 0.03, ""B"": 0.01, ""E"": 0.86, ""P"": 0.01, ""R"": 0.0, ""S"": 0.01}",1.42,Military Forces of Cameroon (1982-) Gendarmerie,"Defusal: On 19 April 2024, gendarmerie forces recovered an IED planted by an Ambazonian Separatist at the Market in Great Soppo (Buea, Fako, Sud-Ouest). The were no fatalities. The Separatist had attempted to detonate the IED on a minister's convoy but nearby civilians alerted the gendarmerie forces and he was arrested.",0.6842105263157895,0.92,0.13880482919067463,0.13605630942127006,0.31832371602214304,0.13605630942127006,0.13470252652305378,0.13605630942127006
gemma3:4b,CAO4947,S,V,0.87,"{""V"": 0.15, ""B"": 0.05, ""E"": 0.05, ""P"": 0.05, ""R"": 0.05, ""S"": 0.05}",1.43,Military Forces of Cameroon (1982-),"On 13 January 2021, a joint police and military forces operation was conducted in Mudeka village, Tiko subdivision (Fako, Sud-Ouest), resulting in 86 people getting arrested.",0.423728813559322,0.8700000000000001,0.18102210943896027,0.16379557811217174,0.16379557811217174,0.16379557811217174,0.16379557811217174,0.16379557811217174
gemma3:4b,CAO5487,V,V,0.88,"{""V"": 0.15, ""B"": 0.05, ""E"": 0.05, ""P"": 0.05, ""R"": 0.05, ""S"": 0.15}",1.43,Military Forces of Cameroon (1982-),"On 16 August 2021, the military forces tortured several civilians, and looted properties during a raid in Bamenda - Chomba village, Bamenda 2 subdivision (Mezam, Nord-Ouest).",0.49516908212560395,0.8800000000000001,0.17795653560357846,0.16102173219816626,0.16102173219816626,0.16102173219816626,0.16102173219816626,0.17795653560357846
gemma3:4b,CAO12450,V,V,0.88,"{""V"": 0.25, ""B"": 0.05, ""E"": 0.1, ""P"": 0.05, ""R"": 0.05, ""S"": 0.1}",1.43,Ambazonian Separatists (Cameroon),"On 26 July 2023, Ambazonian Separatists shot and killed a civilian in Mezam department, coded to Bamenda (Mezam, Nord-Ouest), after getting in an argument with him. They let another man go who was with the victim after seizing his phone and an unknown amount of money.",0.49516908212560395,0.8800000000000001,0.19313937228118166,0.15812914371678055,0.16623659828414178,0.15812914371678055,0.15812914371678055,0.16623659828414178
gemma3:4b,CAO10410,S,V,0.87,"{""V"": 0.25, ""B"": 0.05, ""E"": 0.05, ""P"": 0.05, ""R"": 0.05, ""S"": 0.15}",1.41,Military Forces of Cameroon (1982-),"Property destruction: On 7 April 2023, State security forces, coded as the military forces, set fire to 3 civilian houses in Aboh, coded to Fundong (Njinikom, Boyo, Nord-Ouest).",0.423728813559322,0.8700000000000001,0.1930591218352244,0.15806344020872712,0.15806344020872712,0.15806344020872712,0.15806344020872712,0.17468711732967418
gemma3:4b,CAO6584,S,S,0.88,"{""V"": 0.03, ""B"": 0.02, ""E"": 0.02, ""P"": 0.03, ""R"": 0.02, ""S"": 0.88}",1.5,Military Forces of Cameroon (1982-),"On 25 September 2022, Cameroonian security forces arrested at least 60 people in Kourgui (Mora, Mayo-Sava, Extreme-Nord). 30 motorbikes without official documents were seized. The military were looking for armed group members.",0.49516908212560395,0.8800000000000001,0.1368027167494943,0.13544150697427135,0.13544150697427135,0.1368027167494943,0.13544150697427135,0.3200700455778773
gemma3:4b,CAO10587,B,B,0.92,"{""V"": 0.03, ""B"": 0.35, ""E"": 0.04, ""P"": 0.02, ""R"": 0.01, ""S"": 0.55}",1.42,Ambazonian Separatists (Cameroon),"On 7 May 2023, Ambazonian Separatists from the Bui Warriors, led by 'General Mad Dog,' engaged in an armed confrontation with state security forces (coded as military) in Njavnyuy, Kumbo commune, coded to Kumbo (Bui, Nord-Ouest). During the attack, the Separatists fired 2 rockets at the base. An unknown number of soldiers were injured.",0.6842105263157895,0.92,0.14205647021401677,0.19562990923528636,0.14348416147505474,0.1406429847183809,0.1392435636384198,0.23894291071860244
gemma3:4b,CAO4741,V,V,0.88,"{""V"": 0.15, ""B"": 0.05, ""E"": 0.08, ""P"": 0.03, ""R"": 0.02, ""S"": 0.15}",1.46,Military Forces of Cameroon (1982-),"On 18 December 2020, the military forces raided Dyeny village, Mbonge subdivision (Meme, Sud-Ouest), resulting in 2 people getting injured and houses burnt down.",0.49516908212560395,0.8800000000000001,0.17849980216043293,0.16151330010677575,0.1664321123888221,0.1583151224860574,0.1567398606973003,0.17849980216043293
gemma3:4b,CAO6254,E,E,0.92,"{""V"": 0.03, ""B"": 0.02, ""E"": 0.85, ""P"": 0.01, ""R"": 0.0, ""S"": 0.01}",1.42,Unidentified Armed Group (Cameroon),"On 2 July 2022, an explosive device planted by an unidentified armed group exploded at Mokolo market in Yaounde (Yaounde 1, Mfoundi, Centre) leading to 4 injured, including 2 severely. No fatalities.",0.6842105263157895,0.92,0.1390551263675552,0.1376715047421676,0.31572464182558224,0.13630165038198083,0.13494542630041736,0.13630165038198083
gemma3:4b,CAO11395,B,V,0.88,"{""V"": 0.25, ""B"": 0.05, ""E"": 0.1, ""P"": 0.05, ""R"": 0.05, ""S"": 0.1}",1.59,Ambazonian Separatists (Cameroon),"On 2 January 2024, the Bui Unity Warriors attacked a military convoy on transit with a road planted IED in Wainamah (Jakiri, Bui, Nord-Ouest). This prompted military to fire repelling gunshots. Casualties unknown.",0.49516908212560395,0.8800000000000001,0.19313937228118166,0.15812914371678055,0.16623659828414178,0.15812914371678055,0.15812914371678055,0.16623659828414178
gemma3:4b,CAO8359,B,V,0.87,"{""V"": 0.15, ""B"": 0.05, ""E"": 0.05, ""P"": 0.05, ""R"": 0.05, ""S"": 0.65}",1.48,Military Forces of Cameroon (1982-) Rapid Intervention Battalion,"On 4 January 2024, the military forces killed 1 unidentified armed group member in Bourrha (Bourrha, Mayo-Tsanaga, Extreme-Nord). The member was known to abduct civilians. Food items, clothing, bladed weapons and other items were recovered.",0.423728813559322,0.8700000000000001,0.1595387175924359,0.1443566013031078,0.1443566013031078,0.1443566013031078,0.1443566013031078,0.2630348771948698
gemma3:4b,CAO11563,V,V,0.92,"{""V"": 0.03, ""B"": 0.01, ""E"": 0.02, ""P"": 0.01, ""R"": 0.01, ""S"": 0.02}",1.43,Military Forces of Cameroon (1982-),"On 21 June 2023, government forces, coded as military, raped a 12-year-old girl in Atoini, coded to Njinikom (Boyo, Nord-Ouest). No further information is available.",0.6842105263157895,0.92,0.16889907078399882,0.1655546451052194,0.167218496950087,0.1655546451052194,0.1655546451052194,0.167218496950087
gemma3:4b,CAO10080,V,V,0.84,"{""V"": 0.15, ""B"": 0.05, ""E"": 0.05, ""P"": 0.05, ""R"": 0.05, ""S"": 0.05}",1.46,Military Forces of Cameroon (1982-),"On 2 February 2023, the state security forces, coded as the military forces beat civilians in Matondo II (Konye, Meme, Sud-Ouest) for an unknown reason. Casualties unknown. The attack caused the displacement of some civilians.",0.20588235294117646,0.84,0.18102210943896027,0.16379557811217174,0.16379557811217174,0.16379557811217174,0.16379557811217174,0.16379557811217174
gemma3:4b,CAO7398,V,B,0.92,"{""V"": 0.03, ""B"": 0.89, ""E"": 0.01, ""P"": 0.01, ""R"": 0.0, ""S"": 0.0}",1.51,Boko Haram - Jamaatu Ahli is-Sunnah lid-Dawati wal-Jihad,"On 18 June 2023, Boko Haram [JAS] militants attacked Gazla, coded to Mora (Mora, Mayo-Sava, Extreme-Nord). 2 were killed and 1 was wounded. The militants looted houses and stole food items.",0.6842105263157895,0.92,0.13765668741195644,0.32530487291768073,0.13493090237300243,0.13493090237300243,0.13358831746201627,0.13358831746201627
gemma3:4b,CAO15321,S,V,0.88,"{""V"": 0.15, ""B"": 0.05, ""E"": 0.05, ""P"": 0.05, ""R"": 0.05, ""S"": 0.05}",1.46,Boko Haram - Jamaatu Ahli is-Sunnah lid-Dawati wal-Jihad,"Looting: On 12 October 2024, Boko Haram (JAS) (likely) militants looted 2 stores and nearly 20 houses in Ldoubam (Mokolo, Mayo-Tsanaga, Extreme-Nord).",0.49516908212560395,0.8800000000000001,0.18102210943896027,0.16379557811217174,0.16379557811217174,0.16379557811217174,0.16379557811217174,0.16379557811217174
gemma3:4b,CAO5584,B,B,0.92,"{""V"": 0.03, ""B"": 0.89, ""E"": 0.01, ""P"": 0.01, ""R"": 0.0, ""S"": 0.0}",1.45,Military Forces of Cameroon (1982-),"On 3 September 2021, military forces engaged in fire fight with Ambazonian separatists in Ekona town, Bangem subdivision (Kupe-Manenguba, Sud-Ouest).There were no fatalities.",0.6842105263157895,0.92,0.13765668741195644,0.32530487291768073,0.13493090237300243,0.13493090237300243,0.13358831746201627,0.13358831746201627
gemma3:4b,CAO15173,B,B,0.92,"{""V"": 0.03, ""B"": 0.35, ""E"": 0.05, ""P"": 0.02, ""R"": 0.02, ""S"": 0.55}",1.45,Ambazonian Separatists (Cameroon),"On 8 August 2024, Ambazonian Separatists from the Restoration Forces faction clashed with the security forces, coded as the military forces in Big Ngwandi (Konye, Meme, Sud-Ouest). The Separatists detonated an IED that killed 2 soldiers and injured 6 others before clashing with security forces. The casualties on the Separatist side are unknown.",0.6842105263157895,0.92,0.14165396601156308,0.1950756095228255,0.14451556594510118,0.14024448549965832,0.14024448549965832,0.23826588752095537
gemma3:4b,CAO5791,V,V,0.89,"{""V"": 0.89, ""B"": 0.02, ""E"": 0.01, ""P"": 0.01, ""R"": 0.01, ""S"": 0.01}",1.43,Ambazonian Separatists (Cameroon),"On 22 December 2021, suspected Ambazonian separatists opened fire on the house of the former Mayor of Mamfe town (Manyu, Sud-Ouest) before burning his house down. They accuse him of denouncing human rights violations allegedly committed by one separatist leader. There were no fatalities.",0.49516908212560395,0.8899999999999999,0.3248775086091381,0.13610793554751158,0.13475363896075632,0.13475363896075632,0.13475363896075632,0.13475363896075632
gemma3:4b,CAO7007,V,V,0.92,"{""V"": 0.03, ""B"": 0.02, ""E"": 0.02, ""P"": 0.01, ""R"": 0.01, ""S"": 0.01}",1.46,Military Forces of Cameroon (1982-),"On 29 January 2023, suspected members of the Cameroonian military forces attacked traveling civilians on the Bamenda-Kumbo road, coded to Bamenda (Bamenda 1, Mezam, Nord-Ouest). 2 drivers were killed by the military. The victims were traveling to Jakiri when they were stopped by the soldiers.",0.6842105263157895,0.92,0.16889907078399885,0.16721849695008703,0.16721849695008703,0.16555464510521942,0.16555464510521942,0.16555464510521942
gemma3:4b,CAO13016,E,V,0.92,"{""V"": 0.35, ""B"": 0.05, ""E"": 0.15, ""P"": 0.1, ""R"": 0.05, ""S"": 0.3}",1.53,Ambazonian Separatists (Cameroon),"On 23 February 2024, an IED planted by Ambazonian Separatists detonated on the military forces in Bamenda - Mankon (Bamenda 2, Mezam, Nord-Ouest). At least 6 soldiers were killed and their military vehicle was damaged.",0.6842105263157895,0.92,0.1987914512677522,0.1472683292149126,0.16275667460191168,0.1548189379152264,0.1472683292149126,0.18909627778508564
gemma3:4b,CAO9923,V,V,0.87,"{""V"": 0.25, ""B"": 0.05, ""E"": 0.1, ""P"": 0.05, ""R"": 0.05, ""S"": 0.1}",1.42,Military Forces of Cameroon (1982-),"On 20 March 2021, state forces, coded as military, raided the village Bengang located in Batibo (Momo, Nord-Ouest).There was 1 civilian killed.",0.423728813559322,0.8700000000000001,0.19313937228118166,0.15812914371678055,0.16623659828414178,0.15812914371678055,0.15812914371678055,0.16623659828414178
gemma3:4b,CAO3105,B,V,0.88,"{""V"": 0.15, ""B"": 0.05, ""E"": 0.03, ""P"": 0.02, ""R"": 0.01, ""S"": 0.04}",1.43,Ambazonian Separatists (Cameroon),"On 15 March 2020, the Ambazonian separatists killed a civilian when they targeted a soldier who he was transporting to his duty post in Mundemba town (Ndian, Sud-Ouest).",0.49516908212560395,0.8800000000000001,0.18399109468896077,0.16648202705996903,0.16318546205360096,0.16156173957644882,0.15995417340788953,0.1648255032129468
gemma3:4b,CAO12465,S,V,0.86,"{""V"": 0.25, ""B"": 0.05, ""E"": 0.05, ""P"": 0.05, ""R"": 0.05, ""S"": 0.15}",1.45,Military Forces of Cameroon (1982-),"Property destruction: On 24 July 2023, state security forces (coded as military) set ablaze the traditional house of a village in Belo commune, coded to Oku (Boyo, Nord-Ouest), which had been a secret shrine of 'Beng Aweh.' They also arrested some men, all, with the exception of two, were shortly released.",0.4,0.86,0.1930591218352244,0.15806344020872712,0.15806344020872712,0.15806344020872712,0.15806344020872712,0.17468711732967418
gemma3:4b,CAO5869,B,B,0.94,"{""V"": 0.03, ""B"": 0.94, ""E"": 0.02, ""P"": 0.01, ""R"": 0.0, ""S"": 0.0}",1.46,Islamic State West Africa Province (ISWAP) - Lake Chad Faction,"Around 12 February 2022, ISWAP militants launched an attack targeting a military post of the Multinational Task force in Gasama (Logone-Birni, Logone-et-Chari), causing the killing of ten militants, injury of two soldiers, and the seizure of arms and ammunition.",0.6842105263157895,0.9400000000000001,0.13521805472851023,0.3359252602824993,0.13387261260384747,0.13254055785200597,0.1312217572664005,0.1312217572664005
gemma3:4b,CAO13677,V,V,0.88,"{""V"": 0.25, ""B"": 0.05, ""E"": 0.1, ""P"": 0.05, ""R"": 0.05, ""S"": 0.1}",1.44,Ambazonian Separatists (Cameroon),"On 16 April 2024, Ambazonian Separatists from the SOCADEF abducted 3 village elders and a traditional ruler from their private residences in Weme (Konye, Meme, Sud-Ouest). The Separatists accused the elders of installing a new traditional council in the village without notifying the Separatists.",0.49516908212560395,0.8800000000000001,0.19313937228118166,0.15812914371678055,0.16623659828414178,0.15812914371678055,0.15812914371678055,0.16623659828414178
olmo2:7b,CAO11875,V,V,0.99,"{""V"": 0.99, ""B"": 0.01, ""E"": 0.0, ""P"": 0.0, ""R"": 0.0, ""S"": 0.0}",0.77,Unidentified Armed Group (Cameroon),"On 24 September 2023, an unidentified armed group shot and killed a bike rider beside a rice farm in Bamunka (Ngo-Ketunjia, Nord-Ouest) after having abducted him. They accused him of impersonating the armed group and extorting money from civilians.",0.7272727272727272,0.99,0.3494526690479928,0.13115346521695664,0.12984846643367523,0.12984846643367523,0.12984846643367523,0.12984846643367523
olmo2:7b,CAO9055,V,V,0.99,"{""V"": 0.99, ""B"": 0.01, ""E"": 0.0, ""P"": 0.0, ""R"": 0.0, ""S"": 0.0}",0.77,Military Forces of Cameroon (1982-),"On 4 September 2022, military forces shot and killed a man in Besali (Wabane, Lebialem, Sud-Ouest) after he was mistaken for a separatist fighter following an exchange of fire between soldiers and Ambazonia Liberation Army fighters.",0.7272727272727272,0.99,0.3494526690479928,0.13115346521695664,0.12984846643367523,0.12984846643367523,0.12984846643367523,0.12984846643367523
olmo2:7b,CAO3117,B,B,0.91,"{""V"": 0.01, ""B"": 0.88, ""E"": 0.02, ""P"": 0.03, ""R"": 0.02, ""S"": 0.08}",0.78,Islamic State West Africa Province (ISWAP) - Lake Chad Faction and/or Boko Haram - Jamaatu Ahli is-Sunnah lid-Dawati wal-Jihad,"On 23 March 2020, Boko Haram were repulsed by the military after staging an attack on the village of Goshikale in Mora subdivision (Mayo-Sava, Extreme-Nord). Militants destroyed the local hospital and looted several houses, taking away 3 motorcycles.",0.7272727272727272,0.9100000000000001,0.13333829869199784,0.31826663233839153,0.13467837087257112,0.13603191100246403,0.13467837087257112,0.14300641622168606
olmo2:7b,CAO13564,B,B,0.85,"{""V"": 0.05, ""B"": 0.82, ""E"": 0.01, ""P"": 0.02, ""R"": 0.07, ""S"": 0.03}",0.77,Military Forces of Cameroon (1982-) Gendarmerie,"On 21 April 2024, gendarmerie officers clashed with Ambazonian Separatists from the Restoration Forces faction at the Separatist hideout in Kouki (Mbven, Bui, Nord-Ouest). There were no fatalities. No information on the injuries.",0.4267515923566879,0.85,0.14101585373346934,0.30456128214221656,0.13548654302016605,0.13684820541517503,0.1438645629439024,0.1382235527447661
olmo2:7b,CAO8281,S,E,0.99,{},0.43,Islamic State West Africa Province (ISWAP) and/or Boko Haram - Jamaatu Ahli is-Sunnah lid-Dawati wal-Jihad,"Looting: On 18 December 2023, ISWAP or Boko Haram militants looted 2 houses in Waza (Waza, Logone-et-Chari, Extreme-Nord).",0.7272727272727272,0.99,0.16666666666663887,0.16666666666663887,0.16666666666663887,0.16666666666663887,0.16666666666663887,0.16666666666663887
olmo2:7b,CAO10079,S,V,0.95,"{""V"": 0.95, ""B"": 0.01, ""E"": 0.01, ""P"": 0.01, ""R"": 0.01, ""S"": 0.0}",0.77,Civilians (Cameroon),"Displacement: On 2 February 2023, civilians were displaced for fear of retaliation attacks from, the state security forces in Diongo (Dibombari, Moungo, Littoral) after suspected Ambazonian Separatists mounted an illegal checkpoint paralyzing vehicle movement.",0.7272727272727272,0.9499999999999998,0.33906898300899996,0.13244978287002082,0.13244978287002082,0.13244978287002082,0.13244978287002082,0.13113188551057753
olmo2:7b,CAO9679,V,V,0.99,"{""V"": 0.99, ""B"": 0.01, ""E"": 0.0, ""P"": 0.0, ""R"": 0.0, ""S"": 0.0}",0.77,Military Forces of Cameroon (1982-),"On 27 June 2022, military forces shot and killed four civilians in Banten (Bui, Nord-Ouest) who were previously arrested on 25 June during a military operation. The circumstances that led to their execution are unclear.",0.7272727272727272,0.99,0.3494526690479928,0.13115346521695664,0.12984846643367523,0.12984846643367523,0.12984846643367523,0.12984846643367523
olmo2:7b,CAO5718,V,V,0.99,"{""V"": 0.99, ""B"": 0.01, ""E"": 0.0, ""P"": 0.0, ""R"": 0.0, ""S"": 0.0}",0.77,Military Forces of Cameroon (1982-),"On 16 October 2021, the military forces shot and killed a student in Waindo village, Wum subdivision (Menchum, Nord-Ouest). He was accused of being in possession of a military uniform and some ammunition.",0.7272727272727272,0.99,0.3494526690479928,0.13115346521695664,0.12984846643367523,0.12984846643367523,0.12984846643367523,0.12984846643367523
olmo2:7b,CAO8534,B,B,0.91,"{""V"": 0.01, ""B"": 0.88, ""E"": 0.02, ""P"": 0.03, ""R"": 0.02, ""S"": 0.08}",0.76,Unidentified Armed Group (Cameroon),"On 21 February 2024, an unidentified armed group clashed with Boko Haram (JAS) (likely) militants in Kouyape (Kolofata, Mayo-Sava, Extreme-Nord). The bodies of 3 militants were found by civilians. The exact circumstances of their death are unknown.",0.7272727272727272,0.9100000000000001,0.13333829869199784,0.31826663233839153,0.13467837087257112,0.13603191100246403,0.13467837087257112,0.14300641622168606
olmo2:7b,CAO4163,V,V,0.99,"{""V"": 0.99, ""B"": 0.01, ""E"": 0.0, ""P"": 0.0, ""R"": 0.0, ""S"": 0.0}",0.77,Military Forces of Cameroon (1982-),"On 12 December 2020, the military forces shot and killed two civilians in Mkpot village, Mamfe subdivision (Manyu, Sud-Ouest).",0.7272727272727272,0.99,0.3494526690479928,0.13115346521695664,0.12984846643367523,0.12984846643367523,0.12984846643367523,0.12984846643367523
olmo2:7b,CAO14080,B,B,0.91,"{""V"": 0.09, ""B"": 0.93, ""E"": 0.01, ""P"": 0.02, ""R"": 0.03, ""S"": 0.01}",0.77,Military Forces of Cameroon (1982-) Rapid Intervention Battalion,"On 24 July 2024, the military forces from the Rapid Intervention clashed with Boko Haram (JAS) (likely) militants in Yabogo neighborhood in Amchide (Kolofata, Mayo-Sava, Extreme-Nord). There were no fatalities.",0.7272727272727272,0.9100000000000001,0.14211089776354216,0.329180990620183,0.13118489272520578,0.13250332281601276,0.13383500334952114,0.13118489272520578
olmo2:7b,CAO13672,V,V,0.85,"{""V"": 0.85, ""B"": 0.01, ""E"": 0.01, ""P"": 0.01, ""R"": 0.01, ""S"": 0.06}",0.78,Ambazonian Separatists (Cameroon),"On 15 April 2024, Ambazonian Separatists from the ADF abducted 4 men and 2 women at a checkpoint in Mambanda (Kumba 2, Meme, Sud-Ouest). The militants also looted 3 motorbikes. The reason for the abduction is not known.",0.4267515923566879,0.85,0.31439749805567935,0.1357287084504104,0.1357287084504104,0.1357287084504104,0.1357287084504104,0.14268766814236464
olmo2:7b,CAO3188,V,V,0.95,"{""V"": 0.95, ""B"": 0.01, ""E"": 0.01, ""P"": 0.01, ""R"": 0.01, ""S"": 0.0}",0.77,Military Forces of Cameroon (1982-),"On 16 April 2020, military forces killed three former Ambazonian separatists in Balikumbat town (Ngo-ketunjia, Nord-Ouest).",0.7272727272727272,0.9499999999999998,0.33906898300899996,0.13244978287002082,0.13244978287002082,0.13244978287002082,0.13244978287002082,0.13113188551057753
olmo2:7b,CAO8782,B,B,0.91,"{""V"": 0.09, ""B"": 0.91, ""E"": 0.03, ""P"": 0.01, ""R"": 0.02, ""S"": 0.05}",0.78,Ambazonian Separatists (Cameroon),"On 1 July 2022, suspected Ambazonian Separatist fighters clashed with the military forces in Bambui (Tubah, Mezam, Nord-Ouest). There were no fatalities.",0.7272727272727272,0.9100000000000001,0.14227657361225104,0.32303893727128336,0.13399103098790663,0.1313378308093504,0.13265779795345659,0.1366978293654289
olmo2:7b,CAO7306,B,B,0.93,"{""V"": 0.01, ""B"": 0.93, ""E"": 0.01, ""P"": 0.01, ""R"": 0.01, ""S"": 0.0}",0.79,Military Forces of Cameroon (1982-) Rapid Intervention Battalion,"On 19 May 2023, the military forces of Kerawa (Rapid Intervention) clashed with Boko Haram (JAS) (likely) militants in Balatikse neighborhood in Mayo Moskota (Kolofata, Mayo-Sava, Extreme-Nord). 1 militant was killed while 3 soldiers seriously injured. 2 militants were captured. The military seized some equipment.",0.7272727272727272,0.93,0.13334506372191587,0.33460148694284675,0.13334506372191587,0.13334506372191587,0.13334506372191587,0.13201825816915502
olmo2:7b,CAO13551,S,S,0.85,"{""V"": 0.01, ""B"": 0.01, ""E"": 0.02, ""P"": 0.01, ""R"": 0.05, ""S"": 0.86}",0.76,Boko Haram - Jamaatu Ahli is-Sunnah lid-Dawati wal-Jihad,"On 14 June 2024, 11 members of Boko Haram (JAS) (likely) militants surrendered to the military forces in Madakar (Mayo-Moskota, Mayo-Tsanaga, Extreme-Nord).",0.4267515923566879,0.85,0.1353086997512455,0.1353086997512455,0.13666857479168704,0.1353086997512455,0.1408307525430592,0.3165745734112006
olmo2:7b,CAO4946,V,E,0.99,{},0.46,Ambazonian Separatists (Cameroon),"On 13 January 2021, Ambazonian separatists kidnapped a truck driver and his assistant in Bukow village, Ndop subdivision (Ngo-Ketunjia, Nord-Ouest).",0.7272727272727272,0.99,0.16666666666663887,0.16666666666663887,0.16666666666663887,0.16666666666663887,0.16666666666663887,0.16666666666663887
olmo2:7b,CAO8143,B,B,0.94,"{""V"": 0.01, ""B"": 0.93, ""E"": 0.01, ""P"": 0.02, ""R"": 0.03, ""S"": 0.0}",0.78,Military Forces of Cameroon (1982-) Rapid Intervention Battalion,"On 14 November 2023, the military forces (Rapid Intervention) ambushed Boko Haram (JAS) (likely) militants along the Limani - Goumbouldi road, coded to Limani (Mora, Mayo-Sava, Extreme-Nord). 2 militants were killed, the militants had approached an abandoned civilian truck near where the military forces were parked and the military recovered a weapon.",0.7272727272727272,0.9400000000000001,0.13280932562513567,0.3332571644850734,0.13280932562513567,0.13414408153800397,0.1354922519708132,0.13148785075550468
olmo2:7b,CAO15055,V,V,0.95,"{""V"": 0.95, ""B"": 0.01, ""E"": 0.01, ""P"": 0.01, ""R"": 0.01, ""S"": 0.0}",0.76,Unidentified Armed Group (Cameroon),"Around 17 September 2024 (as reported), an unidentified armed group attacked and killed 1 civilian between Mora and Blabline (Kolofata, Mayo-Sava, Extreme-Nord) for an unknown reason.",0.7272727272727272,0.9499999999999998,0.33906898300899996,0.13244978287002082,0.13244978287002082,0.13244978287002082,0.13244978287002082,0.13113188551057753
olmo2:7b,CAO11956,B,B,0.94,{},0.47,Military Forces of Cameroon (1982-) Rapid Intervention Battalion,"On 25 October 2023, military forces from the Rapid Intervention Battalion engaged in an armed confrontation with Ambazonian Separatists in Ngarum (Donga-Mantung, Nord-Ouest). There were no casualties.",0.7272727272727272,0.9400000000000001,0.16666666666663887,0.16666666666663887,0.16666666666663887,0.16666666666663887,0.16666666666663887,0.16666666666663887
olmo2:7b,CAO12511,V,V,0.99,"{""V"": 0.99, ""B"": 0.01, ""E"": 0.0, ""P"": 0.0, ""R"": 0.0, ""S"": 0.0}",0.78,Military Forces of Cameroon (1982-),"On 19 July 2023, state security forces (coded as military) physically assualted 10 men, including the traditional chief and traditional council chairman, whom they had arrested in Nongomadiba (Kupe-Manenguba, Sud-Ouest), injuring them. They were targeted for not acting against Ambazonian Separatists who had buried a woman alive early in the morning (coded separately).",0.7272727272727272,0.99,0.3494526690479928,0.13115346521695664,0.12984846643367523,0.12984846643367523,0.12984846643367523,0.12984846643367523
olmo2:7b,CAO4776,S,R,0.85,"{""V"": 0.85, ""B"": 0.01, ""E"": 0.01, ""P"": 0.01, ""R"": 0.07, ""S"": 0.02}",0.77,Military Forces of Cameroon (1982-),"Looting: Around 15 July 2020 (month of), the military forces raided Bengang village, Batibo subdivision (Momo, Nord-Ouest). They shot in the air, and then looted property.",0.4267515923566879,0.85,0.3135202273558676,0.1353499814574057,0.1353499814574057,0.1353499814574057,0.14371955688571011,0.13671027138589167
olmo2:7b,CAO12845,V,V,0.99,"{""V"": 0.99, ""B"": 0.01, ""E"": 0.0, ""P"": 0.0, ""R"": 0.0, ""S"": 0.0}",0.78,Ambazonian Separatists (Cameroon),"On 9 December 2021, suspected Ambazonian separatist fighters killed a Fulani pastoralist at 3 Corners near Ntumbaw (Ndu, Donga-Mantung, Nord-Ouest). In retaliation, local Fulanis set ablaze more than 15 houses, and killed a bike who transported a uniformed officer to the scene [Coded as a separate event].",0.7272727272727272,0.99,0.3494526690479928,0.13115346521695664,0.12984846643367523,0.12984846643367523,0.12984846643367523,0.12984846643367523
olmo2:7b,CAO11075,B,V,0.99,{},0.44,Military Forces of Cameroon (1982-),"On 23 November 2023, the military forces ambushed Ambazonian Separatists from the Restoration Forces onboard a motorcycle in Konye (Konye, Meme, Sud-Ouest). The military forces members shot and injured one.",0.7272727272727272,0.99,0.16666666666663887,0.16666666666663887,0.16666666666663887,0.16666666666663887,0.16666666666663887,0.16666666666663887
olmo2:7b,CAO13652,V,V,0.95,"{""V"": 0.95, ""B"": 0.01, ""E"": 0.01, ""P"": 0.02, ""R"": 0.02, ""S"": 0.05}",0.82,Military Forces of Cameroon (1982-) Rapid Intervention Battalion,"On 13 April 2024, state security forces, coded as the military forces from the Rapid Intervention, beat and injured a dump truck driver and 2 other civilians on the main road in Mile 15 Buea (Buea, Fako, Sud-Ouest) after the dump truck blocked the road and delayed their convoy traveling to Buea center. There were no fatalities.",0.7272727272727272,0.9499999999999998,0.3359162210151644,0.13121822627696822,0.13121822627696822,0.13253699137553993,0.13253699137553993,0.1365733436794833
olmo2:7b,CAO9051,V,V,0.99,"{""V"": 0.99, ""B"": 0.01, ""E"": 0.0, ""P"": 0.0, ""R"": 0.0, ""S"": 0.0}",0.77,Military Forces of Cameroon (1982-),"On 23 May 2022, military forces killed a man at the Finance Junction in Bamenda city (Bamenda 1, Mezam, Nord-Ouest). Locals in the early hours of the morning discovered the dead body dumped by the road.",0.7272727272727272,0.99,0.3494526690479928,0.13115346521695664,0.12984846643367523,0.12984846643367523,0.12984846643367523,0.12984846643367523
olmo2:7b,CAO10854,B,B,0.93,"{""V"": 0.03, ""B"": 0.93, ""E"": 0.02, ""P"": 0.01, ""R"": 0.01, ""S"": 0.0}",0.77,Military Forces of Cameroon (1982-),"On 18 December 2023, the military forces attacked Ambazonian Separatists leading to a clash in Bai Panya (Kumba 1, Meme, Sud-Ouest). Two Ambazonian Separatists were killed and four others arrested.",0.7272727272727272,0.93,0.1354922519708132,0.3332571644850734,0.13414408153800397,0.13280932562513567,0.13280932562513567,0.13148785075550468
olmo2:7b,CAO8295,S,E,0.98,"{""V"": 0.01, ""B"": 0.02, ""E"": 0.95, ""P"": 0.01, ""R"": 0.01, ""S"": 0.0}",0.77,Military Forces of Cameroon (1982-) Rapid Intervention Battalion,"Defusal: Around 27 December 2023 (as reported), the military forces (Rapid Intervention) defused an IED that was planted by an unidentified armed group on the road in Kumba (Ekondo Titi, Ndian, Sud-Ouest).",0.7272727272727272,0.98,0.1322737077229026,0.13360308058636017,0.33861823390414764,0.1322737077229026,0.1322737077229026,0.13095756234044575
olmo2:7b,CAO10551,B,B,0.91,"{""V"": 0.09, ""B"": 0.91, ""E"": 0.03, ""P"": 0.01, ""R"": 0.02, ""S"": 0.05}",0.78,Military Forces of Cameroon (1982-),"On 15 September 2022, state security forces, coded as military, clashed with Ambazonian Separatists around Kosala and Fiango, coded to Fiango (Meme, Sud-Ouest). Casualties unknown.",0.7272727272727272,0.9100000000000001,0.14227657361225104,0.32303893727128336,0.13399103098790663,0.1313378308093504,0.13265779795345659,0.1366978293654289
olmo2:7b,CAO12982,E,E,0.99,"{""V"": 0.01, ""B"": 0.01, ""E"": 0.98, ""P"": 0.0, ""R"": 0.0, ""S"": 0.0}",0.77,Unidentified Armed Group (Cameroon),"On 9 April 2024, an IED planted by an unidentified armed group detonated on members of self-defence militia in Tourou (Mokolo, Mayo-Tsanaga, Extreme-Nord). A self-defence militia member was killed when they stepped on an IED when it detonated.",0.7272727272727272,0.99,0.13143896555144177,0.13143896555144177,0.3467286909196671,0.13013112599236756,0.13013112599236756,0.13013112599236756
olmo2:7b,CAO4198,V,E,0.99,{},0.45,Ambazonian Separatists (Cameroon),"On 7 January 2021, suspected Ambazonian separatists kidnapped between 6 and 7 students in Mulang neighborhood of Bamenda town (Mezam, Nord-Ouest).",0.7272727272727272,0.99,0.16666666666663887,0.16666666666663887,0.16666666666663887,0.16666666666663887,0.16666666666663887,0.16666666666663887
olmo2:7b,CAO12441,V,V,0.99,"{""V"": 0.99, ""B"": 0.01, ""E"": 0.0, ""P"": 0.0, ""R"": 0.0, ""S"": 0.0}",0.78,Military Forces of Cameroon (1982-),"Around 28 July 2023 (as reported), state security forces shot and killed two Ambazonian Separatists in Kumbo commune, coded to Kumbo (Bui, Nord-Ouest) whom they had captured on 28 July (coded separately).",0.7272727272727272,0.99,0.3494526690479928,0.13115346521695664,0.12984846643367523,0.12984846643367523,0.12984846643367523,0.12984846643367523
olmo2:7b,CAO14598,B,B,0.91,"{""V"": 0.01, ""B"": 0.89, ""E"": 0.01, ""P"": 0.02, ""R"": 0.02, ""S"": 0.07}",0.78,Military Forces of Cameroon (1982-) Rapid Intervention Battalion,"On 28 August 2024, the military forces from the Rapid Intervention clashed with the Boko Haram (JAS) (likely) militants around Amchide (Kolofata, Mayo-Sava, Extreme-Nord). Casualties unknown. The militants stole a motorbike from a civilian and the military forces chased them until the militants abandoned the motorbike.",0.7272727272727272,0.9100000000000001,0.13346080464602655,0.32176061473931006,0.13346080464602655,0.13480210803190665,0.13480210803190665,0.14171355990450174
olmo2:7b,CAO8757,S,R,0.85,"{""V"": 0.05, ""B"": 0.03, ""E"": 0.02, ""P"": 0.01, ""R"": 0.75, ""S"": 0.01}",0.77,Unidentified Armed Group (Cameroon),"Looting: Around 17 March 2024 (as reported), an unidentified armed group suspected of being ISWAP or Boko Haram militants looted food items, clothing and 1 bicycle in Ganse (Kolofata, Mayo-Sava, Extreme-Nord).",0.4267515923566879,0.85,0.14522270047332184,0.14234709833797438,0.140930721044188,0.1395284369399487,0.2924426062643259,0.1395284369399487
olmo2:7b,CAO3886,B,B,0.91,"{""V"": 0.09, ""B"": 0.83, ""E"": 0.03, ""P"": 0.01, ""R"": 0.02, ""S"": 0.01}",0.77,Military Forces of Cameroon (1982-),"On 17 August 2020, the military forces engaged in a fire fight with Ambazonian separatists in Makanga village, Muyuka subdivision (Fako, Sud-Ouest). 1 person was killed, and another arrested.",0.7272727272727272,0.9100000000000001,0.14670658617748403,0.3074875441796168,0.13816305970517564,0.13542724782301518,0.13678831429138552,0.13542724782301518
olmo2:7b,CAO14603,V,V,0.99,{},0.44,Ambazonian Separatists (Cameroon),"On 30 June 2024, Ambazonian Separatists beat and injured a commercial motorbike driver and abducted 4 suspected government officials in Bambui (Tubah, Mezam, Nord-Ouest). The Separatists looted the motorbike from the commercial motorbike driver and used it to transport the abducted. The motorbike was later found abandoned and recovered by the military forces.",0.7272727272727272,0.99,0.16666666666663887,0.16666666666663887,0.16666666666663887,0.16666666666663887,0.16666666666663887,0.16666666666663887
olmo2:7b,CAO13493,V,V,0.99,"{""V"": 0.99, ""B"": 0.01, ""E"": 0.0, ""P"": 0.0, ""R"": 0.0, ""S"": 0.0}",0.77,Boko Haram - Jamaatu Ahli is-Sunnah lid-Dawati wal-Jihad,"On 20 May 2024, Boko Haram (JAS) (likely) militants slit the throat and killed a civilian between Kordo and Lelede, coded to Kordo (Kolofata, Mayo-Sava, Extreme-Nord). He had been abducted by the militants the previous day (coded as a separate event).",0.7272727272727272,0.99,0.3494526690479928,0.13115346521695664,0.12984846643367523,0.12984846643367523,0.12984846643367523,0.12984846643367523
olmo2:7b,CAO6461,B,B,0.94,"{""V"": 0.01, ""B"": 0.93, ""E"": 0.01, ""P"": 0.01, ""R"": 0.01, ""S"": 0.0}",0.78,Ambazonian Separatists (Cameroon),"On 17 August 2022, Ambazonian separatists clashed with the Cameroonian military forces in Tinta (Akwaya, Manyu, Sud-Ouest) leading to the death of 3. Unclarity if the fatalities are of civilian or separatist fighters. The clashes also resulted in the destruction of several buildings, including a primary school. Civilians fled the fighting into the bushes.",0.7272727272727272,0.9400000000000001,0.13334506372191587,0.33460148694284675,0.13334506372191587,0.13334506372191587,0.13334506372191587,0.13201825816915502
olmo2:7b,CAO13869,R,R,0.73,"{""V"": 0.0, ""B"": 0.0, ""E"": 0.97, ""P"": 0.03, ""R"": 0.73, ""S"": 0.0}",0.77,Rioters (Cameroon),"Around 29 June 2024 (as reported), youth from Ndoumba Kanda clashed with Belabo youths, coded to Belabo (Belabo, Lom-et-Djerem, Est) during a wake for unknown reasons. Casualties unknown.",0.25,0.7299999999999999,0.11437094219187174,0.11437094219187174,0.3017041932661621,0.11785405593414983,0.23732892422377116,0.11437094219187174
olmo2:7b,CAO4334,B,B,0.88,"{""V"": 0.02, ""B"": 0.83, ""E"": 0.01, ""P"": 0.01, ""R"": 0.02, ""S"": 0.08}",0.77,Ambazonian Separatists (Cameroon),"On 4 February 2021, the military forces engaged in a fire fight with Ambazonian separatists in Mbalangi village (Meme, Sud-Ouest), as they tried to remove a road blockade erected by separatists in order to enforce a lockdown in the area. No fatality and/or casualty reported.",0.7272727272727272,0.8800000000000001,0.13717714294921435,0.3083615952249989,0.13581220757105553,0.13581220757105553,0.13717714294921435,0.14565970373415288
olmo2:7b,CAO6445,B,B,0.93,"{""V"": 0.01, ""B"": 0.93, ""E"": 0.01, ""P"": 0.02, ""R"": 0.03, ""S"": 0.01}",0.93,Islamic State West Africa Province (ISWAP) - Lake Chad Faction and/or Boko Haram - Jamaatu Ahli is-Sunnah lid-Dawati wal-Jihad,"On 25 September 2021, ISWAP or Boko Haram fighters ambushed the Cameroonian military camp in Sagme (Makary, Logone-et-Chari, Extreme-Nord) leading to the death of 2. The fighters stole weapons and ammunition and burnt the camp and military vehicles.",0.7272727272727272,0.93,0.13263405305716333,0.33281735471464097,0.13263405305716333,0.13396704745143823,0.13531343866209786,0.13263405305716333
olmo2:7b,CAO6236,B,B,0.91,"{""V"": 0.01, ""B"": 0.89, ""E"": 0.01, ""P"": 0.02, ""R"": 0.03, ""S"": 0.05}",0.77,Boko Haram - Jamaatu Ahli is-Sunnah lid-Dawati wal-Jihad,"On 15 June 2022, suspected Boko Haram (JAS) (likely) clashed with Cameroonian military Forces and MNJTF in Limani (Mora, Mayo-Sava, Extreme-Nord), unknown fatalities, coded to 3.",0.7272727272727272,0.9100000000000001,0.13365478221366117,0.32222827520017183,0.13365478221366117,0.13499803510650657,0.13635478791536135,0.13910933735031575
olmo2:7b,CAO7298,V,E,0.95,"{""V"": 0.01, ""B"": 0.03, ""E"": 0.92, ""P"": 0.01, ""R"": 0.02, ""S"": 0.0}",0.78,Islamic State West Africa Province (ISWAP) and/or Boko Haram - Jamaatu Ahli is-Sunnah lid-Dawati wal-Jihad,"On 15 May 2023, ISWAP or Boko Haram militants abducted 2 herders in Zigague (Waza, Logone-et-Chari, Extreme-Nord) and stole a head of oxen. The herders and the oxen were freed when the militants spotted the security forces who had been following them.",0.7272727272727272,0.9499999999999998,0.13325118177228912,0.13594303420423817,0.331038913477054,0.13325118177228912,0.13459037841326346,0.13192531036053498
olmo2:7b,CAO12794,S,V,0.95,"{""V"": 0.95, ""B"": 0.01, ""E"": 0.01, ""P"": 0.01, ""R"": 0.01, ""S"": 0.0}",0.77,Military Forces of Cameroon (1982-),"Property destruction: On 18 March 2022, suspected military forces burnt down 2 shops in Ndop (Ndop, Ngo-Ketunjia, Nord-Ouest) for failing to open their stores on Mondays. The Ambazonian Separatist fighters had imposed lockdown Mondays.",0.7272727272727272,0.9499999999999998,0.33906898300899996,0.13244978287002082,0.13244978287002082,0.13244978287002082,0.13244978287002082,0.13113188551057753
olmo2:7b,CAO2846,B,B,0.91,"{""V"": 0.09, ""B"": 0.83, ""E"": 0.03, ""P"": 0.01, ""R"": 0.02, ""S"": 0.01}",0.77,Military Forces of Cameroon (1982-),"On 14 January 2020, the military forces engaged in a fire fight with Ambazonian separatists in Peng village, Tombel subdivision (Kupe-Manenguba, Sud-Ouest) [coded: Tombel]. Two civilians were killed after they were reportedly flagged as Ambazonian fighters.",0.7272727272727272,0.9100000000000001,0.14670658617748403,0.3074875441796168,0.13816305970517564,0.13542724782301518,0.13678831429138552,0.13542724782301518
olmo2:7b,CAO4930,V,V,0.99,"{""V"": 0.99, ""B"": 0.01, ""E"": 0.0, ""P"": 0.0, ""R"": 0.0, ""S"": 0.0}",0.77,Ambazonian Separatists (Cameroon),"On 21 November 2020, Ambazonian separatists kidnapped a retired military officer from his home in Mankon town, Bamenda 2 subdivision (Bamenda - Mankon, Mezam, Nord-Ouest).",0.7272727272727272,0.99,0.3494526690479928,0.13115346521695664,0.12984846643367523,0.12984846643367523,0.12984846643367523,0.12984846643367523
olmo2:7b,CAO3670,S,S,0.85,"{""V"": 0.05, ""B"": 0.03, ""E"": 0.02, ""P"": 0.01, ""R"": 0.07, ""S"": 0.8}",0.78,Military Forces of Cameroon (1982-) Gendarmerie,"Around 14 September 2020 (as reported), the gendarmerie and police forces arrested 'over a dozen' civilians in Moloundou town (Boumba-Et-Ngoko, Est) for not having national ID cards.",0.4267515923566879,0.85,0.14187144030357132,0.13906219756567917,0.1376785055806946,0.13630858156100062,0.14473743350922938,0.3003418414795246
olmo2:7b,CAO15919,V,V,0.99,"{""V"": 0.99, ""B"": 0.01, ""E"": 0.0, ""P"": 0.0, ""R"": 0.0, ""S"": 0.0}",0.78,Military Forces of Cameroon (1982-) Rapid Intervention Battalion,"On 10 October 2024, the military forces from the Rapid Intervention shot and killed 7 civilians at their private residences in Mbomboko in the Buea subdivision (Buea, Fako, Sud-Ouest), mistakenly believing them to be Ambazonian Separatists.",0.7272727272727272,0.99,0.3494526690479928,0.13115346521695664,0.12984846643367523,0.12984846643367523,0.12984846643367523,0.12984846643367523
olmo2:7b,CAO13492,V,V,0.99,"{""V"": 0.99, ""B"": 0.01, ""E"": 0.0, ""P"": 0.0, ""R"": 0.0, ""S"": 0.0}",0.78,Boko Haram - Jamaatu Ahli is-Sunnah lid-Dawati wal-Jihad,"On 20 May 2024, Boko Haram (JAS) (likely) militants attacked and killed a civilian along the Limani - Mora road, coded to Limani (Mora, Mayo-Sava, Extreme-Nord).",0.7272727272727272,0.99,0.3494526690479928,0.13115346521695664,0.12984846643367523,0.12984846643367523,0.12984846643367523,0.12984846643367523
olmo2:7b,CAO9846,S,R,0.85,"{""V"": 0.05, ""B"": 0.02, ""E"": 0.01, ""P"": 0.8, ""R"": 0.92, ""S"": 0.0}",0.78,Ambazonian Separatists (Cameroon),"Looting: On 25 November 2022, Ambazonian Separatists abducted the body of a deceased person in Kai, Mbengwi commune, coded to Mbengwi (Momo, Nord-Ouest). The group accused the family of the deceased of not supporting the struggle against the military. They later released the dead body after the family had paid an unspecified amount of money.",0.4267515923566879,0.85,0.11924102703754583,0.11571692210432324,0.11456551949135066,0.2524332562193969,0.28461770162129985,0.11342557352579878
olmo2:7b,CAO9206,V,V,0.95,"{""V"": 0.95, ""B"": 0.01, ""E"": 0.01, ""P"": 0.01, ""R"": 0.01, ""S"": 0.0}",0.78,Military Forces of Cameroon (1982-),"On 11 March 2023, state security forces coded as military forces shot and wounded two civilians at Ashing, coded to Oku (Boyo, Nord-Ouest) after they shot into the air as they approached a spot where Ambazonian Separatists launched attacks from. The victims were hit by stray bullets and hospitalized.",0.7272727272727272,0.9499999999999998,0.33906898300899996,0.13244978287002082,0.13244978287002082,0.13244978287002082,0.13244978287002082,0.13113188551057753
olmo2:7b,CAO3384,B,B,0.91,"{""V"": 0.09, ""B"": 0.93, ""E"": 0.01, ""P"": 0.02, ""R"": 0.03, ""S"": 0.01}",0.76,Military Forces of Cameroon (1982-),"On 14 June 2020, the military forces engaged in fire fights with Ambazonian separatists in Bamenda town (Mezam, Nord-Ouest). No fatality and/or casualty reported.",0.7272727272727272,0.9100000000000001,0.14211089776354216,0.329180990620183,0.13118489272520578,0.13250332281601276,0.13383500334952114,0.13118489272520578
olmo2:7b,CAO3727,S,V,0.85,"{""V"": 0.85, ""B"": 0.01, ""E"": 0.01, ""P"": 0.01, ""R"": 0.01, ""S"": 0.06}",0.77,Military Forces of Cameroon (1982-),"On 1 October 2020, the military forces destroyed buildings in Akum town (Mezam, Nord-Ouest), in retaliation for writings on a vehicle that supported the separatists. No fatality and/or casualty reported.",0.4267515923566879,0.85,0.31439749805567935,0.1357287084504104,0.1357287084504104,0.1357287084504104,0.1357287084504104,0.14268766814236464
olmo2:7b,CAO11453,S,V,0.85,"{""V"": 0.85, ""B"": 0.01, ""E"": 0.01, ""P"": 0.01, ""R"": 0.01, ""S"": 0.06}",0.77,Military Forces of Cameroon (1982-),"Other: On 5 July 2023, state security forces, coded as military forces, fired warning shots into the air at their base in Waindo, coded to Wum (Menchum, Nord-Ouest) after they received news that their colleague was murdered by Ambazonian Separatists at Belo.",0.4267515923566879,0.85,0.31439749805567935,0.1357287084504104,0.1357287084504104,0.1357287084504104,0.1357287084504104,0.14268766814236464
olmo2:7b,CAO3758,V,V,0.95,"{""V"": 0.95, ""B"": 0.01, ""E"": 0.01, ""P"": 0.01, ""R"": 0.01, ""S"": 0.0}",0.77,Ambazonian Separatists (Cameroon),"Around 11 October 2020 (as reported), Ambazonian separatists kidnapped 3 Mbororo ethnic men in Ngarbuh village, near Nkambe (Donga-Mantung, Nord-Ouest). They are suspected to be involved in the killing of a separatist fighter on October 10.",0.7272727272727272,0.9499999999999998,0.33906898300899996,0.13244978287002082,0.13244978287002082,0.13244978287002082,0.13244978287002082,0.13113188551057753
olmo2:7b,CAO13380,B,V,0.99,"{""V"": 0.99, ""B"": 0.01, ""E"": 0.0, ""P"": 0.0, ""R"": 0.0, ""S"": 0.0}",0.77,Military Forces of Cameroon (1982-),"On 4 April 2024, the security forces, coded as the military forces shot and killed an unknown Separatist commander at the market in Agyati (Bafut, Mezam, Nord-Ouest). The Separatist tried to escape leading to the military forces shooting him. He died of his injuries.",0.7272727272727272,0.99,0.3494526690479928,0.13115346521695664,0.12984846643367523,0.12984846643367523,0.12984846643367523,0.12984846643367523
olmo2:7b,CAO4585,V,E,0.99,{},0.45,Islamic State West Africa Province (ISWAP) - Lake Chad Faction and/or Boko Haram - Jamaatu Ahli is-Sunnah lid-Dawati wal-Jihad,"On 26 April 2021, suspected Boko Haram fighters attacked Takoudele village, Kourgui town, Mora subdivision (Mayo-Sava, Extreme-Nord). They kidnapped a young girl, and took away goods. No fatality and/or casualty reported.",0.7272727272727272,0.99,0.16666666666663887,0.16666666666663887,0.16666666666663887,0.16666666666663887,0.16666666666663887,0.16666666666663887
olmo2:7b,CAO10717,B,B,0.91,"{""V"": 0.01, ""B"": 0.89, ""E"": 0.03, ""P"": 0.02, ""R"": 0.02, ""S"": 0.05}",0.77,Ambazonian Separatists (Cameroon),"On 25 May 2023, Ambazonian Separatists and state security forces, coded as military forces, engaged in an armed clash at Melim (Bui, Nord-Ouest) after the separatists detonated an IED which partially destroyed one of the security forces' vehicles. Casualties are unknown.",0.7272727272727272,0.9100000000000001,0.13347549087442012,0.3217960217630324,0.1361718746508124,0.1348169418593494,0.1348169418593494,0.13892272899271427
olmo2:7b,CAO4525,B,B,0.91,"{""V"": 0.09, ""B"": 0.83, ""E"": 0.01, ""P"": 0.02, ""R"": 0.03, ""S"": 0.01}",0.77,Islamic State West Africa Province (ISWAP) - Lake Chad Faction and/or Boko Haram - Jamaatu Ahli is-Sunnah lid-Dawati wal-Jihad,"On 4 April 2021, Boko Haram fighters attacked and tortured a group of local vigilance militiamen in Mahoula village, Mora subdivision (Mayo-Sava, Extreme-Nord), killing two of them.",0.7272727272727272,0.9100000000000001,0.14670658617748403,0.3074875441796168,0.13542724782301518,0.13678831429138552,0.13816305970517564,0.13542724782301518
olmo2:7b,CAO10405,B,B,0.88,"{""V"": 0.02, ""B"": 0.83, ""E"": 0.01, ""P"": 0.01, ""R"": 0.02, ""S"": 0.0}",0.77,Military Forces of Cameroon (1982-),"On 8 April 2023, the State security forces, coded as the military force, clashed with the Ambazonian Separatists in Batibo (Batibo, Momo, Nord-Ouest). There were no fatalities. During the operation, the military forces arrested about 30 civilians from several villages and moved them to their base.",0.7272727272727272,0.8800000000000001,0.13873076803963696,0.3118540014740609,0.137350373833537,0.137350373833537,0.13873076803963696,0.13598371477927937
olmo2:7b,CAO10613,S,V,0.99,"{""V"": 0.99, ""B"": 0.01, ""E"": 0.0, ""P"": 0.0, ""R"": 0.0, ""S"": 0.0}",0.78,Ambazonian Separatists (Cameroon),"Looting: On 10 May 2023, Ambazonian Separatists from the Restoration Forces extorted money amounting to 200,000 FCFA from a civilian whom they imposed as the new traditional chief in Makwe, Upper Bayang commune, coded to Tinto (Manyu, Sud-Ouest). They also forced the civilians to buy a motorcycle for the man to 'support his reign.' The legal leader fled to Mamfe when the Separatists demanded 500,000 FCFA from him.",0.7272727272727272,0.99,0.3494526690479928,0.13115346521695664,0.12984846643367523,0.12984846643367523,0.12984846643367523,0.12984846643367523
olmo2:7b,CAO4669,V,V,0.95,"{""V"": 0.95, ""B"": 0.01, ""E"": 0.01, ""P"": 0.01, ""R"": 0.01, ""S"": 0.0}",0.77,Military Forces of Cameroon (1982-),"Around 15 May 2020 (month of), the military forces raided Njembo village, Mbengwi town, Mbeggwi subdivision (Momo, Nord-Ouest), killing one person.",0.7272727272727272,0.9499999999999998,0.33906898300899996,0.13244978287002082,0.13244978287002082,0.13244978287002082,0.13244978287002082,0.13113188551057753
olmo2:7b,CAO4298,B,V,0.99,"{""V"": 0.99, ""B"": 0.01, ""E"": 0.0, ""P"": 0.0, ""R"": 0.0, ""S"": 0.0}",0.77,Military Forces of Cameroon (1982-),"On 23 January 2021, the military forces engaged in fire fights with Ambazonian separatists in Mulang and Meta neighborhood of Bamenda town, Bamenda 2 subdivision (Mezam, Nord-Ouest). Four civilians were killed, reportedly by the military forces.",0.7272727272727272,0.99,0.3494526690479928,0.13115346521695664,0.12984846643367523,0.12984846643367523,0.12984846643367523,0.12984846643367523
olmo2:7b,CAO8775,E,E,0.99,{},0.44,Unidentified Armed Group (Cameroon),"On 17 March 2024, an IED planted by an unidentified armed group detonated on military forces along the Zeleved - Dzamadzaf road, coded to Zelevet (Mayo-Moskota, Mayo-Tsanaga, Extreme-Nord). There were no fatalities and 2 militants were injured.",0.7272727272727272,0.99,0.16666666666663887,0.16666666666663887,0.16666666666663887,0.16666666666663887,0.16666666666663887,0.16666666666663887
olmo2:7b,CAO14650,V,V,0.85,"{""V"": 0.85, ""B"": 0.01, ""E"": 0.01, ""P"": 0.01, ""R"": 0.01, ""S"": 0.06}",0.78,Unidentified Armed Group (Cameroon),"On 24 August 2024, an unidentified armed group shot and injured 1 plantation owner who tried to flee an abduction in Sirbia (Touboro, Mayo-Rey, Nord). The plantation owner escaped. 2 other civilians were abducted. The reason for the abduction is not known.",0.4267515923566879,0.85,0.31439749805567935,0.1357287084504104,0.1357287084504104,0.1357287084504104,0.1357287084504104,0.14268766814236464
olmo2:7b,CAO9309,V,V,0.95,"{""V"": 0.95, ""B"": 0.01, ""E"": 0.01, ""P"": 0.01, ""R"": 0.01, ""S"": 0.0}",0.77,Ambazonian Separatists (Cameroon),"On 13 February 2023, Ambazonian Separatists shot a male motorbike rider in his legs near Azire New Church in Bamenda (Mezam, Nord-Ouest) before taking his bike away. He was accused of violating the Monday ghost town. No information on the status of the victim.",0.7272727272727272,0.9499999999999998,0.33906898300899996,0.13244978287002082,0.13244978287002082,0.13244978287002082,0.13244978287002082,0.13113188551057753
olmo2:7b,CAO14584,S,R,0.85,"{""V"": 0.85, ""B"": 0.01, ""E"": 0.01, ""P"": 0.01, ""R"": 0.07, ""S"": 0.02}",0.77,Boko Haram - Jamaatu Ahli is-Sunnah lid-Dawati wal-Jihad,"Looting: On 21 August 2024, Boko Haram (JAS) (likely) militants looted 1 motorbike and goods along the Amchide - Ganse road in Guederou (Kolofata, Mayo-Sava, Extreme-Nord).",0.4267515923566879,0.85,0.3135202273558676,0.1353499814574057,0.1353499814574057,0.1353499814574057,0.14371955688571011,0.13671027138589167
olmo2:7b,CAO7763,S,S,0.85,"{""V"": 0.01, ""B"": 0.03, ""E"": 0.02, ""P"": 0.01, ""R"": 0.05, ""S"": 0.84}",0.77,Military Forces of Cameroon (1982-) Gendarmerie,"On 3 September 2023, the gendarmerie arrested a suspected former ISWAP or Boko Haram militant leader in Banki (Menoua, Ouest).",0.4267515923566879,0.85,0.13578873731153585,0.13853185176577001,0.137153436809665,0.13578873731153585,0.14133038080782648,0.31140685599335544
olmo2:7b,CAO7437,V,V,0.99,"{""V"": 0.99, ""B"": 0.01, ""E"": 0.0, ""P"": 0.0, ""R"": 0.0, ""S"": 0.0}",0.77,Military Forces of Cameroon (1982-),"On 25 June 2023, the military forces attacked civilians in Kumba (Ekondo Titi, Ndian, Sud-Ouest). 1 civilian was killed. The victim had challenged a gendarmerie officer to lawfully present a warrant authorizing him to arrest another civilian when the officer shot him at close range in the chest and the other civilian was injured.",0.7272727272727272,0.99,0.3494526690479928,0.13115346521695664,0.12984846643367523,0.12984846643367523,0.12984846643367523,0.12984846643367523
olmo2:7b,CAO9421,S,V,0.85,"{""V"": 0.85, ""B"": 0.01, ""E"": 0.01, ""P"": 0.01, ""R"": 0.01, ""S"": 0.06}",0.78,Military Forces of Cameroon (1982-),"Other: On 15 September 2022, the military forces fired gunshots under unclear circumstances at GRA quarter in Mbengwi (Momo, Nord-Ouest).",0.4267515923566879,0.85,0.31439749805567935,0.1357287084504104,0.1357287084504104,0.1357287084504104,0.1357287084504104,0.14268766814236464
olmo2:7b,CAO6502,S,R,0.85,"{""V"": 0.05, ""B"": 0.02, ""E"": 0.01, ""P"": 0.8, ""R"": 0.92, ""S"": 0.0}",0.77,Boko Haram - Jamaatu Ahli is-Sunnah lid-Dawati wal-Jihad,"Looting: On 24 August 2022, Boko Haram (JAS) (likely) fighters entered Madakar (Mayo-Moskota, Mayo-Tsanaga, Extreme-Nord) and stole 22 livestock. The Cameroonian military forces returned 175 livestock to their owners.",0.4267515923566879,0.85,0.11924102703754583,0.11571692210432324,0.11456551949135066,0.2524332562193969,0.28461770162129985,0.11342557352579878
olmo2:7b,CAO15428,V,V,0.99,"{""V"": 0.99, ""B"": 0.01, ""E"": 0.0, ""P"": 0.0, ""R"": 0.0, ""S"": 0.0}",0.77,Military Forces of Cameroon (1982-),"On 25 August 2024, security forces, coded as the military forces, beat and injured a group of 15 civilians along the main road in Ashing (Belo, Boyo, Nord-Ouest) accusing them of leaving a bag they suspected of carrying items used to manufacture IEDs near the military minor base.",0.7272727272727272,0.99,0.3494526690479928,0.13115346521695664,0.12984846643367523,0.12984846643367523,0.12984846643367523,0.12984846643367523
olmo2:7b,CAO8495,B,B,0.91,"{""V"": 0.01, ""B"": 0.88, ""E"": 0.02, ""P"": 0.03, ""R"": 0.02, ""S"": 0.08}",0.78,Military Forces of Cameroon (1982-) Rapid Intervention Battalion,"On 6 February 2024, the military forces (Rapid Intervention) and the gendarmerie fired warning shots in the air at the outpost in Fotokol (Fotokol, Logone-et-Chari, Extreme-Nord) to drive back suspected ISWAP or Boko Haram militants. There were no fatalities.",0.7272727272727272,0.9100000000000001,0.13333829869199784,0.31826663233839153,0.13467837087257112,0.13603191100246403,0.13467837087257112,0.14300641622168606
olmo2:7b,CAO13440,B,B,0.94,"{""V"": 0.01, ""B"": 0.93, ""E"": 0.01, ""P"": 0.01, ""R"": 0.01, ""S"": 0.0}",0.78,Ambazonian Separatists (Cameroon),"Around 13 May 2024 (as reported), Ambazonian Separatists ambushed patrolling gendarmerie forces along the Ayukaba and Eyangchang villages, coded to Ayukaba (Mamfe, Manyu, Sud-Ouest). The brigade commander and 4 gendarmerie officers were killed. The Separatists looted their weapons and ammunition and burnt the victim's bodies.",0.7272727272727272,0.9400000000000001,0.13334506372191587,0.33460148694284675,0.13334506372191587,0.13334506372191587,0.13334506372191587,0.13201825816915502
olmo2:7b,CAO3624,V,V,0.99,"{""V"": 0.99, ""B"": 0.01, ""E"": 0.0, ""P"": 0.0, ""R"": 0.0, ""S"": 0.0}",0.77,Islamic State West Africa Province (ISWAP) - Lake Chad Faction and/or Boko Haram - Jamaatu Ahli is-Sunnah lid-Dawati wal-Jihad,"Around 30 August 2020 (as reported), Boko Haram attacked Makoulahe village, in Mora subdivision (Mayo-Sava, Extreme-Nord). They looted houses and injured 2 women.",0.7272727272727272,0.99,0.3494526690479928,0.13115346521695664,0.12984846643367523,0.12984846643367523,0.12984846643367523,0.12984846643367523
olmo2:7b,CAO11112,S,R,0.85,"{""V"": 0.85, ""B"": 0.01, ""E"": 0.01, ""P"": 0.01, ""R"": 0.07, ""S"": 0.02}",0.77,Ambazonian Separatists (Cameroon),"Looting: On 2 February 2024, Ambazonian Separatists extorted money and food items from business persons at the market square in Lassin (Noni, Bui, Nord-Ouest).",0.4267515923566879,0.85,0.3135202273558676,0.1353499814574057,0.1353499814574057,0.1353499814574057,0.14371955688571011,0.13671027138589167
olmo2:7b,CAO7600,R,R,0.85,"{""V"": 0.05, ""B"": 0.02, ""E"": 0.01, ""P"": 0.02, ""R"": 0.75, ""S"": 0.01}",0.78,Rioters (Cameroon),"On 26 August 2023, a mob attacked thieves who had killed an elderly woman while robbing her in Brazzaville neighbourhood, in the outskirts of Douala (Douala 1, Wouri, Littoral). Two managed to escape while a third was beaten to death.",0.4267515923566879,0.85,0.1454286823568774,0.1411306152430764,0.1397263421583256,0.1411306152430764,0.2928574028400258,0.1397263421583256
olmo2:7b,CAO3498,V,V,0.94,{},0.47,Military Forces of Cameroon (1982-),"On 21 July 2020, military forces opened fire around a food market in Bamenda town (Mezam, Nord-Ouest). One person was reportedly killed and property destroyed.",0.7272727272727272,0.9400000000000001,0.16666666666663887,0.16666666666663887,0.16666666666663887,0.16666666666663887,0.16666666666663887,0.16666666666663887
olmo2:7b,CAO4080,B,B,0.93,"{""V"": 0.01, ""B"": 0.93, ""E"": 0.01, ""P"": 0.02, ""R"": 0.03, ""S"": 0.01}",0.95,Military Forces of Cameroon (1982-),"On 1 December 2020, the military forces repelled an attack of Boko Haram in Boudoua village, Mora subdivision (Mayo-Sava, Extreme-Nord). One Boko Haram fighter was killed, and several others injured. The military seized two motorbikes.",0.7272727272727272,0.93,0.13263405305716333,0.33281735471464097,0.13263405305716333,0.13396704745143823,0.13531343866209786,0.13263405305716333
olmo2:7b,CAO14355,V,E,0.95,"{""V"": 0.01, ""B"": 0.03, ""E"": 0.92, ""P"": 0.01, ""R"": 0.02, ""S"": 0.0}",0.79,Ambazonian Separatists (Cameroon),"On 8 May 2024, Ambazonian Separatists abducted a ship owner alongside two skippers after intercepting 2 ships in the Cameroon-Nigeria waterway in Mabeta (Limbe 3, Fako, Sud-Ouest). The militants later released the men after they paid the sum of approximately 700,000 Franc CFA.",0.7272727272727272,0.9499999999999998,0.13325118177228912,0.13594303420423817,0.331038913477054,0.13325118177228912,0.13459037841326346,0.13192531036053498
olmo2:7b,CAO11427,B,B,0.94,"{""V"": 0.01, ""B"": 0.93, ""E"": 0.01, ""P"": 0.02, ""R"": 0.01, ""S"": 0.0}",0.8,Military Forces of Cameroon (1982-),"On 10 January 2024, military forces, disguised as civilians, engaged in gunbattle with Ambazonian Separatists from the Restoration Forces in Yoke (Muyuka, Fako, Sud-Ouest). They freed two civilians held captive by the Ambazonian Separatists. No casualties.",0.7272727272727272,0.9400000000000001,0.1331666018094947,0.3341536741810387,0.1331666018094947,0.13450494840771102,0.1331666018094947,0.13184157198243188
olmo2:7b,CAO11069,V,V,0.99,"{""V"": 0.99, ""B"": 0.01, ""E"": 0.0, ""P"": 0.0, ""R"": 0.0, ""S"": 0.0}",0.76,Ambazonian Separatists (Cameroon),"On 15 December 2023, Ambazonian Separatists kidnapped an employee of the Mbonge municipal council in Kombone (Kumba 1, Meme, Sud-Ouest). They accused him of working closely with the Mayor of the municipality, who is seen as a security forces collaborator.",0.7272727272727272,0.99,0.3494526690479928,0.13115346521695664,0.12984846643367523,0.12984846643367523,0.12984846643367523,0.12984846643367523
olmo2:7b,CAO4139,V,V,0.99,"{""V"": 0.99, ""B"": 0.01, ""E"": 0.0, ""P"": 0.0, ""R"": 0.0, ""S"": 0.0}",0.77,Military Forces of Cameroon (1982-),"On 8 November 2020, the military forces raided Luh village, in Ndu subdivision (Donga-Mantung, Nord-Ouest), killing two civilians including a driver and a bike taxi driver.",0.7272727272727272,0.99,0.3494526690479928,0.13115346521695664,0.12984846643367523,0.12984846643367523,0.12984846643367523,0.12984846643367523
olmo2:7b,CAO2894,R,V,0.99,"{""V"": 0.99, ""B"": 0.01, ""E"": 0.0, ""P"": 0.0, ""R"": 0.0, ""S"": 0.0}",0.77,Rioters (Cameroon),"On 26 January 2020, one young man was burnt to death in Bamenda town (Mezam, Nord-Ouest), for allegedly trying to steal a motorcycle.",0.7272727272727272,0.99,0.3494526690479928,0.13115346521695664,0.12984846643367523,0.12984846643367523,0.12984846643367523,0.12984846643367523
olmo2:7b,CAO8266,B,B,0.94,"{""V"": 0.01, ""B"": 0.93, ""E"": 0.01, ""P"": 0.01, ""R"": 0.01, ""S"": 0.0}",0.77,Boko Haram - Jamaatu Ahli is-Sunnah lid-Dawati wal-Jihad,"On 18 December 2023, Boko Haram militants [JAS faction] ambushed military forces in Moundou, in the Double-Limani area, coded to Limani (Mora, Mayo-Sava, Extreme-Nord). 2 soldiers were killed and 2 others were wounded. The militants stole 2 motorbikes and the rifles from the killed soldiers.",0.7272727272727272,0.9400000000000001,0.13334506372191587,0.33460148694284675,0.13334506372191587,0.13334506372191587,0.13334506372191587,0.13201825816915502
olmo2:7b,CAO6765,V,V,0.95,"{""V"": 0.95, ""B"": 0.01, ""E"": 0.01, ""P"": 0.01, ""R"": 0.01, ""S"": 0.0}",0.78,Ambazonian Separatists (Cameroon),"On 24 November 2022, Ambazonian Separatists killed a public transport driver and a passenger in Awing (Santa, Mezam, Nord-Ouest). They set ablaze the driver's vehicle and abducted two other civilian passengers. The fighters left a note on the body of the killed driver on which it was written that he was collaborating with the military and warned any other person who may be collaborating with them. The rest of the civilians were allowed to go. Residents claim the attack was carried out by the Cameroonian military.",0.7272727272727272,0.9499999999999998,0.33906898300899996,0.13244978287002082,0.13244978287002082,0.13244978287002082,0.13244978287002082,0.13113188551057753
olmo2:7b,CAO14747,S,S,0.85,"{""V"": 0.01, ""B"": 0.03, ""E"": 0.02, ""P"": 0.01, ""R"": 0.05, ""S"": 0.74}",0.78,Military Forces of Cameroon (1982-),"On 6 July 2024, the security forces, coded as the military forces, arrested 39 men and 11 women from their private residences in Marumba I (Kumba 1, Meme, Sud-Ouest) during a search operation to dislodge Ambazonian Separatists in the area.",0.4267515923566879,0.85,0.1399356289869545,0.14276251620997793,0.14134200543930156,0.1399356289869545,0.14564651034301093,0.29037771003351015
olmo2:7b,CAO10353,B,B,0.94,"{""V"": 0.01, ""B"": 0.93, ""E"": 0.01, ""P"": 0.01, ""R"": 0.01, ""S"": 0.0}",0.78,Military Forces of Cameroon (1982-),"On 19 April 2023, state security forces (coded as military) engaged in an armed confrontation with Ambazonian Separatists in Bamenda - Mankon (Mezam, Nord-Ouest). 4 Separatists were killed, and one soldier was severely wounded. Some ammunition was recovered.",0.7272727272727272,0.9400000000000001,0.13334506372191587,0.33460148694284675,0.13334506372191587,0.13334506372191587,0.13334506372191587,0.13201825816915502
olmo2:7b,CAO10413,S,V,0.99,"{""V"": 0.99, ""B"": 0.01, ""E"": 0.0, ""P"": 0.0, ""R"": 0.0, ""S"": 0.0}",0.8,Military Forces of Cameroon (1982-),"Property destruction: On 6 April 2023, State security forces (Air Force), coded as the military forces, burned down 7 civilian houses in Maghow, coded to Akwaya (Akwaya,Manyu,Sud-Ouest). The Separatists also stole food items, money and other valuables. The houses were suspected of housing Separatists.",0.7272727272727272,0.99,0.3494526690479928,0.13115346521695664,0.12984846643367523,0.12984846643367523,0.12984846643367523,0.12984846643367523
olmo2:7b,CAO3901,S,S,0.85,"{""V"": 0.05, ""B"": 0.03, ""E"": 0.02, ""P"": 0.01, ""R"": 0.02, ""S"": 0.83}",0.8,Military Forces of Cameroon (1982-),"On 17 September 2020, the security forces (assumed Military Forces) arrested 'scores' of civilians during a raid in Bakweri town (Fako, Sud-Ouest).",0.4267515923566879,0.85,0.14157585216857407,0.1387724624679096,0.1373916533953166,0.1360245836025565,0.1373916533953166,0.3088437949700177
olmo2:7b,CAO13626,B,B,0.93,"{""V"": 0.01, ""B"": 0.93, ""E"": 0.01, ""P"": 0.02, ""R"": 0.03, ""S"": 0.01}",0.94,Boko Haram - Jamaatu Ahli is-Sunnah lid-Dawati wal-Jihad,"On 14 June 2024, Boko Haram (JAS) (likely) militants clashed with the Gendarmerie forces in Tourou (Mokolo, Mayo-Tsanaga, Extreme-Nord). 1 soldier was killed. 4 motorbikes and an ambulance were burnt and several materials looted.",0.7272727272727272,0.93,0.13263405305716333,0.33281735471464097,0.13263405305716333,0.13396704745143823,0.13531343866209786,0.13263405305716333
olmo2:7b,CAO5613,R,V,0.99,"{""V"": 0.99, ""B"": 0.01, ""E"": 0.0, ""P"": 0.0, ""R"": 0.0, ""S"": 0.0}",0.77,Rioters (Cameroon),"On 19 October 2021, a traditional leader and his supporters tortured a pregnant woman and her children and paraded them on the streets of Buea town (Fako, Sud-Ouest) for being the ex-girlfriend of an Ambazonian separatist commander.",0.7272727272727272,0.99,0.3494526690479928,0.13115346521695664,0.12984846643367523,0.12984846643367523,0.12984846643367523,0.12984846643367523
olmo2:7b,CAO8174,R,V,0.99,"{""V"": 0.99, ""B"": 0.01, ""E"": 0.0, ""P"": 0.0, ""R"": 0.01, ""S"": 0.0}",0.77,Rioters (Cameroon),"On 3 December 2023, a mob killed a suspect who was accused of killing two people with knives in Obala (Obala, Lekie, Centre). The victim was burnt alive by the mob.",0.7272727272727272,0.99,0.3489972280899669,0.130982533170538,0.12967923518953606,0.12967923518953606,0.130982533170538,0.12967923518953606
olmo2:7b,CAO13505,S,V,0.95,"{""V"": 0.95, ""B"": 0.01, ""E"": 0.01, ""P"": 0.01, ""R"": 0.01, ""S"": 0.0}",0.77,Ambazonian Separatists (Cameroon),"Looting: On 10 April 2024, Ambazonian Separatists from the Restoration Forces faction extorted money from commercial motorbike riders and their passengers in Bulu Camp (Mundemba, Ndian, Sud-Ouest) on their way to the market and farms.",0.7272727272727272,0.9499999999999998,0.33906898300899996,0.13244978287002082,0.13244978287002082,0.13244978287002082,0.13244978287002082,0.13113188551057753
olmo2:7b,CAO3090,B,B,0.93,"{""V"": 0.01, ""B"": 0.93, ""E"": 0.02, ""P"": 0.01, ""R"": 0.03, ""S"": 0.01}",0.93,Ambazonian Separatists (Cameroon),"On 12 March 2020, two groups of Ambazonian separatists clashed in their camp in Vikovi village, near Kikaikom, in Kumbo subdivision (Bui, Nord-Ouest), resulting in 5 deaths.",0.7272727272727272,0.93,0.13263405305716333,0.33281735471464097,0.13396704745143823,0.13263405305716333,0.13531343866209786,0.13263405305716333
olmo2:7b,CAO6193,B,B,0.91,"{""V"": 0.01, ""B"": 0.89, ""E"": 0.01, ""P"": 0.02, ""R"": 0.02, ""S"": 0.07}",0.78,Military Forces of Cameroon (1982-),"On 21 June 2022, Cameroonian military forces clashed with Ambazonia separatist in Essu (Fungom, Menchum, Nord-Ouest) leading to the death of 1 separatist and 1 civilian was injured. She was taking to the hospital for treatment.",0.7272727272727272,0.9100000000000001,0.13346080464602655,0.32176061473931006,0.13346080464602655,0.13480210803190665,0.13480210803190665,0.14171355990450174
olmo2:7b,CAO4023,V,V,0.99,"{""V"": 0.99, ""B"": 0.01, ""E"": 0.0, ""P"": 0.0, ""R"": 0.0, ""S"": 0.0}",0.78,Islamic State West Africa Province (ISWAP) - Lake Chad Faction and/or Boko Haram - Jamaatu Ahli is-Sunnah lid-Dawati wal-Jihad,"On 18 November 2020, Boko Haram shot and killed a traditional chief and 3 of his children (total of 4 fatalities) in Satomi village, around Mora (Mayo-Sava, Extreme-Nord).",0.7272727272727272,0.99,0.3494526690479928,0.13115346521695664,0.12984846643367523,0.12984846643367523,0.12984846643367523,0.12984846643367523
olmo2:7b,CAO4443,B,B,0.94,{},0.45,MNJTF: Multinational Joint Task Force,"On 4 March 2021, the MNJTF military forces repelled an attack of Boko Haram in Gouzoudou village (Mayo-Sava, Extreme-Nord). No fatality and/or casualty reported.",0.7272727272727272,0.9400000000000001,0.16666666666663887,0.16666666666663887,0.16666666666663887,0.16666666666663887,0.16666666666663887,0.16666666666663887
olmo2:7b,CAO10147,B,S,0.85,"{""V"": 0.01, ""B"": 0.82, ""E"": 0.02, ""P"": 0.01, ""R"": 0.03, ""S"": 0.89}",0.78,Military Forces of Cameroon (1982-),"On 3 January 2023, state security forces (coded as military) captured and arrested 1 Ambazonian Separatist in Adiemukong, Bafut commune, coded to Bafut (Mezam, Nord-Ouest). Gunshots could be heard, no casualties. It is unclear if the gunshots were an armed confrontation between the two.",0.4267515923566879,0.85,0.11508725823575643,0.25870556695285435,0.11624390441028457,0.11508725823575643,0.11741217507212398,0.27746383709294675
olmo2:7b,CAO7973,S,R,0.85,"{""V"": 0.05, ""B"": 0.02, ""E"": 0.01, ""P"": 0.8, ""R"": 0.92, ""S"": 0.0}",0.79,Islamic State West Africa Province (ISWAP) and/or Boko Haram - Jamaatu Ahli is-Sunnah lid-Dawati wal-Jihad,"Looting: On 18 October 2023, ISWAP or Boko Haram militants demanded money and food items from fishermen in the Tsoukiya zone around Darak (Darak, Logone-et-Chari, Extreme-Nord) as taxes for fishing rights. The militants also searched the fishermen for mobile phones and any person from Darak. Finding neither the militants retreated toward Nigeria.",0.4267515923566879,0.85,0.11924102703754583,0.11571692210432324,0.11456551949135066,0.2524332562193969,0.28461770162129985,0.11342557352579878
olmo2:7b,CAO9827,V,V,0.99,"{""V"": 0.99, ""B"": 0.01, ""E"": 0.0, ""P"": 0.0, ""R"": 0.0, ""S"": 0.0}",0.77,Military Forces of Cameroon (1982-),"On 7 January 2023, the state security forces, coded as the military forces shot and killed a masquerade in Bambui (Tubah, Mezam, Nord-Ouest) accusing him of being an Ambazonian Separatists.",0.7272727272727272,0.99,0.3494526690479928,0.13115346521695664,0.12984846643367523,0.12984846643367523,0.12984846643367523,0.12984846643367523
olmo2:7b,CAO7395,B,B,0.91,"{""V"": 0.01, ""B"": 0.89, ""E"": 0.01, ""P"": 0.02, ""R"": 0.02, ""S"": 0.07}",0.77,Military Forces of Cameroon (1982-) Rapid Intervention Battalion,"On 23 June 2023, the military forces (Rapid Intervention) ambushed Boko Haram (JAS) (likely) militants in Ganse (Kolofata, Mayo-Sava, Extreme-Nord). 1 militant was killed and various items recovered by the military forces.",0.7272727272727272,0.9100000000000001,0.13346080464602655,0.32176061473931006,0.13346080464602655,0.13480210803190665,0.13480210803190665,0.14171355990450174
olmo2:7b,CAO6147,V,V,0.99,"{""V"": 0.99, ""B"": 0.01, ""E"": 0.0, ""P"": 0.0, ""R"": 0.0, ""S"": 0.0}",0.78,Ambazonian Separatists (Cameroon),"On 1 June 2022, Ambazonia separatists abducted 9 commercial bike riders near Fundong (Njinikom, Boyo, Nord-Ouest) after they had participated in the 20th May celebration despite the ban imposed by the Separatists. The Separatists also burnt their motorbikes.",0.7272727272727272,0.99,0.3494526690479928,0.13115346521695664,0.12984846643367523,0.12984846643367523,0.12984846643367523,0.12984846643367523
olmo2:7b,CAO16029,V,V,0.99,"{""V"": 0.99, ""B"": 0.01, ""E"": 0.0, ""P"": 0.0, ""R"": 0.0, ""S"": 0.0}",0.77,Ambazonian Separatists (Cameroon),"On 22 October 2024, Ambazonian Separatists abducted a male civilian from his private residences in Bamenda - Nkwen (Bamenda 3, Mezam, Nord-Ouest) for an unknown reason.",0.7272727272727272,0.99,0.3494526690479928,0.13115346521695664,0.12984846643367523,0.12984846643367523,0.12984846643367523,0.12984846643367523
olmo2:7b,CAO11761,B,B,0.91,"{""V"": 0.09, ""B"": 0.83, ""E"": 0.02, ""P"": 0.01, ""R"": 0.03, ""S"": 0.01}",0.77,Military Forces of Cameroon (1982-),"On 16 July 2023, state security forces (coded as military) engaged in an armed confrontation with Ambazonian Separatists in Agyati (Mezam, Nord-Ouest). No casualties.",0.7272727272727272,0.9100000000000001,0.14670658617748403,0.3074875441796168,0.13678831429138552,0.13542724782301518,0.13816305970517564,0.13542724782301518
olmo2:7b,CAO11220,B,V,0.99,"{""V"": 0.99, ""B"": 0.01, ""E"": 0.0, ""P"": 0.0, ""R"": 0.0, ""S"": 0.0}",0.77,Military Forces of Cameroon (1982-),"On 8 November 2023, the military forces attacked Ambazonian Separatists from the Restoration Forces during an operation in Mfuni (Mamfe, Manyu, Sud-Ouest). The military forces shot and killed one, while several others sustained life-threatening injuries.",0.7272727272727272,0.99,0.3494526690479928,0.13115346521695664,0.12984846643367523,0.12984846643367523,0.12984846643367523,0.12984846643367523
olmo2:7b,CAO3650,R,R,0.79,"{""V"": 0.12, ""B"": 0.03, ""E"": 0.01, ""P"": 0.01, ""R"": 0.03, ""S"": 0.02}",0.76,Rioters (Cameroon),"On 5 September 2020, residents beat one woman to death in Yokosire village (Lom-Et-Djerem, Est) after she was accused of attempting to use witchcraft against her co-wife.",0.42675159235668786,0.79,0.18101617945959161,0.16543633144677392,0.1621604726008644,0.1621604726008644,0.16543633144677392,0.1637902124449508
olmo2:7b,CAO12120,V,V,0.99,"{""V"": 0.99, ""B"": 0.01, ""E"": 0.0, ""P"": 0.0, ""R"": 0.0, ""S"": 0.0}",0.77,Military Forces of Cameroon (1982-),"On 13 August 2023, state security forces, coded as military forces, shot and killed a suspected Ambazonian Separatist in Nkundu quarter in Njenka (Balikumbat, Ngo-Ketunjia, Nord-Ouest) and left his body by the road. He had been arrested earlier from his private residence after a tip-off.",0.7272727272727272,0.99,0.3494526690479928,0.13115346521695664,0.12984846643367523,0.12984846643367523,0.12984846643367523,0.12984846643367523
olmo2:7b,CAO13210,B,S,0.85,"{""V"": 0.01, ""B"": 0.01, ""E"": 0.01, ""P"": 0.01, ""R"": 0.77, ""S"": 0.96}",0.77,Military Forces of Cameroon (1982-),"On 23 March 2024, state security forces, coded as the military forces, fired several warning gunshots to dislodge and dismantle an Ambazonian Separatist illegal checkpoint in Bobong (Njinikom, Boyo, Nord-Ouest). There were no fatalities or injuries.",0.4267515923566879,0.85,0.11462650373078975,0.11462650373078975,0.11462650373078975,0.11462650373078975,0.24510312716623758,0.2963908579103069
olmo2:7b,CAO10312,S,E,0.99,{},0.45,Ambazonian Separatists (Cameroon),"Property destruction: On 28 April 2023, Ambazonian Separatists Restoration forces burned a vehicle belonging to an unnamed road construction company working along the Kumba -Mundemba road axis in Dibonda (Toko, Ndian, Sud-Ouest). The burning was an attempt by the perpetrators to enforce the ban on any government sponsored projects especially reconstruction projects the perpetrators had declared.",0.7272727272727272,0.99,0.16666666666663887,0.16666666666663887,0.16666666666663887,0.16666666666663887,0.16666666666663887,0.16666666666663887
olmo2:7b,CAO4521,V,B,0.91,"{""V"": 0.09, ""B"": 0.83, ""E"": 0.03, ""P"": 0.01, ""R"": 0.01, ""S"": 0.02}",0.77,Islamic State West Africa Province (ISWAP) - Lake Chad Faction and/or Boko Haram - Jamaatu Ahli is-Sunnah lid-Dawati wal-Jihad,"On 3 April 2021, Boko Haram fighters nightly attacked Goudjimdele village, Mora subdivision (Mayo-Sava, Extreme-Nord), killing 2 people.",0.7272727272727272,0.9100000000000001,0.14670658617748403,0.3074875441796168,0.13816305970517564,0.13542724782301518,0.13542724782301518,0.13678831429138552
olmo2:7b,CAO8337,V,B,0.91,"{""V"": 0.09, ""B"": 0.91, ""E"": 0.03, ""P"": 0.01, ""R"": 0.02, ""S"": 0.04}",0.76,Boko Haram - Jamaatu Ahli is-Sunnah lid-Dawati wal-Jihad,"Around 30 December 2023 (as reported), Boko Haram (JAS) (likely) militants attacked Soukoule, coded to Mora (Mora, Mayo-Sava, Extreme-Nord). 1 civilian was killed and 3 motorbikes were taken away.",0.7272727272727272,0.9100000000000001,0.1424703569660851,0.32347892234468006,0.13417352927774656,0.13151671539093227,0.13283848035497212,0.13552199566526044
olmo2:7b,CAO9705,V,V,0.99,"{""V"": 0.99, ""B"": 0.01, ""E"": 0.0, ""P"": 0.0, ""R"": 0.0, ""S"": 0.0}",0.76,Military Forces of Cameroon (1982-),"On 23 June 2022, military forces shot and killed two male civilians in Ekombe Bonji (Kumba 1, Meme, Sud-Ouest).",0.7272727272727272,0.99,0.3494526690479928,0.13115346521695664,0.12984846643367523,0.12984846643367523,0.12984846643367523,0.12984846643367523
olmo2:7b,CAO13243,S,E,0.98,"{""V"": 0.02, ""B"": 0.01, ""E"": 0.95, ""P"": 0.01, ""R"": 0.0, ""S"": 0.0}",0.77,Boko Haram - Jamaatu Ahli is-Sunnah lid-Dawati wal-Jihad,"Looting: On 26 April 2024, ISWAP or Boko Haram militants looted some 150 oxen and cows in a grazing area in Dougza (Kolofata, Mayo-Sava, Extreme-Nord).",0.7272727272727272,0.98,0.1337791534013784,0.13244802858413912,0.3390644920697403,0.13244802858413912,0.13113014868013198,0.13113014868013198
olmo2:7b,CAO6787,S,R,0.85,"{""V"": 0.05, ""B"": 0.03, ""E"": 0.02, ""P"": 0.01, ""R"": 0.75, ""S"": 0.01}",0.76,Boko Haram - Jamaatu Ahli is-Sunnah lid-Dawati wal-Jihad,"Looting: On 4 December 2022, Boko Haram [JAS] looted farmers in Amchide (Kolofata, Mayo-Sava, Extreme-Nord) stealing 2 motorbikes and 1 bicycle.",0.4267515923566879,0.85,0.14522270047332184,0.14234709833797438,0.140930721044188,0.1395284369399487,0.2924426062643259,0.1395284369399487
olmo2:7b,CAO4545,B,B,0.91,"{""V"": 0.09, ""B"": 0.93, ""E"": 0.01, ""P"": 0.02, ""R"": 0.03, ""S"": 0.01}",0.75,Military Forces of Cameroon (1982-),"On 12 April 2021, the military forces repelled a nightly attack of Boko Haram fighters in Djanpala village, assumedly in Mora subdivision (Mayo-Sava, Extreme-Nord). One assailant was killed, and foodstuffs retrieved.",0.7272727272727272,0.9100000000000001,0.14211089776354216,0.329180990620183,0.13118489272520578,0.13250332281601276,0.13383500334952114,0.13118489272520578
olmo2:7b,CAO3621,P,P,0.95,"{""V"": 0.01, ""B"": 0.03, ""E"": 0.02, ""P"": 0.9, ""R"": 0.02, ""S"": 0.0}",0.77,Protesters (Cameroon),"On 28 August 2020, women of the SUFC movement demonstrated in the Nord-ouest region, around Bamenda town (Mezam, Nord-Ouest), calling for a ceasefire in the North West and South West regions.",0.7272727272727272,0.9499999999999998,0.1339498390887723,0.13665580533473384,0.1352960573525119,0.3261852249505769,0.1352960573525119,0.13261701592056682
olmo2:7b,CAO6152,B,V,0.99,"{""V"": 0.99, ""B"": 0.01, ""E"": 0.0, ""P"": 0.0, ""R"": 0.0, ""S"": 0.0}",0.77,Military Forces of Cameroon (1982-),"On 10 June 2022, Cameroonian military forces exchanged gunshots with suspected separatists and killed 2 civilians in Belo (Tubah, Mezam, Nord-Ouest). Unclear why the military was targeting civilians.",0.7272727272727272,0.99,0.3494526690479928,0.13115346521695664,0.12984846643367523,0.12984846643367523,0.12984846643367523,0.12984846643367523
olmo2:7b,CAO6296,P,P,0.88,"{""V"": 0.02, ""B"": 0.01, ""E"": 0.01, ""P"": 0.88, ""R"": 0.06, ""S"": 0.02}",0.76,Protesters (Cameroon),"Around 15 July 2022, residents of Koza and Gaboua protested in front of the sub-prefecture of Koza in Koza (Koza, Mayo-Tsanaga, Extreme-Nord) after a Boko Haram attack. They protested against the lack of security measures in the community.",0.7272727272727272,0.8800000000000001,0.13542664766676582,0.13407913000768865,0.13407913000768865,0.32003493064644456,0.14095351400432632,0.13542664766676582
olmo2:7b,CAO4239,B,B,0.91,"{""V"": 0.09, ""B"": 0.83, ""E"": 0.03, ""P"": 0.01, ""R"": 0.01, ""S"": 0.02}",0.78,Military Forces of Cameroon (1982-),"On 24 December 2020, the military forces repelled an attack of Boko Haram in Makoulahe village, Mora subdivision (Mayo-Sava, Extreme-Nord), killing one assailant.",0.7272727272727272,0.9100000000000001,0.14670658617748403,0.3074875441796168,0.13816305970517564,0.13542724782301518,0.13542724782301518,0.13678831429138552
olmo2:7b,CAO6523,B,B,0.88,"{""V"": 0.02, ""B"": 0.83, ""E"": 0.01, ""P"": 0.01, ""R"": 0.02, ""S"": 0.0}",0.78,Boko Haram - Jamaatu Ahli is-Sunnah lid-Dawati wal-Jihad,"On 12 September 2022, Boko Haram (JAS) fighters ambushed the Cameroonian military forces on the Limani - Mora Road, coded to Limani (Mora, Mayo-Sava, Extreme-Nord). Unknown fatalities or injuries but 4 motorbikes, mobile phones and a luggage were stolen by the assailants.",0.7272727272727272,0.8800000000000001,0.13873076803963696,0.3118540014740609,0.137350373833537,0.137350373833537,0.13873076803963696,0.13598371477927937
olmo2:7b,CAO5844,B,B,0.93,"{""V"": 0.01, ""B"": 0.93, ""E"": 0.01, ""P"": 0.02, ""R"": 0.03, ""S"": 0.01}",0.93,Military Forces of Cameroon (1982-),"On 25 January 2022, the military intercepted Ambazonian separatists and engaged in fire fights with them in Bamenyam town, Penka-Michel subdivision (Menoua, Ouest). At least one soldier was killed and several others injured.",0.7272727272727272,0.93,0.13263405305716333,0.33281735471464097,0.13263405305716333,0.13396704745143823,0.13531343866209786,0.13263405305716333
olmo2:7b,CAO9976,S,E,0.99,"{""V"": 0.01, ""B"": 0.01, ""E"": 0.98, ""P"": 0.0, ""R"": 0.0, ""S"": 0.0}",0.77,Military Forces of Cameroon (1982-),"Defusal: On 1 October 2021, state forces, coded as military, defused an IED planted by Ambazonian Separatists in Oku (Bui, Nord-Ouest).",0.7272727272727272,0.99,0.13143896555144177,0.13143896555144177,0.3467286909196671,0.13013112599236756,0.13013112599236756,0.13013112599236756
olmo2:7b,CAO12429,B,B,0.94,"{""V"": 0.01, ""B"": 0.93, ""E"": 0.01, ""P"": 0.02, ""R"": 0.01, ""S"": 0.0}",0.77,Ambazonian Separatists (Cameroon),"On 28 July 2023, Ambazonian Separatists exchanged fire with other Ambazonian Separatists in Bali (Mezam, Nord-Ouest) in a dispute over money extorted from civilians. Two Ambazonian Separatists were killed and their bodies were abandoned in the forest.",0.7272727272727272,0.9400000000000001,0.1331666018094947,0.3341536741810387,0.1331666018094947,0.13450494840771102,0.1331666018094947,0.13184157198243188
olmo2:7b,CAO12201,S,V,0.99,"{""V"": 0.99, ""B"": 0.01, ""E"": 0.0, ""P"": 0.0, ""R"": 0.0, ""S"": 0.0}",0.77,Ambazonian Separatists (Cameroon),"Other: On 11 August 2023, Ambazonian Separatists fired gunshots in the air and rounded up civilians in Ikiliwindi Mile 10 (Meme, Sud-Ouest). They accused the population of collaborating with state security forces and threatened to kill anyone who collaborated with them.",0.7272727272727272,0.99,0.3494526690479928,0.13115346521695664,0.12984846643367523,0.12984846643367523,0.12984846643367523,0.12984846643367523
olmo2:7b,CAO6363,B,B,0.93,"{""V"": 0.01, ""B"": 0.93, ""E"": 0.01, ""P"": 0.02, ""R"": 0.03, ""S"": 0.01}",0.94,Military Forces of Cameroon (1982-),"Around 7 August 2022, the Cameroonian military forces clashed with Boko Haram (JAS) (likely) fighters in Mora (Mora, Mayo-Sava, Extreme-Nord) killing many. The military also recovered weapons including 2 Kalashnikov rifles.",0.7272727272727272,0.93,0.13263405305716333,0.33281735471464097,0.13263405305716333,0.13396704745143823,0.13531343866209786,0.13263405305716333
olmo2:7b,CAO7132,B,B,0.91,"{""V"": 0.01, ""B"": 0.88, ""E"": 0.02, ""P"": 0.03, ""R"": 0.02, ""S"": 0.08}",0.78,Islamic State West Africa Province (ISWAP) and/or Boko Haram - Jamaatu Ahli is-Sunnah lid-Dawati wal-Jihad,"Around 5 March 2023, suspected ISWAP or Boko Haram fighters clashed with the Cameroonian military forces in Marouare, coded to Ngaoundere (Ngaoundere 1, Vina, Adamaoua). 2 fighters were killed while 2 civilians were wounded.",0.7272727272727272,0.9100000000000001,0.13333829869199784,0.31826663233839153,0.13467837087257112,0.13603191100246403,0.13467837087257112,0.14300641622168606
olmo2:7b,CAO4190,V,V,0.99,"{""V"": 0.99, ""B"": 0.01, ""E"": 0.0, ""P"": 0.0, ""R"": 0.01, ""S"": 0.0}",0.77,Ambazonian Separatists (Cameroon),"On 4 January 2021, Ambazonian separatists burnt a transport truck, killed the driver and reportedly injured his assistant in Ewili village, around Buea (Fako, Sud-Ouest). They accused the victims of not respecting their stop order.",0.7272727272727272,0.99,0.3489972280899669,0.130982533170538,0.12967923518953606,0.12967923518953606,0.130982533170538,0.12967923518953606
olmo2:7b,CAO13670,V,R,0.73,"{""V"": 0.0, ""B"": 0.0, ""E"": 0.0, ""P"": 0.0, ""R"": 0.73, ""S"": 0.0}",0.77,Military Forces of Cameroon (1982-) Rapid Intervention Battalion,"On 15 April 2024, state security forces, coded as the military forces from the Rapid Intervention, beat and arrested 2 civilian from the road in Bonganjo (Buea, Fako, Sud-Ouest). There were no fatalities.",0.25,0.7299999999999999,0.1413411458400965,0.1413411458400965,0.1413411458400965,0.1413411458400965,0.2932942707992242,0.1413411458400965
olmo2:7b,CAO8729,V,V,0.85,"{""V"": 0.85, ""B"": 0.01, ""E"": 0.01, ""P"": 0.01, ""R"": 0.01, ""S"": 0.06}",0.78,Ambazonian Separatists (Cameroon),"On 10 February 2024, Ambazonian Separatists from the Fako Mountain Lions faction fired several shots as a warning to enforce the Separatist-imposed lockdown in Bokova (Buea, Fako, Sud-Ouest) against the Youth Day celebration. There were no fatalities.",0.4267515923566879,0.85,0.31439749805567935,0.1357287084504104,0.1357287084504104,0.1357287084504104,0.1357287084504104,0.14268766814236464
olmo2:7b,CAO10745,B,E,0.99,{},0.44,Ambazonian Separatists (Cameroon),"On 2 June 2023, Ambazonian Separatists detonated an IED targeting a state security forces convoy (coded as military) in Bufi (Menchum, Nord-Ouest). The explosion missed the target, but the soldiers stopped and fired gunshots in the area which caused civilians to flee.",0.7272727272727272,0.99,0.16666666666663887,0.16666666666663887,0.16666666666663887,0.16666666666663887,0.16666666666663887,0.16666666666663887
olmo2:7b,CAO2881,V,V,0.99,"{""V"": 0.99, ""B"": 0.01, ""E"": 0.0, ""P"": 0.0, ""R"": 0.0, ""S"": 0.0}",0.78,Military Forces of Cameroon (1982-),"On 23 January 2020, the military forces attacked the villages of Bekora Barombi, Ndoh, Njima, Mokono Barombi and Mberenge, in Ekondo Titi subdivision (Ndian, Sud-Ouest). They reportedly killed at least 14 civilians, and injured at least 3 people including a humanitarian worker and two beneficiaries of a humanitarian project.",0.7272727272727272,0.99,0.3494526690479928,0.13115346521695664,0.12984846643367523,0.12984846643367523,0.12984846643367523,0.12984846643367523
olmo2:7b,CAO12755,R,V,0.99,"{""V"": 0.99, ""B"": 0.01, ""E"": 0.0, ""P"": 0.0, ""R"": 0.0, ""S"": 0.0}",0.76,Rioters (Cameroon),"On 4 April 2022, residents killed 1 Ambazonian Separatist fighter in Mbengwi (Mbengwi, Momo, Nord-Ouest) because of the atrocities committed by the separatists in their community.",0.7272727272727272,0.99,0.3494526690479928,0.13115346521695664,0.12984846643367523,0.12984846643367523,0.12984846643367523,0.12984846643367523
olmo2:7b,CAO11779,V,V,0.99,"{""V"": 0.99, ""B"": 0.01, ""E"": 0.0, ""P"": 0.0, ""R"": 0.0, ""S"": 0.0}",0.78,Military Forces of Cameroon (1982-),"On 14 May 2022, state security forces, coded as military, killed a female civilian in Tobin (Bui, Nord-Ouest). The women who approached the military base and was mistaken to be an intruder.",0.7272727272727272,0.99,0.3494526690479928,0.13115346521695664,0.12984846643367523,0.12984846643367523,0.12984846643367523,0.12984846643367523
olmo2:7b,CAO10497,V,V,0.94,"{""V"": 0.94, ""B"": 0.01, ""E"": 0.01, ""P"": 0.01, ""R"": 0.01, ""S"": 0.0}",0.78,Military Forces of Cameroon (1982-),"On 16 March 2023, state security forces (coded as military) fired shots at a vehicle, injuring some civilians, at a vehicular checkpoint in Ntarinkon (Bamenda - Mankon, Mezam, Nord-Ouest) after the driver failed to stop.",0.7272727272727272,0.9400000000000001,0.33683159023515236,0.13289815369764615,0.13289815369764615,0.13289815369764615,0.13289815369764615,0.13157579497392596
olmo2:7b,CAO5725,V,V,0.99,"{""V"": 0.99, ""B"": 0.01, ""E"": 0.0, ""P"": 0.0, ""R"": 0.0, ""S"": 0.0}",0.77,Military Forces of Cameroon (1982-),"On 27 October 2021, the military forces alongside Fulani militiamen attacked and killed a 15 year old boy in Ngarbuh village, near Ntamruh, Ndu subdivision (Donga-Mantung, Nord-Ouest). He was accused of collaborating with Ambazonian separatists fighters.",0.7272727272727272,0.99,0.3494526690479928,0.13115346521695664,0.12984846643367523,0.12984846643367523,0.12984846643367523,0.12984846643367523
olmo2:7b,CAO6214,S,E,0.98,"{""V"": 0.02, ""B"": 0.01, ""E"": 0.95, ""P"": 0.01, ""R"": 0.0, ""S"": 0.01}",0.78,Boko Haram - Jamaatu Ahli is-Sunnah lid-Dawati wal-Jihad,"Property destruction: Around 20 June 2022, Boko Haram (JAS) (likely) burnt houses and looted items in Djakana village, around Limani (Limani, Mayo-Sava, Extreme-Nord), including 4 bicycles.",0.7272727272727272,0.98,0.13360308058636017,0.1322737077229026,0.33861823390414764,0.1322737077229026,0.13095756234044575,0.1322737077229026
olmo2:7b,CAO12645,B,B,0.91,"{""V"": 0.09, ""B"": 0.91, ""E"": 0.03, ""P"": 0.01, ""R"": 0.02, ""S"": 0.05}",0.77,Military Forces of Cameroon (1982-),"On 15 January 2022, Ambazonian separatists and the military engaged in an armed clash at Total gas station in Bamunka near Bamenda (Bamenda 1, Mezam, Nord-Ouest). Three civilians were killed in the crossfire.",0.7272727272727272,0.9100000000000001,0.14227657361225104,0.32303893727128336,0.13399103098790663,0.1313378308093504,0.13265779795345659,0.1366978293654289
olmo2:7b,CAO3193,B,B,0.91,"{""V"": 0.09, ""B"": 0.93, ""E"": 0.03, ""P"": 0.01, ""R"": 0.02, ""S"": 0.01}",0.76,Military Forces of Cameroon (1982-) Rapid Intervention Battalion,"On 18 April 2020, the military's rapid intervention battalion engaged in a fire fight with Ambazonian separatists in Oku village, Belo subdivision (Boyo, Nord-Ouest). Some separatists were killed. Some fatalities coded as 3.",0.7272727272727272,0.9100000000000001,0.14211089776354216,0.329180990620183,0.13383500334952114,0.13118489272520578,0.13250332281601276,0.13118489272520578
olmo2:7b,CAO3287,V,B,0.91,"{""V"": 0.09, ""B"": 0.91, ""E"": 0.03, ""P"": 0.01, ""R"": 0.02, ""S"": 0.05}",0.78,Islamic State West Africa Province (ISWAP) - Lake Chad Faction and/or Boko Haram - Jamaatu Ahli is-Sunnah lid-Dawati wal-Jihad,"On 18 May 2020, Boko Haram attacked the village of Tolkomari, Kolofata subdivision (Mayo-Sava, Extreme-Nord). No fatality and/or casualty reported.",0.7272727272727272,0.9100000000000001,0.14227657361225104,0.32303893727128336,0.13399103098790663,0.1313378308093504,0.13265779795345659,0.1366978293654289
olmo2:7b,CAO8924,B,B,0.94,"{""V"": 0.01, ""B"": 0.93, ""E"": 0.01, ""P"": 0.01, ""R"": 0.01, ""S"": 0.0}",0.78,Military Forces of Cameroon (1982-),"On 29 May 2022, the military forces in a joint operation with the self-defense militia (COVI) ambushed Ambazonian Separatist fighter at a checkpoint in Ngarum (Ndu, Donga-Mantung, Nord-Ouest). 1 separatist was killed.",0.7272727272727272,0.9400000000000001,0.13334506372191587,0.33460148694284675,0.13334506372191587,0.13334506372191587,0.13334506372191587,0.13201825816915502
olmo2:7b,CAO2836,V,B,0.93,"{""V"": 0.01, ""B"": 0.93, ""E"": 0.01, ""P"": 0.02, ""R"": 0.03, ""S"": 0.01}",0.95,Military Forces of Cameroon (1982-),"On 13 January 2020, the military forces attacked Kumbo town, in Jakiri subdivision (Bui, Nord-Ouest). They reportedly killed one person, and burnt over 8 houses in several areas of the town.",0.7272727272727272,0.93,0.13263405305716333,0.33281735471464097,0.13263405305716333,0.13396704745143823,0.13531343866209786,0.13263405305716333
olmo2:7b,CAO10508,B,V,0.99,"{""V"": 0.99, ""B"": 0.01, ""E"": 0.0, ""P"": 0.0, ""R"": 0.0, ""S"": 0.0}",0.76,Military Forces of Cameroon (1982-),"On 14 March 2023, the state security forces, coded as military, shot and killed 3 Ambazonian Separatists at the Ndekwai - Ntenako road axis, coded to Ntenaku (Mamfe, Manyu, Sud-Ouest).",0.7272727272727272,0.99,0.3494526690479928,0.13115346521695664,0.12984846643367523,0.12984846643367523,0.12984846643367523,0.12984846643367523
olmo2:7b,CAO3184,B,B,0.91,"{""V"": 0.09, ""B"": 0.91, ""E"": 0.03, ""P"": 0.01, ""R"": 0.02, ""S"": 0.05}",0.78,Ambazonian Separatists (Cameroon),"On 15 April 2020, Ambazonian separatists engaged in fire fights with military forces in Bafut town, Bamenda subdivision (Mezam, Nord-Ouest). No fatality and/or casualty reported.",0.7272727272727272,0.9100000000000001,0.14227657361225104,0.32303893727128336,0.13399103098790663,0.1313378308093504,0.13265779795345659,0.1366978293654289
olmo2:7b,CAO5032,B,B,0.94,{},0.45,Military Forces of Cameroon (1982-),"On 10 February 2021, the military forces repelled an incursion of Ambazonian separatists in Meanja water tank neighborhood of Muyuka town (Fako, Sud-Ouest). No fatality and/or casualty reported.",0.7272727272727272,0.9400000000000001,0.16666666666663887,0.16666666666663887,0.16666666666663887,0.16666666666663887,0.16666666666663887,0.16666666666663887
olmo2:7b,CAO5789,S,S,0.85,"{""V"": 0.01, ""B"": 0.01, ""E"": 0.02, ""P"": 0.01, ""R"": 0.05, ""S"": 0.86}",0.78,Military Forces of Cameroon (1982-),"Around 21 December 2021 (as reported), the security forces (assumedly Military Forces) arrested at least 30 people including 7 Chadians and seized machetes, knives and spears during a security operation in Kousseri town (Logone-et-Chari, Extreme-Nord). The aim was to restore peace in the city in the context of tensions between the Musgum and Arab Shoa communities.",0.4267515923566879,0.85,0.1353086997512455,0.1353086997512455,0.13666857479168704,0.1353086997512455,0.1408307525430592,0.3165745734112006
olmo2:7b,CAO13094,V,V,0.99,"{""V"": 0.99, ""B"": 0.01, ""E"": 0.0, ""P"": 0.0, ""R"": 0.0, ""S"": 0.0}",0.76,Ambazonian Separatists (Cameroon),"On 19 March 2024, Ambazonian Separatists from the Restoration Forces faction shot and injured a civilian in his private residence in Bole (Kumba 1, Meme, Sud-Ouest). They accused the man of collaborating with the military forces.",0.7272727272727272,0.99,0.3494526690479928,0.13115346521695664,0.12984846643367523,0.12984846643367523,0.12984846643367523,0.12984846643367523
olmo2:7b,CAO2871,B,B,0.94,"{""V"": 0.01, ""B"": 0.93, ""E"": 0.01, ""P"": 0.02, ""R"": 0.01, ""S"": 0.0}",0.77,Military Forces of Cameroon (1982-),"On 21 January 2020, the military forces attacked an Ambazonian separatists' camp in Kossala village, Kumba subdivision (Ndian, Sud-Ouest) [coded: Kumba], killing two Ambazonian separatists. The military also rescued 23 children hostages.",0.7272727272727272,0.9400000000000001,0.1331666018094947,0.3341536741810387,0.1331666018094947,0.13450494840771102,0.1331666018094947,0.13184157198243188
olmo2:7b,CAO11284,V,R,0.85,"{""V"": 0.01, ""B"": 0.02, ""E"": 0.01, ""P"": 0.8, ""R"": 0.92, ""S"": 0.0}",0.78,Ambazonian Separatists (Cameroon),"On 15 December 2023, Ambazonian Separatists temporally detained a civilian masked in a traditional masquerade outfit at an illegal vehicle checkpoint for two hours alongside some motorcycle riders in Ngwa (Bangangte, Nde, Ouest). They were accused of not having paid a stipulated sum of money motorcycle riders pay before plying the road.",0.4267515923566879,0.85,0.11510368765156043,0.1162604989444625,0.11510368765156043,0.2536190540203278,0.2859546849084592,0.11395838682334355
olmo2:7b,CAO3310,V,V,0.85,"{""V"": 0.85, ""B"": 0.01, ""E"": 0.01, ""P"": 0.01, ""R"": 0.01, ""S"": 0.06}",0.77,Military Forces of Cameroon (1982-),"On 28 May 2020, military forces killed four people suspected to be armed bandits in Bonduma neighbourhood of Buea town (Fako, Sud-Ouest). Residents say the victims were not armed.",0.4267515923566879,0.85,0.31439749805567935,0.1357287084504104,0.1357287084504104,0.1357287084504104,0.1357287084504104,0.14268766814236464
olmo2:7b,CAO12582,S,E,0.98,"{""V"": 0.02, ""B"": 0.01, ""E"": 0.95, ""P"": 0.01, ""R"": 0.01, ""S"": 0.0}",0.78,Ambazonian Separatists (Cameroon),"Other: On 20 May 2022, Ambazonian Separatists fired warning shots for about 30 minutes in Alabukam near Nlabakam (Bamenda - Mankon, Mezam, Nord-Ouest) to enforce the lockdown for 20 May.",0.7272727272727272,0.98,0.13360308058636017,0.1322737077229026,0.33861823390414764,0.1322737077229026,0.1322737077229026,0.13095756234044575
olmo2:7b,CAO12898,V,V,0.99,"{""V"": 0.99, ""B"": 0.01, ""E"": 0.0, ""P"": 0.0, ""R"": 0.0, ""S"": 0.0}",0.77,Military Forces of Cameroon (1982-),"On 14 February 2024, security forces, coded as the military shot and killed a traditional doctor at his residence in Bessom, coded to Batibo (Batibo, Momo, Nord-Ouest) during a cordon and search operation. They accused the victim of providing fortification charms to Ambazonian Separatists.",0.7272727272727272,0.99,0.3494526690479928,0.13115346521695664,0.12984846643367523,0.12984846643367523,0.12984846643367523,0.12984846643367523
olmo2:7b,CAO13115,B,B,0.94,"{""V"": 0.01, ""B"": 0.93, ""E"": 0.01, ""P"": 0.01, ""R"": 0.01, ""S"": 0.0}",0.78,Ambazonian Separatists (Cameroon),"On 20 March 2024, Ambazonian Separatists from the Restoration Forces faction clashed with the military forces from the Rapid Intervention in Bombe Bakundu (Kumba 3, Meme, Sud-Ouest) during an operation to dislodge Separatists hideouts. 1 Separatist was killed. The military forces recovered a weapon.",0.7272727272727272,0.9400000000000001,0.13334506372191587,0.33460148694284675,0.13334506372191587,0.13334506372191587,0.13334506372191587,0.13201825816915502
olmo2:7b,CAO11938,B,B,0.94,"{""V"": 0.01, ""B"": 0.93, ""E"": 0.01, ""P"": 0.02, ""R"": 0.03, ""S"": 0.0}",0.78,Military Forces of Cameroon (1982-) Gendarmerie,"On 10 October 2023, Gendarmerie forces, clashed with Ambazonian Separatists at an illegal Separatist checkpoint in Bamessing (Tubah, Mezam, Nord-Ouest) as Separatists were looting money from commercial vehicles. Casualties unknown. No information on the injuries. The military forces seized 2 motorbikes.",0.7272727272727272,0.9400000000000001,0.13280932562513567,0.3332571644850734,0.13280932562513567,0.13414408153800397,0.1354922519708132,0.13148785075550468
olmo2:7b,CAO13051,S,E,0.99,{},0.43,Boko Haram - Jamaatu Ahli is-Sunnah lid-Dawati wal-Jihad,"Property destruction: Around 3 April 2024 (as reported), suspected ISWAP or Boko Haram militants removed sheet metal Roofs of schools and professional training buildings in Tchahack (Chahack) (Darak, Logone-et-Chari, Extreme-Nord).",0.7272727272727272,0.99,0.16666666666663887,0.16666666666663887,0.16666666666663887,0.16666666666663887,0.16666666666663887,0.16666666666663887
olmo2:7b,CAO11684,V,B,0.91,"{""V"": 0.01, ""B"": 0.89, ""E"": 0.01, ""P"": 0.02, ""R"": 0.02, ""S"": 0.07}",0.78,Ambazonian Separatists (Cameroon),"On 26 June 2023, Ambazonian Separatists from the Restoration Forces shot and killed two members of the state security forces (coded as military) in Konye (Meme, Sud-Ouest). The soldiers had been previously abducted by the Separatists on 25 June 2023 (coded separately).",0.7272727272727272,0.9100000000000001,0.13346080464602655,0.32176061473931006,0.13346080464602655,0.13480210803190665,0.13480210803190665,0.14171355990450174
olmo2:7b,CAO14510,V,E,0.99,{},0.44,Boko Haram - Jamaatu Ahli is-Sunnah lid-Dawati wal-Jihad,"On 20 August 2024, Boko Haram (JAS) (likely) militants abducted 2 farmers from their fields in Alagarno (Kolofata, Mayo-Sava, Extreme-Nord). They were later released for an unknown reason.",0.7272727272727272,0.99,0.16666666666663887,0.16666666666663887,0.16666666666663887,0.16666666666663887,0.16666666666663887,0.16666666666663887
olmo2:7b,CAO13082,B,V,0.95,"{""V"": 0.95, ""B"": 0.01, ""E"": 0.01, ""P"": 0.01, ""R"": 0.01, ""S"": 0.0}",0.77,Military Forces of Cameroon (1982-),"On 21 February 2024, the state security forces, coded as the military forces ambushed and clashed with the Ambazonian Separatists restoration forces along Buea - Kumba main road, coded to Kumba (Kumba 1, Meme, Sud-Ouest). A driver of a public transport vehicle was hit and killed by a stray bullet. No information on the injuries.",0.7272727272727272,0.9499999999999998,0.33906898300899996,0.13244978287002082,0.13244978287002082,0.13244978287002082,0.13244978287002082,0.13113188551057753
olmo2:7b,CAO5627,B,B,0.93,"{""V"": 0.01, ""B"": 0.93, ""E"": 0.01, ""P"": 0.02, ""R"": 0.03, ""S"": 0.01}",0.97,Military Forces of Cameroon (1982-),"Around 24 October 2021 (as reported), the military forces opened fire on BNL fighters who were erecting barricades in Cameroon-Nigeria border area in Bakassi Peninsula, Kombo Abedimo subdivision (Ndian, Sud-Ouest). 2 BNL fighters were killed.",0.7272727272727272,0.93,0.13263405305716333,0.33281735471464097,0.13263405305716333,0.13396704745143823,0.13531343866209786,0.13263405305716333
olmo2:7b,CAO8784,B,E,0.99,{},0.44,Ambazonian Separatists (Cameroon),"On 10 May 2022, suspected Ambazonian Separatist fighters detonated a remote controlled IED targeting traveling military along the Bamenda-Belo road road, coded to Bamenda (Bamenda 1, Mezam, Nord-Ouest). 1 separatist was killed during clashes that followed the detonation. 2 civlians were also killed by stray bullets.",0.7272727272727272,0.99,0.16666666666663887,0.16666666666663887,0.16666666666663887,0.16666666666663887,0.16666666666663887,0.16666666666663887
olmo2:7b,CAO4808,B,B,0.93,"{""V"": 0.01, ""B"": 0.93, ""E"": 0.03, ""P"": 0.01, ""R"": 0.02, ""S"": 0.01}",0.78,Military Forces of Cameroon (1982-),"Around 16 October 2020 (week of), the military forces engaged in fire fights with Ambazonian separatists in Bamessing village, Ndop subdivision (Mezam, Nord-Ouest), resulting in 3 people getting killed.",0.7272727272727272,0.93,0.13263405305716333,0.33281735471464097,0.13531343866209786,0.13263405305716333,0.13396704745143823,0.13263405305716333
olmo2:7b,CAO14672,S,V,0.99,"{""V"": 0.99, ""B"": 0.01, ""E"": 0.0, ""P"": 0.0, ""R"": 0.0, ""S"": 0.0}",0.76,Ambazonian Separatists (Cameroon),"Looting: On 3 July 2024, Ambazonian Separatists from the Restoration Forces faction extorted money, coded as looting, from civilians at an illegal checkpoint on the main road in Bamessing (Tubah, Mezam, Nord-Ouest).",0.7272727272727272,0.99,0.3494526690479928,0.13115346521695664,0.12984846643367523,0.12984846643367523,0.12984846643367523,0.12984846643367523
olmo2:7b,CAO12986,P,P,0.95,"{""V"": 0.0, ""B"": 0.01, ""E"": 0.02, ""P"": 0.93, ""R"": 0.02, ""S"": 0.0}",0.76,Protesters (Cameroon),"On 17 April 2024, people protested in front of the Town Hall in Yaounde (Yaounde 1, Mfoundi, Centre) after the municipal police officers attempted to arrest a civilian who had refused to pay them money causing an accident that killed 2 civilians. The protesters voiced their growing concern about the actions of the police officers.",0.7272727272727272,0.9499999999999998,0.1318398163017693,0.1331648284839481,0.13450315725994638,0.33414922439228634,0.13450315725994638,0.1318398163017693
olmo2:7b,CAO11562,B,B,0.94,"{""V"": 0.01, ""B"": 0.93, ""E"": 0.01, ""P"": 0.01, ""R"": 0.01, ""S"": 0.0}",0.77,Military Forces of Cameroon (1982-),"On 16 June 2023, government forces, coded as military, clashed with Ambazonian Separatists in Kedjem Keku (Tubah, Mezam, Nord-Ouest), leading to the killing of at least 13 civilians and 3 Ambazonian separatists.",0.7272727272727272,0.9400000000000001,0.13334506372191587,0.33460148694284675,0.13334506372191587,0.13334506372191587,0.13334506372191587,0.13201825816915502
olmo2:7b,CAO14799,V,V,0.99,"{""V"": 0.99, ""B"": 0.01, ""E"": 0.0, ""P"": 0.0, ""R"": 0.0, ""S"": 0.0}",0.77,Ambazonian Separatists (Cameroon),"On 12 July 2024, Ambazonian Separatists from the Bui Unity Warriors faction shot and killed 1 civilian in Jakiri (Jakiri, Bui, Nord-Ouest) after the Separatists had taken him out of his private residence. They accused him of collaborating with the security forces.",0.7272727272727272,0.99,0.3494526690479928,0.13115346521695664,0.12984846643367523,0.12984846643367523,0.12984846643367523,0.12984846643367523
olmo2:7b,CAO4310,S,E,0.99,{},0.44,Police Forces of Cameroon (1982-),"Defusal: On 27 January 2021, the police forces retrieved and defused an IED planted by unidentified men in Bamenda town (Mezam, Nord-Ouest). No fatality and/or casualty reported.",0.7272727272727272,0.99,0.16666666666663887,0.16666666666663887,0.16666666666663887,0.16666666666663887,0.16666666666663887,0.16666666666663887
olmo2:7b,CAO10471,V,V,0.85,"{""V"": 0.85, ""B"": 0.01, ""E"": 0.01, ""P"": 0.01, ""R"": 0.01, ""S"": 0.06}",0.78,Military Forces of Cameroon (1982-),"On 22 March 2023, state security forces, coded as military forces, beat up civilians and broke into homes where they looted properties in Ngomgham Mankon, coded to Ntarinkon (Bamenda - Mankon, Mezam, Nord-Ouest). They also harrassed civilians, the attack was after separatists attacked their position in the area and engaged them in an armed clash (coded separately). No information on injuries.",0.4267515923566879,0.85,0.31439749805567935,0.1357287084504104,0.1357287084504104,0.1357287084504104,0.1357287084504104,0.14268766814236464
olmo2:7b,CAO11896,B,V,0.99,"{""V"": 0.99, ""B"": 0.01, ""E"": 0.0, ""P"": 0.0, ""R"": 0.0, ""S"": 0.0}",0.76,Military Forces of Cameroon (1982-),"On 28 September 2023, state forces, coded as military, exchanged fire with Ambazonian Separatists in Benade (Menchum, Nord-Ouest) during an operation to dislodge the Ambazonian Separatists. Four civilians, including the traditional chief of Banum village, were killed caught by stray bullets.",0.7272727272727272,0.99,0.3494526690479928,0.13115346521695664,0.12984846643367523,0.12984846643367523,0.12984846643367523,0.12984846643367523
olmo2:7b,CAO11447,S,V,0.85,"{""V"": 0.85, ""B"": 0.01, ""E"": 0.01, ""P"": 0.01, ""R"": 0.01, ""S"": 0.06}",0.77,Military Forces of Cameroon (1982-),"Other: On 4 July 2023, state security forces, coded as military forces, on vehicular patrol shot into the air at the cattle market in Lassin (Bui, Nord-Ouest) to prevent an attack by Ambazonian Separatists after they tipped off that a separatists camp opened in the area.",0.4267515923566879,0.85,0.31439749805567935,0.1357287084504104,0.1357287084504104,0.1357287084504104,0.1357287084504104,0.14268766814236464
olmo2:7b,CAO3261,V,V,0.99,"{""V"": 0.99, ""B"": 0.01, ""E"": 0.0, ""P"": 0.0, ""R"": 0.0, ""S"": 0.0}",0.78,Ambazonian Separatists (Cameroon),"On 10 May 2020, suspected Ambazonian separatists killed one person in Bakebe village, Mamfe subdivision (Manyu, Sud-Ouest).",0.7272727272727272,0.99,0.3494526690479928,0.13115346521695664,0.12984846643367523,0.12984846643367523,0.12984846643367523,0.12984846643367523
olmo2:7b,CAO11281,V,V,0.95,"{""V"": 0.95, ""B"": 0.01, ""E"": 0.01, ""P"": 0.01, ""R"": 0.01, ""S"": 0.0}",0.78,Ambazonian Separatists (Cameroon),"On 24 November 2023, the Ambazonian Restoration Forces abducted a builder from a public transport vehicle at a vehicle checkpoint in Nguti (Nguti, Kupe-Manenguba, Sud-Ouest).",0.7272727272727272,0.9499999999999998,0.33906898300899996,0.13244978287002082,0.13244978287002082,0.13244978287002082,0.13244978287002082,0.13113188551057753
olmo2:7b,CAO11825,V,E,0.95,"{""V"": 0.01, ""B"": 0.03, ""E"": 0.96, ""P"": 0.01, ""R"": 0.02, ""S"": 0.05}",0.77,Ambazonian Separatists (Cameroon),"On 3 July 2022, Ambazonian Separatists abducted two workers of a government-owned agro-industrial company, (PAMOL) in Mabonji (Meme, Sud-Ouest).",0.7272727272727272,0.9499999999999998,0.13060334142834584,0.13324170393717033,0.33770232147019924,0.13060334142834584,0.13191592683145137,0.13593336490414945
olmo2:7b,CAO12114,V,V,0.99,"{""V"": 0.99, ""B"": 0.01, ""E"": 0.0, ""P"": 0.0, ""R"": 0.0, ""S"": 0.0}",0.77,Ambazonian Separatists (Cameroon),"On 15 August 2023, Ambazonian Separatists shot and killed a woman in Akwaya (Manyu, Sud-Ouest). They also abducted four civilians from a home for unknown reasons. No additional information.",0.7272727272727272,0.99,0.3494526690479928,0.13115346521695664,0.12984846643367523,0.12984846643367523,0.12984846643367523,0.12984846643367523
olmo2:7b,CAO15247,S,V,0.95,"{""V"": 0.95, ""B"": 0.01, ""E"": 0.01, ""P"": 0.01, ""R"": 0.01, ""S"": 0.0}",0.78,Military Forces of Cameroon (1982-) Gendarmerie,"Looting: On 10 August 2024, gendarmerie forces broke into 8 civilian private residences and looted an unspecified amount of money and valuables in Bamunka (Ndop, Ngo-Ketunjia, Nord-Ouest) during an operation to dislodge Ambazonian Separatists from their hideouts.",0.7272727272727272,0.9499999999999998,0.33906898300899996,0.13244978287002082,0.13244978287002082,0.13244978287002082,0.13244978287002082,0.13113188551057753
olmo2:7b,CAO6111,V,V,0.99,"{""V"": 0.99, ""B"": 0.01, ""E"": 0.0, ""P"": 0.0, ""R"": 0.0, ""S"": 0.0}",0.77,Military Forces of Cameroon (1982-),"Around 24 May 2022, the Cameroonian military shot randomly in Mbve area of Kumbo (Kumbo, Bui, Nord-Ouest). The bullets went through some houses.",0.7272727272727272,0.99,0.3494526690479928,0.13115346521695664,0.12984846643367523,0.12984846643367523,0.12984846643367523,0.12984846643367523
olmo2:7b,CAO13590,S,E,0.99,{},0.44,Military Forces of Cameroon (1982-) Gendarmerie,"Defusal: On 19 April 2024, gendarmerie forces recovered an IED planted by an Ambazonian Separatist at the Market in Great Soppo (Buea, Fako, Sud-Ouest). The were no fatalities. The Separatist had attempted to detonate the IED on a minister's convoy but nearby civilians alerted the gendarmerie forces and he was arrested.",0.7272727272727272,0.99,0.16666666666663887,0.16666666666663887,0.16666666666663887,0.16666666666663887,0.16666666666663887,0.16666666666663887
olmo2:7b,CAO4947,S,S,0.85,"{""V"": 0.05, ""B"": 0.03, ""E"": 0.02, ""P"": 0.01, ""R"": 0.02, ""S"": 0.83}",0.76,Military Forces of Cameroon (1982-),"On 13 January 2021, a joint police and military forces operation was conducted in Mudeka village, Tiko subdivision (Fako, Sud-Ouest), resulting in 86 people getting arrested.",0.4267515923566879,0.85,0.14157585216857407,0.1387724624679096,0.1373916533953166,0.1360245836025565,0.1373916533953166,0.3088437949700177
olmo2:7b,CAO5487,V,V,0.99,"{""V"": 0.99, ""B"": 0.01, ""E"": 0.0, ""P"": 0.0, ""R"": 0.0, ""S"": 0.0}",0.77,Military Forces of Cameroon (1982-),"On 16 August 2021, the military forces tortured several civilians, and looted properties during a raid in Bamenda - Chomba village, Bamenda 2 subdivision (Mezam, Nord-Ouest).",0.7272727272727272,0.99,0.3494526690479928,0.13115346521695664,0.12984846643367523,0.12984846643367523,0.12984846643367523,0.12984846643367523
olmo2:7b,CAO12450,V,V,0.99,"{""V"": 0.99, ""B"": 0.01, ""E"": 0.0, ""P"": 0.0, ""R"": 0.0, ""S"": 0.0}",0.78,Ambazonian Separatists (Cameroon),"On 26 July 2023, Ambazonian Separatists shot and killed a civilian in Mezam department, coded to Bamenda (Mezam, Nord-Ouest), after getting in an argument with him. They let another man go who was with the victim after seizing his phone and an unknown amount of money.",0.7272727272727272,0.99,0.3494526690479928,0.13115346521695664,0.12984846643367523,0.12984846643367523,0.12984846643367523,0.12984846643367523
olmo2:7b,CAO10410,S,V,0.95,"{""V"": 0.95, ""B"": 0.0, ""E"": 0.0, ""P"": 0.0, ""R"": 0.05, ""S"": 0.0}",0.78,Military Forces of Cameroon (1982-),"Property destruction: On 7 April 2023, State security forces, coded as the military forces, set fire to 3 civilian houses in Aboh, coded to Fundong (Njinikom, Boyo, Nord-Ouest).",0.7272727272727272,0.9499999999999998,0.33857747479431993,0.1309417991205959,0.1309417991205959,0.1309417991205959,0.13765532872295794,0.1309417991205959
olmo2:7b,CAO6584,S,S,0.85,"{""V"": 0.01, ""B"": 0.01, ""E"": 0.01, ""P"": 0.02, ""R"": 0.03, ""S"": 0.89}",0.77,Military Forces of Cameroon (1982-),"On 25 September 2022, Cameroonian security forces arrested at least 60 people in Kourgui (Mora, Mayo-Sava, Extreme-Nord). 30 motorbikes without official documents were seized. The military were looking for armed group members.",0.4267515923566879,0.85,0.13438780792166402,0.13438780792166402,0.13438780792166402,0.13573842784535184,0.1371026217249399,0.3239955266643922
olmo2:7b,CAO10587,B,B,0.94,"{""V"": 0.01, ""B"": 0.93, ""E"": 0.01, ""P"": 0.01, ""R"": 0.01, ""S"": 0.01}",0.78,Ambazonian Separatists (Cameroon),"On 7 May 2023, Ambazonian Separatists from the Bui Warriors, led by 'General Mad Dog,' engaged in an armed confrontation with state security forces (coded as military) in Njavnyuy, Kumbo commune, coded to Kumbo (Bui, Nord-Ouest). During the attack, the Separatists fired 2 rockets at the base. An unknown number of soldiers were injured.",0.7272727272727272,0.9400000000000001,0.1331683751822719,0.33415812408830625,0.1331683751822719,0.1331683751822719,0.1331683751822719,0.1331683751822719
olmo2:7b,CAO4741,V,V,0.95,"{""V"": 0.95, ""B"": 0.01, ""E"": 0.01, ""P"": 0.01, ""R"": 0.01, ""S"": 0.0}",0.79,Military Forces of Cameroon (1982-),"On 18 December 2020, the military forces raided Dyeny village, Mbonge subdivision (Meme, Sud-Ouest), resulting in 2 people getting injured and houses burnt down.",0.7272727272727272,0.9499999999999998,0.33906898300899996,0.13244978287002082,0.13244978287002082,0.13244978287002082,0.13244978287002082,0.13113188551057753
olmo2:7b,CAO6254,E,E,0.99,{},0.44,Unidentified Armed Group (Cameroon),"On 2 July 2022, an explosive device planted by an unidentified armed group exploded at Mokolo market in Yaounde (Yaounde 1, Mfoundi, Centre) leading to 4 injured, including 2 severely. No fatalities.",0.7272727272727272,0.99,0.16666666666663887,0.16666666666663887,0.16666666666663887,0.16666666666663887,0.16666666666663887,0.16666666666663887
olmo2:7b,CAO11395,B,E,0.99,{},0.44,Ambazonian Separatists (Cameroon),"On 2 January 2024, the Bui Unity Warriors attacked a military convoy on transit with a road planted IED in Wainamah (Jakiri, Bui, Nord-Ouest). This prompted military to fire repelling gunshots. Casualties unknown.",0.7272727272727272,0.99,0.16666666666663887,0.16666666666663887,0.16666666666663887,0.16666666666663887,0.16666666666663887,0.16666666666663887
olmo2:7b,CAO8359,B,B,0.85,"{""V"": 0.05, ""B"": 0.82, ""E"": 0.02, ""P"": 0.01, ""R"": 0.03, ""S"": 0.27}",0.78,Military Forces of Cameroon (1982-) Rapid Intervention Battalion,"On 4 January 2024, the military forces killed 1 unidentified armed group member in Bourrha (Bourrha, Mayo-Tsanaga, Extreme-Nord). The member was known to abduct civilians. Food items, clothing, bladed weapons and other items were recovered.",0.4267515923566879,0.85,0.13666286659819626,0.2951598474242939,0.13262386849215516,0.13130423895182974,0.13395676052985006,0.17029241800337977
olmo2:7b,CAO11563,V,V,0.99,"{""V"": 0.99, ""B"": 0.01, ""E"": 0.0, ""P"": 0.0, ""R"": 0.0, ""S"": 0.0}",0.78,Military Forces of Cameroon (1982-),"On 21 June 2023, government forces, coded as military, raped a 12-year-old girl in Atoini, coded to Njinikom (Boyo, Nord-Ouest). No further information is available.",0.7272727272727272,0.99,0.3494526690479928,0.13115346521695664,0.12984846643367523,0.12984846643367523,0.12984846643367523,0.12984846643367523
olmo2:7b,CAO10080,V,V,0.95,"{""V"": 0.95, ""B"": 0.01, ""E"": 0.01, ""P"": 0.01, ""R"": 0.01, ""S"": 0.0}",0.76,Military Forces of Cameroon (1982-),"On 2 February 2023, the state security forces, coded as the military forces beat civilians in Matondo II (Konye, Meme, Sud-Ouest) for an unknown reason. Casualties unknown. The attack caused the displacement of some civilians.",0.7272727272727272,0.9499999999999998,0.33906898300899996,0.13244978287002082,0.13244978287002082,0.13244978287002082,0.13244978287002082,0.13113188551057753
olmo2:7b,CAO7398,V,E,0.99,{},0.44,Boko Haram - Jamaatu Ahli is-Sunnah lid-Dawati wal-Jihad,"On 18 June 2023, Boko Haram [JAS] militants attacked Gazla, coded to Mora (Mora, Mayo-Sava, Extreme-Nord). 2 were killed and 1 was wounded. The militants looted houses and stole food items.",0.7272727272727272,0.99,0.16666666666663887,0.16666666666663887,0.16666666666663887,0.16666666666663887,0.16666666666663887,0.16666666666663887
olmo2:7b,CAO15321,S,R,0.85,"{""V"": 0.85, ""B"": 0.01, ""E"": 0.01, ""P"": 0.01, ""R"": 0.07, ""S"": 0.02}",0.76,Boko Haram - Jamaatu Ahli is-Sunnah lid-Dawati wal-Jihad,"Looting: On 12 October 2024, Boko Haram (JAS) (likely) militants looted 2 stores and nearly 20 houses in Ldoubam (Mokolo, Mayo-Tsanaga, Extreme-Nord).",0.4267515923566879,0.85,0.3135202273558676,0.1353499814574057,0.1353499814574057,0.1353499814574057,0.14371955688571011,0.13671027138589167
olmo2:7b,CAO5584,B,B,0.91,"{""V"": 0.09, ""B"": 0.91, ""E"": 0.01, ""P"": 0.02, ""R"": 0.03, ""S"": 0.05}",0.75,Military Forces of Cameroon (1982-),"On 3 September 2021, military forces engaged in fire fight with Ambazonian separatists in Ekona town, Bangem subdivision (Kupe-Manenguba, Sud-Ouest).There were no fatalities.",0.7272727272727272,0.9100000000000001,0.14227657361225104,0.32303893727128336,0.1313378308093504,0.13265779795345659,0.13399103098790663,0.1366978293654289
olmo2:7b,CAO15173,B,B,0.93,"{""V"": 0.01, ""B"": 0.93, ""E"": 0.01, ""P"": 0.01, ""R"": 0.01, ""S"": 0.0}",0.78,Ambazonian Separatists (Cameroon),"On 8 August 2024, Ambazonian Separatists from the Restoration Forces faction clashed with the security forces, coded as the military forces in Big Ngwandi (Konye, Meme, Sud-Ouest). The Separatists detonated an IED that killed 2 soldiers and injured 6 others before clashing with security forces. The casualties on the Separatist side are unknown.",0.7272727272727272,0.93,0.13334506372191587,0.33460148694284675,0.13334506372191587,0.13334506372191587,0.13334506372191587,0.13201825816915502
olmo2:7b,CAO5791,V,V,0.95,"{""V"": 0.95, ""B"": 0.01, ""E"": 0.01, ""P"": 0.01, ""R"": 0.01, ""S"": 0.0}",0.77,Ambazonian Separatists (Cameroon),"On 22 December 2021, suspected Ambazonian separatists opened fire on the house of the former Mayor of Mamfe town (Manyu, Sud-Ouest) before burning his house down. They accuse him of denouncing human rights violations allegedly committed by one separatist leader. There were no fatalities.",0.7272727272727272,0.9499999999999998,0.33906898300899996,0.13244978287002082,0.13244978287002082,0.13244978287002082,0.13244978287002082,0.13113188551057753
olmo2:7b,CAO7007,V,V,0.99,"{""V"": 0.99, ""B"": 0.01, ""E"": 0.0, ""P"": 0.0, ""R"": 0.0, ""S"": 0.0}",0.78,Military Forces of Cameroon (1982-),"On 29 January 2023, suspected members of the Cameroonian military forces attacked traveling civilians on the Bamenda-Kumbo road, coded to Bamenda (Bamenda 1, Mezam, Nord-Ouest). 2 drivers were killed by the military. The victims were traveling to Jakiri when they were stopped by the soldiers.",0.7272727272727272,0.99,0.3494526690479928,0.13115346521695664,0.12984846643367523,0.12984846643367523,0.12984846643367523,0.12984846643367523
olmo2:7b,CAO13016,E,E,0.99,{},0.45,Ambazonian Separatists (Cameroon),"On 23 February 2024, an IED planted by Ambazonian Separatists detonated on the military forces in Bamenda - Mankon (Bamenda 2, Mezam, Nord-Ouest). At least 6 soldiers were killed and their military vehicle was damaged.",0.7272727272727272,0.99,0.16666666666663887,0.16666666666663887,0.16666666666663887,0.16666666666663887,0.16666666666663887,0.16666666666663887
olmo2:7b,CAO9923,V,V,0.99,"{""V"": 0.99, ""B"": 0.01, ""E"": 0.0, ""P"": 0.0, ""R"": 0.0, ""S"": 0.0}",0.77,Military Forces of Cameroon (1982-),"On 20 March 2021, state forces, coded as military, raided the village Bengang located in Batibo (Momo, Nord-Ouest).There was 1 civilian killed.",0.7272727272727272,0.99,0.3494526690479928,0.13115346521695664,0.12984846643367523,0.12984846643367523,0.12984846643367523,0.12984846643367523
olmo2:7b,CAO3105,B,V,0.99,"{""V"": 0.99, ""B"": 0.01, ""E"": 0.0, ""P"": 0.0, ""R"": 0.0, ""S"": 0.0}",0.75,Ambazonian Separatists (Cameroon),"On 15 March 2020, the Ambazonian separatists killed a civilian when they targeted a soldier who he was transporting to his duty post in Mundemba town (Ndian, Sud-Ouest).",0.7272727272727272,0.99,0.3494526690479928,0.13115346521695664,0.12984846643367523,0.12984846643367523,0.12984846643367523,0.12984846643367523
olmo2:7b,CAO12465,S,V,0.99,"{""V"": 0.99, ""B"": 0.01, ""E"": 0.0, ""P"": 0.0, ""R"": 0.0, ""S"": 0.0}",0.78,Military Forces of Cameroon (1982-),"Property destruction: On 24 July 2023, state security forces (coded as military) set ablaze the traditional house of a village in Belo commune, coded to Oku (Boyo, Nord-Ouest), which had been a secret shrine of 'Beng Aweh.' They also arrested some men, all, with the exception of two, were shortly released.",0.7272727272727272,0.99,0.3494526690479928,0.13115346521695664,0.12984846643367523,0.12984846643367523,0.12984846643367523,0.12984846643367523
olmo2:7b,CAO5869,B,B,0.94,"{""V"": 0.01, ""B"": 0.93, ""E"": 0.01, ""P"": 0.01, ""R"": 0.01, ""S"": 0.0}",0.77,Islamic State West Africa Province (ISWAP) - Lake Chad Faction,"Around 12 February 2022, ISWAP militants launched an attack targeting a military post of the Multinational Task force in Gasama (Logone-Birni, Logone-et-Chari), causing the killing of ten militants, injury of two soldiers, and the seizure of arms and ammunition.",0.7272727272727272,0.9400000000000001,0.13334506372191587,0.33460148694284675,0.13334506372191587,0.13334506372191587,0.13334506372191587,0.13201825816915502
olmo2:7b,CAO13677,V,V,0.99,"{""V"": 0.99, ""B"": 0.01, ""E"": 0.0, ""P"": 0.0, ""R"": 0.0, ""S"": 0.0}",0.79,Ambazonian Separatists (Cameroon),"On 16 April 2024, Ambazonian Separatists from the SOCADEF abducted 3 village elders and a traditional ruler from their private residences in Weme (Konye, Meme, Sud-Ouest). The Separatists accused the elders of installing a new traditional council in the village without notifying the Separatists.",0.7272727272727272,0.99,0.3494526690479928,0.13115346521695664,0.12984846643367523,0.12984846643367523,0.12984846643367523,0.12984846643367523
