model,event_id,true_label,pred_label,pred_conf,logits,notes,latency_sec,actor_norm
conflibert_conflibert,NIG30242,V,B,0.5393863916397095,"[0.5393863916397095, 0.4606136679649353]","Around 6 March 2023 (as reported), suspected armed Fulani pastoralists attacked civilians and killed over 50 farmers at 12 communities in Kwande LGA (Benue) including Moon, Mbaikyor, Mbadura, Ilyav and Ugbe. Scores of other persons were persons sustained varying degrees of injuries, houses and barns were burned in the attack which lasted for 4 days [coded separately]. 50 fatalities split across 4 events coded as 10.",0.008,Fulani Ethnic Militia (Nigeria)
conflibert_conflibert,NIG18414,B,B,0.5776417255401611,"[0.5776417255401611, 0.4223582446575165]","On 5 October 2020, Nigerian troops clashed with Plateau communal militia at their hideout in Tafawa village (Barkin Ladi LGA, Plateau), killing the militia leader and other fighters. Unknown fatalities coded as 3.",0.008,Plateau Communal Militia (Nigeria)
conflibert_conflibert,NIG30347,B,E,0.5045254826545715,"[0.49547451734542847, 0.5045254826545715]","On 7 July 2021, two unidentified cult militias clashed and shot a rival group member dead while celebrating the 7/7 Confraternity Day in Ugbokpo (Apa, Benue). The clash escalated and caused mayhem in the community.",0.008,Unidentified Cult Militia (Nigeria)
conflibert_conflibert,NIG16898,V,B,0.5398281216621399,"[0.5398281216621399, 0.4601718783378601]","On 28 April 2020, a member of the Eyenkorin militia shot and killed a taxi driver at a checkpoint in Ilorin (Ilorin West, Kwara) during an argument.",0.008,Eyenkorin Communal Militia (Nigeria)
conflibert_conflibert,NIG34777,E,B,0.5208776593208313,"[0.5208776593208313, 0.4791222810745239]","On 30 January 2024, the Nigerian military conducted airstrikes that were targeted at the hideouts of a Katsina militia in Zakka village (Safana, Katsina). An unspecified number of militiamen were killed, and their properties were destroyed. Unknown fatalities coded as 3.",0.008,Military Forces of Nigeria (2023-)
conflibert_conflibert,NIG25557,V,E,0.5024926662445068,"[0.49750733375549316, 0.5024926662445068]","On 2 July 2022, a Zamfara militia abducted one civilian from Kofar Gabas town coded to Shinkafi (Shinkafi, Zamfara). The abductee was rescued by Nigerian troops at Maberiya village [no reports of a clash].",0.008,Zamfara Communal Militia (Nigeria)
conflibert_conflibert,NIG33973,V,B,0.5668219923973083,"[0.5668219923973083, 0.43317800760269165]","Around 29 November 2023 (as reported), an unidentified cult militia killed one person at Iyan-Era area of Ojo LGA (Lagos). The reason for the attack is unknown.",0.008,Unidentified Cult Militia (Nigeria)
conflibert_conflibert,NIG22737,V,B,0.5248311161994934,"[0.5248311161994934, 0.4751688838005066]","On 27 November 2021, members of a Niger militia invaded Chibani (Muya, Niger), coded as Sarkin Pawa, and abducted over 50 persons, 12 of whom are family members of the chairman of Shiroro local government; the abductors demanded for 130 million but later reduced to 60 million naira as ransom for the members of the chairman's family.",0.008,Niger Communal Militia (Nigeria)
conflibert_conflibert,NIG21410,P,B,0.5763819217681885,"[0.5763819217681885, 0.4236181080341339]","Around 18 July 2021 (as reported), a group gathered at the palace of the Sultan of Sokoto in Sokoto (Sokoto North LGA, Sokoto) in a demonstration to demand the arrest and punishment of a man who made comments against Prophet Muhammad in a social media. The man was arrested.",0.008,Protesters (Nigeria)
conflibert_conflibert,NIG32554,B,B,0.5281446576118469,"[0.5281446576118469, 0.4718553125858307]","On 20 August 2023, policemen responded to a distress call and engaged an unidentified armed group in an armed clash around Centenary City (Enugu South, Enugu) coded to Uwani. Two of the assailants were killed, others escaped with bullet wounds, one abductee was rescued, his car was recovered; a gun loaded with four cartridges was also recovered by the policemen.",0.008,Police Forces of Nigeria (2023-)
conflibert_conflibert,NIG38655,B,B,0.5332363843917847,"[0.5332363843917847, 0.46676358580589294]","On 14 August 2024, the Aye (Black Axe) and the Eiye clashed and killed one person at Oki Olodo (Lagelu, Oyo).",0.008,Black Axe (Nigeria)
conflibert_conflibert,NIG36879,B,B,0.5191945433616638,"[0.5191945433616638, 0.4808054566383362]","On 20 June 2024, the police raided a hideout of an unidentified armed group along the Edje Kota-Ogor Communities axis in Ughelli North LGA, coded to Oviri-Ogor (Delta). The armed group, suspected of planning an abduction, opened fire at the police, and a gunfight ensued, which resulted in the death of one member of the armed group. Others escaped. The police recovered two Beretta pistols and five rounds of live ammunition.",0.008,Police Forces of Nigeria (2023-)
conflibert_conflibert,NIG31278,V,B,0.5006698966026306,"[0.5006698966026306, 0.499330073595047]","On 30 April 2023, a local defense militia killed two Fulani men at Dauran market (Zurmi, Zamfara) over suspicion that they belonged to a Zamfara militia based on their ethnicity.",0.008,Zurmi Communal Militia (Nigeria)
conflibert_conflibert,NIG23533,R,B,0.5497325658798218,"[0.5497325658798218, 0.4502674639225006]","On 29 January 2022, a mob killed two suspected armed robbers at the Mbga-Bano-Umuaka road, Nkwerre LGA (Imo), it was claimed the victims tried to rob a motorcyclist, they were beaten and burnt alive.",0.008,Rioters (Nigeria)
conflibert_conflibert,NIG21339,R,B,0.5419084429740906,"[0.5419084429740906, 0.4580916166305542]","On 13 July 2021, members of the APC beat and injured a bailiff attached to the Ogun State High Court in Iperu (Ikenne LGA, Ogun) during a dispute over a primary election's winner in the region.",0.008,Rioters (Nigeria)
conflibert_conflibert,NIG22127,P,B,0.5157615542411804,"[0.5157615542411804, 0.4842384159564972]","On 29 September 2021, scores of sawmillers protested in Abeokuta (Abeokuta South, Ogun) over the release of an alleged illegal tree feller by the police.",0.008,Protesters (Nigeria)
conflibert_conflibert,NIG35690,B,B,0.5010728240013123,"[0.5010728240013123, 0.49892720580101013]","On 22 March 2024, Nigerian troops in clearance operations attacked BH/IS enclaves in Bula Dalo, Bula Dalo extension and Yamanci, coded to Bama (Bama, Borno) and Ngurusoye, Mairamri 1 and 2, Sabon Gari, Gargaji coded separately. The military rescued seventy-eight hostages, comprising thirty-five women and forty-three children. At least five militiamen were killed in the operation. Five fatalities split across six events coded as 1.",0.001,Military Forces of Nigeria (2023-)
conflibert_conflibert,NIG32216,P,B,0.5192858576774597,"[0.5192858576774597, 0.4807141125202179]","On 2 August 2023, hundreds of NLC and TUC members protested in Asaba (Oshimili South, Delta) against the removal of fuel subsidy and its attendant effects on the economy. The protest was organized by the NLC and held across the country.",0.001,Protesters (Nigeria)
conflibert_conflibert,NIG33280,B,B,0.5283447504043579,"[0.5283447504043579, 0.4716552495956421]","On 18 October 2023, ISWAP claimed to have attacked a checkpoint belonging to a 'militia loyal to the Nigerian Army' (suspected to be CJTF) in Kanama (Yunusari, Yobe). ISWAP burned the checkpoint after the militia withdrew. There were no fatalities.",0.001,Islamic State West Africa Province (ISWAP)
conflibert_conflibert,NIG20229,B,B,0.5219147801399231,"[0.5219147801399231, 0.4780851900577545]","On 24 March 2021, a Benue communal militia associated with Gana attacked traders in Abaji Market (Katsina-Ala LGA, Benue) but were repelled by Nigerian security operatives. Community sources report at least four persons were killed. Police sources on the other hand report one person was killed.",0.001,Police Forces of Nigeria (2015-2023)
conflibert_conflibert,NIG20664,V,B,0.5706366300582886,"[0.5706366300582886, 0.4293633997440338]","On 8 May 2021, Fulani pastoralists attacked and assaulted three farmers at Afoyin in Erin Ile (Offa LGA, Kwara). Event related to the farmer-pastoralist conflict.",0.001,Fulani Ethnic Militia (Nigeria)
conflibert_conflibert,NIG24516,B,B,0.5217868685722351,"[0.5217868685722351, 0.4782131016254425]","Around 14 April 2022 (between 11 - 16 April), Nigerian forces, the MNJTF and Civilian JTF carried out air and land operations against ISWAP/ Boko Haram camps across several locations, including Fedondiya (Abadan, Borno), Marte, Guzamala, Gwoza and Ngala LGAs (coded separately). Islamist militia's goods and military equipment was destroyed and an unspecified number of abductees, most of whom were women and children, were rescued. Scores to hundreds of militants, including 10 commanders, were killed across different locations. 20 fatalities split across ten events, coded as 2 for this event.",0.001,Military Forces of Nigeria (2015-2023)
conflibert_conflibert,NIG35156,E,B,0.5225751996040344,"[0.5225751996040344, 0.4774247705936432]","On 20 February 2024, the Nigerian Airforce launched airstrikes on Boko Haram spotted moving on motorcycles around the Bula Korege side of Sambisa Forest in Bama LGA, coded to Bama (Bama, Borno). An unknown number of Boko Haram fighters were killed. Unspecified fatalities, coded as 10.",0.001,Military Forces of Nigeria (2023-)
conflibert_conflibert,NIG22019,V,B,0.5288035869598389,"[0.5288035869598389, 0.47119641304016113]","On 19 September 2021, a Sokoto miltia attacked civilians including women and children in Saminaka village, along the Bale-Tangaza road (Tangaza, Sokoto), coded to Gidan Madi. Six people were killed in the attack, which was reportedly a reprisal for the armed group members that were killed by residents of Tangaza LGA (coded separately).",0.001,Sokoto Communal Militia (Nigeria)
conflibert_conflibert,NIG20281,B,B,0.5667217373847961,"[0.5667217373847961, 0.43327826261520386]","Around 29 March 2021 (as reported), Nigerian military troops clashed with Boko Haram fighters (assumed JAS) along Njimia Alafa - axis of Sambisa Forest (Gwoza LGA, Borno), killing seven JAS fighters and recovering weapons, ammunition, and IED materials.",0.001,Military Forces of Nigeria (2015-2023)
conflibert_conflibert,NIG26073,B,B,0.5601373314857483,"[0.5601373314857483, 0.4398626387119293]","On 13 August 2022, Nigerian troops during a clearance operation intercepted and clashed with Boko Haram/ ISWAP militants at Ngwom (Mafa, Borno). The militants were enroute to rustle cattle from pastoralists in the general area, three militants were killed.",0.001,Military Forces of Nigeria (2015-2023)
conflibert_conflibert,NIG17458,B,B,0.5557801127433777,"[0.5557801127433777, 0.4442198574542999]","Around 17 June 2020 (week of), officers of the Federal Special Anti-Robbery Squad attacked police officers in Ughelli (Ughelli North LGA, Delta). 7 police officers were reportedly killed. The reason for the clash is not yet known.",0.001,Police Forces of Nigeria (2015-2023) Special Anti-Robbery Squad
conflibert_conflibert,NIG29957,S,B,0.6132059097290039,"[0.6132059097290039, 0.3867940306663513]","Property destruction: On 12 February 2023, an unidentified armed group set ablaze the high court at Oguta (Oguta, Imo). The assailants shot sporadically at the premises, some parts of the court were affected by the fire.",0.001,Unidentified Armed Group (Nigeria)
conflibert_conflibert,NIG21411,P,B,0.5338374972343445,"[0.5338374972343445, 0.4661625325679779]","On 19 July 2021, Abia State College of Education (Technical) workers took to the streets of Arochukwu (Arochukwu LAG, Abia) in a demonstration to demand the payment of late wages.",0.001,Protesters (Nigeria)
conflibert_conflibert,NIG33915,R,B,0.5311410427093506,"[0.5311410427093506, 0.468858927488327]","Around 1 December 2023 (as reported), the Ngbo youths attacked and beat the Ajile traders in the Okwo-ngbo market in the Ngbo community (Ohaukwu, Ebonyi) for unclear reasons. There was panic in the market, and the traders deserted, fearing the attack could reignite a hundred-year-old communal clash that had just been resolved between the two communities.",0.001,Rioters (Nigeria)
conflibert_conflibert,NIG31180,B,B,0.5662453770637512,"[0.5662453770637512, 0.4337545931339264]","On 21 April 2023, Nigerian troops clashed with suspected IPOB militants when they raided their camps within 9th Mile (Udi, Enugu) and Nkanu East LGA [coded separately]. One militant was killed, 7 others were arrested, the makeshift camps were destroyed and other items were recovered. Fatality split across 2 events, coded to 0.",0.001,Military Forces of Nigeria (2015-2023)
conflibert_conflibert,NIG20666,B,B,0.5743617415428162,"[0.5743617415428162, 0.42563825845718384]","Around 8 May 2021 (as reported), unidentified gunmen clashed with Nigerian police operatives at Ikwere LGA (Ikwerre) (Rivers) [coded to Isiokpo], killing two policemen. Property damage also reported.",0.001,Police Forces of Nigeria (2015-2023)
conflibert_conflibert,NIG22325,V,B,0.5366672873497009,"[0.5366672873497009, 0.4633326828479767]","On 19 October 2021, suspected militia members abducted the brother in-law of a former governor of Zamfara and his neighbor in Talata Mafara (Talata Mafara, Zamfara). There are no reports about ransom demands yet.",0.001,Zamfara Communal Militia (Nigeria)
conflibert_conflibert,NIG38683,S,B,0.6084581613540649,"[0.6084581613540649, 0.39154186844825745]","Weapons seizure: Around 23 September 2024 (as reported), the Nigerian military and the police intercepted a vehicle and seized 178 rounds of 7.62 mm (Special) ammunition after a stop-and-search operation in Kugbo (Abuja Municipal, FCT). The troops arrested the suspects.",0.001,Military Forces of Nigeria (2023-)
conflibert_conflibert,NIG16788,E,B,0.580205500125885,"[0.580205500125885, 0.4197944700717926]","On 16 April 2020, Nigerian Airforce conducted air strikes against a camp of Boko Haram (JAS) in Sambisa Forest (Borno, Gwoza). The camp was destroyed and 'scores' of BH fighters were reported killed. Unknown number of fatalities coded as 10.",0.001,Military Forces of Nigeria (2015-2023)
conflibert_conflibert,NIG30708,B,B,0.536312460899353,"[0.536312460899353, 0.463687539100647]","On 27 March 2023, troops of 112 task force battalion, 199 special force battalion, hunters and civilian JTF clashed with Boko Haram fighters [JAS faction] during a fighting patrol at Gavaya Modu, Gujuri, Daimalari and Dogumba villages (Mafa, Borno). Many militants were killed, fatalities coded as 10.",0.001,Military Forces of Nigeria (2015-2023)
conflibert_conflibert,NIG28315,V,B,0.5643364787101746,"[0.5643364787101746, 0.4356635510921478]","On 5 December 2020, unidentified armed men, presumed members of a cult gang, attacked and killed and anti-cult commander in Kwale axis, Ndokwa West LGA, Delta State.",0.001,Unidentified Cult Militia (Nigeria)
conflibert_conflibert,NIG38576,V,B,0.5241233110427856,"[0.5241233110427856, 0.47587665915489197]","On 28 August 2024, a Niger militia attacked and injured a man and abducted his daughter in the New Bwari community (Tafa, Niger). The hostage was rescued by the Nigerian soldiers at a checkpoint around 16 September 2024 when they intercepted the militia's vehicle fleeing an offensive in Kagarko LGA. The hostage exposed his abductors at the checkpoint and was rescued.",0.001,Niger Communal Militia (Nigeria)
conflibert_conflibert,NIG25188,P,B,0.5883254408836365,"[0.5883254408836365, 0.41167449951171875]","On 3 June 2022, policemen disrupted a protest by relatives of the victims of Kaduna train attack who wanted to march to the National Assembly from Unity Fountain in Abuja (Abuja Municipal, FCT). The police claimed they were not notified about the protest.",0.001,Protesters (Nigeria)
conflibert_conflibert,NIG34685,B,B,0.5049949288368225,"[0.5049949288368225, 0.4950051009654999]","On 21 January 2024, Nigerian troops ambushed and killed a Boko Haram (JAS) fighter in Luskori, coded to Konduga (Konduga, Borno). Another one escaped with gun wounds. The military recovered an AK 47 rifle. There was one fatality.",0.001,Military Forces of Nigeria (2023-)
conflibert_conflibert,NIG32637,B,E,0.5152279734611511,"[0.4847720265388489, 0.5152279734611511]","On 5 August 2023, troops of Operation Hadarin Daji who were on patrol engaged a Zamfara militia in an armed clash at Gidan Jaja in Zurmi LGA (Zamfara). The militia fled, some with possible gunshot wounds and 11 motorcycles were recovered by the troops.",0.001,Military Forces of Nigeria (2023-)
conflibert_conflibert,NIG25667,B,B,0.5239364504814148,"[0.5239364504814148, 0.4760635495185852]","On 19 July 2022, security operatives (assumed military) clashed with a Kaduna militia at Kidunu in Chikun LGA (Kaduna). One militia member was killed, two rifles, motorcycles, charms and amulets were recovered.",0.001,Military Forces of Nigeria (2015-2023)
conflibert_conflibert,NIG19627,B,B,0.5109344124794006,"[0.5109344124794006, 0.48906558752059937]","On 29 January 2021, Nigerian military troops with MNJTF forces clashed with Boko Haram fighters at Buwari Village along the Gwoza-Pulka Highway (Bama LGA, Borno), killing seven fighters, including a top Boko Haram commander.",0.001,Military Forces of Nigeria (2015-2023)
conflibert_conflibert,NIG30929,R,B,0.5182037353515625,"[0.5182037353515625, 0.4817962646484375]","On 10 April 2023, a mob killed a driver in Ijoka axis of Akure (Akure South, Ondo) after his vehicle skidded off the road, hit and killed four persons. The victim was accused of being an internet scammer after some sympathizers found fetish items inside his car which was set ablaze. Policemen arrived at the scene and took him away after he was beaten to a coma and then later died.",0.001,Rioters (Nigeria)
conflibert_conflibert,NIG24682,B,B,0.5231276154518127,"[0.5231276154518127, 0.47687235474586487]","On 26 April 2022, Nigerian troops in conjunction with the Civilian JTF clashed with ISWAP/ Boko Haram fighters during a clearance operation at Kasha in Mafa LGA (Borno). Six militants were killed, weapons and ammunition, amongst others items were recovered.",0.001,Military Forces of Nigeria (2015-2023)
conflibert_conflibert,NIG26514,B,B,0.5903384685516357,"[0.5903384685516357, 0.40966150164604187]","Around 6 October 2022 (as reported), troops of Operation Whirl Stroke invaded a hideout and clashed with an unidentified armed group at Otukpa community (Ogbadibo, Benue). Two members of the armed group were killed, while others escaped with gunshot wounds.",0.001,Military Forces of Nigeria (2015-2023)
conflibert_conflibert,NIG34063,P,E,0.5292045474052429,"[0.4707954525947571, 0.5292045474052429]","On 5 December 2023, residents of Abuja communities under the aegis of Concerned Abuja Residents conducted a solidarity rally and marched in Wassa (Gwagwalada, FCT) and Madala to show support to governors of Northern states whose elections were being challenged.",0.001,Protesters (Nigeria)
conflibert_conflibert,NIG32683,V,B,0.5206584930419922,"[0.5206584930419922, 0.4793415069580078]","On 13 September 2023, an unidentified armed group abducted a female corp member in Eku (Ethiope East, Delta) while travelling to visit her fiance. The abductor demanded a 5 million naira ransom for her release.",0.001,Unidentified Armed Group (Nigeria)
conflibert_conflibert,NIG22362,E,B,0.5004323720932007,"[0.5004323720932007, 0.4995676279067993]","On 20 October 2021, the Nigerian air force carried out airstrikes against Boko Haram/ISWAP militants, targeting 20 insurgent boats converging in Tumbun on Lake Chad and Malam Fatori (Abadan, Borno). Scores of militants were killed, coded as 20.",0.001,Military Forces of Nigeria (2015-2023)
conflibert_conflibert,NIG16484,P,B,0.5905289053916931,"[0.5905289053916931, 0.4094710946083069]","On 3 March 2020, teaching staff of the Obafemi Awolowo University demonstrated at the Senate in Ile-Ife (Ife Central LGA, Osun) over their removal from the institution's payroll.",0.001,Protesters (Nigeria)
conflibert_conflibert,NIG25152,V,B,0.5313301682472229,"[0.5313301682472229, 0.4686698019504547]","On 5 June 2022, unidentified armed individuals killed two pastoralists in Abeokuta (Abeokuta South, Ogun) for refusing to redirect their cows from grazing at the Adehun axis. Four persons were arrested in connection with the attack.",0.001,Unidentified Armed Group (Nigeria)
conflibert_conflibert,NIG21426,P,B,0.5335875749588013,"[0.5335875749588013, 0.46641239523887634]","On 21 July 2021, Aghoro 2 community residents took to the streets in the Iduwini Kingdom in the Ekermor LGA (Bayelsa) [coded Ekeremor] in a demonstration against, what they stated, is the moves by the state government to impose a monarch on them. The group claims to have chosen another ruler.",0.001,Protesters (Nigeria)
conflibert_conflibert,NIG37652,B,B,0.5390677452087402,"[0.5390677452087402, 0.46093228459358215]","On 19 July 2024, the Nigerian troops, in conjunction with the Hybrid Forces and CJTF, clashed with Boko Haram fighters while on a fighting patrol in the Kashimeri general area (Bama, Borno). They shot and killed nine Boko Haram fighters and rescued three women and two children. They recovered three empty magazines, two hand grenades, a Boko Haram flag, and a motorcycle.",0.001,Military Forces of Nigeria (2023-)
conflibert_conflibert,NIG37149,V,B,0.5155519843101501,"[0.5155519843101501, 0.48444798588752747]","On 1 June 2024, a Plateau militia waylaid two Rigwe youths on a motorcycle while returning from the Gero mining site, coded to Gero (Jos South, Plateau). They killed one of the victims and injured the other.",0.001,Plateau Communal Militia (Nigeria)
conflibert_conflibert,NIG22555,V,B,0.5021114349365234,"[0.5021114349365234, 0.4978885352611542]","On 10 November 2021, a NSCDC officer shot and wounded a man for urinating within the corps' premises in Calabar (Calabar Municipal, Cross River). The victim was taken to the hospital and is in critical condition.",0.001,Police Forces of Nigeria (2015-2023) NSCDC: Nigeria Security and Civil Defence Corps
conflibert_conflibert,NIG27958,V,B,0.5231475830078125,"[0.5231475830078125, 0.4768524169921875]","On 19 February 2021, a soldier shot and wounded a truck driver at an army checkpoint in Omagwa (Ikwerre, Rivers) over the driver's refusal to pay a bribe of 200 naira. The association of tanker drivers staged a protest [coded separately].",0.001,Military Forces of Nigeria (2015-2023)
conflibert_conflibert,NIG17461,V,B,0.5623158812522888,"[0.5623158812522888, 0.43768414855003357]","On 19 June 2020, unidentified gunmen killed the National Publicity Secretary of the Association of Community Pharmacists of Nigeria at his pharmacy in Abuja (Abuja LGA, FCT).",0.001,Unidentified Armed Group (Nigeria)
conflibert_conflibert,NIG18054,V,B,0.5614985823631287,"[0.5614985823631287, 0.4385014474391937]","On 10 August 2020, policemen attacked a community leader with an axe in Odogunyan (Ikorodu, Lagos) for intervening in a dispute with tricycle union workers. Injuries reported.",0.001,Police Forces of Nigeria (2015-2023)
conflibert_conflibert,NIG32081,B,B,0.521278977394104,"[0.521278977394104, 0.478721022605896]","On 27 July 2023, policemen raided the hideout of an unidentified armed group and were engaged in an armed clash in Ahoada (Ahoada West, Rivers) coded to Akinima. One member of the group was killed, others escaped, the policemen recovered a rifle, ammunition, cartridges and some charms.",0.001,Police Forces of Nigeria (2023-)
conflibert_conflibert,NIG34649,E,B,0.5666828155517578,"[0.5666828155517578, 0.4333172142505646]","On 14 January 2024, ISWAP claimed to have fired two mortal shells at the Nigerian Army's position in Nduva (Damboa, Borno). There were no fatalities.",0.001,Islamic State West Africa Province (ISWAP)
conflibert_conflibert,NIG29313,B,E,0.5106961131095886,"[0.4893038868904114, 0.5106961131095886]","On 23 December 2022, troops of Operation Forest Sanity on an ambush patrol clashed with a Kaduna militia at Buruku (Chikun, Kaduna), Birnin Gwari general area and Giwa LGA [coded separately]. 8 militiamen were killed; split across two events and coded as 4, four motorcycles and three mobile phones were recovered.",0.001,Military Forces of Nigeria (2015-2023)
conflibert_conflibert,NIG29896,V,B,0.5321897268295288,"[0.5321897268295288, 0.4678102731704712]","On 7 February 2023, soldiers invaded a market and beat up some traders in Ado-Ekiti (Ado Ekiti, Ekiti) after they were invited by one trader to intervene in a civil matter. Some customers were also harassed by the soldiers.",0.001,Military Forces of Nigeria (2015-2023)
conflibert_conflibert,NIG28205,V,B,0.5471418499946594,"[0.5471418499946594, 0.45285817980766296]","On 27 July 2022, Oyo state park management system attacked a transport company, wounded the manager and vandalized properties along New Ife road in Egbeda LGA (Oyo). The reason for the attack is unknown.",0.001,Oyo State Park Management System
conflibert_conflibert,NIG22565,B,B,0.5481452941894531,"[0.5481452941894531, 0.4518547058105469]","On 10 November 2021, the Nigerian army claimed an ambush against Boko Haram/ISWAP militants in Pulka (Gwoza, Borno). The soldiers collaborated with the CJTF and local militia members. Four militants were killed, weapons were recovered and several others fled with gunshot wounds.",0.001,Military Forces of Nigeria (2015-2023)
conflibert_conflibert,NIG16431,V,B,0.5988967418670654,"[0.5988967418670654, 0.40110328793525696]","On 17 February 2020 (or around), suspected Ngbo militias attacked a school in Agila (Ado LGA, Benue). No casualties reported.",0.001,Ngbo Communal Militia (Nigeria)
conflibert_conflibert,NIG33533,V,B,0.5515313148498535,"[0.5515313148498535, 0.4484686851501465]","On 25 October 2023, the Taraba militia attacked the Mayo Lope community, coded to Lau (Lau, Taraba). Casualties unspecified. No further details.",0.001,Taraba Communal Militia (Nigeria)
conflibert_conflibert,NIG24883,V,B,0.5402159690856934,"[0.5402159690856934, 0.45978400111198425]","On 18 May 2022, armed individuals enforcing a sit in order killed a woman at PRODA junction along Enugu-Abakaliki highway, coded to Amorji-Nike (Enugu East, Enugu).",0.001,Unidentified Armed Group (Nigeria)
conflibert_conflibert,NIG25091,P,B,0.5704966187477112,"[0.5704966187477112, 0.4295033812522888]","On 3 June 2022, scores of supporters of former president Goodluck Jonathan protested at the national secretariat of the APC in Abuja (Abuja Municipal, FCT) to demand that the party chose the former president as its presidential candidate for the 2023 elections.",0.001,Protesters (Nigeria)
conflibert_conflibert,NIG28694,B,B,0.5632670521736145,"[0.5632670521736145, 0.4367329478263855]","On 14 November 2022, troops of Operation Hadin Kai clashed with Boko Haram militants [JAS faction] at Mafa axis (Mafa, Borno). 14 militants including one commander were killed.",0.001,Military Forces of Nigeria (2015-2023)
conflibert_conflibert,NIG23988,V,B,0.5657168030738831,"[0.5657168030738831, 0.43428319692611694]","On 4 March 2022, armed individuals attacked a catholic priest and shot him in the leg before abandoning him along the Enugu-Onitsha road (Enugu North, Enugu). The assailants demanded money from the victim, and took his phone in place of money. The victim was taken to the hospital for treatment.",0.001,Unidentified Armed Group (Nigeria)
conflibert_conflibert,NIG33950,B,B,0.569390594959259,"[0.569390594959259, 0.43060943484306335]","On 26 November 2023, troops of the Nigerian army responded to a distress call and raided the hideout of an unidentified armed group in Jalingo (Jalingo, Taraba). Two abductees were rescued, two members of the group were arrested and others fled. It is not clear if a clash occurred, casualties are unknown.",0.001,Military Forces of Nigeria (2023-)
conflibert_conflibert,NIG37993,S,B,0.5072579979896545,"[0.5072579979896545, 0.49274197220802307]","Security measures: On 1 August 2024, the Keffi Local Government imposed a 12-hour curfew in the LGA, coded to Keffi (Keffi, Nassarawa), due to looting and property destruction occasioned by the #EndBadGovernanceInNigeria demonstration in the area.",0.001,Government of Nigeria (2023-)
conflibert_conflibert,NIG17363,V,B,0.5245984792709351,"[0.5245984792709351, 0.47540146112442017]","On 12 June 2020, Boko Haram executed a police officer and a soldier in Borno (coded as Maiduguri LGA, Borno) who were abducted earlier.",0.001,Islamic State West Africa Province (ISWAP) - Lake Chad Faction and/or Boko Haram - Jamaatu Ahli is-Sunnah lid-Dawati wal-Jihad
conflibert_conflibert,NIG27162,B,B,0.5159072279930115,"[0.5159072279930115, 0.48409274220466614]","On 22 May 2020, Sokoto militia men clashed with police forces and a Garki vigilante group when they attempted to attack Garki village in Sabon Birni LGA ( Sokoto). Two militia men were killed.",0.001,Sokoto Communal Militia (Nigeria)
conflibert_conflibert,NIG26128,B,B,0.6180344820022583,"[0.6180344820022583, 0.3819654881954193]","On 1 September 2022, Nigerian troops on a fighting patrol clashed with a Kaduna militia at Farin-Ruwa (Birnin Gwari, Kaduna). Two militiamen were killed while the others withdrew and fled.",0.001,Military Forces of Nigeria (2015-2023)
conflibert_conflibert,NIG26875,B,B,0.5421133637428284,"[0.5421133637428284, 0.457886666059494]","On 4 January 2020, the Nigerian Army claimed it killed an unspecified number of presumed Boko Haram/ISWAP militants in a military operation in the Jakana and Mainok areas along the Maiduguri-Damaturu road (Kaga, Borno), coded as Mainok. They also claimed to have rescued 461 captives (100 men, 154 women and 207 children) from the insurgents. Fatalities coded as 3.",0.001,Military Forces of Nigeria (2015-2023)
conflibert_conflibert,NIG21852,V,B,0.5581512451171875,"[0.5581512451171875, 0.4418487548828125]","On 30 August 2021, ISWAP claimed an attack on a Christian town in Borno (location coded to Maiduguri, Maiduguri Metro). A church and school were burnt. No reported injuries or fatalities.",0.001,Islamic State West Africa Province (ISWAP) - Lake Chad Faction
conflibert_conflibert,NIG17629,V,B,0.5194239020347595,"[0.5194239020347595, 0.4805760383605957]","On 7 July 2020, police officers shot at revenue task force officials in Aba (Aba South LGA, Abia). The revenue officials were involved in an argument when police officers intervened and started shooting. 1 revenue official was killed and another wounded.",0.001,Police Forces of Nigeria (2015-2023)
conflibert_conflibert,NIG31710,V,B,0.5688610672950745,"[0.5688610672950745, 0.43113893270492554]","On 15 June 2023, an unidentified armed group killed one person and abducted three others at Yimi community, Gwagwalada Area Council (FCT).",0.001,Unidentified Armed Group (Nigeria)
conflibert_conflibert,NIG24527,B,B,0.5322685837745667,"[0.5322685837745667, 0.46773138642311096]","On 19 April 2022, Nigerian troops on an offensive patrol clashed with armed Fulani pastoralists in Atunbe, Madamu, Kaamen, Ude -Jor, Kasar, Tor-Tacha and River Yoyo in Katsina Ala LGA (Benue), coded to Katsina-Ala. The militiamen fled with possible bullet wounds, firearms and cutlasses were recovered after a search around the area by the troops.",0.001,Military Forces of Nigeria (2015-2023)
conflibert_conflibert,NIG22154,V,B,0.5609023571014404,"[0.5609023571014404, 0.4390975832939148]","On 1 October 2021, unidentified gunmen enforcing IPOB sit at home order killed a driver and set his vehicle ablaze along the Owerri-Umuahia road (Owerri Municipal, Imo). The other occupants of the vehicles fled.",0.001,IPOB: Indigenous Peoples of Biafra
conflibert_conflibert,NIG19274,B,B,0.5681408047676086,"[0.5681408047676086, 0.43185919523239136]","On 17 December 2020, ISWAP militants attacked the Army Super Camp in Cross Kauwa (Kukawa LGA, Borno) but were repelled by Nigerian troops. Conflicting fatality reports. Military sources report Nigerian troops killed four ISWAP militants and recovered weapons and ammunition while ISWAP sources report that a number of soldiers were killed and wounded.",0.001,Military Forces of Nigeria (2015-2023)
conflibert_conflibert,NIG37201,B,B,0.5481250286102295,"[0.5481250286102295, 0.4518749713897705]","On 5 June 2024, police and KADVIS engaged a Kaduna militia in a firefight while attempting to abduct the Paramount Ruler of Ninzo Chiefdom at his palace in Fadan-Ninzo (Sanga, Kaduna). The armed group managed to escape into the forest, but the chief's wife could not be accounted for. There were no fatalities.",0.001,Police Forces of Nigeria (2023-)
conflibert_conflibert,NIG28507,B,B,0.5636540055274963,"[0.5636540055274963, 0.43634599447250366]","On 24 October 2022, the Nigerian Defense Headquarters claimed that soldiers and policemen on a fighting patrol clashed with suspected IPOB militants around Nkwerre-Inyi forest (Oji River, Enugu). The troops pursued the militants after they fled on sighting them, 2 SUV vehicles, 3 motorcycles and other items were recovered.",0.001,Military Forces of Nigeria (2015-2023)
conflibert_conflibert,NIG34112,B,B,0.5276551842689514,"[0.5276551842689514, 0.47234484553337097]","On 5 December 2023, the Nigerian soldiers, CJTF and local hunters repelled Boko Haram (JAS) and engaged them in a firefight when attempting to invade a Fulani settlement near Malari neighborhood of Konduga (Konduga, Borno). One man, likely to be a bystander, was shot and wounded. There were no fatalities.",0.001,Military Forces of Nigeria (2023-)
conflibert_conflibert,NIG28971,V,B,0.5346845388412476,"[0.5346845388412476, 0.46531549096107483]","On 9 December 2022, an unidentified armed group that was enforcing a sit in order attacked the convoy of the APC house of representatives candidate for Mbaitoli/Ikeduru federal constituency at Ubomiri (Mbaitoli, Imo). One person was shot and killed on the spot, the state's commissioner for solid minerals sustained machete cuts, other sources reported that the attack was politically motivated.",0.001,Unidentified Armed Group (Nigeria)
conflibert_conflibert,NIG31886,S,E,0.5161413550376892,"[0.4838586747646332, 0.5161413550376892]","On 9 July 2023, a Boko Haram [JAS Faction] commander and one of his lieutenants surrendered to Nigerian troops in Borno, coded to Maiduguri (Maiduguri Metro, Borno).",0.001,Boko Haram - Jamaatu Ahli is-Sunnah lid-Dawati wal-Jihad
conflibert_conflibert,NIG29165,B,B,0.5514763593673706,"[0.5514763593673706, 0.4485236406326294]","On 10 December 2022, suspected IPOB militants numbering over 10 from a faction led by Simon Ekpa who were enforcing a sit in order clashed with policemen at New Market in Enugu (Enugu North, Enugu). A police van was set ablaze by the assailants, one source report that a pregnant woman was killed by a stray bullet.",0.001,IPOB: Indigenous Peoples of Biafra
conflibert_conflibert,NIG23779,B,B,0.5016649961471558,"[0.5016649961471558, 0.498335063457489]","Around 13 February 2022 (between 12 - 15 February), the Nigerien contingent of MNJTF carried out a combined air-ground operation involving air and artillery strikes and ground assaults against Boko Haram (JAS or ISWAP Lake Chad faction) in the areas of Jabulam (Mobbar, Borno) and Abadam (Abadan, Borno) in Nigeria, and Bague Kiessa [Bague Kiessa Koura], Dagaya, Boulayi, and Boula Gana (Bosso, Diffa) in Niger. About twenty militants were killed and weapons and ammo seized. Fatalities are split across six events.",0.001,Military Forces of Niger (2021-2023)
conflibert_conflibert,NIG38271,B,B,0.5314972400665283,"[0.5314972400665283, 0.4685027301311493]","On 28 August 2024, a soldier attached to OPHD Sector 6 shot and killed a police DPO at a checkpoint around Dan Marke (Bukkuyum, Zamfara). The police DPO was traveling to attend a conference when the soldier stopped him and shot him in the head despite identifying himself as a police officer.",0.001,Military Forces of Nigeria (2023-)
conflibert_conflibert,NIG33121,E,B,0.508549153804779,"[0.508549153804779, 0.49145081639289856]","On 11 October 2023, the Nigerian Airforce launched airstrikes at ISWAP fighters on motorcycles around BUK village in Timbuktu Triangle, coded to Sambisa Forest Reserve (Gwoza, Borno). Five ISWAP fighters were killed in the strike.",0.001,Military Forces of Nigeria (2023-)
conflibert_conflibert,NIG31865,S,E,0.5369830131530762,"[0.4630170166492462, 0.5369830131530762]","Property destruction: Around 26 June 2023 (between 15 June - 6 July), troops of the joint task force of Operation Delta Safe destroyed 30 illegal refining sites across Bayelsa coded to Yenagoa (Yenagoa, Bayelsa), Cross River, Delta and Rivers states [coded separately]. 125 storage tanks, 227 ovens, 11 dugout pits and 21 wooden boats were recovered, 42 suspected saboteurs were arrested.",0.001,Military Forces of Nigeria (2023-)
conflibert_conflibert,NIG36514,V,B,0.5460181832313538,"[0.5460181832313538, 0.45398181676864624]","On 1 May 2024, an unidentified armed group shot and killed an APC chieftain in Kuje (Kuje, FCT) as he was returning from his farm. The victim was shot in the eye as he was driving, which led to an accident that killed him, three persons who were in the car with him were abducted and the fourth person escaped.",0.001,Unidentified Armed Group (Nigeria)
conflibert_conflibert,NIG20826,B,B,0.5922179222106934,"[0.5922179222106934, 0.4077821373939514]","Around 26 May 2021 (as reported), Nigerian police operatives clashed with a Katsina communal militia at Kafur, Danja, Dutsinma [Dutsin Ma], Safana, Batsari and Funtua Local Government Areas in Katsina State, killing five militiamen and recovered 69 rustled cows. 16 suspects were also arrested. Fatalities split across 6 events.",0.001,Police Forces of Nigeria (2015-2023)
conflibert_conflibert,NIG23381,B,B,0.5257754325866699,"[0.5257754325866699, 0.47422462701797485]","On 23 January 2022, local militia men and security agents (presumed military) repelled an attack by Zamfara militiamen on Yan Doton Daji (Tsafe, Zamfara). The assailants retreated to their camps in Munhaye forest after meeting a stiff resistance.",0.001,Zamfara Communal Militia (Nigeria)
conflibert_conflibert,NIG29665,E,E,0.5192080140113831,"[0.48079195618629456, 0.5192080140113831]","On 23 January 2023, the Nigerian Air Force carried out airstrikes that were targeted at ISWAP/ Boko Haram militants at Konduga (Konduga, Borno) and Bama [coded separately] general areas. Casualties are unknown.",0.001,Military Forces of Nigeria (2015-2023)
conflibert_conflibert,NIG21924,B,B,0.5373287200927734,"[0.5373287200927734, 0.46267127990722656]","On 9 September 2021, gunmen engaged police officers in an armed clash that led to the killing of three police officers and the abduction of an unspecified number of expatriates in Akukutoru LGA (Rivers) coded as Abonnema. The abducted expatriates were released around 4 October.",0.001,Unidentified Armed Group (Nigeria)
conflibert_conflibert,NIG19121,B,B,0.5970903635025024,"[0.5970903635025024, 0.40290963649749756]","On 7 December 2020, Nigerian military troops clashed with a Katsina communal militia at Gatakawa (Kankara LGA, Katsina), rescuing 13 kidnapped victims. No reported fatalities.",0.001,Military Forces of Nigeria (2015-2023)
conflibert_conflibert,NIG22750,B,B,0.55230712890625,"[0.55230712890625, 0.44769287109375]","On 28 November 2021, police forces engaged an unidentified armed group in an armed clash at the group's hideout in Tsenom (Ukum, Benue), after trailing the group following their involvement in an attack on mourners in Logo on 13 November [coded separately]. Two of the armed men were killed, one was wounded and arrested by the police.",0.001,Police Forces of Nigeria (2015-2023)
conflibert_conflibert,NIG29947,P,E,0.5091981887817383,"[0.4908018112182617, 0.5091981887817383]","On 13 February 2023, some teachers who were fired by the Osun state government protested in Oshogbo (Osogbo, Osun) against the their termination and demanded that the state governor revisit the executive order and reinstate them.",0.001,Protesters (Nigeria)
conflibert_conflibert,NIG37837,B,B,0.5424055457115173,"[0.5424055457115173, 0.4575943946838379]","On 19 July 2024, the Aye (Black Axe) and the Bucaneer clashed and killed one person around the Adekunle Ajasin University, Akungba (Akoko South West, Ondo).",0.001,Black Axe (Nigeria)
conflibert_conflibert,NIG19404,B,B,0.5072428584098816,"[0.5072428584098816, 0.492757111787796]","On 9 January 2021, Nigerian military troops clashed with Boko Haram elements at Gonan Kaji Village along Damaturu-Buni Yadi Road (Gujba LGA, Yobe), killing 30 militants and recovering weapons and ammunition.",0.001,Military Forces of Nigeria (2015-2023)
conflibert_conflibert,NIG31110,R,B,0.5724453330039978,"[0.5724453330039978, 0.4275546371936798]","Around 9 May 2023 (as reported), a mob assaulted two women who were accused of being lesbians in Ibadan (Ibadan North West, Oyo). The victims were tied to a tree while they were prayed upon to be delivered from evil spirits and then they were banished from the community.",0.001,Rioters (Nigeria)
conflibert_conflibert,NIG17079,B,B,0.531957745552063,"[0.531957745552063, 0.4680422246456146]","On 15 May 2020, Nigerian Armed Forces ambushed Boko Haram/IS who were relocating from the Sambisa Forest Reserve to Mandara mountains due to heavy air and artillery bombardments in Gwoza LGA (Borno). 5 BH/IS fighters were killed.",0.001,Military Forces of Nigeria (2015-2023)
conflibert_conflibert,NIG37119,V,B,0.5676664710044861,"[0.5676664710044861, 0.4323335289955139]","On 30 May 2024, IPOB/ESN members shot and killed two people while enforcing a 'sit at home' order in the Okwe community (Onuimo, Imo).",0.001,IPOB: Indigenous Peoples of Biafra
conflibert_conflibert,NIG21769,V,B,0.5570396184921265,"[0.5570396184921265, 0.44296038150787354]","On 18 August 2021, one man was abducted from his house in Tsafe (Tsafe, Zamfara). Nigerian police forces claim they secured his unconditional release on the same day.",0.001,Zamfara Communal Militia (Nigeria)
conflibert_conflibert,NIG23303,V,B,0.5254518389701843,"[0.5254518389701843, 0.47454822063446045]","On 14 January 2022, Niger militiamen killed two persons and abducted four others, suspected to be Fulani, in Jigawa and surrounding communities of Mashegu LGA (Niger), coded to Dogon Fadama. The assailants stole household items and rustled a lot of cattle. Fatalities split into two events.",0.001,Niger Communal Militia (Nigeria)
conflibert_conflibert,NIG23414,R,E,0.5188496708869934,"[0.481150358915329, 0.5188496708869934]","On 27 January 2022, a group of motorists tried to attack a soldier at a checkpoint at the Onitsha Bridgehead (Onisha North, Anambra) after a revenue collector was killed by a stray bullet. Reinforcement of soldiers were deployed to dispel the motorists, and the soldier was unharmed.",0.001,Rioters (Nigeria)
conflibert_conflibert,NIG26946,B,B,0.5867137908935547,"[0.5867137908935547, 0.4132862091064453]","On 8 March 2020, policemen clashed with an unidentified armed group in Amadi-Ama sandfill (Port Harcourt, Rivers), coded as Port Harcourt. The reason for the clash is unknown, casualties unknown.",0.001,Police Forces of Nigeria (2015-2023)
conflibert_conflibert,NIG32666,P,B,0.5078991651535034,"[0.5078991651535034, 0.49210086464881897]","On 4 September 2023, some APC youths in Rivers state protested in Port Harcourt (Port Harcourt, Rivers) against the appointment of PDP members in the state into key government positions by President Tinubu.",0.001,Protesters (Nigeria)
conflibert_conflibert,NIG35786,V,B,0.5079934000968933,"[0.5079934000968933, 0.4920066297054291]","On 31 March 2024, a Kaduna militia abducted 10 civilians from Azzara community, coded to Gidan Azara (Kachia, Kaduna). The abductees included a 5 day old baby and its mother who were abducted after her husband who was the target was not found by the militia.",0.001,Kaduna Communal Militia (Nigeria)
conflibert_conflibert,NIG27513,E,B,0.5554252862930298,"[0.5554252862930298, 0.4445747435092926]","On 28 November 2020, an armed group attacked a church with an explosive at the Mile 3, Diobu (Port Harcourt, Rivers). One person was wounded and three of the assailants were arrested.",0.001,Unidentified Armed Group (Nigeria)
conflibert_conflibert,NIG34491,S,B,0.581391453742981,"[0.581391453742981, 0.41860848665237427]","Property destruction: On 2 January 2024, ISWAP claimed to have attacked a Christian community in Bula Kudube, coded to Chibok (Chibok, Borno). They forced the residents to flee and set fire to five of their homes.",0.001,Islamic State West Africa Province (ISWAP)
conflibert_conflibert,NIG24131,E,B,0.5267554521560669,"[0.5267554521560669, 0.4732445776462555]","On 16 March 2022, armed individuals used dynamite explosives against the cars of two off-duty prison officers in the Umulolo area of Okgwe / Okigwi (Okigwe, Imo), just after they left the Imo Correctional Center. The two were killed; other individuals (not specified) were injured.",0.001,Unidentified Armed Group (Nigeria)
conflibert_conflibert,NIG29980,B,B,0.5292486548423767,"[0.5292486548423767, 0.4707513749599457]","On 10 February 2023, troops of 21 Armored Brigade in collaboration with Civilian JTF operatives clashed with Boko Haram [JAS faction] operatives during an offensive patrol at Churchur, Mbaiwa and China in Bama LGA (Borno) and Kashimeri [coded separately] and other new established villages. 7 militants were killed, others fled and abandoned women, children and old persons who were rescued by the troops. The camps were set ablaze, 7 fatalities split across 2 events coded as 3.",0.001,Military Forces of Nigeria (2015-2023)
conflibert_conflibert,NIG35941,E,B,0.5591212511062622,"[0.5591212511062622, 0.4408787786960602]","Around 7 April 2024 (as reported), the Nigerian Air Force and the Niger Republic component of MNJTF launched air strikes at ISWAP locations in the border town around Damasak (Mobbar, Borno). The strikes killed dozens of ISWAP fighters. Dozens fatalities coded as 12.",0.001,Military Forces of Nigeria (2023-)
conflibert_conflibert,NIG38436,B,B,0.547660231590271,"[0.547660231590271, 0.4523397386074066]","Around 2 September 2024 (as reported), the Nigerian troops, in collaboration with the Hybrid Forces and CJTF, clashed with Boko Haram (JAS) around Ngwom (Mafa, Borno). They killed four Boko Haram fighters in the onslaught.",0.001,Military Forces of Nigeria (2023-)
conflibert_conflibert,NIG30615,S,B,0.5803568363189697,"[0.5803568363189697, 0.41964319348335266]","Looting: On 18 March 2023, an armed group suspected to be affiliated with the PDP stole election materials from a polling unit at ward 6, unit 3 at Idak Eyop in Uyo (Uyo, Akwa Ibom). The assailants who ere dressed in black arrived in two tinted vehicles and shot sporadically to scare voters away.",0.001,PDP: People's Democratic Party
conflibert_conflibert,NIG17700,V,B,0.510059654712677,"[0.510059654712677, 0.4899403750896454]","On 18 July 2020, Boko Haram attacked Bovtari in Kuburmbula ward of Chibok LGA (Borno), killed 3 farmers and injured 10 others.",0.001,Islamic State West Africa Province (ISWAP) - Lake Chad Faction and/or Boko Haram - Jamaatu Ahli is-Sunnah lid-Dawati wal-Jihad
conflibert_conflibert,NIG31176,B,B,0.5343534350395203,"[0.5343534350395203, 0.46564656496047974]","Around 4 May 2023 (as reported), troops of 21 armored brigade in Bama engaged ISWAP militants in an armed clash at the Banki axis (Bama, Borno). Two out of the three aid workers who were abducted on 26 April [coded separately] were rescued, casualties are unknown.",0.001,Military Forces of Nigeria (2015-2023)
conflibert_conflibert,NIG33835,P,B,0.520903468132019,"[0.520903468132019, 0.47909653186798096]","On 13 November 2023, some political party supporters (unspecified) protested at the INEC office in Yenagoa (Yenagoa, Bayelsa) over the delay in releasing election results.",0.001,Protesters (Nigeria)
conflibert_conflibert,NIG16948,E,B,0.57554692029953,"[0.57554692029953, 0.42445307970046997]","On 5 May 2020, Nigerian Air Force and artillery attacked Boko Haram/IS fighters in Dumba (Mobbar LGA, Borno) and Location Charlie at Lake Chad in the border area to Niger Republic (assumed to be Abadam LGA, Borno). 48 BH fighters were reported killed in both attacks. Fatalities split between 2 events.",0.001,Military Forces of Nigeria (2015-2023)
conflibert_conflibert,NIG32831,V,B,0.5627219080924988,"[0.5627219080924988, 0.4372781217098236]","On 20 September 2023, an unidentified armed group macheted and killed a man in Nsirimo community around Apumuri (Umuahia South, Abia). The victim was killed at night, and his body was discovered by a villager while fetching water.",0.001,Unidentified Armed Group (Nigeria)
conflibert_conflibert,NIG29773,B,B,0.5374997854232788,"[0.5374997854232788, 0.4625002145767212]","On 2 February 2023, troops of 1 Division of the Nigerian army on a fighting patrol clashed with a Kaduna militia at Manini village (Chikun, Kaduna). 30 abductees were rescued by the troops who also recovered two motorcycles, casualties are unknown.",0.001,Military Forces of Nigeria (2015-2023)
conflibert_conflibert,NIG28697,B,E,0.5137581825256348,"[0.48624181747436523, 0.5137581825256348]","On 9 November 2022, Nigerian troops clashed with a Zamfara militia that had come to evacuate the remains of their colleagues that were killed the previous day [coded separately] at Gando forest, coded to Bukuyum (Bukkuyum, Zamfara). Several militiamen were killed, coded as 10.",0.001,Military Forces of Nigeria (2015-2023)
conflibert_conflibert,NIG16417,V,B,0.521632194519043,"[0.521632194519043, 0.4783678352832794]","On 22 February 2020, unidentified gunmen attacked a meeting of PDP in Emu-Unor (Ndokwa West LGA, Delta) and killed 1 person. 2 people were injured. Police intervened and arrested the gunmen.",0.001,Unidentified Armed Group (Nigeria)
conflibert_conflibert,NIG39090,V,B,0.5111199021339417,"[0.5111199021339417, 0.48888009786605835]","On 20 October 2024, a Zamfara militia opened fire on the vehicles of the Zamfara State Revenue Mobilization Allocation and Fiscal Commission, killing two and abducting the State Coordinator and many others along the Gusau-Funtua highway, coded to the local administrative headquarters Gusau (Gusau, Zamfara).",0.001,Zamfara Communal Militia (Nigeria)
conflibert_conflibert,NIG31747,E,B,0.5363408327102661,"[0.5363408327102661, 0.4636591672897339]","On 26 June 2023, NAF conducted air strikes against ISWAP militants at Andakar, Musari and Klabariya in Marte LGA (Borno). Scores of militants were killed, their vehicles and logistics were destroyed. Fatalities coded as 20.",0.001,Military Forces of Nigeria (2023-)
conflibert_conflibert,NIG25561,P,B,0.5341668725013733,"[0.5341668725013733, 0.4658331573009491]","On 9 July 2022, some members of MEDWAS, protested against the proposed new tax rate of N25,000 per month and demanded for clarification from the governor. Location coded to Onitsha (Onisha North, Anambra).",0.001,Protesters (Nigeria)
conflibert_conflibert,NIG27839,B,B,0.5224840044975281,"[0.5224840044975281, 0.4775160253047943]","On 14 June 2022, two rival unidentified cult militias clashed at Balogun Agoro area of Oshogbo (Osogbo, Osun). Two people were killed and another was injured.",0.001,Unidentified Cult Militia (Nigeria)
conflibert_conflibert,NIG27314,V,B,0.5457517504692078,"[0.5457517504692078, 0.454248309135437]","On 17 December 2021, Kaduna militiamen attacked and killed four civilians and wounded one other person in Zaman Dabo village (Zangon Kataf, Kaduna).",0.001,Kaduna Communal Militia (Nigeria)
conflibert_conflibert,NIG16251,P,B,0.5404902696609497,"[0.5404902696609497, 0.4595097005367279]","On 3 February 2020, the killing of a street vendor caused demonstrations in Yenagoa (Yenagoa LGA, Bayelsa).",0.001,Protesters (Nigeria)
conflibert_conflibert,NIG39149,B,B,0.5374544262886047,"[0.5374544262886047, 0.46254557371139526]","On 20 September 2024, the Nigerian troops clashed with Boko Haram (JAS) after the militia ambushed a commercial truck at Hambagada/Kwatara along the Gwoza-Mubi, location coded to the local administrative headquarters, Gwoza (Gwoza, Borno). The troops killed four militants and recovered the truck.",0.001,Military Forces of Nigeria (2023-)
conflibert_conflibert,NIG33786,S,B,0.531485915184021,"[0.531485915184021, 0.4685140550136566]","Other: On 11 November 2023, security operatives (coded as military forces) foiled an attempt by an unidentified armed group to abduct INEC officials and steal election materials at Amaimo (Ikeduru, Imo). The assailants fled after the security operatives shot into the air after they were alerted.",0.001,Unidentified Armed Group (Nigeria)
conflibert_conflibert,NIG38389,V,B,0.5356981158256531,"[0.5356981158256531, 0.4643018841743469]","On 5 September 2024, a Kaduna militia abducted nineteen people from the Manini community (Chikun, Kaduna). They took the people from three houses. No ransom has been demanded.",0.001,Kaduna Communal Militia (Nigeria)
conflibert_conflibert,NIG29183,V,B,0.593957245349884,"[0.593957245349884, 0.40604278445243835]","On 12 December 2022, soldiers numbering up to 100 attacked civilians when they invaded Obeagu (Ishielu, Ebonyi), wounded one and abducted nine persons including local defense militia members and teenagers. The soldiers looted houses and small businesses in the community",0.001,Military Forces of Nigeria (2015-2023)
conflibert_conflibert,NIG21980,B,B,0.6013796925544739,"[0.6013796925544739, 0.3986203372478485]","Around 16 September 2021 (as reported), military forces clashed with militia members fleeing from Zamfara state in Maiha (Maiha, Adamawa). Some militia members were killed by the soldiers, eleven rocket launchers and three grenades were recovered. Unknown fatalities coded as 10.",0.001,Military Forces of Nigeria (2015-2023)
conflibert_conflibert,NIG35968,B,B,0.5351554751396179,"[0.5351554751396179, 0.4648444950580597]","On 9 April 2024, the Nigerian troops of Operation Hadin Kai engaged Boko Haram (JAS) in a firefight and killed four at Ngauru Forest in Bama (Bama, Borno). The troops arrested seventeen Boko Haram family members and profiled them for rehabilitation. There were four fatalities.",0.001,Military Forces of Nigeria (2023-)
conflibert_conflibert,NIG29720,V,E,0.5118488073348999,"[0.4881512224674225, 0.5118488073348999]","On 25 January 2023, policemen shot and killed a tailor after he tried to escape arrest when the policemen invaded his residence in Oshogbo (Osogbo, Osun). The victim's family claimed that the policemen took his corpse and dumped it at a morgue, then shot in the air to disperse them when they went to the Osun police anti-cultism unit.",0.001,Police Forces of Nigeria (2015-2023)
conflibert_conflibert,NIG36868,B,B,0.5574094653129578,"[0.5574094653129578, 0.4425905644893646]","Around 21 June 2024 (as reported), Nigerian troops, hunters and KSVS clashed with a Kogi militia at a ransom collection point in the Okunran Okoloke area, coded to Okoloke (Yagba West, Kogi). The troops killed one of the militiamen and recovered an AK-47 rifle with a magazine containing 15 rounds of 7.62 mm (Special) ammunition and one motorcycle.",0.001,Military Forces of Nigeria (2023-)
conflibert_conflibert,NIG29333,V,B,0.5175613760948181,"[0.5175613760948181, 0.4824385941028595]","On 25 December 2022, a policeman shot and killed a woman at Aja (Eti-Osa, Lagos). The victim who was a lawyer was with her family, the reason for the attack is unknown. The state police command claimed that the assailant was arrested.",0.001,Police Forces of Nigeria (2015-2023)
conflibert_conflibert,NIG36869,B,B,0.5316730737686157,"[0.5316730737686157, 0.4683268964290619]","Around 21 June 2024 (as reported), Nigerian troops ambushed IS/BH fighters and killed one of them around Komala (Konduga, Borno). The troops recovered two AK-47 rifles with two magazines containing 29 rounds of 7.62 mm (Special) ammunition and 91 belted links of PKT ammunition, one SMG, two AK-47 rifles, one SMG magazine, nine rounds of 9 mm ammunition, and one motorbike.",0.001,Military Forces of Nigeria (2023-)
conflibert_conflibert,NIG17280,B,B,0.5711653232574463,"[0.5711653232574463, 0.4288346469402313]","On 4 June 2020, an internal clash in Amuzu (Izzi LGA, Ebonyi) over land ownership and leadership resulted in property destruction on two consecutive days.",0.001,Amuzu Communal Militia (Nigeria)
conflibert_conflibert,NIG21425,B,B,0.5608396530151367,"[0.5608396530151367, 0.4391602873802185]","Around 21 July 2021 (as reported), the military clashed with Boko Haram/ISWAP members in the Banki/Miyanti/Darajamal axis of Borno State [coded Banki, Bama LGA, Borno]. Three fighters were killed and 11 male adults, 5 female adults, and 12 children were arrested.",0.001,Military Forces of Nigeria (2015-2023)
conflibert_conflibert,NIG19423,P,E,0.5296653509140015,"[0.4703346788883209, 0.5296653509140015]","On 11 January 2021, women demonstrators under the aegis of Concerned Women of Aniocha South Local Government Area staged a protest at the Government House in Asaba (Oshimili South LGA, Delta) against the People Democratic Party (PDP) chairmanship candidate for the locality in light of the local government elections.",0.001,Protesters (Nigeria)
conflibert_conflibert,NIG31872,P,B,0.5153153538703918,"[0.5153153538703918, 0.48468470573425293]","On 3 July 2023, hundreds of road sweepers who were made up of mostly women protested at the NUJ secretariat in Benin City (Oredo, Edo) against the payment of 17,820 naira to them as salary by the state waste management board.",0.001,Protesters (Nigeria)
conflibert_conflibert,NIG36509,B,B,0.5213157534599304,"[0.5213157534599304, 0.4786841869354248]","On 24 April 2024, the Aiye (Black Axe) and Eiye cult militias clashed around the Pedro area of Ile-Ife (Ife Central, Osun). One militiaman was shot dead during the confrontation.",0.001,SEC: Supreme Eiye Confraternity (Nigeria)
conflibert_conflibert,NIG28693,B,B,0.5168513059616089,"[0.5168513059616089, 0.4831486940383911]","On 8 November 2022, Nigerian troops clashed with a Zamfara militia and killed over 100 militia members at Gando forest, coded to Bukuyum (Bukkuyum, Zamfara).",0.001,Military Forces of Nigeria (2015-2023)
conflibert_conflibert,NIG17815,E,B,0.555984616279602,"[0.555984616279602, 0.44401538372039795]","On 30 July 2020, Boko Haram combatants launched 4 mortar attacks in the Custom, Gwange, and Gidan Ayaba areas of Maiduguri. Six civilians were killed and twenty-seven injured.",0.001,Islamic State West Africa Province (ISWAP) - Lake Chad Faction and/or Boko Haram - Jamaatu Ahli is-Sunnah lid-Dawati wal-Jihad
conflibert_conflibert,NIG29732,B,E,0.5394293665885925,"[0.46057066321372986, 0.5394293665885925]","On 21 January 2023, troops of Operation Hadin Kai in collaboration with Civilian JTF operatives intercepted and killed one Boko Haram [JAS faction] militant between the border between Nigeria and Cameroon, coded to Sambisa Forest Reserve (Gwoza, Borno) where the militants were headed. One other militant was arrested, some food items that they had purchased were recovered by the troops.",0.001,Military Forces of Nigeria (2015-2023)
conflibert_conflibert,NIG19506,V,E,0.5103398561477661,"[0.4896601438522339, 0.5103398561477661]","On 17 January 2021, unidentified gunmen abducted two persons along Omoh/Erin-Ijesha road (Ori- Ade LGA, Osun). Victims were later rescued by Amotekun corps operatives and local hunters.",0.001,Unidentified Armed Group (Nigeria)
conflibert_conflibert,NIG20699,B,B,0.5744596719741821,"[0.5744596719741821, 0.4255402982234955]","On 12 May 2021, unidentified gunmen clashed with Nigerian police operatives at a Police Station in Etim Ekpo LGA (Akwa Ibom) [coded to Utu Etim Ekpo], killing one policeman. Gunmen also set the police building ablaze.",0.001,Police Forces of Nigeria (2015-2023)
conflibert_conflibert,NIG27706,S,B,0.5740406513214111,"[0.5740406513214111, 0.4259593188762665]","Security measures: On 7 March 2021, presumed ISWAP/ Boko Haram militants set up an illegal vehicle checkpoint between Auno and Jakana, Konduga LGA (Borno). The military were deployed to clear the IVCP.",0.001,Islamic State West Africa Province (ISWAP) - Lake Chad Faction and/or Boko Haram - Jamaatu Ahli is-Sunnah lid-Dawati wal-Jihad
conflibert_conflibert,NIG32700,E,B,0.5143663287162781,"[0.5143663287162781, 0.4856336712837219]","On 12 September 2023, the air component of Operation Hadin Kai conducted an airstrike targeted at ISWAP/ Boko Haram militants at Suwa (Kala Balge, Borno). Casualties are unknown.",0.001,Military Forces of Nigeria (2023-)
conflibert_conflibert,NIG28028,R,B,0.5705341696739197,"[0.5705341696739197, 0.4294658303260803]","On 29 July 2022, a mob killed two persons who were suspected to have stolen a generator set from a plaza along Hospital road, coded to Osisioma (Osisioma, Abia).",0.001,Rioters (Nigeria)
conflibert_conflibert,NIG37575,S,B,0.5279620885848999,"[0.5279620885848999, 0.4720378816127777]","Non-violent activity: Around 12 July 2024 (as reported), police raided a Plateau militia hideout while treating a gunshot wound in Bassa LGA, coded to Bassa (Plateau). The police recovered an AK-47 rifle loaded with 30 rounds of 7.62mm live ammunition.",0.001,Police Forces of Nigeria (2023-)
conflibert_conflibert,NIG20662,B,B,0.6182107329368591,"[0.6182107329368591, 0.38178929686546326]","On 7 May 2021, Nigerian military troops clashed with Boko Haram fighters (assumed JAS) in the Sambisa Forest Reserve (Gwoza LGA, Borno). Reported casualties but no specific fatalities reported.",0.001,Military Forces of Nigeria (2015-2023)
conflibert_conflibert,NIG25283,V,B,0.5270649790763855,"[0.5270649790763855, 0.4729349911212921]","On 18 June 2022, an unidentified armed group abducted three persons who were returning from a wedding ceremony in Abuja around Akwanga (Akwanga, Nassarawa). Among the abductees were a former general secretary of the NFF and a former assistant coach of the super eagles. The abductees were released on 20 June after an undisclosed amount was paid as ransom, one of the abductees claimed they were abducted by Fulani men less than 3 minutes after a checkpoint of the joint military.",0.001,Unidentified Armed Group (Nigeria)
conflibert_conflibert,NIG23107,B,B,0.5096657872200012,"[0.5096657872200012, 0.4903342127799988]","On 31 December 2021, police forces, together with member of Igabi communal militia, clashed with Kaduna militia members at the Sabon Birni forest (Igabi, Kaduna) while the group was raiding one of the militia camps. One militiaman was killed, others fled with gunshot wounds; two others were arrested and nine abducted victims were rescued including one who sustained a bullet injury.",0.001,Police Forces of Nigeria (2015-2023)
conflibert_conflibert,NIG17347,P,B,0.5708678960800171,"[0.5708678960800171, 0.4291320741176605]","On 10 June 2020, the Nigeria Association of Women Journalists demonstrated in Calabar (Calabar LGA, Cross River) over gender-based violence in Nigeria.",0.001,Protesters (Nigeria)
conflibert_conflibert,NIG21294,V,B,0.5736454725265503,"[0.5736454725265503, 0.4263544976711273]","On 7 July 2021, members of the Boko Haram abducted 17 civilians in Kontori (Guzamala LGA, Borno). The group was later rescued.",0.001,Islamic State West Africa Province (ISWAP) - Lake Chad Faction and/or Boko Haram - Jamaatu Ahli is-Sunnah lid-Dawati wal-Jihad
conflibert_conflibert,NIG29309,B,E,0.5392197370529175,"[0.4607802927494049, 0.5392197370529175]","On 23 December 2022, troops of Operation Whirl Stroke responded to a distress call and rescued three abductees from an unidentified armed group at Tse-getin, Tiza and Tse-Tor, coded to Ugba (Logo, Benue).",0.001,Unidentified Armed Group (Nigeria)
conflibert_conflibert,NIG20423,V,B,0.5150934457778931,"[0.5150934457778931, 0.48490655422210693]","On 13 April 2021, a pastor of the Sabbath Church was shot and killed, and 3 other people were shot and injured by 5 unidentified armed individuals in Ogboro-Eke-Abugu (Ebugwu) village, Ibagwa-Ani, Nsukka LGA (Enugu) [coded Nsukka].",0.001,Unidentified Armed Group (Nigeria)
conflibert_conflibert,NIG38856,V,B,0.5432770252227783,"[0.5432770252227783, 0.45672300457954407]","On 8 October 2024, armed Fulani pastoralists hacked and killed a farmer at Tungan Sarki community in the Dafa ward of Kwali, coded to Dafa (FCT). The attack was due to an altercation between the farmers and the pastoralists when the latter's cattle destroyed the farmer's cassava plantation.",0.001,Fulani Ethnic Militia (Nigeria)
conflibert_conflibert,NIG18160,P,B,0.5321637392044067,"[0.5321637392044067, 0.46783626079559326]","Around 9 September 2020 (as reported), residents of Afam community staged protests at the Port Harcourt Electricity Distribution Company in Afam (Oyigbo LGA, Rivers) to demand for free power supply as a host community.",0.001,Protesters (Nigeria)
conflibert_conflibert,NIG36977,V,B,0.5095426440238953,"[0.5095426440238953, 0.49045732617378235]","On 17 May 2024, a Kaduna militia abducted two people after opening fire on a vehicle in transit from Jere market to Dodon-Daji village in Kagarko LGA, coded to Jere (Kaduna). The hostage was a woman with her one-week-old child.",0.001,Kaduna Communal Militia (Nigeria)
conflibert_conflibert,NIG32998,B,E,0.5163004398345947,"[0.48369958996772766, 0.5163004398345947]","On 5 October 2023, the troops of Operation UDO KA II conducted a clearance operation in Okigwe-Umulolo communities, coded to Umulolo (Okigwe, Imo). The troops confronted the militias, and some escaped to the nearby bush with gunshot wounds. Two suspects were arrested, and the troops recovered two locally-made guns, ammunition, one PKT machine gun barrel, one big locally made Rocket Propelled Launcher (Ogbunigwe) and IED-making materials. There were no fatalities.",0.001,Military Forces of Nigeria (2023-)
conflibert_conflibert,NIG19758,V,B,0.5370038747787476,"[0.5370038747787476, 0.4629961848258972]","Around 10 February 2021 (as reported), a Kaduna Communal Militia attacked Ungwan Gajere (Birnin-Gwari LGA, Kaduna), killing ten residents and injuring three others. Unknown reason for attack.",0.001,Kaduna Communal Militia (Nigeria)
conflibert_conflibert,NIG26709,B,B,0.5221093893051147,"[0.5221093893051147, 0.47789064049720764]","On 7 May 2021, Nigerian military troops clashed with a Kaduna communal militia around the Rigachikun (Rigacikun) axis (Igabi LGA, Kaduna), killing one militiaman and one civilian.",0.001,Military Forces of Nigeria (2015-2023)
conflibert_conflibert,NIG19118,B,B,0.6001805067062378,"[0.6001805067062378, 0.39981943368911743]","On 7 December 2020, Islamic State militants ambushed the Nigerian army on the road between Gamboru (Ngala LGA, Borno) and Dikwa (Dikwa LGA, Borno), allegedly killing four soldiers. One military vehicle and weapons and ammunition seized by the militants",0.001,Military Forces of Nigeria (2015-2023)
conflibert_conflibert,NIG21103,B,B,0.5613628029823303,"[0.5613628029823303, 0.43863722681999207]","On 20 June 2021, Nigerian military clashed with ISWAP fighters following an airstrike launched against the group in Lamboa (Lambua) (Kaga LGA, Borno). More than 20 ISWAP fighters were killed, including a commander and weapons and ammunition recovered.",0.001,Military Forces of Nigeria (2015-2023)
conflibert_conflibert,NIG16297,S,B,0.5193946361541748,"[0.5193946361541748, 0.4806053042411804]","On 8 February 2020, Nigerian Armed Forces discovered two IED planted by Boko Haram (JAS) around Beta (Gwoza, Borno).",0.001,Military Forces of Nigeria (2015-2023)
conflibert_conflibert,NIG33130,B,E,0.5482951998710632,"[0.45170480012893677, 0.5482951998710632]","On 12 October 2023, the Joint Task Force North West Operation HADARIN DAJI ambushed some Kebbi militias at Karenbana village, coded to Kainya (Danko, Kebbi), trying to move their hostages across to another state. The Joint Task Force engaged them in a gunfight and rescued 17 hostages. Some militias escaped with gunshot wounds. There were no fatalities.",0.001,Military Forces of Nigeria (2023-)
conflibert_conflibert,NIG35379,S,B,0.5676993131637573,"[0.5676993131637573, 0.43230071663856506]","Movement of forces: On 24 February 2024, ISWAP fighters were sighted around Karkisama village near Kukawa town (Kukawa, Borno). They were conveyed in two vehicles and seventeen motorcycles. No further details.",0.001,Islamic State West Africa Province (ISWAP)
conflibert_conflibert,NIG34705,S,B,0.5699467658996582,"[0.5699467658996582, 0.4300532341003418]","Security measures: On 23 January 2024, the governor of Plateau state imposed a 24 hour curfew on Mangu LGA (Plateau) following violence which broke out in different parts of the town [coded separately].",0.001,Government of Nigeria (2023-)
conflibert_conflibert,NIG21973,B,B,0.5620254874229431,"[0.5620254874229431, 0.4379744827747345]","On 15 September 2021, ISWAP militants engaged Nigerian troops in an armed clash at Burimari (Nganzai, Borno) coded as Gajiram. Six soldiers were killed. The soldiers were reportedly on patrol in the area.",0.001,Military Forces of Nigeria (2015-2023)
conflibert_conflibert,NIG19936,B,B,0.587246298789978,"[0.587246298789978, 0.4127536416053772]","On 25 January 2021, IPOB members clashed with Nigerian military troops at Banana Junction (Orlu LGA, Imo), killing four soldiers including the Military Director of Civil Affairs. IPOB members also seized their weapons.",0.001,Military Forces of Nigeria (2015-2023)
conflibert_conflibert,NIG18955,B,B,0.5533165335655212,"[0.5533165335655212, 0.44668346643447876]","On 19 November 2020, Nigerian military troops clashed with Boko Haram elements (assumed JAS) at Burari Village located at the fringes of Sambisa Forest (Gwoza LGA, Borno), killing three and recovering weapons.",0.001,Military Forces of Nigeria (2015-2023)
conflibert_conflibert,NIG28050,B,B,0.565003514289856,"[0.565003514289856, 0.43499648571014404]","On 12 January 2021, two cult militias clashed in Badagry (Badagry, Lagos). 1 person was killed.",0.001,Unidentified Cult Militia (Nigeria)
conflibert_conflibert,NIG18747,V,B,0.6297959089279175,"[0.6297959089279175, 0.37020406126976013]","Around 21 October 2020 (week of), Boko Haram militants abducted no fewer than 30 farmers in Njimtilo and Moromti communities (Konduga LGA, Borno). Reason for abduction unknown.",0.001,Islamic State West Africa Province (ISWAP) - Lake Chad Faction and/or Boko Haram - Jamaatu Ahli is-Sunnah lid-Dawati wal-Jihad
conflibert_conflibert,NIG21907,S,E,0.5149580240249634,"[0.4850419759750366, 0.5149580240249634]","Around 8 September 2021 (as reported), Zamfara state government arrested no fewer than 100 violators of the governor's executive order and the interception of food and fuel being conveyed to militia camps (location coded to Gusau, Zamfara).",0.001,Government of Nigeria (2015-2023)
conflibert_conflibert,NIG26815,V,B,0.5138474106788635,"[0.5138474106788635, 0.48615264892578125]","On 14 October 2021, a Niger militia shot indiscriminately in Anguwar Juma'a (Suleja, Niger), coded as Suleja. Two persons were wounded, three others were abducted.",0.001,Niger Communal Militia (Nigeria)
conflibert_conflibert,NIG24336,E,E,0.5123696327209473,"[0.4876303970813751, 0.5123696327209473]","Around 29 March 2022 (between 28 - 31 March), the Nigerian Air Force carried out airstrikes that took out a stockpile of ISWAP weapons in their depot at Bukar Meram (Monguno, Borno) and 2km south of Kollaram [coded separately], according to the Defence Headquarters.",0.001,Military Forces of Nigeria (2015-2023)
conflibert_conflibert,NIG18306,V,B,0.5354269742965698,"[0.5354269742965698, 0.4645730257034302]","On 23 September 2020, Fulani herdsmen attacked local miners at Jol (Riyom LGA, Plateau), injuring nine. Unknown reason for attack.",0.001,Fulani Ethnic Militia (Nigeria)
conflibert_conflibert,NIG39769,P,B,0.5502753257751465,"[0.5502753257751465, 0.4497247040271759]","On 4 August 2024, youth protested at Agho junction along Ekenhuan Road in Benin City (Oredo, Edo). The protesters conducted church service at the protest ground while the police monitored their activities.",0.001,Protesters (Nigeria)
conflibert_conflibert,NIG25237,B,B,0.5139608383178711,"[0.5139608383178711, 0.4860391616821289]","On 13 June 2022, soldiers in collaboration with policemen while on a routine patrol foiled an attack and clashed with a Kaduna communal militia in Sabon Sara village, coded to Kachia (Kachia, Kaduna). One militiaman was killed, one rifle was and nine motorcycles were recovered.",0.001,Military Forces of Nigeria (2015-2023)
conflibert_conflibert,NIG35644,B,B,0.5505549311637878,"[0.5505549311637878, 0.44944506883621216]","Around 20 March 2024 (as reported), the Nigerian troops shot and killed a Taraba militiaman in Kutoko village, coded to Takum (Takum, Taraba). An AK-47 Rifle and a magazine containing four live rounds of 7.62mm special ammunition were recovered.",0.001,Military Forces of Nigeria (2023-)
conflibert_conflibert,NIG35416,B,B,0.5454787611961365,"[0.5454787611961365, 0.4545212388038635]","On 3 March 2024, Nigerian troops and CJTF ambushed and killed four ISWAP fighters at Moula in Ngala LGA, coded to Ngala (Ngala, Borno). Moula was regarded as one of their logistic routes",0.001,Military Forces of Nigeria (2023-)
conflibert_conflibert,NIG25220,R,B,0.5711423754692078,"[0.5711423754692078, 0.42885762453079224]","On 10 June 2022, a mob attacked policemen who were enforcing a ban on commercial motorcycles and tried to stop them from seizing motorcycles in Ikorodu (Ikorodu, Lagos). A standby backup of policemen intervened, 50 persons were arrested [coded separately] and 14 motorcycles were seized.",0.001,Rioters (Nigeria)
conflibert_conflibert,NIG23676,B,B,0.5003828406333923,"[0.5003828406333923, 0.49961715936660767]","On 11 February 2022, policemen foiled an attack by Katsina militiamen and engaged them in an armed clash in Nasarawa Bugaje (Jibia, Katsina). The assailants fled and left rustled animals. 200 cows and 150 sheep were recovered by the policemen. There were no fatalities.",0.001,Katsina Communal Militia (Nigeria)
conflibert_conflibert,NIG36120,R,B,0.5124712586402893,"[0.5124712586402893, 0.4875287115573883]","On 22 January 2023, a youth mob attacked a suspected pastoralist in Mosogar (Ethiope West, Delta). The mob set the man on fire killing the suspect. The mob also stoned the police forces who had come to collect the body. The pastoralist was suspected of being part of a kidnapping group in the area.",0.001,Rioters (Nigeria)
conflibert_conflibert,NIG34634,P,B,0.5039909482002258,"[0.5039909482002258, 0.4960090219974518]","On 25 January 2024, the Ariaria Market Traders protested on the premises of a local radio station in Aba (Aba South, Abia) over the re-emergence of illegal revenue collection. They claimed some individuals were trying to impose a daily levy of five hundred naira on them in addition to the approved 18,000 fixed by the government. They asked the government to intervene.",0.001,Protesters (Nigeria)
conflibert_conflibert,NIG35278,V,B,0.5093998312950134,"[0.5093998312950134, 0.49060019850730896]","On 26 February 2024, a Kaduna militia shot and killed five people and injured many others when attacking the Ungwan Ganye B and Sabon Gida communities, coded to Gwantu (Sanga, Kaduna). The militia rode on motorcycles and invaded the communities when the residents were already sleeping.",0.001,Kaduna Communal Militia (Nigeria)
conflibert_conflibert,NIG23388,B,B,0.5070056915283203,"[0.5070056915283203, 0.4929943084716797]","Around 26 January 2022 (between 21 - 28 January), security operatives (presumed military) clashed with Niger militiamen in Shiroro LGA (Niger), coded to Kuta, and in the forest around Guni, Kutchi, Zagzaga and Katarma (Muya LGA) [coded separately]. Over 70 militiamen and an unspecified number of security operatives were killed; over 300 cows and 200 sheep were recovered, an unspecified number of militiamen were arrested. 70 fatalities split across 3 events, unknown task force fatalities coded as 3.",0.001,Military Forces of Nigeria (2015-2023)
conflibert_conflibert,NIG21236,B,B,0.5575141906738281,"[0.5575141906738281, 0.44248586893081665]","On 4 July 2021, the police clashed with armed individuals at the Igieduma forest reserve (Uhunmwode LGA, Edo) during an operation to rescue nine people who had been kidnapped earlier that day (coded separately). An unidentified number of kidnappers were injured and the group was recued unharmed.",0.001,Police Forces of Nigeria (2015-2023)
conflibert_conflibert,NIG29459,E,B,0.5040302276611328,"[0.5040302276611328, 0.4959698021411896]","Around 4 January 2023 (as reported), the air task force of Operation Hadin Kai conducted airstrikes targeted at Boko Haram [JAS] militants at Mantari village in Marte LGA (Borno). One commnader and three leaders of the militants were killed.",0.001,Military Forces of Nigeria (2015-2023)
conflibert_conflibert,NIG33847,B,B,0.5032340288162231,"[0.5032340288162231, 0.49676603078842163]","On 15 November 2023, Nigerian troops clashed with the Katsina militia while on fighting patrol in Batsari LGA, coded to Batsari (Batsari, Katsina). The military killed one militia and recovered one AK47 rifle, two magazines loaded with 20 rounds of 7.62 mm Special ammo and four motorcycles.",0.001,Military Forces of Nigeria (2023-)
conflibert_conflibert,NIG19603,B,B,0.5554261803627014,"[0.5554261803627014, 0.4445737898349762]","On 27 January 2021, Nigerian military troops clashed with Boko Haram (assumed JAS) at Maiyanki, Darussalam, Bula Kurege and Izza (Gwoza LGA, Borno), killing many militants and recovering weapons and ammunition. One soldier was also killed and three injured. Many Chibok girls kidnapped in 2014 also escaped. Many militant fatalities coded as 10.",0.001,Military Forces of Nigeria (2015-2023)
conflibert_conflibert,NIG38088,V,B,0.5456536412239075,"[0.5456536412239075, 0.4543464183807373]","On 24 July 2024, a Katsina militia attacked and killed two people in Godiya village, coded as Ruwan Godiya (Faskari, Katsina). An unspecified number of others were injured and abducted.",0.001,Katsina Communal Militia (Nigeria)
conflibert_conflibert,NIG23685,B,B,0.5542000532150269,"[0.5542000532150269, 0.44579991698265076]","On 12 February 2022, Nigerian police and military forces, together with local vigilantes, engaged Niger militiamen in a clash in Nasko (Magama, Niger), after the militiamen attacked civilians at villages around Nasko (coded separately). Scores of militiamen were killed; 20 abductees were rescued, large herds of cattle, weapons and ammunition were recovered. Scores of fatalities coded as 20.",0.001,Police Forces of Nigeria (2015-2023)
conflibert_conflibert,NIG22436,V,B,0.50782310962677,"[0.50782310962677, 0.4921768605709076]","On 5 November 2021, the aide-de-camp of the Gombe state governor, together with other armed individuals, attacked the convoy of senator Danjuma Goje in Gombe (Gombe, Gombe). The governor denied links with the attack and accused the senator of arming his supporters; one person was killed and vehicles were vandalized.",0.001,Police Forces of Nigeria (2015-2023)
conflibert_conflibert,NIG34552,V,B,0.5707678198814392,"[0.5707678198814392, 0.4292322099208832]","On 10 January 2024, ISWAP claimed to have killed a CJTF member while raiding his house in Kanama (Yunusari, Yobe).",0.001,Islamic State West Africa Province (ISWAP)
conflibert_conflibert,NIG38732,V,B,0.5129328370094299,"[0.5129328370094299, 0.48706722259521484]","On 20 August 2024, a Katsina militia abducted a KCWC member in Yan Tumaki village (Dan-Musa, Katsina). The militia killed the hostage at Dangeza village on 22 August 20204, coded separately.",0.001,Katsina Communal Militia (Nigeria)
conflibert_conflibert,NIG28668,V,E,0.5117021203041077,"[0.48829784989356995, 0.5117021203041077]","On 31 October 2022, a Zamfara militia shot indiscriminately at civilians in Yankaba (Kaura Namoda, Zamfara) and killed 4 persons.",0.001,Zamfara Communal Militia (Nigeria)
conflibert_conflibert,NIG21968,P,B,0.5227247476577759,"[0.5227247476577759, 0.4772753119468689]","On 14 September 2021, hundreds of women protested the absence of power supply in Kumbotso LGA (Kano) coded as Kumbotso. The protesters claimed that there has been no power supply in the area for seven years.",0.001,Protesters (Nigeria)
conflibert_conflibert,NIG24281,V,B,0.5169508457183838,"[0.5169508457183838, 0.4830491244792938]","On 29 March 2022, suspected Fulani militiamen dressed in military camouflage shot sporadically at civilians in Naka (Gwer West, Benue). Three persons were killed, an unspecified number of persons are missing.",0.001,Fulani Ethnic Militia (Nigeria)
conflibert_conflibert,NIG19587,B,B,0.5786547064781189,"[0.5786547064781189, 0.4213452935218811]","On 25 January 2021, unidentified gunmen clashed with Nigerian police in Karim Lamido LGA (Taraba), killing two policemen and seizing their weapons.",0.001,Police Forces of Nigeria (2015-2023)
conflibert_conflibert,NIG22705,P,B,0.5212687849998474,"[0.5212687849998474, 0.4787312150001526]","On 24 November 2021, youths from Ogheghe community blocked the Benin-Sapele road (Oredo, Edo), coded as Benin City, in protest against the state of roads in their communities.",0.001,Protesters (Nigeria)
conflibert_conflibert,NIG34880,S,B,0.605387270450592,"[0.605387270450592, 0.39461269974708557]","Security measures: On 30 January 2024, the Osun State Government imposed a 12-hour curfew in Ilobu and Ifon, coded to Ifon (Orolu, Osun), over communal clashes between the two communities.",0.001,Government of Nigeria (2023-)
conflibert_conflibert,NIG35561,P,B,0.5099881291389465,"[0.5099881291389465, 0.49001187086105347]","On 12 March 2024, IMN members protested at the US Embassy, AMAC, Abuja (Abuja Municipal, FCT), over the Israeli-Palestinian conflict. They submitted a petition demanding the US government intervene in the crisis.",0.001,Protesters (Nigeria)
conflibert_conflibert,NIG21090,B,B,0.5804926156997681,"[0.5804926156997681, 0.4195074439048767]","On 17 June 2021, ISWAP fighters clashed with Nigerian police operatives following an attack on Gujba town (Gujba LGA, Yobe). At least three policemen were killed. ISWAP fighters also looted medical supplies and set properties and houses ablaze.",0.001,Police Forces of Nigeria (2015-2023)
conflibert_conflibert,NIG31491,B,B,0.5071753859519958,"[0.5071753859519958, 0.49282461404800415]","On 31 May 2023, policemen and So Safe corps officials were engaged in an armed clash by an unidentified armed group in Awo village (Obafemi, Ogun) when they attempted to rescue two civilians who were abducted the previous day. One So Safe official was killed, his rifle and phone were stolen by the assailants.",0.001,Police Forces of Nigeria (2023-)
conflibert_conflibert,NIG17350,P,B,0.5793880820274353,"[0.5793880820274353, 0.4206119477748871]","On 10 June 2020, a group of Muslim women demonstrated in Osogbo (Osogbo LGA, Osun) over gender-based violence in Nigeria.",0.001,Protesters (Nigeria)
conflibert_conflibert,NIG22254,P,B,0.5232866406440735,"[0.5232866406440735, 0.4767134189605713]","On 11 October 2021, locals from Ovwor community protested against the alleged illegal collection of levies by the principal of a government-owned school in Ovwor (Ughelli South, Delta), coded as Okwagbe. A majority of the protesters were women.",0.001,Protesters (Nigeria)
conflibert_conflibert,NIG35854,V,B,0.5031816363334656,"[0.5031816363334656, 0.4968183636665344]","On 3 April 2024, a Kaduna militia shot and killed the head of the Gashe community in Kachia LGA, coded to Katari (Kachia, Kaduna). The militia abducted ten others, including a father, mother, eight children and their three relatives from the community. They also robbed shops and a local pharmacy.",0.001,Kaduna Communal Militia (Nigeria)
conflibert_conflibert,NIG20679,B,B,0.5485026836395264,"[0.5485026836395264, 0.45149731636047363]","On 10 May 2021, Nigerian police operatives clashed with suspected kidnappers at Ahor community (Ehor) (Uhunmwode LGA, Edo), killing three and rescuing seven kidnapped victims.",0.001,Police Forces of Nigeria (2015-2023)
conflibert_conflibert,NIG35216,V,E,0.5032750964164734,"[0.4967249035835266, 0.5032750964164734]","On 17 February 2024, a Zamfara militia abducted twenty commuters along the Gusau-Funtua Road coded to Gusau (Gusau, Zamfara). They set vehicles on fire.",0.001,Zamfara Communal Militia (Nigeria)
conflibert_conflibert,NIG23613,B,B,0.540915310382843,"[0.540915310382843, 0.459084689617157]","On 7 February 2022, Nigerian police forces clashed with IPOB militants at their camps in Okwudo (Njaba, Imo) and Umuorji Mgbidi [coded separately]. Three militants were killed, nine others were arrested with various degrees of gunshot wounds; guns, ammunition, four locally made IEDs hard drugs and Biafran flags were recovered. Three fatalities split across two event, coded as 2.",0.001,Police Forces of Nigeria (2015-2023)
conflibert_conflibert,NIG24644,P,B,0.5448585748672485,"[0.5448585748672485, 0.4551413655281067]","On 3 May 2022, members of the PDP in Ogun State protested at the state secretariat of the party in Abeokuta (Abeokuta South, Ogun) against the imposition of ward ad-hoc delegates who the protesters claimed were loyal to the governorship aspirant.",0.001,Protesters (Nigeria)
conflibert_conflibert,NIG24227,V,B,0.5485515594482422,"[0.5485515594482422, 0.4514485001564026]","On 30 March 2022, Kaduna militiamen abducted two farmers from their land at Unguwar Barde, coded to Rijana (Kachia, Kaduna). There are no details about ransom payment.",0.001,Kaduna Communal Militia (Nigeria)
conflibert_conflibert,NIG19264,B,B,0.5730429291725159,"[0.5730429291725159, 0.4269571006298065]","On 16 December 2020, ISWAP clashed with Nigerian troops near Cross Kauwa (Kukawa LGA, Borno), allegedly killing and wounding a number of soldiers. Unknown fatalities coded as 10.",0.001,Military Forces of Nigeria (2015-2023)
conflibert_conflibert,NIG17122,B,B,0.5720832347869873,"[0.5720832347869873, 0.4279167652130127]","On 27 May 2020, communal militias from Urum and Achalla clashed over a parcel of land in Urum (Awka North LGA, Anambra). 1 person was killed and several were reported injured.",0.001,Urum Communal Militia (Nigeria)
conflibert_conflibert,NIG31647,S,B,0.6154043674468994,"[0.6154043674468994, 0.384595662355423]","Non-violent activity: On 9 June 2023, an unidentified armed group suspected to be land grabbers chased away residents of Shimawa (Shagamu, Ogun) and 13 other communities including some in Obafemi LGA [coded separately].",0.001,Unidentified Armed Group (Nigeria)
conflibert_conflibert,NIG34054,V,B,0.5338739156723022,"[0.5338739156723022, 0.46612611413002014]","Around 6 December 2023 (as reported), soldiers killed three suspected informants of a Kaduna militia at Kohoto, coded to nearby Janjala (Kagarko, Kaduna). Six other suspects were arrested.",0.001,Military Forces of Nigeria (2023-)
conflibert_conflibert,NIG23110,P,E,0.50087970495224,"[0.4991203248500824, 0.50087970495224]","On 1 January 2022, hundreds of youths blocked the Dass- Tafawa Balewa highway, Dass LGA (Bauchi) while protesting over the attack on the convoy of the emir of Dass by a group earlier.",0.001,Protesters (Nigeria)
conflibert_conflibert,NIG30021,V,E,0.5071229934692383,"[0.4928770363330841, 0.5071229934692383]","On 8 February 2023, policemen shot the chairman of Ekpan development committee and abducted him along Warri-Sapele road (Warri South, Delta). Some sources claim that the policemen were acting on the orders of the state governor and the PDP governorship aspirant.",0.001,Police Forces of Nigeria (2015-2023)
conflibert_conflibert,NIG35660,V,B,0.6025650501251221,"[0.6025650501251221, 0.3974350094795227]","On 13 March 2024, an unidentified armed group fired sporadically from two vehicles and killed at least two people in the Dabna community (Hong, Adamawa).",0.001,Unidentified Armed Group (Nigeria)
conflibert_conflibert,NIG28714,B,B,0.5605879426002502,"[0.5605879426002502, 0.439411997795105]","On 14 November 2022, troops of Operation Hadin Kai together with Civilian JTF operatives clashed with Boko Haram [JAS faction] militants who had set up an illegal vehicle checkpoint to rob civilians at Ngwom (Mafa, Borno). Two civilians were killed, the troops recovered four of the militants' motorcycles.",0.001,Military Forces of Nigeria (2015-2023)
conflibert_conflibert,NIG32867,P,B,0.509467363357544,"[0.509467363357544, 0.49053263664245605]","On 21 September 2023, former workers of Honeywell Flour Mills blocked the entrance (with unspecified means) to Honeywell's main gate in Tincan, Lagos (Lagos Island, Lagos) over the decision of the company to deduct gratuity from their severance package. They prevented workers and trucks from going in and out of the company.",0.001,Protesters (Nigeria)
conflibert_conflibert,NIG22079,V,B,0.5584738850593567,"[0.5584738850593567, 0.4415261149406433]","On 24 September 2021, an unidentified armed group shot and injured two motorcyclists and abducted a woman and two of her daughters at Oko Junction, in or around Omu Aran (Irepodun, Kwara). There are no reports about ransom demands yet.",0.001,Unidentified Armed Group (Nigeria)
conflibert_conflibert,NIG24604,B,B,0.5161793231964111,"[0.5161793231964111, 0.48382070660591125]","On 4 May 2022, Nigerian troops clashed and killed scores of ISWAP/ Boko Haram and cleared out 24 of their camps in the Bama LGA (Borno) axis. Adamu Ngulde, a commander of the militants, was one of the fatalities, dozens of militants surrendered and more than 900 women and children were rescued. Fatalities coded as 20.",0.001,Military Forces of Nigeria (2015-2023)
conflibert_conflibert,NIG30964,S,E,0.5191749930381775,"[0.4808250069618225, 0.5191749930381775]","Around 13 April 2023 (between 6 April - 20 April), a total of 501 Boko Haram/ ISWAP militants comprised of 60 males, 176 females and 266 children surrendered to Nigerian troops at different locations within the theatre of operation. Location coded to Maiduguri (Maiduguri Metro, Borno).",0.001,Islamic State West Africa Province (ISWAP) and/or Boko Haram - Jamaatu Ahli is-Sunnah lid-Dawati wal-Jihad
conflibert_conflibert,NIG37991,S,B,0.5439611077308655,"[0.5439611077308655, 0.45603886246681213]","Security measures: On 4 August 2024, the Plateau State Governor declared a 24-hour curfew on Jos/Bukuru Metropolis, coded to Jos (Jos North, Plateau) due to the property destruction and looting that occurred during the #EndBadGovernanceInNigeria demonstrations.",0.001,Government of Nigeria (2023-)
conflibert_conflibert,NIG27982,V,B,0.5422688126564026,"[0.5422688126564026, 0.4577312171459198]","On 11 September 2020, Katsina militiamen attacked and killed five farmers in Yanteba village of Malumfashi LGA (Katsina).",0.001,Katsina Communal Militia (Nigeria)
conflibert_conflibert,NIG21730,V,B,0.5353132486343384,"[0.5353132486343384, 0.46468672156333923]","On 15 August 2021, a commissioner in Anambra state was shot at by armed men reported to be naval officers at Awkuzu, (Oyi LGA, Anambra state). It is unclear whether he sustained injuries.",0.001,Military Forces of Nigeria (2015-2023)
conflibert_conflibert,NIG35108,V,E,0.5198569893836975,"[0.4801430404186249, 0.5198569893836975]","On 15 February 2024, a Naval officer shot and killed a man at a military checkpoint at Owerri-Nta (Isiala Ngwa South, Abia) after he refused to stop at the checkpoint. The Navy claimed that the victim was shot because he was struggling for a gun with the soldier after he was invited over an allegation of theft levelled against him.",0.001,Military Forces of Nigeria (2023-)
conflibert_conflibert,NIG19595,B,B,0.5409453511238098,"[0.5409453511238098, 0.45905470848083496]","Around 26 January 2021 (as reported), Nigerian military troops with MNJTF forces clashed with Boko Haram fighters (assumed JAS) on the Nigerian side of the Kerawa Border near Kirawa (Gwoza LGA, Borno), killing 40 fighters.",0.001,Military Forces of Nigeria (2015-2023)
conflibert_conflibert,NIG33592,R,B,0.5402573347091675,"[0.5402573347091675, 0.4597426652908325]","On 1 November 2023, members of NUPENG who were demonstrating at the union's office in Utako (Abuja Municipal, FCT) over claims that the newly elected leaders of the union were imposed on them beat up the newly elected chairman. The victim was rescued by policemen and taken to a hospital.",0.001,Rioters (Nigeria)
conflibert_conflibert,NIG27038,B,B,0.564878523349762,"[0.564878523349762, 0.43512144684791565]","On 4 May 2021, presumed policemen clashed with an unidentified armed group in Ethiope West LGA (Delta), coded as Oghara. Two policemen were wounded.",0.001,Police Forces of Nigeria (2015-2023)
conflibert_conflibert,NIG34235,B,B,0.5006649494171143,"[0.5006649494171143, 0.49933505058288574]","On 23 December 2023, the Nigerian military engaged in a firefight with the Niger militia and killed two at Madawaki in the Shiroro LGA, coded to Shiroro (Shiroro, Niger). Other militiamen fled and escaped with gun wounds. The military invaded the Ali Kachalla camp and rescued 13 hostages after the militiamen had fled. They destroyed the camp and other camps deserted by the militiamen. The military recovered AK-47 rifles, magazines, and a motorcycle.",0.001,Military Forces of Nigeria (2023-)
conflibert_conflibert,NIG22441,V,B,0.5673843026161194,"[0.5673843026161194, 0.432615727186203]","On 4 November 2021, a tricycle driver was killed by a policeman over his refusal to pay a bribe in Ipaja (Alimosho, Lagos). Some sources claim the victim was shot by the policeman while others claim he was stabbed.",0.001,Police Forces of Nigeria (2015-2023)
conflibert_conflibert,NIG33841,B,B,0.517359733581543,"[0.517359733581543, 0.4826402962207794]","On 14 November 2023, Nigerian troops on a fighting patrol engaged a Kaduna militia in an armed clash at Kachallah high ground, coded to Zangon Katab (Zangon Kataf, Kaduna). Six militiamen were killed, others fled with gunshot wounds, arms, ammunition and other items were recovered.",0.001,Military Forces of Nigeria (2023-)
conflibert_conflibert,NIG27370,V,E,0.5071244835853577,"[0.4928755462169647, 0.5071244835853577]","On 9 May 2020, militants abducted 3 Russians, 1 Ukrainian and 1 Equatorial Guinean from Yellow Island, Opumakari (Degema, Rivers). The abductees were rescued on 9 October 2020 by Nigerian troops who raided the militants' camps [coded separately].",0.001,Unidentified Armed Group (Nigeria)
conflibert_conflibert,NIG35479,B,B,0.6274002194404602,"[0.6274002194404602, 0.3725997507572174]","On 4 March 2024, ISWAP attacked the Nigerian troops and engaged them in a firefight in Dikwa town (Dikwa, Borno). No further details.",0.001,Islamic State West Africa Province (ISWAP)
conflibert_conflibert,NIG29902,B,B,0.5062255263328552,"[0.5062255263328552, 0.4937744736671448]","On 4 February 2023, Nigerian troops raided the hideouts of ISWAP/ Boko Haram militants and engaged them in an armed clash at Balange village, on the fringes of the Sambisa Forest Reserve (Gwoza, Borno). Five militants were killed and 55 abductees were rescued.",0.001,Military Forces of Nigeria (2015-2023)
conflibert_conflibert,NIG19008,B,B,0.5693362355232239,"[0.5693362355232239, 0.43066373467445374]","On 26 November 2020, Nigerian military troops clashed with a Benue communal militia around Asogo village (Katsina-Ala LGA, Benue), killing 3.",0.001,Military Forces of Nigeria (2015-2023)
conflibert_conflibert,NIG18973,E,B,0.539726972579956,"[0.539726972579956, 0.46027299761772156]","On 22 November 2020, the Nigerian Airforce conducted air strikes against ISWAP militants at Tumbun Rego (Kukawa LGA, Borno), killing several militants and destroying their structures. Unknown fatalities coded as 10.",0.001,Military Forces of Nigeria (2015-2023)
conflibert_conflibert,NIG22760,B,B,0.556577205657959,"[0.556577205657959, 0.4434228241443634]","On 29 November 2021, troops of security forces on patrol clashed with members of a Kaduna militia at an identified hideout in Idasu (Giwa, Kaduna) and Birnin Gwari [coded separately]. Three militia members were killed, weapons and three motorcycles were recovered.",0.001,Military Forces of Nigeria (2015-2023)
conflibert_conflibert,NIG19549,B,B,0.5615397095680237,"[0.5615397095680237, 0.4384603202342987]","On 22 January 2021, ISWAP clashed with Nigerian troops at Mafa LGA (Borno), allegedly killing and wounding a number of soldiers. Unknown fatalities coded as 3.",0.001,Military Forces of Nigeria (2015-2023)
conflibert_conflibert,NIG23643,B,B,0.5764535069465637,"[0.5764535069465637, 0.4235464930534363]","On 9 February 2022, policemen engaged armed individuals in an armed clash in Obo Aiyegunle (Ekiti, Kwara) and rescued two abductees. The abductors fled with gunshot wounds.",0.001,Police Forces of Nigeria (2015-2023)
conflibert_conflibert,NIG37556,B,B,0.5207616090774536,"[0.5207616090774536, 0.4792383909225464]","On 6 July 2024, Nigerian troops and hunters ambushed Boko Haram fighters, attempting to blow up the powerline near Kasesa Village on the outskirts of Damaturu (Damaturu, Yobe). The militiamen abandoned their vehicle with two damaged tyres and blood stains from injuries sustained during the confrontation. The troops recovered eight improvised explosive devices (IEDs) with detonating cords. There were no fatalities.",0.001,Military Forces of Nigeria (2023-)
conflibert_conflibert,NIG37013,S,E,0.5284755825996399,"[0.4715244472026825, 0.5284755825996399]","Around 22 May 2024 (between 21 May - 23 May), 103 Boko Haram/ISWAP fighters and their families surrendered to the Nigerian troops in Mafa, Gwoza and Monguno LGAs, coded to Monguno (Monguno, Borno). Their population included three adult males, twenty-nine adult females and sixty-one children.",0.001,Islamic State West Africa Province (ISWAP) and/or Boko Haram - Jamaatu Ahli is-Sunnah lid-Dawati wal-Jihad
conflibert_conflibert,NIG33473,B,B,0.5409634113311768,"[0.5409634113311768, 0.45903658866882324]","On 26 October 2023, ISWAP claimed to have damaged a Nigerian Army's vehicle with a hand grenade while attacking a checkpoint in Ajir (Damboa, Borno). They backed up their claim with the picture of a disabled/captured CS/VP3 Bigfoot MRAP vehicle. There was no fatalities claim.",0.001,Islamic State West Africa Province (ISWAP)
conflibert_conflibert,NIG19151,P,B,0.5520862936973572,"[0.5520862936973572, 0.44791367650032043]","On 10 December 2020, Osun athletes staged a demonstration at the State House of Assembly in Oshogbo (Osogbo LGA, Osun) to protest the non payments of their salaries and demanded the immediate removal of the Commissioner for Youth and Sports.",0.001,Protesters (Nigeria)
conflibert_conflibert,NIG17267,E,B,0.5307464599609375,"[0.5307464599609375, 0.4692535102367401]","On 30 May 2020, Nigerian Air Force conducted air strikes against a camp of Zamfara militias 5km north of Birnin Kogo in Faskari LGA of Katsina State. 4 militiamen were killed.",0.001,Military Forces of Nigeria (2015-2023)
conflibert_conflibert,NIG35485,B,B,0.557478666305542,"[0.557478666305542, 0.442521333694458]","On 10 March 2024, Nigerian military troops conducted a clearance operation and engaged a Katsina militia in an armed clash at Dan Birgima village (Kankara, Katsina), Ungwan Noma, Katoji and Pauwa (coded separately). Two militia members were killed, 3 rifles, 8 magazines and 57 rounds of ammunition among other items were recovered. Two fatalities split across three events coded as 1.",0.001,Military Forces of Nigeria (2023-)
conflibert_conflibert,NIG22075,V,B,0.5389654040336609,"[0.5389654040336609, 0.4610345959663391]","On 24 September 2021, pastoralists from a Fulani ethnic militia attacked farmers in Gbajimba (Guma, Benue). One farmer was killed, four others fled.",0.001,Fulani Ethnic Militia (Nigeria)
conflibert_conflibert,NIG16218,P,B,0.5294498801231384,"[0.5294498801231384, 0.4705501198768616]","On 30 January 2020 (or around), a human rights group demonstrated in Ijegun (Alimosho LGA, Lagos) over the ban of motorcycle taxis in the city.",0.001,Protesters (Nigeria)
conflibert_conflibert,NIG33112,P,B,0.5183942914009094,"[0.5183942914009094, 0.4816057085990906]","On 9 October 2023, students of Moshood Abiola polytechnic protested in their numbers at the school's gate in Abeokuta (Abeokuta South, Ogun) over the hike in school fees and acceptance fee by the institution among other reasons.",0.001,Protesters (Nigeria)
conflibert_conflibert,NIG17354,V,B,0.5020243525505066,"[0.5020243525505066, 0.4979756474494934]","On 11 June 2020, security officials shot at a presidential aide at Aso Rock, the presidential villa, in Abuja (Abuja LGA, FCT) over his refusal to isolate himself due to coronavirus.",0.001,Police Forces of Nigeria (2015-2023)
conflibert_conflibert,NIG25680,B,B,0.5452543497085571,"[0.5452543497085571, 0.45474570989608765]","On 21 July 2022, a Katsina militia led by Bauche attacked Ansaru militants and engaged them in an armed clash in Damari forest (Sabuwa, Katsina). The clash lasted for several hours, three persons were killed including a top Ansaru commander.",0.001,Katsina Communal Militia (Nigeria)
conflibert_conflibert,NIG33741,S,E,0.5070376396179199,"[0.4929623305797577, 0.5070376396179199]","Around 17 November 2023, the Security Joint Task Force, including the police, the military and NSCDC, arrested 135 people at various locations in Abuja (Abuja Municipal, Federal Capital Territory). They raided various locations in a clearance operation to get the hoodlums off the city. The suspects were arrested for various offences.",0.001,Military Forces of Nigeria (2023-)
conflibert_conflibert,NIG16295,B,B,0.5746310353279114,"[0.5746310353279114, 0.4253689646720886]","On 5 February 2020, Boko Haram (JAS) or ISWAP attacked a position of the Nigerian Armed Forces in Ngwom (Mafa, Borno) and were repelled by NAF. 1 BH or ISWAP fighter was killed.",0.001,Military Forces of Nigeria (2015-2023)
conflibert_conflibert,NIG24783,B,E,0.5146297812461853,"[0.4853702187538147, 0.5146297812461853]","On 11 May 2022, policemen, together with members of a local defense militia, clashed with armed individuals suspected to be abductors in Uzea forest, Esan Central LGA (Edo), coded to Irrua. Six persons were killed: two armed men on the spot and four others who were previously arrested and led the police to the hideout sustained gunshot injuries and died in the hospital. Weapons and ammunition were recovered by the police.",0.001,Police Forces of Nigeria (2015-2023)
conflibert_conflibert,NIG21234,B,B,0.6027396321296692,"[0.6027396321296692, 0.3972604274749756]","Around 3 July 2021 (between 3 - 4 July), the police clashed with suspected IPOB members during an attack against the Divisional Police headquarters in or around Eyofin (Udung Uko LGA, Akwa Ibom). During the clash, three police officers were injured.",0.001,Police Forces of Nigeria (2015-2023)
conflibert_conflibert,NIG26718,P,B,0.5218238234519958,"[0.5218238234519958, 0.47817614674568176]","On 16 May 2021, members of the Ijaw Youth Marches staged protest marches along major streets and at Isaac Boro Park in Port Harcourt (Port-Harcourt LGA, Rivers) in remembrance of Late Major Isaac Jasper Adaka Boro.",0.001,Protesters (Nigeria)
conflibert_conflibert,NIG29871,B,B,0.5423951148986816,"[0.5423951148986816, 0.45760485529899597]","On 6 February 2023, ISWAP fighters attacked and clashed with Boko Haram fighters who were moving towards the axis of Tumbun Gini (Abadan, Borno). Casualties are unknown.",0.001,Islamic State West Africa Province (ISWAP)
conflibert_conflibert,NIG18554,E,B,0.5639755725860596,"[0.5639755725860596, 0.43602442741394043]","On 14 October 2020, Nigerian Airforce troops conducted air strikes against Katsina Communal Militia at their camp in Katsina State, neutralizing several bandits and destroying their structures. Unknown fatalities coded as 3.",0.001,Military Forces of Nigeria (2015-2023)
conflibert_conflibert,NIG30168,V,B,0.5207383632659912,"[0.5207383632659912, 0.4792616069316864]","On 1 March 2023, a Kaduna militia abducted an unspecified number of residents when they invaded Kubau village near Jere town (Kagarko, Kaduna). There are no reports about ransom demands.",0.001,Kaduna Communal Militia (Nigeria)
conflibert_conflibert,NIG28896,E,B,0.5454060435295105,"[0.5454060435295105, 0.4545939564704895]","Around 2 December 2022 (as reported), the air component of Operation Whirl Punch targeted and destroyed hideouts of Kaduna militia led by Dan Rani with rockets in Birnin Gwari LGA (Kaduna), and Takura, as well as Janbirni, and Kuyanbana (coded separately). There are no further details.",0.001,Military Forces of Nigeria (2015-2023)
conflibert_conflibert,NIG18341,S,B,0.5882346034049988,"[0.5882346034049988, 0.4117654263973236]","On 23 September 2020, Nigerian military troops destroyed Adamawa communal militia camps in the Gadawa general area (Numan LGA, Adamawa). No reported fatalities.",0.001,Military Forces of Nigeria (2015-2023)
conflibert_conflibert,NIG26694,B,B,0.5048292875289917,"[0.5048292875289917, 0.4951707422733307]","On 8 April 2021, Nigerian police clashed with a Kaduna communal militia around Dutsin Gaya village (Kajuru LGA, Kaduna) and recovered 32 rustled livestock.",0.001,Police Forces of Nigeria (2015-2023)
conflibert_conflibert,NIG20500,P,B,0.5130111575126648,"[0.5130111575126648, 0.4869888126850128]","On 21 April 2021, the Ilorin Branch of the Nigerian Bar Association staged protest marches along major streets and at the Government House in Illorin (Ilorin East LGA, Kwara) to demand for the autonomy of the judiciary and legislature.",0.001,Protesters (Nigeria)
conflibert_conflibert,NIG31610,B,E,0.5046149492263794,"[0.4953850209712982, 0.5046149492263794]","On 12 June 2023, policemen engaged an unidentified cult militia in an armed clash at their hideout in Ogoloma (Okrika, Rivers). Four militia members including the leader who had been decleared wanted and a female were killed.",0.001,Police Forces of Nigeria (2023-)
conflibert_conflibert,NIG27705,V,B,0.5377090573310852,"[0.5377090573310852, 0.4622909128665924]","On 6 March 2021, ISPAC shot and killed three civilians in Ibaa community (Emohua, Rivers). The reason for the attack is unknown.",0.001,ISPAC: Ibaa Security Planning and Advisory Committee
conflibert_conflibert,NIG17107,V,B,0.5566416382789612,"[0.5566416382789612, 0.4433583915233612]","On 26 May 2020, Police officers attacked and detained a group of officers from Lagos State Building Control Agency during an inspection in Aja (Eti-Osa LGA, Lagos). They also shot in the air. No fatalities and/or injuries reported.",0.001,Police Forces of Nigeria (2015-2023)
conflibert_conflibert,NIG23603,B,B,0.5538771748542786,"[0.5538771748542786, 0.44612279534339905]","On 6 February 2022, Nigerian troops engaged Kaduna militiamen in an armed clash and foiled an abduction at Ungwan Garama, near Maraban Rido (Chikun, Kaduna). The militiamen fled while seven abductees were rescued by the troops.",0.001,Military Forces of Nigeria (2015-2023)
conflibert_conflibert,NIG32699,V,E,0.5029629468917847,"[0.49703705310821533, 0.5029629468917847]","On 9 September 2023, a Zamfara militia abducted over 50 civilians around Darita forest while they were on transit to Bagega (Anka, Zamfara) for the weekly market. One of the abductees who escaped claimed that the militiamen were followers of Halilu Buzu and that the abduction was a response to the government's closure of the Bagega cattle market.",0.001,Zamfara Communal Militia (Nigeria)
conflibert_conflibert,NIG34652,B,B,0.5152975916862488,"[0.5152975916862488, 0.4847024381160736]","On 15 January 2024, the Nigerian troops clashed with IS/BH fighters attacking loggers around Galtimari near Konduga town (Konduga, Borno). IS/BH fighters had shot and wounded a logger and abducted others before the military intervened. The militiamen retreated after the army outgunned them. There were no fatalities.",0.001,Military Forces of Nigeria (2023-)
conflibert_conflibert,NIG21997,B,B,0.5706226825714111,"[0.5706226825714111, 0.4293772578239441]","On 31 July 2021, an unidentified armed group attacked civilians and clashed with security forces in Maiyanga (Bassa, Plateau) and Tamburam in Riyom LGA. Twelve people, including security forces were killed, an unspecified number of houses destroyed.",0.001,Unidentified Armed Group (Nigeria)
conflibert_conflibert,NIG26000,V,E,0.5043530464172363,"[0.4956468939781189, 0.5043530464172363]","On 5 September 2022, a presumed faction of Igbide communal militia killed one person and wounded the vice president of a faction of the community at Igbide (Isoko South, Delta). The two victims were driving together when they were shot by the assailants, soldiers were deployed to the area to restore calm.",0.001,Igbide Communal Militia (Nigeria)
conflibert_conflibert,NIG31171,B,B,0.5122843384742737,"[0.5122843384742737, 0.48771563172340393]","On 1 May 2023, a Kaduna militia were engaged in an armed clash with security operatives at Dorayi village in Zaria LGA (Kaduna) where they abducted about 20 persons and rustled cattle. The assailants abandoned the abductees, burnt down one house and two motorcycles before they fled.",0.001,Kaduna Communal Militia (Nigeria)
conflibert_conflibert,NIG35805,B,B,0.5441077351570129,"[0.5441077351570129, 0.4558922350406647]","On 27 March 2024, the Nigerian troops engaged IS/BH fighters in a firefight in the Gori general area in Gwoza LGA, coded to Gwoza (Gwoza, Borno). One of the militants was killed, and the troops recovered some rustled cattle.",0.001,Military Forces of Nigeria (2023-)
conflibert_conflibert,NIG21038,B,B,0.609157919883728,"[0.609157919883728, 0.39084210991859436]","Around 12 June 2021 (as reported), Nigerian military troops clashed with the Indigenous People of Biafra (IPOB) security outfit, Eastern Security Network (ESN), in Ohafia (Ohafia LGA, Abia). Six soldiers and one ESN fighter were killed.",0.001,Military Forces of Nigeria (2015-2023)
conflibert_conflibert,NIG19749,B,B,0.5539145469665527,"[0.5539145469665527, 0.4460854232311249]","On 9 February 2021, Nigerian military clashed with ISWAP fighters following an attack on Rann (Kala/Balge LGA, Borno). Local sources report at least 19 Boko Haram fighters were killed and five gun trucks destroyed. ISWAP sources report a number of Nigerian soldiers were killed and injured and weapons and ammunition seized.",0.001,Military Forces of Nigeria (2015-2023)
conflibert_conflibert,NIG22373,B,B,0.5422784090042114,"[0.5422784090042114, 0.45772162079811096]","On 24 October 2021, an unidentified group clashed with Fulani pastoralists in Agbudu (Kogi, Kogi), coded as Koton-Karfe. Two pastoralists and one of the assailants were killed.",0.001,Unidentified Armed Group (Nigeria)
conflibert_conflibert,NIG24688,B,B,0.515277624130249,"[0.515277624130249, 0.48472243547439575]","On 28 April 2022, Nigerian troops on a clearance operation killed several ISWAP/ Boko Haram militants, including the spiritual head of Galta, around Manjo Ali Qere, Dikwa LGA (Borno). Arms and ammunition were also recovered; several fatalities coded as 3.",0.001,Military Forces of Nigeria (2015-2023)
conflibert_conflibert,NIG34115,E,E,0.5099173188209534,"[0.49008265137672424, 0.5099173188209534]","On 9 December 2023, the Nigerian Airforce launched airstrikes at the Boko Haram armory in Amchile, coded to Gargash (Bama, Borno). The strikes destroyed the arms depot and killed scores of the militiamen. 20 fatalities coded.",0.001,Military Forces of Nigeria (2023-)
conflibert_conflibert,NIG17799,B,B,0.5405166149139404,"[0.5405166149139404, 0.45948338508605957]","On 28 July 2020, Nigerian police engaged with suspected Katsina Communal Militia in Ruwan-Dorawan (Dutsin-ma LGA, Katsina), killing three and recovering weapons and cattle.",0.001,Police Forces of Nigeria (2015-2023)
conflibert_conflibert,NIG20782,R,B,0.5708147287368774,"[0.5708147287368774, 0.42918524146080017]","On 22 May 2021, youth residents clashed with Nigerian custom operatives at Eruwa (Ibarapa East LGA, Oyo) over smuggled election materials in light of the local government elections. Two reported fatalities.",0.001,Rioters (Nigeria)
conflibert_conflibert,NIG24582,R,B,0.5700263381004333,"[0.5700263381004333, 0.42997366189956665]","On 16 April 2022, a group demonstrating against the death of ritual suspect in police custody burnt the house of a police officer and blocked some roads in Ile-Ife (Ife Central, Osun). The police shot and killed one of the demonstrators while trying to disperse them, while the police denied the fatality took place.",0.001,Rioters (Nigeria)
conflibert_conflibert,NIG32069,B,B,0.5529003739356995,"[0.5529003739356995, 0.4470996558666229]","On 17 July 2023, ISWAP militants attack Nigerian troops at a checkpoint in Njimtilo (Magumeri, Borno) which led to the troops' escape. ISWAP claimed to have captured some equipment from the troops, casualties are unknown.",0.001,Islamic State West Africa Province (ISWAP)
conflibert_conflibert,NIG27221,V,E,0.5033814907073975,"[0.4966185390949249, 0.5033814907073975]","On 27 June 2020, a Katsina militia attacked civilians in Mara Zamfarawa (Dan-Musa, Katsina), three locals were killed and three others were wounded.",0.001,Katsina Communal Militia (Nigeria)
conflibert_conflibert,NIG36709,S,B,0.507623553276062,"[0.507623553276062, 0.4923764169216156]","Defusal: Around 16 May 2024 (as reported), the Nigerian troops of Operation Desert Sanity III captured and destroyed an IS/BH's Vehicle-Borne Improvised Explosive Device (VBIED) in Sambisa Forest Reserve (Gwoza, Borno).",0.001,Military Forces of Nigeria (2023-)
conflibert_conflibert,NIG36760,B,B,0.5633066296577454,"[0.5633066296577454, 0.43669337034225464]","On 19 May 2024, military forces engaged a Kaduna militia in an armed clash at Baka general area (Igabi, Kaduna). The militia fled, some of them with gunshot wounds and the troops recovered one rifle and two motorcycles.",0.001,Military Forces of Nigeria (2023-)
conflibert_conflibert,NIG23596,S,B,0.5587834119796753,"[0.5587834119796753, 0.4412165880203247]","Security measures: On 5 February 2022, the Niger state government imposed a curfew till further notice on Shiroro and Rafi LGAs of the state, to curb attacks by militiamen on civilians. Location coded as Minna (Minna, Niger).",0.001,Government of Nigeria (2015-2023)
conflibert_conflibert,NIG17096,R,B,0.5274500846862793,"[0.5274500846862793, 0.4725499749183655]","Around 24 May 2020 (as reported), three local chiefs and women were burnt by a mob in Oku (Boki LGA, Cross River) over witchcraft allegations. 1 victim died.",0.001,Rioters (Nigeria)
conflibert_conflibert,NIG17949,E,B,0.5344753265380859,"[0.5344753265380859, 0.46552473306655884]","On 17 August 2020, the Nigerian Airforce conducted air strikes against ISWAP in Bukar Meram (Kukawa LGA, Borno), killing some ISWAP commanders and destroying several logistic facilities of the group. Some fatalities coded as 10.",0.001,Military Forces of Nigeria (2015-2023)
conflibert_conflibert,NIG31771,V,B,0.5390142798423767,"[0.5390142798423767, 0.4609857201576233]","On 30 June 2023, policemen in a minivan ran over a civilian who was in handcuffs at Ekpoma (Esan West, Edo). The victim was seriously wounded.",0.001,Police Forces of Nigeria (2023-)
conflibert_conflibert,NIG27039,B,B,0.5959042310714722,"[0.5959042310714722, 0.4040957987308502]","On 13 May 2021, an unidentified armed group attacked Moniokoro police station Rumuola (Obio, Rivers). Casualties unknown.",0.001,Police Forces of Nigeria (2015-2023)
conflibert_conflibert,NIG27537,V,B,0.56217360496521,"[0.56217360496521, 0.43782639503479004]","On 22 December 2020, an armed group attacked commuters and abducted an unspecified number of persons along the Benin-Auchi highway in Ehor (Uhunmwode, Edo). There are no reports about demands for ransom.",0.001,Unidentified Armed Group (Nigeria)
conflibert_conflibert,NIG22566,E,B,0.5468246340751648,"[0.5468246340751648, 0.4531753361225128]","On 10 November 2021, NAF fighter jets carried out air strikes on a Fulani pastoralist settlement in Kashinbila and Tor Donga areas (Takum, Taraba), coded as Takum. The strikes lasted for two days, the victims were unarmed and about 1500 cattle were killed. Casualties unknown.",0.001,Military Forces of Nigeria (2015-2023)
conflibert_conflibert,NIG34850,S,B,0.5375418066978455,"[0.5375418066978455, 0.46245816349983215]","Property destruction: Around 8 February 2024 (as reported), the Nigerian Army discovered and destroyed a massive illegal oil refinery in Okoloma (Oyigbo, Rivers) and Umuahale area in Ukwa West LGA of Abia State, coded separately.",0.001,Military Forces of Nigeria (2023-)
conflibert_conflibert,NIG23464,E,B,0.5650174021720886,"[0.5650174021720886, 0.43498262763023376]","Around 2 February 2022 (as reported), Nigerian military forces conducted air strikes on camps of militiamen in Ilela village (Safana, Katsina). Dozens were killed including 2 militia leaders, Gwaska Dankarami and Alhaji Abdulkarim, and others wounded.",0.001,Military Forces of Nigeria (2015-2023)
conflibert_conflibert,NIG23785,B,B,0.5035086274147034,"[0.5035086274147034, 0.496491402387619]","On 20 February 2022, armed individuals killed two policemen attached to the Enugu state Commissioner for Lands as they ambushed him at an undisclosed community in Anambra, while on his way to Enugu. The officer's rifles were taken away, while the Commissioner escaped. Location coded to Awka (Awka South, Anambra). The police confirmed the incident and claimed the whereabouts of the policemen are unknown.",0.001,Unidentified Armed Group (Nigeria)
conflibert_conflibert,NIG38776,R,B,0.5215001702308655,"[0.5215001702308655, 0.47849977016448975]","Around 1 October 2024, RTEAN members clashed over a leadership tussle in Okokomaiko (Ojo, Lagos), Iyana-Iba, and the Lagos State University area, coded separately. Violence erupted within the tricycle and commercial motorcycle riders branch of the Association. At least two people were killed while many others were injured and properties damaged. Two fatalities shared across three events; one fatality coded.",0.001,Rioters (Nigeria)
conflibert_conflibert,NIG36004,B,B,0.530879020690918,"[0.530879020690918, 0.4691210091114044]","On 12 April 2024, troops of the joint task force of Operation Hadarin Daji carried out an offensive and engaged a Zamfara militia in an armed clash at Gobirawar Challi in Maru LGA (Zamfara), Baba-Doka and Kaboro (coded separately). 12 militia members were killed, others fled with gunshot wounded and the troops recovered weapons, ammunition, 18 cows and 10 motorcycles. 12 fatalities split across 3 events coded as 4.",0.001,Military Forces of Nigeria (2023-)
conflibert_conflibert,NIG24442,V,B,0.5099095702171326,"[0.5099095702171326, 0.49009042978286743]","On 7 April 2022, suspected armed pastoralists attacked the Odiguetue community (Ovia North East, Edo) and killed 5 persons. The community leader claimed the assailants had repeatedly invaded the community and destroyed the locals' crops to feed their cattle.",0.001,Fulani Ethnic Militia (Nigeria)
conflibert_conflibert,NIG31878,R,B,0.5490929484367371,"[0.5490929484367371, 0.45090702176094055]","On 4 July 2023, rioters set a police vehicle ablaze at Kofar Guga in Katsina metropolis (Katsina, Katsina) while demonstrating over the attempted arrest of a traffic offender. Eight persons were arrested in connection with the demonstration.",0.001,Rioters (Nigeria)
conflibert_conflibert,NIG16878,V,B,0.5381280183792114,"[0.5381280183792114, 0.4618719518184662]","On 25 April 2020 (or around), suspected Fulani militias attacked Kikwari in Kajuru LGA (Kaduna), killed 3 residents and looted and burnt down the village.",0.001,Fulani Ethnic Militia (Nigeria)
conflibert_conflibert,NIG30412,V,B,0.5179543495178223,"[0.5179543495178223, 0.48204565048217773]","On 12 January 2021, seven unidentified cult militias attacked and assaulted a man in Port Harcourt (Port Harcourt, Rivers) after having an altercation with one of their members while queuing for national identity card registration. The armed militia dispossessed him of his phone and money, and the ensuing commotion disrupted the registration exercise.",0.001,Unidentified Cult Militia (Nigeria)
conflibert_conflibert,NIG32404,V,B,0.6138641238212585,"[0.6138641238212585, 0.38613587617874146]","On 25 August 2023, an unidentified armed group abducted five civilians from Kabusa community (Abuja Municipal, FCT). There are no reports on ransom demands.",0.001,Unidentified Armed Group (Nigeria)
conflibert_conflibert,NIG35468,V,B,0.5313383340835571,"[0.5313383340835571, 0.4686616361141205]","On 10 March 2024, an unidentified armed group numbering six abducted a Chinese national from a guest house around Eyenkorin in Ilorin (Ilorin West, Kwara) where he was lodged. The police claimed to have arrested three suspects in connection with the abduction. The abductee was rescued on 19 March by operatives of the state police command (there are no further details on ransom payment or a clash).",0.001,Unidentified Armed Group (Nigeria)
conflibert_conflibert,NIG26719,V,B,0.5149367451667786,"[0.5149367451667786, 0.48506322503089905]","On 22 May 2021, a Zamfara militia killed at least 8 farmers in Damaga (Maradun LGA, Zamfara).",0.001,Zamfara Communal Militia (Nigeria)
conflibert_conflibert,NIG16458,E,B,0.5755366086959839,"[0.5755366086959839, 0.4244634509086609]","On 27 February 2020, Nigerian Air Force conducted air strikes against a camp of Boko Haram (JAS) in Sambisa Forest (Gwoza, Borno) resulting in some fatalities. Unknown number of fatalities coded as 10.",0.001,Military Forces of Nigeria (2015-2023)
conflibert_conflibert,NIG38274,S,B,0.5579618215560913,"[0.5579618215560913, 0.4420381188392639]","Weapons seizure: Around 24 August 2024 (as reported), police intercepted 124 rounds of anti-aircraft ammunition conveyed by a woman at Rafin Sanyi village in Doma LGA, coded to Doma (Nassarawa). The ammunition was hidden in a gallon of palm oil and was to be delivered to a Katsina militia.",0.001,Police Forces of Nigeria (2023-)
conflibert_conflibert,NIG16109,B,B,0.5270785689353943,"[0.5270785689353943, 0.4729214012622833]","On 18 January 2020, Nigerian Armed Forces and Civilian JTF cleared an ambush of Boko Haram (JAS) at Warabe (Gwoza, Borno) and killed 2 BH fighters in the battle.",0.001,Military Forces of Nigeria (2015-2023)
conflibert_conflibert,NIG18121,B,B,0.5417750477790833,"[0.5417750477790833, 0.45822492241859436]","On 6 September 2020, military troops clashed with a Benue communal militia at Tse Agi located in the general area of Agagbe (Gwer West LGA, Benue). Four militiamen arrested. Multiple sources report fatality numbers ranging from 0 to 4.",0.001,Military Forces of Nigeria (2015-2023)
conflibert_conflibert,NIG31049,B,B,0.5181088447570801,"[0.5181088447570801, 0.48189112544059753]","On 24 April 2023, Gbagyi and Hausa ethnic militias clashed in Gwarinpa (Abuja Municipal, FCT). The clash started the previous day and was temporarily brought under control [coded separately]; three persons were killed, several others were wounded and cars were vandalized. Some sources report that the clash resulted from an attempt by the Gbagyi militia to retaliate the robbery of a local politician by a group of Hausa persons. 3 fatalities split across 2 events coded as 1.",0.001,Gbagyi Ethnic Militia (Nigeria)
conflibert_conflibert,NIG29598,B,B,0.5011475682258606,"[0.5011475682258606, 0.4988524615764618]","On 7 January 2023, the police and the local hunters attacked an unidentified armed group in their enclave in Mansur forest, Mansur (Alkaleri, Bauchi). The police shot and killed two members of the group during a gun battle and recovered a fabricated SMG rifle and three operational motorcycles (Honda Bajaj). 2 fatalities reported.",0.001,Police Forces of Nigeria (2015-2023)
conflibert_conflibert,NIG18972,B,B,0.5419614911079407,"[0.5419614911079407, 0.4580385386943817]","On 22 November 2020, Nigerian military troops clashed with a Zamfara communal militia at Gidan Ruwa along Rukudawa (Zurmi LGA, Zamfara) after receiving a distress call. One reported fatality. Two suspected militiamen were also arrested and their weapons recovered by the Nigerian military.",0.001,Military Forces of Nigeria (2015-2023)
conflibert_conflibert,NIG25905,B,B,0.5307060480117798,"[0.5307060480117798, 0.4692939519882202]","On 8 August 2022, Nigerian troops on clearance operations clashed with ISWAP/ Boko Haram militants at an iilegal market established by the militants at Dambia, also called Markas (Bama, Borno). Four militants were killed, others fled and four women suspected to be the wives of the militants were wounded and evacuated to the hospital for treatment.",0.001,Military Forces of Nigeria (2015-2023)
conflibert_conflibert,NIG36108,B,B,0.5280663967132568,"[0.5280663967132568, 0.47193366289138794]","On 26 June 2022, policemen on routine patrol engaged an unidentified armed group in a clash and foiled an attempted abduction by the group. One member of the group who had been on the police's wanted list was killed. Location coded to Benin City (Oredo, Edo).",0.001,Police Forces of Nigeria (2015-2023)
conflibert_conflibert,NIG17490,V,B,0.5120705366134644,"[0.5120705366134644, 0.48792946338653564]","Around 22 June 2020 (as reported), the Special Adviser to the Cross River Governor on Forestry Security allegedly ordered the torture of residents of Boki LGA (Cross River) he saw harming him in his dream. The perpetrators of the torture are unknown. The Advisor is linked to various incidents of torturing perceived witches in the area.",0.001,Unidentified Armed Group (Nigeria)
conflibert_conflibert,NIG28233,B,B,0.5561434030532837,"[0.5561434030532837, 0.4438566267490387]","On 6 September 2022, a Katsina militia ambushed soldiers on patrol and engaged them in an armed clash in Kaiga (Dan-Musa, Katsina). Two soldiers were killed, and unspecified number of others were wounded.",0.001,Katsina Communal Militia (Nigeria)
conflibert_conflibert,NIG30912,V,B,0.5333755016326904,"[0.5333755016326904, 0.4666244685649872]","On 9 April 2023, a Kaduna militia killed three civilians at Kankomi (Chikun, Kaduna). The bodies were found by soldiers who repelled the militia's attack on a military post (coded separately).",0.001,Kaduna Communal Militia (Nigeria)
conflibert_conflibert,NIG39041,B,B,0.5248038172721863,"[0.5248038172721863, 0.4751961827278137]","Around 17 October 2024 (between 15 - 18 October), the Nigerian troops clashed with IPOB militants in Obubra (Obubra, Cross River), Orsu, and Arochukwu, coded separately. The troops killed twenty-four militants and rescued hostages. 24 fatalities shared across the three events; 8 fatalities coded.",0.001,Military Forces of Nigeria (2023-)
conflibert_conflibert,NIG31867,S,E,0.5441989898681641,"[0.45580101013183594, 0.5441989898681641]","Property destruction: Around 26 June 2023 (between 15 June - 6 July), troops of the joint task force of Operation Delta Safe destroyed 30 illegal refining sites across Delta coded to Asaba (Oshimili South, Delta), Bayelsa, Cross River and Rivers states [coded separately]. 125 storage tanks, 227 ovens, 11 dugout pits and 21 wooden boats were recovered, 42 suspected saboteurs were arrested.",0.001,Military Forces of Nigeria (2023-)
conflibert_conflibert,NIG25857,V,B,0.5166299343109131,"[0.5166299343109131, 0.4833700954914093]","On 29 July 2022, an unidentified armed group abducted a gold miner and his driver along Ilesa-Oshogbo (Osogbo, Osun). A ransom of 100 million naira was demanded for the miner, the victims were released around 8 August after 20 million naira was paid as ransom.",0.001,Unidentified Armed Group (Nigeria)
conflibert_conflibert,NIG21373,B,B,0.5748441815376282,"[0.5748441815376282, 0.4251558482646942]","On 16 May 2021, the security forces clashed with Boko Haram members in Kawuri (Konduga LGA, Borno). Around 40 members of the special forces were killed.",0.001,Military Forces of Nigeria (2015-2023)
conflibert_conflibert,NIG36785,V,B,0.5656205415725708,"[0.5656205415725708, 0.4343794584274292]","On 12 May 2024, ISWAP fighters killed two people and injured three others after attacking a civilian convoy around Dar el Jamal village (Bama, Borno). on the Bama-Banki Road.",0.001,Islamic State West Africa Province (ISWAP)
conflibert_conflibert,NIG19101,B,B,0.5852214694023132,"[0.5852214694023132, 0.41477856040000916]","On 5 December 2020, Nigerian Airforce with Nigerian Police clashed with a Kaduna communal militia in the Kofa Area of Kaduna State. No report on fatalities.",0.001,Military Forces of Nigeria (2015-2023)
conflibert_conflibert,NIG18063,B,B,0.6724494099617004,"[0.6724494099617004, 0.32755059003829956]","On 30 August 2020, Boko Haram or ISWAP clashed with military forces along Dikwa-Ngala road in Missini (Ngala LGA, Borno). Material damage reported",0.001,Islamic State West Africa Province (ISWAP) - Lake Chad Faction and/or Boko Haram - Jamaatu Ahli is-Sunnah lid-Dawati wal-Jihad
conflibert_conflibert,NIG25591,V,B,0.5929590463638306,"[0.5929590463638306, 0.4070409834384918]","On 13 July 2022, an unidentified armed group killed one person and abducted three others at Boto village (Tafawa Balewa, Bauchi). Two victims were relatives of a former governor who was the target of the assailants. A ransom of 600 million naira was demanded and later reduced to 6 million. Policemen reached the village after the assailants left. One of the abductees who is a female was released after 6 days, the other abductees were released around 26 July, there are no reports about ransom payment.",0.001,Unidentified Armed Group (Nigeria)
conflibert_conflibert,NIG34478,V,E,0.5163619518280029,"[0.4836379885673523, 0.5163619518280029]","On 9 December 2023, some Nigerian soldiers tortured and wounded a police officer (off duty) around the Nigerian Army's 63 Brigade in Asaba (Oshimili South, Delta) over an allegation of wrong parking and refusal to comply with a soldier's directive. The victim was taken to a hospital for treatment.",0.001,Military Forces of Nigeria (2023-)
conflibert_conflibert,NIG22030,B,B,0.5556067824363708,"[0.5556067824363708, 0.44439318776130676]","On 20 September 2021, police forces of Nigeria engaged an unidentified armed group in an armed clash while trying to rescue a kidnapped victim in Calabar (Calabar Municipal, Cross River). During the kidnapping the group also shot and injured an individual. The victim was rescued and the armed group escaped with gunshot wounds.",0.001,Police Forces of Nigeria (2015-2023)
conflibert_conflibert,NIG26981,V,B,0.6171036958694458,"[0.6171036958694458, 0.3828963339328766]","On 13 March 2020, an unidentified armed group attacked Tarhembe village in Mbawa council ward (Guma, Benue). The assailants fired indiscriminately, killing 3 persons and wounding an unspecified number.",0.001,Unidentified Armed Group (Nigeria)
conflibert_conflibert,NIG29408,V,B,0.5124666094779968,"[0.5124666094779968, 0.4875333607196808]","On 30 December 2022, a Niger militia abducted 8 civilians from Maje Daji village, coded to nearby Dobi (Gwagwalada, FCT). The abductees were rescued by security operatives that intercepted the militia in Niger state [coded separately].",0.001,Niger Communal Militia (Nigeria)
conflibert_conflibert,NIG19682,P,E,0.5146092176437378,"[0.4853907525539398, 0.5146092176437378]","On 4 February 2021, hundreds of women demonstrators staged protest marches on major roads and at the palace of Alale of Akungba in Akungba (Akoko South West LGA, Ondo) over the frequent motor accidents in the community.",0.001,Protesters (Nigeria)
conflibert_conflibert,NIG18122,V,B,0.5522169470787048,"[0.5522169470787048, 0.44778305292129517]","Around 6 September 2020 (as reported), members of Iloba communal militia shot a local government worker along Erin/Egbedi road in Erin-Osun (Irepodun LGA, Osun) over a land dispute between Iloba and Erin-Osun villages. One reported fatality.",0.001,Iloba Communal Militia (Nigeria)
conflibert_conflibert,NIG30630,S,B,0.6574103832244873,"[0.6574103832244873, 0.3425895571708679]","Security measures: On 20 March 2023, the Kano state government imposed a dusk to dawn curfew on the state after thousands of residents took to the streets to jubilate the over the victory of the candidate of the NNPP in the governorship elections. The curfew was lifted the following day. Location coded to Kano (Kano Municipal, Kano).",0.001,Government of Nigeria (2015-2023)
conflibert_conflibert,NIG20453,E,B,0.5452840924263,"[0.5452840924263, 0.45471590757369995]","Around 16 April 2021 (as reported), Nigerian Airforce conducted air strikes against ISWAP militants in Zari (Mobbar LGA, Borno). Air strikes were also registered in Tudun Wulgo, Tumbun Alhaji in the same LGA and Ngala, Abadan and Marte LGA (coded separately). According to the authorities 7 top commanders were killed, and another was injured. Fatalities split in 5 events.",0.001,Military Forces of Nigeria (2015-2023)
conflibert_conflibert,NIG28348,B,B,0.5267013311386108,"[0.5267013311386108, 0.47329869866371155]","On 20 October 2022, troops of Operation Hadarin Daji who were on a fighting patrol clashed with a Zamfara militia at Dorca village (Anka, Zamfara). Two militiamen including Ibrahim Chire who was a militia leader were killed, others fled with injuries. One rifle, 4 rounds of ammunition, one motorcycle and mobile phones were recovered.",0.001,Military Forces of Nigeria (2015-2023)
conflibert_conflibert,NIG37113,B,B,0.5267379283905029,"[0.5267379283905029, 0.47326207160949707]","On 30 May 2024, police killed an IPOB member and injured three others, enforcing a 'sit at home' order at the Oba flyover, Oba (Idemili South, Anambra). The police intercepted them while operating on a motorcycle. They arrested one, but three managed to escape with gunshot wounds.",0.001,Police Forces of Nigeria (2023-)
conflibert_conflibert,NIG17627,E,B,0.5565415620803833,"[0.5565415620803833, 0.4434584379196167]","On 6 July 2020, Nigerian Air Forces conducted air strikes against camps of unidentified militias in Kagara Forest of Sokoto State. Several militiamen were reported killed. Several fatalities coded as 3.",0.001,Military Forces of Nigeria (2015-2023)
conflibert_conflibert,NIG19053,E,B,0.5573421716690063,"[0.5573421716690063, 0.44265782833099365]","On 30 November 2020, Nigerian Airforce conducted air strikes against Boko Haram elements (assumed JAS) at a settlement 1.7km East of Yale (Konduga LGA, Borno), killing several and destroying some of their structures. Unknown fatalities coded as 10.",0.001,Military Forces of Nigeria (2015-2023)
conflibert_conflibert,NIG22612,V,E,0.5055757761001587,"[0.4944242835044861, 0.5055757761001587]","On 14 November 2021, members of a Zamfara militia numbering up to a hundred attacked Kwarin Mai Saje (Tsafe, Gusau), coded as Tsafe, raped an unspecified number of women, abducted six persons and looted valuables. The attack was a punitive measure on the village over its failure to pay a levy imposed by the militia.",0.001,Zamfara Communal Militia (Nigeria)
conflibert_conflibert,NIG36700,P,B,0.5592738389968872,"[0.5592738389968872, 0.4407261610031128]","On 15 May 2024, members of the Tinubu youths and women network protested at the office of the EFCC in Jabi (Abuja Municipal, FCT) against the commission's delay in probing the minister of state for defense.",0.001,Protesters (Nigeria)
conflibert_conflibert,NIG28349,B,B,0.5052018165588379,"[0.5052018165588379, 0.4947981834411621]","On 15 October 2022, a policeman shot and killed his colleague in Umuahia (Umuahia North, Abia) following an argument. The details of the argument are unknown.",0.001,Police Forces of Nigeria (2015-2023)
conflibert_conflibert,NIG24504,R,B,0.5119723677635193,"[0.5119723677635193, 0.4880276024341583]","On 13 April 2022, some passengers of Max air demonstrated and destroyed some facilities at the domestic wing of the Nnamdi Azikiwe International Airport (Abuja Municipal, FCT) over the long delay of their flight. The officials of Max air fled.",0.001,Rioters (Nigeria)
conflibert_conflibert,NIG37032,B,B,0.5333288311958313,"[0.5333288311958313, 0.4666711688041687]","On 25 May 2024, Nigerian troops clashed with a Kaduna militia while raiding their enclave at Nasarawa Azzara, coded to Gidan Azara (Kachia, Kaduna). The troops killed three militiamen, and others escaped with gunshot wounds. Two bodies were later found with gunshot wounds by a hunter, making the fatalities five.",0.001,Military Forces of Nigeria (2023-)
conflibert_conflibert,NIG18956,B,B,0.5591022372245789,"[0.5591022372245789, 0.44089779257774353]","On 19 November 2020, Nigerian military troops clashed with a Benue communal militia at Tor Donga (Katsina-Ala LGA, Benue), killing three and injuring others.",0.001,Military Forces of Nigeria (2015-2023)
conflibert_conflibert,NIG38914,P,E,0.5162355899810791,"[0.4837644100189209, 0.5162355899810791]","On 17 August 2024, resident doctors under the aegis of the NARD protested at the Federal Medical Centre in Asaba (Oshimili South, Delta) over the continued holding of one of their colleagues hostage by her abductor since 27 December 2023.",0.001,Protesters (Nigeria)
conflibert_conflibert,NIG33825,B,E,0.5011343359947205,"[0.49886563420295715, 0.5011343359947205]","On 11 November 2023, the security forces (coded as the military) clashed with an armed group attacking Ogiadiama Ward 9 in Unit 14, Southern Ijaw LGA, coded to Azuzuama (Southern Ijaw, Bayelsa). The attackers were forced to retreat. There were no fatalities.",0.001,Military Forces of Nigeria (2023-)
conflibert_conflibert,NIG38759,B,B,0.5819641351699829,"[0.5819641351699829, 0.4180358648300171]","Around 30 September 2024 (as reported), the Nigerian troops clashed with IS/BH (JAS), killing three militants near Ashigashiya village (Gwoza, Borno). They intercepted the militia's logistics and seized three vehicles loaded with food supplies and some money.",0.001,Military Forces of Nigeria (2023-)
conflibert_conflibert,NIG31678,B,B,0.5038673877716064,"[0.5038673877716064, 0.49613258242607117]","On 18 June 2023, policemen in the Katsina state command, led by the command's OC anti-kidnapping unit and OC SIB engaged a Katsina militia led by Audu Lankai in an armed clash at their camp in Jibia LGA (Katsina) and Batsari LGA [coded separately]. 5 militiamen were killed, one was arrested, 38 cows, 40 sheep and 65 goats were recovered. 5 fatalities split across 2 events coded as 2.",0.001,Police Forces of Nigeria (2023-)
conflibert_conflibert,NIG30111,B,B,0.5050989389419556,"[0.5050989389419556, 0.49490106105804443]","On 23 February 2023, the joint task force of Operation Hadin Kai ambushed and clashed with Boko Haram/ ISWAP militants at locations in Bama LGA (Borno), Mafa and Gwoza [coded separately]. 10 militants were killed; split across 3 events and coded as 4, the others fled with gunshot wounds. The troops recovered weapons, ammunition, and other items after exploiting the general areas.",0.001,Military Forces of Nigeria (2015-2023)
conflibert_conflibert,NIG37245,E,B,0.533598005771637,"[0.533598005771637, 0.4664020240306854]","On 9 June 2024, the Nigerian Air Force conducted an air strike that targeted Katsina militias at Bakori Hills and Yartsintsiya in Kankara LGA (Katsina). 29 militia members were killed, 21 from bomb fragments and 8 others from gunshots and an unspecified number of civilian abductees were rescued.",0.001,Military Forces of Nigeria (2023-)
conflibert_conflibert,NIG18205,B,B,0.5947442054748535,"[0.5947442054748535, 0.40525582432746887]","Around 14 September 2020 (as reported), Nigerian troops clashed with Katsina communal militia around the Faskari and Mararaban Kawaye areas (Faskari LGA, Katsina), rescuing 14 abducted victims, including two women. No reported fatalities.",0.001,Military Forces of Nigeria (2015-2023)
conflibert_conflibert,NIG20191,B,B,0.5550397634506226,"[0.5550397634506226, 0.44496026635169983]","On 20 March 2021, ISWAP fighters clashed with Nigerian military and MNJTF troops at Wulgo near Gamboru (Ngala LGA, Borno). Military sources report several ISWAP fighters (unknown fatalities coded as 3) and 2 MNJTF soldiers were killed. ISWAP sources report one soldier was killed and weapons and ammunition seized. Property damage also reported.",0.001,Military Forces of Nigeria (2015-2023)
conflibert_conflibert,NIG16865,E,B,0.512090802192688,"[0.512090802192688, 0.4879091680049896]","On 21 February 2020, Nigerian Air Force conducted air strikes against unidentified gunmen in Maidaro, Ingale and Kara in Giwa LGA (Kaduna). About 40 militiaman were killed.",0.001,Military Forces of Nigeria (2015-2023)
conflibert_conflibert,NIG18723,V,B,0.5278980135917664,"[0.5278980135917664, 0.47210192680358887]","On 20 October 2020, unidentified gunmen abducted two Christian pastors and a worshipper along Ubulu-Unor/Ogwashi-Uku road (Aniocha South LGA, Delta). Victims released after paying ransom.",0.001,Unidentified Armed Group (Nigeria)
conflibert_conflibert,NIG37022,B,B,0.5482377409934998,"[0.5482377409934998, 0.45176222920417786]","On 24 May 2024, troops of the Nigerian army intercepted and clashed with a Kaduna militia at Kidandan junction (Giwa, Kaduna). The militia fled and abandoned one pistol which the soldiers recovered. Fatalities are unknown.",0.001,Military Forces of Nigeria (2023-)
conflibert_conflibert,NIG30262,E,B,0.5038825273513794,"[0.5038825273513794, 0.496117502450943]","On 5 March 2023, NAF killed three civilians in an airstrike that was targeted at a Kaduna militia in Sabon Gida village of Fatika district (Giwa, Kaduna). The militiamen ran into the village from a nearby bush, the victims included a pregnant woman and two teenagers, five other villagers sustained injuries.",0.001,Military Forces of Nigeria (2015-2023)
conflibert_conflibert,NIG20796,B,B,0.5867450833320618,"[0.5867450833320618, 0.41325491666793823]","Around 23 May 2021 (as reported), Nigerian military clashed with Kaduna communal militia following the abduction of residents at Ungwan Najaja in Kerawa (Igabi LGA, Kaduna). Kidnapped victims were rescued. No reported fatalities.",0.001,Military Forces of Nigeria (2015-2023)
conflibert_conflibert,NIG31148,V,B,0.5509854555130005,"[0.5509854555130005, 0.4490145444869995]","Around 6 May 2023, (sometime between 1 and 8 May), special task force operatives presumed to comprise of soldiers and policemen killed a Jengere youth leader in Jos (Jos North, Plateau) where he was tortured following his arrest. The victim was released from custody on 1 May and dies on 8 May, residents of the town claim that he died from injuries he sustained while in custody.",0.001,Military Forces of Nigeria (2015-2023)
conflibert_conflibert,NIG36420,B,B,0.5513504147529602,"[0.5513504147529602, 0.4486495554447174]","Around 29 April 2024 (as reported), troops of Operation 'Hadarin Daji' and Yansakai militia repelled a Zamfara militia that destroyed food items and set ablaze Rijiyan Malladan and Harin Shala villages in Isa LGA (Sokoto). The attack by the militia was in retaliation of an airstrike by the troops (coded separately). Casualties are unknown.",0.001,Zamfara Communal Militia (Nigeria)
conflibert_conflibert,NIG35342,B,B,0.589896559715271,"[0.589896559715271, 0.410103440284729]","Around 1 March 2024 (as reported), the Nigerian troops on a fighting patrol engaged an unidentified armed group in a firefight in Katapka village (Toto, Nassarawa). They killed one of the group members and recovered two AK-47 Rifles, one Pump Action Semi-automatic rifle, three AK-47 magazines and 90 rounds of 7.62 mm Special ammunition.",0.001,Military Forces of Nigeria (2023-)
conflibert_conflibert,NIG20450,E,B,0.5235626101493835,"[0.5235626101493835, 0.47643741965293884]","Around 16 April 2021 (as reported), Nigerian Airforce conducted air strikes against ISWAP militants in Arijallamari, Abadan LGA (Borno) [coded Malam Fatori]. Air strikes were also registered in Zari, Tudun Wulgo and Tumbun Alhaji, Mobbar LGA, Ngala and Marte LGAs (coded separately). According to the authorities 7 top commanders were killed, and another was injured. Fatalities split in 5 events.",0.001,Military Forces of Nigeria (2015-2023)
conflibert_conflibert,NIG35285,P,B,0.593997061252594,"[0.593997061252594, 0.4060029089450836]","On 27 February 2024, thousands of supporters of President Tinubu carried out a counter protest in Abuja (Abuja Municipal, FCT) to show solidarity with the president's policies and against the protests organized by the NLC in different states (coded separately).",0.001,Protesters (Nigeria)
conflibert_conflibert,NIG16121,B,B,0.5552653670310974,"[0.5552653670310974, 0.4447346031665802]","On 20 January 2020, Nigerian Armed Forces, Cameroon Armed Forces and Civilian JTF clashed with Boko Haram (JAS) at Abbaram. Other villages include Nguzuwa and Cina (Bama LGA, Borno, no locations found coded as Bama (Borno, Bama)). 5 BH fighters were killed and abducted civilians rescued. Fatalities split between 2 events.",0.001,Military Forces of Nigeria (2015-2023)
conflibert_conflibert,NIG29332,V,B,0.5134239196777344,"[0.5134239196777344, 0.4865760803222656]","On 25 December 2022, a Kaduna militia on motorcycles attacked civilians at Anguwan Aku in Kajuru LGA (Kaduna) and conducted a house to house search. One person was killed; 53 person were abducted, 7 persons among the abductees escaped and 45 others were taken away.",0.001,Kaduna Communal Militia (Nigeria)
conflibert_conflibert,NIG34847,B,B,0.550282895565033,"[0.550282895565033, 0.44971710443496704]","On 2 February 2024, troops of 114 battalion engaged an unidentified armed group in an armed clash at Gampu hills and Ban Yorro area (Yorro, Taraba). The troops rescued four abductees after the group fled. No fatalities.",0.001,Military Forces of Nigeria (2023-)
conflibert_conflibert,NIG35898,B,B,0.5845269560813904,"[0.5845269560813904, 0.415473073720932]","On 30 March 2024, the Nigerian troops engaged a Zamfara militia in a firefight in Danjibga (Tsafe, Zamfara). No further details. Unknown casualties.",0.001,Military Forces of Nigeria (2023-)
conflibert_conflibert,NIG24556,V,B,0.5702791810035706,"[0.5702791810035706, 0.42972081899642944]","On 20 April 2022, Nigerian troops mistakenly killed three civilians during an operation against militiamen in Kwatan Nanido (Gassol, Taraba).",0.001,Military Forces of Nigeria (2015-2023)
conflibert_conflibert,NIG38444,B,B,0.5520026683807373,"[0.5520026683807373, 0.4479973018169403]","On 5 August 2024, the Aye (Black Axe) and the Eiye clashed in Igbesa (Ado-Odo, Ogun). One person was killed in the confrontation.",0.001,Black Axe (Nigeria)
conflibert_conflibert,NIG22402,S,B,0.5832197070121765,"[0.5832197070121765, 0.4167803227901459]","Defusal: On 26 October 2021, police officers detonated a bomb discovered by NCoS officers in the Abolongo prison in Oyo (Oyo West, Oyo), the bomb was reportedly planted by assailants who attacked the prison on 22 October.",0.001,Police Forces of Nigeria (2015-2023)
conflibert_conflibert,NIG38100,B,B,0.5288227796554565,"[0.5288227796554565, 0.47117725014686584]","On 14 August 2024, the Nigerian troops ambushed and killed two Kaduna militants during a firefight along Kwana Uri village in Giwa LGA, coded to Giwa (Kaduna). Other militants escaped with gunshot injuries. The troops recovered one AK-47 rifle, 288 rounds of RG55 ammunition, 40 rounds of CJ 95 ammunition, six rounds of 7.62mm special ammunition, a Baofeng communication radio, and a motorcycle.",0.001,Military Forces of Nigeria (2023-)
conflibert_conflibert,NIG16372,P,B,0.5258048176765442,"[0.5258048176765442, 0.4741952121257782]","On 18 February 2020, NARD members demonstrated in Bauchi (Bauchi LGA, Bauchi) over poor working conditions and shortage of personal at the Abubakar Tafawa Balewa University Teaching Hospital.",0.001,Protesters (Nigeria)
conflibert_conflibert,NIG22474,E,B,0.5425485372543335,"[0.5425485372543335, 0.4574514925479889]","On 1 November 2021, ISWAP claimed an IED attack on a Nigerian army vehicle on the road linking Beta and Yamake (Gwoza, Borno), coded as Beta. The attack led to the killing and injury of those on board. Unknown fatalities coded as 3.",0.001,Islamic State West Africa Province (ISWAP) - Lake Chad Faction
conflibert_conflibert,NIG34729,B,B,0.5077810883522034,"[0.5077810883522034, 0.49221891164779663]","On 26 January 2024, the Nigerian troops clashed with an unidentified armed group in Wukari (Wukari, Taraba). The military responded to a gunshot and found two people already shot dead and another wounded by the armed group, coded separately. They recovered two AK 47 Rifles with 36 Rounds of 7.62 MM Special ammunition, ten empty cases of 7.62 MM, 1 Double Barrel Rifle and 1 Single Barrel Rifle with 14 live cartridges. There were no fatalities.",0.001,Military Forces of Nigeria (2023-)
conflibert_conflibert,NIG31004,B,B,0.5291842818260193,"[0.5291842818260193, 0.4708157479763031]","On 19 April 2023, policemen clashed with an unidentified armed group that has abducted a couple along Oshogbo-Iragbiji road in Oshogbo (Osogbo, Osun). One member of the group was killed, the abductees were rescued and one gun was recovered.",0.001,Police Forces of Nigeria (2015-2023)
conflibert_conflibert,NIG29618,B,B,0.5251418948173523,"[0.5251418948173523, 0.4748580753803253]","On 17 January 2023, an unidentified armed group shot and killed an inspector of police while patrolling Iheorji Ohanku Road, Aba (Aba South, Abia). The police shot and killed two militiamen and others escaped with gun wounds. The militiamen carted away an AK-47 rifle belonging to the deceased officer. 3 fatalities reported.",0.001,Unidentified Armed Group (Nigeria)
conflibert_conflibert,NIG25984,B,B,0.5176764130592346,"[0.5176764130592346, 0.4823235869407654]","Around 1 September 2022, (between 1 - 2 September), soldiers in collaboration with a local self defense militia and volunteers clashed with ISWAP/Boko Haram militants at Malam Masari (Bama, Borno), Gabchari, Sheruri and Mantari [coded separately]. The fleeing militants were bombed by the air force in an offensive which lasted for over 48 hours, over 200 militants were killed including some high ranking commanders and 70 others who were fleeing drowned. 200 fatalities split across two events coded as 100.",0.001,Military Forces of Nigeria (2015-2023)
conflibert_conflibert,NIG31429,B,E,0.5186364650726318,"[0.48136353492736816, 0.5186364650726318]","On 19 May 2023, Nigerian troops of Hadarin Daji attacked four camps of the Zamara militia in Fakai village, coded to Shinkafi (Shinkafi, Zamfara). An unspecified number of the militia members were killed, coded 3; and the soldiers rescued some hostages.",0.001,Military Forces of Nigeria (2015-2023)
conflibert_conflibert,NIG37597,P,B,0.5285120606422424,"[0.5285120606422424, 0.47148796916007996]","On 9 July 2024, SSANU and NASU members from the University of Ilorin chapter protested the at the campus in Ilorin (Ilorin West, Kwara) to demand for the release of their withheld salaries by the federal government and the implementation of their outstanding demands.",0.001,Protesters (Nigeria)
conflibert_conflibert,NIG23524,V,E,0.514401376247406,"[0.485598623752594, 0.514401376247406]","On 2 February 2022, Katsina militiamen attacked civilians in Daddara Liman (Jibia, Katsina) and Daddara (coded separately). Six residents, including the village head of Daddara Liman, were killed. The attack lasted until the following morning when the military clashed with the group (coded separately), Five other individuals were abducted, one person was declared missing while the assailants searched and looted animals and valuables from house to house. Fatalities split into two events.",0.001,Katsina Communal Militia (Nigeria)
conflibert_conflibert,NIG16590,B,B,0.6015796065330505,"[0.6015796065330505, 0.3984203338623047]","On 21 March 2020 (or around), Nigerian Armed Forces clashed with local militias in Bindim and Koli in Maru LGA (Zamfara). 2 militias were killed. Fatalities split between 2 events.",0.001,Military Forces of Nigeria (2015-2023)
conflibert_conflibert,NIG33264,S,B,0.572091281414032,"[0.572091281414032, 0.42790865898132324]","Movement of forces: On 15 October 2023, about 200 presumed Kaduna militias were sighted on motorcycles near Rishi village, coded to Kachia (Kachia, Kaduna). No further details.",0.001,Kaduna Communal Militia (Nigeria)
conflibert_conflibert,NIG25442,B,B,0.5419367551803589,"[0.5419367551803589, 0.4580632448196411]","On 30 June 2022, ISWAP fighters on 5 gun trucks attacked a camp of Boko Haram militants and engaged them in an armed clash in Gazuwa village, coded to near by Bama LGA (Borno). 18 ISWAP and 3 Boko Haram fighters were killed, three out of the five gun trucks were seized by the Boko Haram fighters, the other ISWAP fighters fled on motorcycles and two gun trucks.",0.001,Islamic State West Africa Province (ISWAP)
conflibert_conflibert,NIG38968,B,B,0.5408748984336853,"[0.5408748984336853, 0.4591251313686371]","On 31 August 2024, police clashed with a Katsina militia after they abducted two people in Gandun Saki village in Dan-Musa LGA, location coded to the locality capital Kanawa (Katsina). The militia managed to escape, and the police rescued two hostages. There were no fatalities.",0.001,Police Forces of Nigeria (2023-)
conflibert_conflibert,NIG32724,V,B,0.5690183639526367,"[0.5690183639526367, 0.4309816062450409]","On 12 September 2023, policemen beat up a young man at the Post Office in Ilorin (Ilorin West, Kwara) after they accused him of being a suspected internet fraudster.",0.001,Police Forces of Nigeria (2023-)
conflibert_conflibert,NIG36439,V,B,0.5185546278953552,"[0.5185546278953552, 0.48144540190696716]","On 30 April 2024, a Zamfara militia attacked civilians in Zurmi town (Zurmi, Zamfara) and killed one person. Four other persons were abducted, the militia attacked the town after the soldiers who were deployed there departed. The soldiers were deployed to prevent an attack by the militia following reports of a likely attack.",0.001,Zamfara Communal Militia (Nigeria)
conflibert_conflibert,NIG37443,B,B,0.5066401958465576,"[0.5066401958465576, 0.49335977435112]","On 3 July 2024, military forces ambushed a Kaduna militia and engaged them in an armed clash at Kurmin Aja in Kagarko LGA (Kaduna). Two militia members were killed, others fled into the bush, rifles, ammunition and magazines were recovered.",0.001,Military Forces of Nigeria (2023-)
conflibert_conflibert,NIG24965,V,B,0.5517538785934448,"[0.5517538785934448, 0.44824615120887756]","On 11 May 2022, armed individuals numbering about five attacked a Muslim Cleric in a mosque at Kumo (Akko, Gombe) and set him ablaze. The assailants throw an explosive device at the cleric who was wounded along with some of his students. Some of the assailants were supporters of one of the aspirant for a legislative seats.",0.001,Unidentified Armed Group (Nigeria)
conflibert_conflibert,NIG38966,V,B,0.5438380241394043,"[0.5438380241394043, 0.4561619758605957]","On 13 October 2024, suspected police agents shot and killed one man along the Enugu-Port Harcourt Expressway in Enugu (Enugu North, Enugu). The victim was driving a Mercedes Benz car together with two of his friends when a gunshot fired by the police killed him.",0.001,Police Forces of Nigeria (2023-)
conflibert_conflibert,NIG32278,E,B,0.5451527833938599,"[0.5451527833938599, 0.4548472762107849]","On 25 August 2023, NAF conducted airstrikes targets at ISWAP/ Boko Haram militants' hideouts at Chinine (Gwoza, Borno). Several militants were killed, while others fled. Unknown fatalities coded as 10.",0.001,Military Forces of Nigeria (2023-)
conflibert_conflibert,NIG19017,E,B,0.5468879342079163,"[0.5468879342079163, 0.45311209559440613]","On 27 November 2020, the Nigerian Airforce conducted air strikes against ISWAP at Ngwuri Gana (Bama LGA, Borno), killing several militants and destroying their structures. Unknown fatalities coded as 10.",0.001,Military Forces of Nigeria (2015-2023)
conflibert_conflibert,NIG16104,B,B,0.5890142917633057,"[0.5890142917633057, 0.41098570823669434]","On 18 January 2020, presumed Boko Haram (JAS) fighters attacked a military position at Banki (Bama, Borno) and killed 4 soldiers of Nigerian Armed Forces. An unreported number of soldiers were abducted and equipment stolen.",0.001,Boko Haram - Jamaatu Ahli is-Sunnah lid-Dawati wal-Jihad
conflibert_conflibert,NIG20994,S,B,0.5945504307746887,"[0.5945504307746887, 0.40544962882995605]","Looting: Around 8 June 2021 (as reported), a Kaduna communal militia invaded and looted Mashashiya and Farguza villages (Igabi LGA, Kaduna), carting away livestock and other valuables.",0.001,Kaduna Communal Militia (Nigeria)
conflibert_conflibert,NIG26897,V,B,0.5576224327087402,"[0.5576224327087402, 0.44237756729125977]","On 16 January 2020, a trader was stabbed and killed by a group of at least 4 soldiers following a disagreement at the Sheikh Abubakar Gumi Central Market (Kaduna South, Kaduna), coded as Kaduna South.",0.001,Military Forces of Nigeria (2015-2023)
conflibert_conflibert,NIG39057,S,B,0.6134517788887024,"[0.6134517788887024, 0.3865482211112976]","Around 24 October 2024 (as reported), the Nigerian troops arrested Pius Iguh, a founding member of the IPOB's militant wing, Eastern Security Network (ESN), in Orsu (Orsu, Imo). He was also a commander in the IPOB militancy hierarchy.",0.001,Military Forces of Nigeria (2023-)
conflibert_conflibert,NIG23958,V,E,0.5019493103027344,"[0.498050719499588, 0.5019493103027344]","On 4 March 2022, Niger militiamen ambushed and abducted an unspecified number of commuters, including a new bride, on their way from Alawa (Shiroro, Niger) to Pandogari (Rafi LGA). There are no reports about ransom demands.",0.001,Niger Communal Militia (Nigeria)
conflibert_conflibert,NIG18491,V,B,0.5781636834144592,"[0.5781636834144592, 0.42183634638786316]","On 12 October 2020, unknown gunmen abducted one person in the Degema local government area of Rivers state. The motive is unknown.",0.001,Unidentified Armed Group (Nigeria)
conflibert_conflibert,NIG32108,V,B,0.5417700409889221,"[0.5417700409889221, 0.45822998881340027]","On 23 July 2023, an unidentified armed group abducted a medical doctor and one unidentified woman while they were on duty at Ugbaam (Ukum, Benue). The abductees were going to supervise a project in the area when they were abducted, there are no reports on ransom demands. The doctor was released on around 27 August, there are no reports on ransom payment.",0.001,Unidentified Armed Group (Nigeria)
conflibert_conflibert,NIG28601,V,B,0.562865138053894,"[0.562865138053894, 0.43713483214378357]","Around 25 October 2022 (as reported), a Niger militia abducted 20 children from Kusheriki (Rafi, Niger). The abductees included 16 girls and 4 boys, a ransom of 40 million naira was demanded.",0.001,Niger Communal Militia (Nigeria)
conflibert_conflibert,NIG26250,P,B,0.5164676904678345,"[0.5164676904678345, 0.4835323095321655]","On 29 August 2022, youths from Ifira-Akoko community protested at the office of the Ondo state governor in Akure (Akure South, Ondo) over claims of a planned imposition of a monarch on the community.",0.001,Protesters (Nigeria)
conflibert_conflibert,NIG28049,B,B,0.5836015939712524,"[0.5836015939712524, 0.41639840602874756]","On 10 January 2021, military forces clashed with Katsina militiamen during a clearance operation in the Mai Gora area (Faskari, Katsina). 5 militiamen were killed and an unspecified number were injured.",0.001,Military Forces of Nigeria (2015-2023)
conflibert_conflibert,NIG23702,V,B,0.5529370307922363,"[0.5529370307922363, 0.4470629096031189]","Around 13 February 2022 (as reported), a security operative, presumed police, beat up a truck driver to a coma at the Joita checkpoint on the Wukari-Zaki Biam highway (Wukari, Taraba). The victim was attacked over his refusal to pay an extra 1000 naira to the security operatives at the checkpoint.",0.001,Police Forces of Nigeria (2015-2023)
conflibert_conflibert,NIG23395,V,E,0.5232598781585693,"[0.47674012184143066, 0.5232598781585693]","Around 18 January 2022, Ebube Agu operatives tortured and killed a man who was accused of theft in Akaeze (Ivo, Ebonyi), coded as Ishiagu.",0.001,Ebube Agu Corps
conflibert_conflibert,NIG31880,V,B,0.5695012211799622,"[0.5695012211799622, 0.43049877882003784]","On 6 July 2023, a Katsina militia abducted 10 civilians from Kasai village in Batsari LGA (Katsina). There are no reports on ransom demands.",0.001,Katsina Communal Militia (Nigeria)
conflibert_conflibert,NIG38559,P,B,0.5359903573989868,"[0.5359903573989868, 0.4640096127986908]","Around 15 September 2024 (as reported), the Otulu community people protested in Asaba (Oshimili South, Delta) over the alleged seizure of their land by the Ogwashi-Uku people. They displayed placards with various inscriptions calling on the government to intervene and stop the seizure of their land.",0.001,Protesters (Nigeria)
conflibert_conflibert,NIG37418,B,B,0.5308663249015808,"[0.5308663249015808, 0.4691337049007416]","On 22 June 2024, the Aye (Black Axe) and Eiye cult militias clashed and killed one militiaman around Olufunmilayo/Aromire area in Mushin (Mushin, Lagos).",0.001,Black Axe (Nigeria)
conflibert_conflibert,NIG21336,B,B,0.5693495869636536,"[0.5693495869636536, 0.43065035343170166]","On 13 July 2021, security forces clashed with IPOB members at the Iggah/Asaba checkpoint, Adani (Uzo Uwani LGA, Enugu). Between 2 to 6 soldiers were killed.",0.001,Military Forces of Nigeria (2015-2023)
conflibert_conflibert,NIG20409,E,B,0.5744708180427551,"[0.5744708180427551, 0.42552921175956726]","On 12 April 2021, an IED set by the ISWAP destroyed a communication antenna held by the South African government in Mandaragirau (Biu LGA, Borno). Casualties unknown.",0.001,Islamic State West Africa Province (ISWAP) - Lake Chad Faction
conflibert_conflibert,NIG27641,V,B,0.5647637844085693,"[0.5647637844085693, 0.4352361857891083]","On 2 March 2022, an armed group ambushed a civilian convoy and killed one person at the Gero junction along the Bukuru expressway (Jos South, Plateau). Security agents were deployed to the location to restore order.",0.001,Unidentified Armed Group (Nigeria)
conflibert_conflibert,NIG32125,V,B,0.5138930082321167,"[0.5138930082321167, 0.4861069917678833]","On 25 July 2023, a Kaduna militia abducted two persons near Eka farm in Birnin Gwari (Kaduna).",0.001,Kaduna Communal Militia (Nigeria)
conflibert_conflibert,NIG25185,P,B,0.5860867500305176,"[0.5860867500305176, 0.41391322016716003]","On 9 June 2022, youths from Owo town protested at the palace of the Olowo in Owo town (Owo, Ondo) over the rumored arrest of the perpetrators of the attack on worshippers [coded separately]. The protesters demanded for the identities of the assailants to be revealed and that they be brought back from Akure were they were kept.",0.001,Protesters (Nigeria)
conflibert_conflibert,NIG31571,V,B,0.5585663318634033,"[0.5585663318634033, 0.44143369793891907]","On 2 June 2023, a Katsina militia abducted a man from his residence at Unguwar Mare quarters in Dandume town (Dandume, Katsina). There are no reports on ransom demands.",0.001,Katsina Communal Militia (Nigeria)
conflibert_conflibert,NIG35789,E,E,0.5045337677001953,"[0.4954662621021271, 0.5045337677001953]","On 28 March 2024, the Nigerian Airforce launched air strikes at the enclave of a Zamfara militia in Gida Giye, coded to Kutcheri (Tsafe, Zamfara). The strikes killed at least thirteen militiamen, and an unspecified number of them escaped with gunshot wounds. There were at least thirteen fatalities.",0.001,Military Forces of Nigeria (2023-)
conflibert_conflibert,NIG34226,V,B,0.5035667419433594,"[0.5035667419433594, 0.49643322825431824]","On 26 December 2023, a Nigerian soldier beat a truck driver to death for refusing to bribe him at a checkpoint crossing along the Dikwa-Gamboru Ngala road, coded to Dikwa (Dikwa, Borno). The Nigerian Army arrested the soldier.",0.001,Military Forces of Nigeria (2023-)
conflibert_conflibert,NIG17243,B,B,0.5275372862815857,"[0.5275372862815857, 0.4724627435207367]","On 2 June 2020, suspected Fulani militias attacked Tungar Malan, Manyan Karaje, Tungar Arne, Dangodon Maiyakane, Dangodon Mai Masallaci and Boleke in Maru LGA (Zamfara) and Gidan Dan Kani, Tungar Lauti, Inwala and Dangodo in Talata Mafara LGA on two consecutive days. They engaged in clashes with Yan Sakai militias. Information on fatalities range from 21 to 25. Fatalities split between 4 events.",0.001,Zamfara Communal Militia (Nigeria)
conflibert_conflibert,NIG37475,S,B,0.60471111536026,"[0.60471111536026, 0.3952889144420624]","Property destruction: Around 2 July 2024 (between 30 June - 4 July), Nigeria police and the Nigerian Army Guards Brigade raided Kaduna militia hideouts and dismantled their camps in Jere (Kagarko, Kaduna) and Gidan Dogo Forests, coded separately. They arrested six militiamen.",0.001,Military Forces of Nigeria (2023-)
conflibert_conflibert,NIG20532,V,B,0.5686781406402588,"[0.5686781406402588, 0.43132179975509644]","On 24 April 2021, unidentified armed men abducted five residents at Unguwar Bawa (Dandume LGA, Katsina). Reason for abduction unknown.",0.001,Unidentified Armed Group (Nigeria)
conflibert_conflibert,NIG16052,E,B,0.5218687057495117,"[0.5218687057495117, 0.4781312942504883]","On 11 January 2020, Nigerian Air Force conducted an air strike against an ISWAP camp and killed 3 high ranked commanders of the group in Kwalaram, near Cameroon border in the Lake Chad area (no location found, coded as Monguno (Monguno, Borno).",0.001,Military Forces of Nigeria (2015-2023)
conflibert_conflibert,NIG36319,B,B,0.5594596266746521,"[0.5594596266746521, 0.4405403435230255]","Around 25 April 2024 (as reported), the Nigerian troops engaged a Taraba militia in a firefight, killing two in Kweerti, also spelt as Kwesati village (Ussa, Taraba). Other militiamen fled, and the troops recovered one AK-47 magazine along with seven rounds of 7.62mm special ammunition.",0.001,Military Forces of Nigeria (2023-)
conflibert_conflibert,NIG36431,B,B,0.5372622609138489,"[0.5372622609138489, 0.4627377688884735]","On 29 April 2024, Nigerian troops of operation 'Whirl Stroke' engaged an unidentified armed group in an armed clash when they responded to reports of the group's activity at Pukun area of Fikyu (Ussa, Taraba). The armed group retreated, one rifle and ammunition were recovered by the troops, there were no fatalities.",0.001,Military Forces of Nigeria (2023-)
conflibert_conflibert,NIG20773,B,B,0.6076122522354126,"[0.6076122522354126, 0.3923877477645874]","Around 21 May 2021 (as reported), Nigerian security operatives clashed with a Niger communal militia at Kontagora LGA (Niger), killing at least 7 militiamen. Event connected to the death of the eldest son of the Emir of Kontagora.",0.001,Military Forces of Nigeria (2015-2023)
conflibert_conflibert,NIG27739,V,B,0.5684471130371094,"[0.5684471130371094, 0.43155285716056824]","On 29 March 2021, a Katsina militia shot indiscriminately, injuring students, behind the Government Secondary School Yankara (Faskari, Katsina). Students sustained injuries while fleeing for safety.",0.001,Katsina Communal Militia (Nigeria)
conflibert_conflibert,NIG24261,B,B,0.601836621761322,"[0.601836621761322, 0.3981633484363556]","Around 1 April 2022 (as reported), soldiers on a clearance operation engaged over 400 Niger militiamen in an armed clash near Zuma Barrack, coded to nearby Suleja (Suleja, Niger). 14 soldiers and several militiamen were killed, several other soldiers were wounded. Several militia men deaths coded as 3. Fatalities coded as 17.",0.001,Military Forces of Nigeria (2015-2023)
conflibert_conflibert,NIG20368,B,B,0.571113109588623,"[0.571113109588623, 0.42888689041137695]","On 8 April 2021, unidentified gunmen attacked a police station in Mbieri (Mbaitoli LGA, Imo) but were repelled by police operatives. Two reported injuries.",0.001,Police Forces of Nigeria (2015-2023)
conflibert_conflibert,NIG29254,B,B,0.5272169709205627,"[0.5272169709205627, 0.47278302907943726]","On 17 December 2022, Nigerian troops comprised of the army and the air force clashed with Zamfara militia from more than five camps led by Damina, Ali Kachalla, Buzu and Ado Aliero who reinforced for a reprisal attack at Malele community (Maru, Zamfara). The militiamen fled into Mutumji community and blended with residents while trying to escape airstrikes [coded separately]; at least 63 residents, 180 militiamen and 10 to 13 soldiers were killed. An unspecified number of soldiers, 73 civilians were wounded, 3 military vehicles, several houses, vehicles and motorcycles were burnt. The operation lasted from 17-19 December, the military claimed that over 40 militiamen were killed, a few civilians were wounded and soldier was wounded in an ambush, [lowest estimate of] 40 fatalities split across 6 events coded as 7.",0.001,Military Forces of Nigeria (2015-2023)
conflibert_conflibert,NIG37851,B,B,0.5465093851089478,"[0.5465093851089478, 0.45349058508872986]","On 27 July 2024, the Nigerian police engaged a Benue militia in a firefight, killing six while raiding their enclave in Mbavuur Ward (Logo, Benue). The police recovered an AK-47 rifle and two locally fabricated short guns loaded with ammunition.",0.001,Police Forces of Nigeria (2023-)
conflibert_conflibert,NIG32283,S,E,0.5046483874320984,"[0.4953515827655792, 0.5046483874320984]","Property destruction: On 3 August 2023, troops of team 8, sector 3 of Operation Hadarin Daji conducted clearance operations and destroyed camps belonging to Sokoto militias at Kusabuni forest, Tafkin Gawo, Alumdawa, Malamawa and Unguwar Mailele coded to Kusabuni (Sabon Birni, Sokoto). The militias fled before the troops arrived, motorcycles, weapons, ammunition and other items were recovered.",0.001,Military Forces of Nigeria (2023-)
conflibert_conflibert,NIG21651,B,B,0.5278212428092957,"[0.5278212428092957, 0.47217872738838196]","On 6 August 2021, military forces of Nigeria attacked militia in Sububu forest, (Maradun LGA, Zamfara state) in an airstrike while ground troops attacked those who escaped the airstrike. Reports state that more than 45 militia were neutralized (assumedly killed).",0.001,Military Forces of Nigeria (2015-2023)
conflibert_conflibert,NIG31447,V,B,0.5225047469139099,"[0.5225047469139099, 0.4774952232837677]","On 28 May 2023, a policeman killed a civilian at the Oregun area of Ikeja (Ikeja, Lagos) when they shot sporadically while trying to disperse a crowd where people were fighting. The victim was hit by a stray bullet.",0.001,Police Forces of Nigeria (2015-2023)
conflibert_conflibert,NIG24528,B,B,0.5779497027397156,"[0.5779497027397156, 0.4220502972602844]","On 19 April 2022, Nigerian troops clashed with an armed group in Chito (Ukum, Benue) and killed three armed individuals. An undisclosed number of weapons, two motorcycles and three phones were recovered.",0.001,Military Forces of Nigeria (2015-2023)
conflibert_conflibert,NIG33235,B,B,0.5465605854988098,"[0.5465605854988098, 0.4534394145011902]","On 9 October 2023, Nigerian troops engaged an unidentified armed group in an armed clash around Jimlari village (Yorro, Taraba). The members of the group fled with many sustaining high degree of gunshot wounds, two abductees were rescued and the troops recovered items including a phone, 36 empty cases among others.",0.001,Military Forces of Nigeria (2023-)
conflibert_conflibert,NIG20692,P,B,0.5797648429870605,"[0.5797648429870605, 0.42023521661758423]","Around 11 May 2021, some students of Adeyemi College of Education staged a protest at the main entrance of the institution in Ondo City (Ondo West LGA, Ondo) over the increase in fees by school management.",0.001,Protesters (Nigeria)
conflibert_conflibert,NIG26004,V,B,0.5018829703330994,"[0.5018829703330994, 0.49811702966690063]","On 6 September 2022, a Kaduna militia attacked civilians when they invaded Katun Gida in Idon (Kajuru, Kaduna) and shot sporadically. Two persons who were siblings were killed, 13 others were abducted; three of whom escaped, one other man was released by the abductors to tend to his sick wife.",0.001,Kaduna Communal Militia (Nigeria)
conflibert_conflibert,NIG36763,B,B,0.5963835120201111,"[0.5963835120201111, 0.40361645817756653]","On 12 May 2024, Nigerian troops engaged a Zamfara militia in a firefight around Magazu (Tsafe, Zamfara). No further details.",0.001,Military Forces of Nigeria (2023-)
conflibert_conflibert,NIG38220,V,E,0.5087300539016724,"[0.49126988649368286, 0.5087300539016724]","On 19 August 2024, suspected Boko Haram (JAS) militants shot and killed thirteen farmers in various locations, including Bassa, Anguwan Mai-Giro, and Alawa (Shiroro, Niger), for allegedly supplying intelligence on their movements to the security agencies. Other farmers deserted their farms and fled.",0.001,Boko Haram - Jamaatu Ahli is-Sunnah lid-Dawati wal-Jihad
conflibert_conflibert,NIG32663,R,B,0.5175102353096008,"[0.5175102353096008, 0.48248979449272156]","On 8 September 2023, a mob attacked a man in Bodari close to Kazaure (Kazaure, Jigawa) over the allegation that he robbed another man and snatched his motorcycle. The mob recovered the stolen motorcycle from the victim. The police rescued him and took him to the hospital.",0.001,Rioters (Nigeria)
conflibert_conflibert,NIG38880,V,B,0.5270754098892212,"[0.5270754098892212, 0.4729245603084564]","On 5 October 2024, an unidentified armed group opened fire and injured one person at a polling station in the Rumuepirikom community (Obio, Rivers). They disrupted the ongoing LGA election and scared voters away from the venue.",0.001,Unidentified Armed Group (Nigeria)
conflibert_conflibert,NIG36843,V,E,0.5202276706695557,"[0.4797723591327667, 0.5202276706695557]","On 16 April 2024, a Kaduna militia abducted nine people in Unguwar Iya in Jere (Kagarko, Kaduna). They demanded a 30-million-naira ransom for their release. They later released the hostages on 15 June 2024 after collecting a 16-million-naira ransom and killing the ransom bearer, coded separately.",0.001,Kaduna Communal Militia (Nigeria)
conflibert_conflibert,NIG32771,V,B,0.5696489214897156,"[0.5696489214897156, 0.4303511083126068]","On 9 September 2023, a Katsina militia abducted two persons from Marke village (Dutsinma, Katsina) coded to Dutsin Ma. There are no reports on ransom demands.",0.001,Katsina Communal Militia (Nigeria)
conflibert_conflibert,NIG34636,V,E,0.5094380378723145,"[0.49056196212768555, 0.5094380378723145]","On 12 January 2024, suspected Fulani Pastoralists attacked and killed a woman in the Kwahilli community, coded to Kwabula (Askira Uba, Borno). The victim was washing clothes when the attackers launched the onslaught.",0.001,Fulani Ethnic Militia (Nigeria)
conflibert_conflibert,NIG34770,B,B,0.539870023727417,"[0.539870023727417, 0.460129976272583]","On 23 January 2024, the Nigerian military and the Katsina Community Watch clashed with the Katsina militia after the militia rustled cattle in Rugar Gamji village, coded to Gatakawa (Kankara, Katsina). An unspecified number of the militia were killed and injured. The military recovered the rustled cattle. An unspecified fatality coded as 3.",0.001,Military Forces of Nigeria (2023-)
conflibert_conflibert,NIG24056,V,B,0.5099392533302307,"[0.5099392533302307, 0.4900607764720917]","On 12 March 2022, a girl was kidnapped by armed individuals at her house at the Danjuma area of Oke-Aro, Ajure (Akure South, Ondo). The group also took her fathers mobile phone.",0.001,Unidentified Armed Group (Nigeria)
conflibert_conflibert,NIG23509,V,E,0.5191742777824402,"[0.4808257818222046, 0.5191742777824402]","On 30 January 2022, Kaduna militiamen attacked civilians in Atisa (Zangon Kataf, Kaduna) and killed five persons.",0.001,Kaduna Communal Militia (Nigeria)
conflibert_conflibert,NIG29542,V,B,0.5584003925323486,"[0.5584003925323486, 0.44159963726997375]","On 30 December 2022, an unidentified armed group killed three people at a political rally in Zurmi LGA, coded to Zurmi (Zurmi, Zamfara). 3 fatalities reported.",0.001,Unidentified Armed Group (Nigeria)
conflibert_conflibert,NIG34042,P,B,0.5204605460166931,"[0.5204605460166931, 0.4795394241809845]","On 4 December 2023, students from four nursing schools in Abia state protested at an examination center in Umuahia (Umuahia North, Abia) against their exclusion from taking the rescheduled examination.",0.001,Protesters (Nigeria)
conflibert_conflibert,NIG29349,E,B,0.5317636132240295,"[0.5317636132240295, 0.46823635697364807]","On 27 December 2022, the Nigerian Air Force carried out multiple airstrikes that were targeted at Boko Haram [JAS] militants at Mantari and Shehutari areas in Abbaram ward (Bama, Borno). Scores of militants were killed; coded as 20, several others were wounded, and the survivors fled in different directions, 8 militants later died due to the injuries that sustained. The militants had gathered to hold prayers for the fighters that were killed in a previous airstrike.",0.001,Military Forces of Nigeria (2015-2023)
conflibert_conflibert,NIG37290,B,B,0.5634827613830566,"[0.5634827613830566, 0.43651729822158813]","On 13 June 2024, troops of the Nigerian army clashed with a Kaduna militia at Farin-Ruwa (Birnin Gwari, Kaduna). Four militia members were killed, weapons and ammunition were recovered.",0.001,Military Forces of Nigeria (2023-)
conflibert_conflibert,NIG29526,B,B,0.5112067461013794,"[0.5112067461013794, 0.4887932240962982]","On 12 January 2023, the Nigerian police clashed with Niger Communal militia in New Bussa (Borgu, Niger). The militiamen were trying to collect a ransom to release some hostages in their captivity when the police engaged them. The police killed three militiamen and freed the hostages unharmed. They also recovered one pump action rifle with four cartridges and two single-barrel guns. 3 fatalities reported.",0.001,Police Forces of Nigeria (2015-2023)
conflibert_conflibert,NIG30217,V,B,0.5490298867225647,"[0.5490298867225647, 0.4509701430797577]","On 25 February 2023, an unidentified armed group attacked and beat up at least 4 INEC ad-hoc staff including 2 NYSC members at two polling units in Ikakumo and Okpe (Akoko Edo, Edo). The assailants also collected and forcefully thumb printed on ballot papers at one polling unit and stole BVAS machines and other election materials at another.",0.001,Unidentified Armed Group (Nigeria)
conflibert_conflibert,NIG32749,P,E,0.5054448843002319,"[0.49455514550209045, 0.5054448843002319]","On 12 September 2023, traders protested in Maiduguri (Maiduguri Metro, Borno) over claims of irregularities in the allocation of the newly rebuilt shops to traders.",0.001,Protesters (Nigeria)
conflibert_conflibert,NIG22692,V,B,0.588885486125946,"[0.588885486125946, 0.41111454367637634]","On 22 November 2021, a teacher was shot and killed by unidentified armed men in Epe (Epe, Lagos), his colleagues claim he was shot by a student he flogged while the NUT refuted the claim.",0.001,Unidentified Armed Group (Nigeria)
conflibert_conflibert,NIG28339,E,B,0.5360830426216125,"[0.5360830426216125, 0.46391692757606506]","On 16 October 2022, NAF conducted a large scale bombardment of Boko Haram [JAS] hideouts in Gargash and Ngauri (Bama, Borno). Scores of militants were killed, coded as 20.",0.001,Military Forces of Nigeria (2015-2023)
conflibert_conflibert,NIG24751,E,B,0.5870574116706848,"[0.5870574116706848, 0.4129425287246704]","On 28 April 2022, Nigerian troops, after sighting ISWAP/ Boko Haram militants, shelled around Molai General area (Jere, Borno) and around Dalori [coded separately]. Casualties unknown.",0.001,Military Forces of Nigeria (2015-2023)
conflibert_conflibert,NIG29738,B,E,0.5456504225730896,"[0.454349547624588, 0.5456504225730896]","On 24 January 2023, troops of Operation Forest Sanity ambushed and clashed with a Kaduna militia around Mangoro general area of Chikun-Birnin Gwari LGA (Kaduna), on the boundary with Shiroro LGA in Niger state. Two militiamen were killed, one rifle, one gun, one IED, a Boafeng radio and 10 motorcycles.",0.001,Military Forces of Nigeria (2015-2023)
conflibert_conflibert,NIG20467,B,B,0.5372406840324402,"[0.5372406840324402, 0.4627593159675598]","On 17 April 2021, a Benue communal militia attacked Anune community (Makurdi LGA, Benue) [coded to Makurdi] but were repelled by Nigerian military troops. Five militiamen and several residents were killed. Unknown civilian fatalities coded as 3.",0.001,Military Forces of Nigeria (2015-2023)
conflibert_conflibert,NIG21295,V,E,0.5029922127723694,"[0.4970077872276306, 0.5029922127723694]","On 8 July 2021, an APC member and vice chairman of the NURTW was shot and killed by unidentified armed individuals during a political rally in Agboju (Ijebu Ode, Ogun). According to reports, the victim was protecting another politician from harassment when he was shot.",0.001,Unidentified Armed Group (Nigeria)
conflibert_conflibert,NIG19726,R,B,0.5266157984733582,"[0.5266157984733582, 0.47338420152664185]","On 7 February 2021, youths associated with a competing faction of APC attacked APC members, including the APC Ward Chairman, with stones and wood at a political meeting in Gboko LGA (Benue) over the registration of members. One reported fatality.",0.001,Rioters (Nigeria)
conflibert_conflibert,NIG35372,E,E,0.529492974281311,"[0.47050705552101135, 0.529492974281311]","On 1 March 2024, NAF conducted airstrikes that were targeted at illegal oil refining sites at Temokiri (Degema, Rivers) and Krakrama (coded separately). Cotonou boat were sighted and the locations and were destroyed alongside the sites. A total of four sites were destroyed at the locations.",0.001,Military Forces of Nigeria (2023-)
conflibert_conflibert,NIG32808,B,B,0.5212787389755249,"[0.5212787389755249, 0.4787212312221527]","On 18 September 2023, policemen engaged an unidentified armed group in an armed clash at Jesse-Igueleba road (Ethiope West, Delta). Four members of the group were killed, one rifle, one magazine and 25 rounds of ammunition were recovered by the policemen.",0.001,Police Forces of Nigeria (2023-)
conflibert_conflibert,NIG18915,B,B,0.5604298710823059,"[0.5604298710823059, 0.4395701289176941]","On 16 November 2020, Nigerian military troops clashed with a Sokoto communal militia at Garin Arawa (Tangaza LGA, Sokoto), killing one and recovering weapons and ammunition.",0.001,Military Forces of Nigeria (2015-2023)
conflibert_conflibert,NIG26363,E,B,0.5090484619140625,"[0.5090484619140625, 0.4909514784812927]","On 22 September 2022, NAF carried out an air strike and bombed a camp of a Zamfara militia led by Dan-Karami at Lambar Gabas in Zurmi LGA (Zamfara). The militiamen had gathered at the location when the strikes were carried out. Fatalities are unknown.",0.001,Military Forces of Nigeria (2015-2023)
conflibert_conflibert,NIG21810,V,E,0.5087366700172424,"[0.49126332998275757, 0.5087366700172424]","Around 22 August 2021 (as reported), suspected fulani militias shot and injured a woman in Oru Awa, (Ijebu North Ogun) coded as Ijebu-Igbo.",0.001,Fulani Ethnic Militia (Nigeria)
conflibert_conflibert,NIG35893,S,B,0.5676608085632324,"[0.5676608085632324, 0.4323391914367676]","Property destruction: On 10 April 2024, the Hybrid forces comprising the military, police, and State Security Service, in conjunction with CJTF, raided and destroyed BH/IS camps in Ngauri and Gargash (Bama, Borno). The militiamen fled as the raid disrupted their Eid celebration. There were no fatalities.",0.001,Military Forces of Nigeria (2023-)
conflibert_conflibert,NIG17185,E,B,0.594485342502594,"[0.594485342502594, 0.4055146276950836]","Around 20 May 2020 (as reported), Nigerian Air Force conducted air strikes against Boko Haram at Njimia in Sambisa Forest (Gwoza LGA, Borno). The logistics camp was destroyed but no injuries and/or fatalities reported.",0.001,Military Forces of Nigeria (2015-2023)
conflibert_conflibert,NIG21260,B,B,0.5059656500816345,"[0.5059656500816345, 0.4940343499183655]","On 6 July 2021, the military forces clashed with suspected gunmen in Marke (Arewa Dandi LGA, Kebbi). Seven soldiers (four naval special forces and three soldiers of the army) were killed, five were injured and two were missing.",0.001,Military Forces of Nigeria (2015-2023)
conflibert_conflibert,NIG30043,R,B,0.5157055854797363,"[0.5157055854797363, 0.48429441452026367]","On 17 February 2023, bank customers demonstrated in Aba (Aba South, Abia) over naira scarcity and turned violent following an attempt by policemen to quell the demonstration. Four persons including a policeman were killed, other sources report that a team of policemen returned and shot sporadically before taking the corpses away.",0.001,Rioters (Nigeria)
conflibert_conflibert,NIG36464,B,B,0.5087504386901855,"[0.5087504386901855, 0.49124956130981445]","On 2 May 2024, the Nigerian troops, comprising the army, Navy, Airforce, police and DSS, engaged the IPOB in a firefight while raiding their camps in Awo-Idemili (Orsu, Imo) and Identa Ihitteukwa, coded separately. The militia launched handheld IEDs and locally made rockets (Ogbunigwe) at the troops. Locally made rocket launchers, defused IEDs, pipes, wires and other materials were recovered. There was no fatality in Awo Idemili.",0.001,Military Forces of Nigeria (2023-)
conflibert_conflibert,NIG21658,B,B,0.5526635050773621,"[0.5526635050773621, 0.44733649492263794]","Around 7 August 2021 (as reported), military forces of Nigeria clashed with a local militia and foiled a kidnap attempt along Badde - Ungwan Ayaba - Keffi road and along Fanock - Kyayy - Keffi roads (Jema'a LGA, Kaduna) coded as Jemaa. 6 persons were rescued during a search and rescue operation and some injured.",0.001,Military Forces of Nigeria (2015-2023)
conflibert_conflibert,NIG37805,S,B,0.5684788227081299,"[0.5684788227081299, 0.4315212070941925]","Property destruction: On 16 July 2024, suspected Alagoa Militia attacked and destroyed the Tiv people's properties and other valuables in Adaga, coded to Kadarko (Keana, Nassarawa).",0.001,Alago Ethnic Militia (Nigeria)
conflibert_conflibert,NIG21491,P,B,0.5304293036460876,"[0.5304293036460876, 0.46957072615623474]","On 26 August 2021, the government aviation commissioner in Cross River state led a crowd to demonstrate in Calabar (Calabar Municipal, Cross River) against the seizure of the state's assets by the bank.",0.001,Protesters (Nigeria)
conflibert_conflibert,NIG37919,R,B,0.5711466073989868,"[0.5711466073989868, 0.4288533926010132]","On 1 August 2024, hundreds of residents demonstrated in several neighbourhoods, including Gama, Tudun Wada, and Tudun Murtala, within in Kano city (Kano Municipal, Kano) against the hike of fuel prices, using the hashtag #EndBadGovernanceInNigeria. They ransacked and destroyed properties and shops, and assaulted 11 journalists. The police forces fired round bullets, killing two people. 269 people were later arrested.",0.001,Rioters (Nigeria)
conflibert_conflibert,NIG28567,V,B,0.5361891984939575,"[0.5361891984939575, 0.4638107717037201]","On 31 October 2022, members of an unidentified cult militia attacked and killed a rival cult militia member at Ibagun (Ilorin East, Kwara). There were reprisal attacks the following day in the area [coded separately].",0.001,Unidentified Cult Militia (Nigeria)
conflibert_conflibert,NIG31632,V,B,0.577150285243988,"[0.577150285243988, 0.42284974455833435]","On 11 June 2023, an unidentified armed group wounded an unspecified number of travelers when they shot at their bus along Ajaokuta-Itobe road (Ajaokuta, Kogi). The assailants had fired several shots at the direction of the bus driver in an attempt to abduct them.",0.001,Unidentified Armed Group (Nigeria)
conflibert_conflibert,NIG23144,V,B,0.5739333629608154,"[0.5739333629608154, 0.4260665774345398]","On 4 January 2022, Kaduna militiamen attacked and shot sporadically against civilians in Maraban Rido community (Chikun, Kaduna), coded as Kujama. Several residents were abducted, including an off-duty NSCDC official; there are no reports about ransom demands.",0.001,Kaduna Communal Militia (Nigeria)
conflibert_conflibert,NIG37772,B,B,0.5503526926040649,"[0.5503526926040649, 0.44964733719825745]","Around 23 July 2024 (as reported), the Nigerian troops, in conjunction with Community Watch Corp, attacked the camp of a Katsina militia (Babare group) in Malumfashi LGA, coded to Malumfashi (Malumfashi, Katsina) and Kankara LGA, coded separately. The troops killed numerous militants and destroyed over 100 motorcycles and other logistic bases. Babare managed to escape the onslaught. Numerous fatalities coded as 10.",0.001,Military Forces of Nigeria (2023-)
conflibert_conflibert,NIG36017,V,B,0.5033786296844482,"[0.5033786296844482, 0.49662134051322937]","On 11 December 2023, soldiers attacked farmers on their farms, wounded them and looted their properties over claims that the lands which were allocated to the farmers belonged to the military, as claimed by the farmers. Location coded to Ikeja (Ikeja, Lagos).",0.001,Military Forces of Nigeria (2023-)
conflibert_conflibert,NIG21627,E,B,0.5468910932540894,"[0.5468910932540894, 0.4531089663505554]","On 5 August 2021, the Nigerian Airforce killed between 78 - 123 militiamen in airstrikes that lasted 3 days south of Dan Sadau and in Kuyanbana (Maru LGA Zamfara state). Fatalities spilt across 6 events.",0.001,Military Forces of Nigeria (2015-2023)
conflibert_conflibert,NIG20860,V,B,0.5445106625556946,"[0.5445106625556946, 0.45548930764198303]","Around 28 May 2021 (as reported), a Kaduna communal militia attacked Dakyauro village in Sabon Birni (Igabi LGA, Kaduna), killing four residents and injuring two others. Militiamen also rustled about 25 cows. Unknown reason for attack.",0.001,Kaduna Communal Militia (Nigeria)
conflibert_conflibert,NIG25730,V,B,0.5021018385887146,"[0.5021018385887146, 0.4978981912136078]","On 22 July 2022, policemen beat up, shot and wounded a personnel of the Nigerian legion on the thigh in Lekki Scheme II estate (Ibeju-Lekki, Lagos) after the policemen tried to gain access into the estate without proper clearance.",0.001,Police Forces of Nigeria (2015-2023)
conflibert_conflibert,NIG31252,V,B,0.5103586912155151,"[0.5103586912155151, 0.48964130878448486]","On 3 May 2023, policemen beat up a man at Oko-Oba abattoir, coded to Agege (Agege, Lagos) over his refusal to submit his phone for a search. The policemen were attached to the Agege Abattoir police station.",0.001,Police Forces of Nigeria (2015-2023)
conflibert_conflibert,NIG24082,B,B,0.5242092609405518,"[0.5242092609405518, 0.475790798664093]","On 16 March 2022, joint security operatives comprised of military, police and Niger State Vigilante Group members clashed with militiamen at the group's hideouts in or around Bangi (Mariga, Niger). A police officer was killed and the state's Commissioner claimed that over 100 militiamen were killed and 50 motorcycles were seized from the group. The operation took place following a discovered plan to attack the village and after the Nasko clash (coded separately). Fatalities coded as 101.",0.001,Police Forces of Nigeria (2015-2023)
conflibert_conflibert,NIG29271,B,B,0.5733000636100769,"[0.5733000636100769, 0.4266999363899231]","On 19 December 2022, policemen clashed with an unidentified armed group when they raided their camp at Digare and Dajin Madam (Alkaleri, Bauchi), Gwana, Digare and Mansur [coded separately]. 12 members of the group were killed, others fled with bullet wounds, motorcycles and weapons were recovered. 12 fatalities split across 3 events coded as 4.",0.001,Police Forces of Nigeria (2015-2023)
conflibert_conflibert,NIG35533,S,B,0.5842398405075073,"[0.5842398405075073, 0.41576018929481506]","Property destruction: On 10 March 2024, Nigerian troops destroyed a fire arms production factory belonging to IPOB/ ESN militants during a raid in Ekoli Edda, coded as Ekoli (Afikpo South, Ebonyi) and Amangwu Ohafia (coded separately). Two fabricated rifles, RPG bombs, 2 IPOB flags, welding and filing machines were recovered by the troops.",0.001,Military Forces of Nigeria (2023-)
conflibert_conflibert,NIG21528,P,B,0.5368274450302124,"[0.5368274450302124, 0.46317258477211]","On 30 August 2021, commercial tricycle riders demonstrated and went on strike in Minna (Minna, Niger) over alleged extortion by the police, VIO and road safety officials.",0.001,Protesters (Nigeria)
conflibert_conflibert,NIG24407,V,B,0.5708167552947998,"[0.5708167552947998, 0.4291832745075226]","On 13 April 2022, members of a Zamfara militia abducted 5 female students of the Zamfara state college of health science and technology without shooting in Tsafe (Tsafe, Zamfara). The abductees were abducted from a private quarters outside of the school's campus; one of them escaped from the abductors. An undisclosed amount was demanded as ransom, the victims were released around 15 April, sources report no ransom was paid.",0.001,Zamfara Communal Militia (Nigeria)
conflibert_conflibert,NIG39199,B,B,0.5719388127326965,"[0.5719388127326965, 0.4280611574649811]","On 24 August 2024, two rival unidentified cult militias clashed and killed one person in Ojota (Kosofe, Lagos).",0.001,Unidentified Cult Militia (Nigeria)
conflibert_conflibert,NIG20977,B,B,0.5518007874488831,"[0.5518007874488831, 0.44819918274879456]","On 7 June 2021, Nigerian police clashed with a Kaduna communal militia along the Jagindi-Godo-Godo Road (Jemaa LGA, Kaduna) following a distress call about their kidnapping activities in the area. Three kidnapped victims were rescued. No reported fatalities.",0.001,Police Forces of Nigeria (2015-2023)
conflibert_conflibert,NIG29935,E,E,0.5377347469329834,"[0.4622652232646942, 0.5377347469329834]","On 10 February 2023, the Nigerian Air Force carried out air strikes with rockets and bombs that targeted hundreds of Boko Haram [JAS faction] fighters who were holding a meeting on the fringes of Sambisa Forest Reserve in Gaizuwa, Bama LGA (Borno). Scores of fighters including high-ranking ones were killed, dozens of others sustained critical injuries.",0.001,Military Forces of Nigeria (2015-2023)
conflibert_conflibert,NIG38679,B,B,0.530381441116333,"[0.530381441116333, 0.469618558883667]","On 22 September 2024, the Nigerian troops clashed with IS/BH (JAS) and thwarted their attempted attack on some villages in Borno state, coded to Maiduguri (Maiduguri Metro, Borno). The troops killed three militants and recovered one light machine gun, one AK-47 rifle, two hand grenades, five AK-47 rifle magazines, and 200 linked Rounds of light Machine Gun.",0.001,Military Forces of Nigeria (2023-)
conflibert_conflibert,NIG23101,E,E,0.5081589221954346,"[0.4918411076068878, 0.5081589221954346]","On 31 December 2021, the Nigerian military carried out air operations and killed two Zamfara militia leaders and other militiamen in Gusami forest and Tsamre village in Birnin Magaji LGA (Kiyawa, Zamfara).",0.001,Military Forces of Nigeria (2015-2023)
conflibert_conflibert,NIG18637,E,B,0.5531090497970581,"[0.5531090497970581, 0.4468909502029419]","On 18 October 2020, Nigerian Airforce troops conducted air strikes against Boko Haram along Tsilala (Dikwa LGA, Borno), killing militants and destroying their hideouts. Unknown fatalities coded as 10.",0.001,Military Forces of Nigeria (2015-2023)
conflibert_conflibert,NIG30582,P,E,0.5029469132423401,"[0.4970531165599823, 0.5029469132423401]","On 20 March 2023, women from Ovia South West constituency protested at the INEC office in Benin City (Oredo, Edo) against the declaration of their constituency's house of assembly election result as inconclusive.",0.001,Protesters (Nigeria)
conflibert_conflibert,NIG29019,P,E,0.5003612637519836,"[0.4996386766433716, 0.5003612637519836]","On 7 December 2022, members of the Kaduna state chapter of ARPON protested at the Kaduna state police command (Kaduna North, Kaduna) to demand that the National Assembly urgently pass the two police bills that are before the house in order to address the challenges faced by its members.",0.001,Protesters (Nigeria)
conflibert_conflibert,NIG37800,V,B,0.5943318009376526,"[0.5943318009376526, 0.405668169260025]","On 13 July 2024, a Zamfara militia attacked Ruwan Dawa village (Gusau, Zamfara). No further details.",0.001,Zamfara Communal Militia (Nigeria)
conflibert_conflibert,NIG34183,B,E,0.5325005650520325,"[0.46749940514564514, 0.5325005650520325]","On 22 December 2023, the Nigerian troops of Operation Hadarin Daji clashed with the Sokoto militia in Saruwa (Goronyo, Sokoto) and Kubuta, Gundumi villages in Goronyo LGA and Bunwanga Gundumi forest in Isa LGA, coded separately. The troops released 52 hostages and destroyed the militia's enclaves. They killed several militiamen. Several coded as 3.",0.001,Military Forces of Nigeria (2023-)
conflibert_conflibert,NIG28719,E,B,0.5810696482658386,"[0.5810696482658386, 0.4189303517341614]","Around 14 November 2022 (as reported), the Nigerian Air Force carried out air strikes on a Kaduna militia in Giwa LGA (Giwa, Kaduna), Chikun LGA and Kawara [coded separately]. Three militiamen were killed and abductees were rescued (Fatality split across 3 events, coded to 1).",0.001,Military Forces of Nigeria (2015-2023)
conflibert_conflibert,NIG16237,P,B,0.565646231174469,"[0.565646231174469, 0.4343537390232086]","On 3 February 2020, women organizations in Enugu (Enugu North LGA, Enugu) demonstrated over police attacks on activists.",0.001,Protesters (Nigeria)
conflibert_conflibert,NIG34308,B,B,0.5274173617362976,"[0.5274173617362976, 0.4725826680660248]","On 28 December 2023, a suspected cult group attacked and stabbed one member of the Amotekun Corps with a knife at the entrance of the Osun State Polytechnic, Iree (Boripe, Osun). The Corp members had been invited to an Anti-cultism campaign on the campus, but the militia attacked them and prevented them from entering the campus. There were no fatalities.",0.001,Unidentified Cult Militia (Nigeria)
conflibert_conflibert,NIG35924,R,B,0.5203018188476562,"[0.5203018188476562, 0.47969815135002136]","On 5 April 2024, a mob killed three men at Ekpugrinya junction, coded to Ogoja (Ogaja, Cross River) after they were accused of stealing and selling a baby. The victims were set ablaze.",0.001,Rioters (Nigeria)
conflibert_conflibert,NIG31774,V,E,0.5248192548751831,"[0.4751807451248169, 0.5248192548751831]","On 17 June 2023, a Sokoto militia attacked civilians and rustled livestock from Tozai (Illela, Sokoto) and Garu [coded separately]. 10 persons were killed, split across two events and coded as 5.",0.001,Sokoto Communal Militia (Nigeria)
conflibert_conflibert,NIG38736,E,B,0.5294089317321777,"[0.5294089317321777, 0.47059109807014465]","On 27 September 2024, the Nigerian Air Force launched airstrikes, killing twenty-three people at the Jika da Kolo village of Yadin Kidandan in Giwa LGA, coded to Kidandan (Kaduna). The Air Force claimed the strike was aimed at some militants who allegedly sought refuge in the village, and they successfully destroyed their logistics and about twenty militants. The community claimed the air strike killed 23 worshippers at a mosque, including children.",0.001,Military Forces of Nigeria (2023-)
conflibert_conflibert,NIG17392,R,B,0.5503944158554077,"[0.5503944158554077, 0.4496055841445923]","On 14 June 2020, youth in Ampang district (Mangu LGA, Plateau) burnt a police station over the alleged shielding of a suspect. Youths demanded the hand-over of the suspect, which police forces refused.",0.001,Rioters (Nigeria)
conflibert_conflibert,NIG17675,B,B,0.57618647813797,"[0.57618647813797, 0.42381349205970764]","On 13 July 2020, Boko Haram/IS ambushed a civilian-military convoy at Jakana (Bama LGA, Borno) on the Maiduguri-Damaturu road. 15 civilians abducted, while casualties were unclear.",0.001,Islamic State West Africa Province (ISWAP) - Lake Chad Faction and/or Boko Haram - Jamaatu Ahli is-Sunnah lid-Dawati wal-Jihad
conflibert_conflibert,NIG32509,B,B,0.6066169142723083,"[0.6066169142723083, 0.39338305592536926]","On 15 August 2023, Nigerian troops and presumed ISWAP/ Boko Haram militants engaged in an armed clash in the vicinity of Gabchari (Konduga, Borno). Casualties are unknown.",0.001,Military Forces of Nigeria (2023-)
conflibert_conflibert,NIG16305,V,B,0.5601836442947388,"[0.5601836442947388, 0.43981629610061646]","On 9 February 2020, unidentified gunmen attacked Tyana in the Ra Hoss district (Riyom LGA, Plateau) and killed 3 residents. 1 resident sustained injuries.",0.001,Unidentified Armed Group (Nigeria)
conflibert_conflibert,NIG16887,B,B,0.5505643486976624,"[0.5505643486976624, 0.44943565130233765]","On 26 April 2020, Nigerian Armed Forces clashed with Boko Haram (JAS) at Miyanti, near Dar el Jamal (Borno, Bama) and killed 3 BH fighters. 1 NAF soldiers was injured.",0.001,Military Forces of Nigeria (2015-2023)
conflibert_conflibert,NIG26316,V,B,0.535675048828125,"[0.535675048828125, 0.4643249809741974]","On 15 September 2022, officials of Yakurr LGA task force beat up a civilian and caused him some burns on his body in Ugep (Yakurr, Cross River) following the victim's refusal to hand over his car keys to the officials who were dressed in mufti. The assailants fled after the victim was wounded.",0.001,Police Forces of Nigeria (2015-2023)
conflibert_conflibert,NIG38483,B,B,0.5454775094985962,"[0.5454775094985962, 0.4545225501060486]","On 12 September 2024, the Nigerian troops, in conjunction with Hybrid Forces, clashed with ISWAP and killed their commander and three other militants in Kashomeri village, also spelled as Kashomri (Konduga, Borno). The troops rescued four women and three children. There were four fatalities.",0.001,Military Forces of Nigeria (2023-)
conflibert_conflibert,NIG26763,B,B,0.5595585107803345,"[0.5595585107803345, 0.44044145941734314]","On 8 July 2021, ISWAP/Boko Haram clashed with the police along the Magumeri - Gajiram road near Garin Kuturu (Konduga LGA, Borno) after the group erected a illegal checkpoint on the road. A police officer was killed and an unidentified number of people were abducted.",0.001,Islamic State West Africa Province (ISWAP) - Lake Chad Faction and/or Boko Haram - Jamaatu Ahli is-Sunnah lid-Dawati wal-Jihad
conflibert_conflibert,NIG31440,B,E,0.5483014583587646,"[0.45169854164123535, 0.5483014583587646]","On 1 June 2023, troops of Operation Forest Sanity ambushed Kaduna Militia and killed three along Road Tsohon Kabai-Kubusu Forest, coded to Kakau (Chikun, Kaduna). The military recovered two AK 47 rifles, four magazines, 16 rounds of 7.62mm,hard drugs, assorted charms and one motorcycle.",0.001,Military Forces of Nigeria (2023-)
conflibert_conflibert,NIG36281,B,B,0.6134079098701477,"[0.6134079098701477, 0.3865921199321747]","Around 23 April 2024 (as reported), the Nigerian troops clashed with ISWAP, attempting to plant IED in Timbuktu near Damboa (Damboa, Borno). The troops killed the insurgents. Unspecified fatalities coded as 3.",0.001,Military Forces of Nigeria (2023-)
conflibert_conflibert,NIG39310,S,B,0.6344635486602783,"[0.6344635486602783, 0.3655364215373993]","Property destruction: On 18 September 2024, an unidentified armed group vandalized the Nigeria Union of Journalists secretariat in Asaba (Oshimili South, Delta). They went away with an air conditioning unit.",0.001,Unidentified Armed Group (Nigeria)
conflibert_conflibert,NIG37464,V,B,0.5965578556060791,"[0.5965578556060791, 0.4034421741962433]","On 21 June 2024, a policeman shot and killed a man in a plaza at Gwarinpa (Abuja Municipal, FCT). The victim was running away from his colleagues nearby following a disagreement between them, before he was shot in the leg and he bled to death when he sort refuge in the plaza where the policeman was.",0.001,Police Forces of Nigeria (2023-)
conflibert_conflibert,NIG15985,B,B,0.5110867619514465,"[0.5110867619514465, 0.4889132082462311]","On 3 January 2020, Nigerian Armed Forces regained Matiri (Konduga, Borno), Sheworam, Charikwenti, Burmari and Goni Bukarti from ISWAP. In the operations 6 ISWAP fighters were arrested and 461 kidnapped civilians were rescued.",0.001,Military Forces of Nigeria (2015-2023)
conflibert_conflibert,NIG17300,V,B,0.5214629769325256,"[0.5214629769325256, 0.478536993265152]","On 6 June 2020, unidentified gunmen attacked Maigoge (Bali LGA, Taraba) and killed 4 residents. The attack is believed to be related to the ongoing Tiv-Jukun conflict in the area.",0.001,Unidentified Communal Militia (Nigeria)
conflibert_conflibert,NIG19433,P,B,0.5144698023796082,"[0.5144698023796082, 0.48553022742271423]","On 12 January 2021, members of the Abubakar Tafawa Balewa University chapter of the Senior Staff Association of Nigerian Universities and Non-academic Staff Union of Universities staged protests in Bauchi State over unfair labor practices, the non-payment of salaries, and the failure of the federal government to implement the Memorandum of Understanding it entered with the Unions.",0.001,Protesters (Nigeria)
conflibert_conflibert,NIG20259,B,B,0.5841235518455505,"[0.5841235518455505, 0.41587647795677185]","On 26 March 2021, ISWAP fighters clashed with Nigerian military troops between Kanamma (Yunusari LGA, Yobe) and Gargada town in Yobe State, allegedly killing and wounding a number of soldiers. Unknown fatalities coded as 3.",0.001,Military Forces of Nigeria (2015-2023)
conflibert_conflibert,NIG16911,E,B,0.585347592830658,"[0.585347592830658, 0.41465240716934204]","On 30 April 2020, Nigerian Armed Forces conducted air strikes against an ISWAP camp at Parisu (Abadam, Borno). Facilities were destroyed and 'some' ISWAP fighters killed. Some fatalities coded as 3.",0.001,Military Forces of Nigeria (2015-2023)
conflibert_conflibert,NIG21717,V,B,0.5381730198860168,"[0.5381730198860168, 0.46182703971862793]","On 13 August 2021, armed militia attacked Tulutu village, (Goronyo LGA, Sokoto state). 9 persons were killed, 17 abducted and 19 injured in attacks in several areas of Goronyo. About 570 people have reportedly fled to neighboring Niger republic. Fatalities split across 3 events, coded as 3.",0.001,Sokoto Communal Militia (Nigeria)
conflibert_conflibert,NIG17438,P,B,0.5318667888641357,"[0.5318667888641357, 0.46813321113586426]","On 18 June 2020, hundreds of mototaxi drivers demonstrated in Abeokuta (Abeokuta South LGA, Ogun) over the increase of levies imposed by the State Government.",0.001,Protesters (Nigeria)
conflibert_conflibert,NIG21210,B,B,0.5232794880867004,"[0.5232794880867004, 0.47672051191329956]","On 26 June 2021, military and police members of the Task Force killed two kidnappers in Koton-Karfe (Kogi LGA, Kogi).",0.001,Military Forces of Nigeria (2015-2023)
conflibert_conflibert,NIG19363,V,B,0.5712029933929443,"[0.5712029933929443, 0.42879700660705566]","On 28 December 2020, unidentified armed men attacked Runka Community (Safana LGA, Katsina), killing a relative of a lawmaker representing Safana and abducting a newly-wedded couple.",0.001,Unidentified Armed Group (Nigeria)
conflibert_conflibert,NIG38277,B,E,0.5245928168296814,"[0.4754071831703186, 0.5245928168296814]","On 27 August 2024, the Nigerian troops ambushed some fleeing Jimmu Sumoli-led Zamfara militiamen and shot ten dead in Magamin Diddi village in Maradun LGA, coded to Faru Magami (Maradun, Zamfara). The militiamen escaped from a clash with the troops in Matusgi, coded separately.",0.001,Military Forces of Nigeria (2023-)
conflibert_conflibert,NIG34832,V,B,0.5474842190742493,"[0.5474842190742493, 0.45251575112342834]","On 31 January 2024, a suspected cult militia shot and killed a police inspector after raiding his house in Afaha Ube within the Uyo metropolis (Uyo, Akwa Ibom). The militia, numbering over ten, invaded the police residence and shot fire sporadically to scare the residents away before killing the police officer. The militia cut off the victim's head, placed it beside his body, and fled. A source reported the killing could be a reprisal for the police action.",0.001,Unidentified Cult Militia (Nigeria)
conflibert_conflibert,NIG19271,B,B,0.5795922875404358,"[0.5795922875404358, 0.4204077422618866]","On 16 December 2020, ISWAP militants clashed with Nigerian troops at Njimtilo (Kala/Balge LGA, Borno), allegedly killing five soldiers and seizing weapons and ammunition. Property damage additionally reported.",0.001,Military Forces of Nigeria (2015-2023)
conflibert_conflibert,NIG28844,V,B,0.5281495451927185,"[0.5281495451927185, 0.4718503952026367]","On 18 November 2022, an unidentified armed group attacked and killed a former Enugu state commissioner and his brother at Nkpokolo, Achi (Oji River, Enugu). The former commissioner was also a former local government chairman. The reason for the attack is unknown.",0.001,Unidentified Armed Group (Nigeria)
conflibert_conflibert,NIG34713,B,B,0.5497494339942932,"[0.5497494339942932, 0.4502505660057068]","On 24 January 2024, police clashed with an unidentified armed group while raiding their hideouts in Ukya village (Toto, Nassarawa). The police shot and killed a member of the group while others escaped with gun wounds. Fourteen hostages were rescued after the clash. There was one fatality.",0.001,Police Forces of Nigeria (2023-)
conflibert_conflibert,NIG22047,P,B,0.5433072447776794,"[0.5433072447776794, 0.45669275522232056]","On 22 September 2021, about 49 former workers of Total E&P protested against their alleged forceful retrenchment in Port Harcourt (Port Harcourt, Rivers).",0.001,Protesters (Nigeria)
conflibert_conflibert,NIG18099,E,B,0.5225674510002136,"[0.5225674510002136, 0.47743257880210876]","On 3 September 2020, the Nigerian Airforce conducted airstrikes against Kaduna Communal Militias at their hideout located in Kwaimbana forest, Kaduna State. Reported fatalities. Unknown fatalities coded as 3.",0.001,Military Forces of Nigeria (2015-2023)
conflibert_conflibert,NIG35581,B,B,0.5123621821403503,"[0.5123621821403503, 0.48763784766197205]","On 21 March 2024, the police and other security agencies, likely to be the military, clashed with the IPOB/ESN in their hideout in the Omni community forest in Izzi LGA, coded to Izi (Izzi, Ebonyi). The government forces killed three militiamen and arrested five. Others escaped and fled into the bush. One AK47 rifle with 16 rounds of live ammunition, a bag containing 2,000 rounds of live ammunition, A Police Warrant Card, and an Identity Card were recovered. There were three fatalities.",0.001,Military Forces of Nigeria (2023-)
conflibert_conflibert,NIG37066,B,B,0.539506196975708,"[0.539506196975708, 0.460493803024292]","On 27 May 2024, police forces in collaboration with a Fulani local defense militia (coded as Lokoja Communal Militia) engaged an unidentified armed group of three in an armed clash at Ankumi forest in the Obajana area (Lokoja, Kogi). Two members of the group were killed, the other one was wounded.",0.001,Police Forces of Nigeria (2023-)
conflibert_conflibert,NIG39131,B,B,0.5417228937149048,"[0.5417228937149048, 0.4582770764827728]","On 15 September 2024, ISWAP and Boko Haram (JAS) clashed around Lingir (Monguno, Borno). The clash spilled over to the following day, coded separately. An unspecified number of militants were killed. Unknown fatalities coded as 10.",0.001,Islamic State West Africa Province (ISWAP)
conflibert_conflibert,NIG16039,E,B,0.517458975315094,"[0.517458975315094, 0.4825409948825836]","Around 10 January 2020, Nigerian Air Force conducted air strikes against an ISWAP camp in Kollaram at Lake Chad near Gudumbali (Guzamala, Borno), Structures were destroyed and an unreported number of ISWAP fighters killed. Unknown number of fatalities coded as 10.",0.001,Military Forces of Nigeria (2015-2023)
conflibert_conflibert,NIG19847,B,B,0.5862098932266235,"[0.5862098932266235, 0.41379010677337646]","On 17 February 2021, a Katsina communal militia attacked Dan Musa town (Dan Musa LGA, Katsina) but were repelled by Nigerian police operatives. One reported fatality. Nigerian police also recovered weapons and ammunition.",0.001,Police Forces of Nigeria (2015-2023)
conflibert_conflibert,NIG28012,B,B,0.5737624168395996,"[0.5737624168395996, 0.4262375831604004]","On 2 July 2022, Nigerian troops clashed with Boko Haram (JAS) militants along Damaturu-Maiduguri road, coded to Ngamdu (Kaga, Borno). Casualties are unknown.",0.001,Military Forces of Nigeria (2015-2023)
conflibert_conflibert,NIG35200,B,B,0.5326259136199951,"[0.5326259136199951, 0.46737411618232727]","On 15 February 2024, the Nigerian police clashed with a Kaduna militia trying to abduct some commuters along the Tumburku-Galadimawa Road, coded to Galadimawa (Giwa, Kaduna). The militiamen in large numbers, had blocked the road before the police engaged them. They fled into the bush with gun wounds. The police recovered an AK47 rifle, three AK47 magazines, five rounds of 7.62 x 39mm live ammunition, a Techno mobile phone and two Bajaj motorcycles. There were no fatalities.",0.001,Police Forces of Nigeria (2023-)
conflibert_conflibert,NIG36315,S,B,0.5816305875778198,"[0.5816305875778198, 0.4183694124221802]","Property destruction: Around 24 April 2024 (as reported), Nigerian troops and Katsina state Civilian JTF cleared suspected hideouts of Katsina militias at Shawu, Dugun Fakwu and Tafki villages in Faskari LGA (Katsina). One fabricated gun and other weapons were recovered.",0.001,Military Forces of Nigeria (2023-)
conflibert_conflibert,NIG38764,B,B,0.5143755078315735,"[0.5143755078315735, 0.48562443256378174]","On 29 September 2024, police engaged suspected IPOB militants in a firefight, killing one along the Igbo Ukwu/Ezinifite/Uga axis of Aguata LGA, coded to Igbo-Ukwu (Anambra). Police recovered two AK-47 rifles, one pump-action gun, two magazines loaded with live ammunition, 15 live cartridges, and a black Prado Jeep with two different plate numbers.",0.001,Police Forces of Nigeria (2023-)
conflibert_conflibert,NIG16259,R,B,0.5450893640518188,"[0.5450893640518188, 0.45491066575050354]","On 3 February 2020, moto taxis drivers demonstrated and made bonfires on roads in Ijora (Apapa LGA, Lagos) over the ban of their business in various parts of Lagos state. Police forces engaged them in a battle and fired live ammunition. 3 people were killed.",0.001,Rioters (Nigeria)
conflibert_conflibert,NIG27359,V,B,0.5489785075187683,"[0.5489785075187683, 0.4510214924812317]","On 15 January 2022, Zamfara militiamen abducted nine civilians from Nahuche (Bungudu, Zamfara). There are no reports about ransom demands.",0.001,Zamfara Communal Militia (Nigeria)
conflibert_conflibert,NIG18033,P,B,0.5689812898635864,"[0.5689812898635864, 0.4310187101364136]","Around 26 August 2020 (as reported), poultry farmers staged a protest at the Government House in Enugu (Enugu North LGA, Enugu) over multiple taxation and other harsh conditions imposed on them.",0.001,Protesters (Nigeria)
conflibert_conflibert,NIG33543,V,B,0.5134623050689697,"[0.5134623050689697, 0.48653775453567505]","On 22 October 2023, an unidentified armed group shot and killed one person at Alu Oko, Ebge Egume, Aja-Odi, coded to Agojeju (Ofu, Kogi). No further details.",0.001,Unidentified Armed Group (Nigeria)
conflibert_conflibert,NIG29112,B,B,0.5176234841346741,"[0.5176234841346741, 0.48237648606300354]","On 19 December 2022, Nigerian troops in collaboration with the police and DSS clashed with IPOB militants when they raided their camp at Umuleje Amaeze in Ishielu LGA (Ebonyi). Four militants were killed, weapons, ammunition, 13 military hand grenades and other items were recovered.",0.001,Military Forces of Nigeria (2015-2023)
conflibert_conflibert,NIG20742,B,B,0.5427094101905823,"[0.5427094101905823, 0.4572905898094177]","On 18 May 2021, a Zamfara communal militia invaded Dansadau (Dan Sadau) (Maru LGA, Zamfara), carting away about 300 cows and looting shops. Property damage also reported. Nigerian military security operatives tried to repel the attack, but were overpowered.",0.001,Military Forces of Nigeria (2015-2023)
conflibert_conflibert,NIG36311,S,B,0.5892181396484375,"[0.5892181396484375, 0.4107818305492401]","Property destruction: Around 17 April 2024 (week of), Nigerian troops of Operation Hadin Kai destroyed ISWAP/ Boko Haram strongholds at Gorigi (Damboa, Borno), Abulam, Ajigin, Buk, Dusula and Talala (locations coded separately).",0.001,Military Forces of Nigeria (2023-)
conflibert_conflibert,NIG26015,V,B,0.5712134838104248,"[0.5712134838104248, 0.4287865161895752]","On 3 September 2022, an unidentified armed group shot and killed an NSCDC operative [presumed to be off-duty] and abducted three persons from the vehicle they were traveling in one the Oke Ako- Irele road (Ikole, Ekiti). The assailants shot at the vehicle during the attack, a ransom of 30 million naira has been demanded for the abductees' release. The abductees were released after 5 million naira and 100 thousand naira worth of recharge cards were provided, the police denied any ransom payment and claimed to have rescued them.",0.001,Unidentified Armed Group (Nigeria)
conflibert_conflibert,NIG37868,V,B,0.5295687317848206,"[0.5295687317848206, 0.47043126821517944]","On 2 August 2024, police fired shots and killed three people attempting to vandalize the food storage belonging to an INGO in Potiskum town (Potiskum, Yobe). The vandalization resulted from nationwide hunger protests declared by the youths in the country. The vandals defied a curfew imposed by the state government to douse tension.",0.001,Police Forces of Nigeria (2023-)
conflibert_conflibert,NIG37606,P,E,0.518258810043335,"[0.48174118995666504, 0.518258810043335]","On 6 July 2024, FCT women protested and marched from Unity fountain Maitama to the presidential villa in Abuja (Abuja Municipal, FCT) to denounce the rift between the FCT minister and senator representing the FCT.",0.001,Protesters (Nigeria)
conflibert_conflibert,NIG38413,P,B,0.5609316229820251,"[0.5609316229820251, 0.43906840682029724]","On 5 August 2024, residents protested along Olympia Road in Sapele (Sapele, Delta) over alleged bad governance and the harsh economic conditions in Nigeria.",0.001,Protesters (Nigeria)
conflibert_conflibert,NIG36054,E,B,0.5468382835388184,"[0.5468382835388184, 0.45316168665885925]","Around 13 April 2024 (between 12 April - 13 April), NAF conducted an airstrike that targeted and destroyed an illegal refining site and four boats loaded with illegally refined crude oil products at Yellow Island, Cawthorne Channel and Idama (Akukutoru, Rivers). The airstrikes lasted across different locations for two days (coded separately).",0.001,Military Forces of Nigeria (2023-)
conflibert_conflibert,NIG16472,B,B,0.5679186582565308,"[0.5679186582565308, 0.432081401348114]","On 27 February 2020, Nigerian Armed Forces clashed with ISWAP militants during clearance operations in Baga (Kukawa, Borno). 3 ISWAP fighters were killed and 2 NAF soldiers injured.",0.001,Military Forces of Nigeria (2015-2023)
conflibert_conflibert,NIG37282,V,B,0.5492680072784424,"[0.5492680072784424, 0.45073202252388]","On 12 June 2024, a policeman shot and killed a civilian at a checkpoint along Zamara - Yauri road (Yauri, Kebbi). The incident was a result of a money related disagreement between the policeman and the victim.",0.001,Police Forces of Nigeria (2023-)
conflibert_conflibert,NIG20827,B,B,0.5901108980178833,"[0.5901108980178833, 0.4098891615867615]","Around 26 May 2021 (as reported), Nigerian police operatives clashed with a Katsina communal militia at Kafur, Danja, Dutsinma, Safana, Batsari and Funtua Local Government Areas in Katsina State, killing five militiamen and recovered 69 rustled cows. 16 suspects were also arrested. Fatalities split across 6 events.",0.001,Police Forces of Nigeria (2015-2023)
conflibert_conflibert,NIG35373,B,B,0.554122269153595,"[0.554122269153595, 0.44587770104408264]","On 2 March 2024, troops of the Nigerian Army engaged IPOB/ ESN militants in an armed clash at their suspected crossing point in Akawa Nnaeto general area, coded to Nkwoagu Isuochi (Nneochi, Abia). The militants fled into the bushes, while the troops recovered a load rifle, ammunition and magazines. No casualties.",0.001,Military Forces of Nigeria (2023-)
conflibert_conflibert,NIG37803,S,B,0.5456935167312622,"[0.5456935167312622, 0.4543064832687378]","Movement of forces: On 13 July 2024, members of a Zamfara militia were sighted along the Aukie-Gidan Inna and Gwali, coded to Gidan Dan Inna (Bungudu, Zamfara). No further details.",0.001,Zamfara Communal Militia (Nigeria)
conflibert_conflibert,NIG36183,P,B,0.5023460388183594,"[0.5023460388183594, 0.49765393137931824]","On 25 January 2022, youths of Ariam Elu Elu village mobilized villagers who protested in the area against the inauguration of a fish farm by the National Agricultural Land Development Agency. The protesters claimed that project was a land grabbing scam. Location coded to Isiala Oboro (Ikwuano, Abia).",0.001,Protesters (Nigeria)
conflibert_conflibert,NIG36957,B,B,0.5459994077682495,"[0.5459994077682495, 0.4540005624294281]","On 23 May 2024, the Aye cult (Black Axe) and the Vikings clashed and killed one cult member in the Jenta Adamu area, Jos (Jos North, Plateau). The confrontation lingered till the following day, coded separately.",0.001,Black Axe (Nigeria)
conflibert_conflibert,NIG15981,B,B,0.5003354549407959,"[0.5003354549407959, 0.4996645450592041]","On 3 January 2020, Nigerian Armed Forces regained Matiri, Sheworam, Charikwenti, Burmari (Kaga, Borno) and Goni Bukarti from ISWAP . In the operations 6 ISWAP fighters were arrested and 461 kidnapped civilians were rescued.",0.001,Military Forces of Nigeria (2015-2023)
conflibert_conflibert,NIG35600,E,B,0.531238853931427,"[0.531238853931427, 0.4687611162662506]","On 15 March 2024, NAF carried out an airstrike that was targeted at a Niger militia's logistics storage place at Palele (Shiroro, Niger). The NAF claimed that the strike followed a confirmation of a cache of weapons at the location, which was destroyed. Casualties are unknown.",0.001,Military Forces of Nigeria (2023-)
conflibert_conflibert,NIG23271,V,B,0.5525588393211365,"[0.5525588393211365, 0.4474411606788635]","On 19 January 2022, armed individuals abducted an employee of memorial hospital Sabon Barki, in or around Gindiri (Mangu, Plateau). There are no reports about demands for ransom.",0.001,Unidentified Armed Group (Nigeria)
conflibert_conflibert,NIG21374,B,B,0.533240020275116,"[0.533240020275116, 0.4667600095272064]","On 17 May 2021, the security forces clashed with ISWAP members in a camp in Bosso LGA (Niger) [coded Maikonkele]. 25 fighters were killed, including a local commander.",0.001,Military Forces of Nigeria (2015-2023)
conflibert_conflibert,NIG34999,B,B,0.552078366279602,"[0.552078366279602, 0.4479215741157532]","On 14 February 2024, the police and vigilantes engaged the Sokoto militia in a firefight on the outskirts of Gigani village (Gwadabawa, Sokoto). The militia had shot a boy in his leg when the victim was fetching water from a well, and the police responded. The police killed one of the militiamen in the encounter and recovered a GPMG Rifle with six live ammunition. There was one fatality.",0.001,Police Forces of Nigeria (2023-)
conflibert_conflibert,NIG20518,R,B,0.5920679569244385,"[0.5920679569244385, 0.4079320728778839]","On 22 April 2021, a riot took place inside the Kurmawa Custodial facility in Kano (Kano Municipal LGA, Kano) over the alleged poor quality food in the facility. Police sources however report that the riot was over an attempt by officers to retrieve illicit items from inmates.",0.001,Rioters (Nigeria)
conflibert_conflibert,NIG28692,B,E,0.521519124507904,"[0.47848087549209595, 0.521519124507904]","On 10 November 2022, Nigerian troops clashed with a Zamfara militia that had come to evacuate the remains of their colleagues that were killed the previous day [coded separately] at Gando forest, coded to Bukuyum (Bukkuyum, Zamfara). Hundreds of militia members were killed, coded as 100.",0.001,Military Forces of Nigeria (2015-2023)
conflibert_conflibert,NIG19691,B,B,0.6100004315376282,"[0.6100004315376282, 0.38999950885772705]","Around 5 February 2021 (as reported), a Kaduna Communal Militia clashed with Nigerian police forces following an attack at Kuyello Village (Birnin-Gwari LGA, Kaduna). One reported fatality and two reported injuries.",0.001,Police Forces of Nigeria (2015-2023)
conflibert_conflibert,NIG22237,B,B,0.5428348779678345,"[0.5428348779678345, 0.45716509222984314]","On 10 October 2021, Nigerian military forces repelled an attack by ISWAP [Lake Chad faction] in Aulari (Konduga, Borno). The military forces engaged ISWAP gun trucks with rockets; three gun trucks were burnt, one was immobilized. An unspecified number of ISWAP members were killed; unknown fatalities coded as 10.",0.001,Islamic State West Africa Province (ISWAP) - Lake Chad Faction
conflibert_conflibert,NIG18632,V,E,0.5325708985328674,"[0.46742913126945496, 0.5325708985328674]","On 17 October 2020, Nigeria Security and Civil Defence Corps with personnel of the Port Harcourt Electricity Distribution Company assaulted a Punch Newspaper Journalist at his residence in Uyo (Uyo LGA, Akwa Ibom) over the non-payment of a bribe, inflicting serious injuries on the victim.",0.001,Police Forces of Nigeria (2015-2023) NSCDC: Nigeria Security and Civil Defence Corps
conflibert_conflibert,NIG25044,B,B,0.5257939100265503,"[0.5257939100265503, 0.4742060601711273]","On 2 June 2022, Nigerian troops trailed members of a Benue communal militia to their hideout, engaged them in an armed clash and killed three of them. The clash was the second after the troops cleared the militias' camps, location coded to the first camp in Katsina-Ala (Katsina Ala, Benue).",0.001,Military Forces of Nigeria (2015-2023)
conflibert_conflibert,NIG38976,P,B,0.5481878519058228,"[0.5481878519058228, 0.451812207698822]","On 14 October 2024, hundreds of the Polytechnic Ibadan students shut the institution's gate in Ibadan (Ibadan North West, Oyo) over the school's failure to mobilize them for the National Youth Service Corps.",0.001,Protesters (Nigeria)
conflibert_conflibert,NIG37774,B,E,0.5041242837905884,"[0.4958757162094116, 0.5041242837905884]","On 24 July 2024, the Nigerian troops and NSVC ambushed and killed over 100 Niger militia around the Akere axis of Kundu, coded to Kundu (Rafi, Niger). The militants left their motorcycles and moved on foot, trying to invade a community when the military attacked them.",0.001,Military Forces of Nigeria (2023-)
conflibert_conflibert,NIG35124,S,B,0.5120916962623596,"[0.5120916962623596, 0.48790833353996277]","Movement of forces: On 18 February 2024, a joint team of security operatives comprised of soldiers and police forces were deployed in Apa Local Government Area (Apa, Benue) coded to Ugbokpo to commence an operation in the local government area. The deployment followed the attacks in the area and is aimed at restoring peace.",0.001,Military Forces of Nigeria (2023-)
conflibert_conflibert,NIG36519,E,B,0.5317481160163879,"[0.5317481160163879, 0.46825188398361206]","On 3 May 2024, the air component of Operation Hadin Kai conducted an airstrike which targeted Boko Haram/ ISWAP militants at Chinine (Gwoza, Borno). Seven gun trucks which were observed at the location were targeted, several militants were killed and logistics were destroyed. Fatalities coded as 10.",0.001,Military Forces of Nigeria (2023-)
conflibert_conflibert,NIG35855,V,B,0.5747325420379639,"[0.5747325420379639, 0.42526745796203613]","On 4 April 2024, an unidentified armed group shot and killed one person and abducted three others while raiding some houses in the Faba community near Tokulo (Bwari, FCT).",0.001,Unidentified Armed Group (Nigeria)
conflibert_conflibert,NIG32903,B,E,0.5647995471954346,"[0.43520045280456543, 0.5647995471954346]","On 25 September 2023, the troops of Operation Hadarin Daji intercepted the Zamfara militia in Kayan Boggo, coded to Bukuyum (Bukkuyum, Zamfara). The troops killed an unspecified number of the militia (coded as 3) and rescued 15 abductees.",0.001,Military Forces of Nigeria (2023-)
conflibert_conflibert,NIG30609,V,B,0.5648488998413086,"[0.5648488998413086, 0.4351511597633362]","On 20 March 2023, a soldier killed a woman, her baby and wounded a commercial motorcyclist at Babanna community (Borgu, Niger). The woman and her child were hit by a bullet that was shot at the motorcyclist by the soldier over his refusal to pay a bribe of 200 naira. Other sources report that the motorcyclist was also killed and that the victims were a family.",0.001,Military Forces of Nigeria (2015-2023)
conflibert_conflibert,NIG17258,B,B,0.5596151947975159,"[0.5596151947975159, 0.4403848648071289]","On 3 June 2020, unidentified cult militias clashed in Ikorodu (Ikorodu LGA, Lagos). 1 person was killed.",0.001,Unidentified Cult Militia (Nigeria)
conflibert_conflibert,NIG29044,B,B,0.5178291201591492,"[0.5178291201591492, 0.48217085003852844]","On 5 December 2022, a Sokoto militia numbering about 90 killed three policemen guarding a market and three civilians when they attacked Yar Bulutu market in Sabon Birni LGA (Sokoto) and shot sporadically. The assailants set one of the policemen's vehicle ablaze and threw the body of one policeman into the fire, several other civilians sustained varying bullet wounds.",0.001,Sokoto Communal Militia (Nigeria)
conflibert_conflibert,NIG34305,B,B,0.565026044845581,"[0.565026044845581, 0.43497392535209656]","On 18 December 2023, an unidentified armed group killed the police orderly of a high court judge, then proceeded to abduct the judge and her driver as they were traveling along Okobo axis of Oron-Uyo road (Oron, Akwa Ibom). The assailants had posed as a local defense militia on the road. The abductees were released on 23 December, there are no reports on ransom payment.",0.001,Unidentified Armed Group (Nigeria)
conflibert_conflibert,NIG33047,E,B,0.5183200836181641,"[0.5183200836181641, 0.48167991638183594]","On 5 October 2023, the Operation UDO KA II troops's vehicle hit an IED planted by the IPOB/ESN while conducting a clearance operation on the Ihioma-Ihittenansa communities, coded to Ihitenansa (Orsu, Imo). After encountering the Nigerian troops, the militia escaped to the adjoining forest with gunshot wounds. The army recovered two X CCTV cameras and some IED-making materials. The troops destroyed three shrines used by the militias for fortification. There were no fatalities.",0.001,Military Forces of Nigeria (2023-)
conflibert_conflibert,NIG19625,V,B,0.5382890105247498,"[0.5382890105247498, 0.46171095967292786]","On 27 January 2021, Benue communal militia associated with Gana abducted at least 23 people along the Wukari/Takum road (Takum LGA, Taraba). Militiamen demanded ransom. Kidnapped victims were later rescued by Nigerian security forces. 17 suspects arrested. No reported fatalities.",0.001,Benue Communal Militia (Nigeria)
conflibert_conflibert,NIG38373,V,B,0.5330969095230103,"[0.5330969095230103, 0.46690306067466736]","On 2 September 2024, suspected armed Fulani pastoralists shot and killed the LP chairman for Igumale Ward1 while returning from the farm in Igumale (Ado, Benue). He was attacked together with five others who escaped with gunshot wounds.",0.001,Fulani Ethnic Militia (Nigeria)
conflibert_conflibert,NIG29899,V,E,0.5263918042182922,"[0.47360825538635254, 0.5263918042182922]","On 28 January 2023, soldiers numbering five attacked civilians at their house during a wedding celebration in Rafin Guza (Kaduna North, Kaduna) coded to Kaduna following an altercation with a commercial tricycle rider and soldiers earlier that day due to traffic congestion that was caused by the wedding celebration. One person was killed, three others were shot and beaten by the soldiers.",0.001,Military Forces of Nigeria (2015-2023)
conflibert_conflibert,NIG20554,B,B,0.6118593811988831,"[0.6118593811988831, 0.38814058899879456]","On 26 April 2021, Nigerian military clashed with ISWAP fighters following an attack on Gwoza LGA (Borno). No reported fatalities.",0.001,Military Forces of Nigeria (2015-2023)
conflibert_conflibert,NIG37659,B,B,0.5342515707015991,"[0.5342515707015991, 0.4657483994960785]","On 11 July 2024, Nigerian troops of Operation Whirl Stroke clashed with a Taraba militia in Geshi village, Damisa Ward (Donga, Taraba). The troops, acting on intelligence that the militia was attacking Geshi village, responded and confronted the militiamen. The militia escaped with gunshot wounds. The troops trailed them and arrested two and two motorcycles. There were no fatalities.",0.001,Military Forces of Nigeria (2023-)
conflibert_conflibert,NIG37233,P,B,0.5044665336608887,"[0.5044665336608887, 0.49553340673446655]","On 7 June 2024, NULGE members protested at the LGA headquarters in Nangere (Nangere, Yobe), demanding the complete autonomy of local government administration in Nigeria. They gathered at the secretariat's gate and displayed placards with various inscriptions demanding the scrapping of the Joint Account Committee (JAC) and illegal deductions from local governments' allocations by state governments.",0.001,Protesters (Nigeria)
conflibert_conflibert,NIG38089,V,B,0.5231772065162659,"[0.5231772065162659, 0.47682279348373413]","On 13 August 2024, a Katsina abducted four people from a Volkswagen Golf II wagon village along the Gora-Runka Road in Gobirawa (Safana, Katsina). The police responded to the information about the abduction and swung into action. They rescued the four hostages after a gun duel with the abductors, coded separately.",0.001,Katsina Communal Militia (Nigeria)
conflibert_conflibert,NIG38139,B,B,0.5427665710449219,"[0.5427665710449219, 0.4572334587574005]","On 12 August 2024, suspected Vikings and Iceland cult militias wielding machetes attacked each other and killed one person in Rumu-Olumene (Obio, Rivers). The cultists clashed during the Students' Week celebrations at Ignatius Ajuru University of Education at Rumuolumeni.",0.001,SVC: Supreme Vikings Confraternity (Nigeria)
conflibert_conflibert,NIG38318,P,B,0.534677267074585,"[0.534677267074585, 0.4653227627277374]","Around 26 August 2024 (as reported), over 300 Ukpor residents marched to the EEDC office in Nnewi (Nnewi North, Anambra) over a blackout in their community. They carried placards with various inscriptions, accusing the electricity company of negligence and sabotage.",0.001,Protesters (Nigeria)
conflibert_conflibert,NIG19965,B,B,0.5560603737831116,"[0.5560603737831116, 0.44393956661224365]","Around 1 March 2021 (between 1 - 2 March), Nigerian military troops clashed with ISWAP fighters at Dikwa town (Dikwa LGA, Borno). Community resources report that at least six civilians were killed and four UN humanitarian aid workers abducted. Property damage also reported. Military sources deny abduction reports alleging the safety of all UN workers in the area. ISWAP sources report that eight soldiers were killed.",0.001,Military Forces of Nigeria (2015-2023)
conflibert_conflibert,NIG31458,B,E,0.5082298517227173,"[0.4917701780796051, 0.5082298517227173]","On 31 May 2023, the police/local vigilantes (RUSPAC) attacked the suspected Deebam cult group and killed four in the Ndele or Rundele (Emohua, Rivers). The cult group was reported to have killed four people in the community a few days back, coded separately. The police recovered one pump action and two live cartridges with three empty cartridge shells.",0.001,Police Forces of Nigeria (2023-)
conflibert_conflibert,NIG19835,V,B,0.5963144302368164,"[0.5963144302368164, 0.403685599565506]","Around 16 February 2021 (as reported), a Kaduna communal militia attacked Akwando village (Kachia LGA, Kaduna), killing one resident. Unknown reason for attack.",0.001,Kaduna Communal Militia (Nigeria)
conflibert_conflibert,NIG30638,V,B,0.5234508514404297,"[0.5234508514404297, 0.47654908895492554]","On 21 March 2023, suspected armed Fulani pastoralists ambushed residents in Sobe (Owan West, Edo) and inflicted machete cuts on one person. Several other persons were displaced as a result of the attack.",0.001,Fulani Ethnic Militia (Nigeria)
conflibert_conflibert,NIG26080,B,B,0.5725927352905273,"[0.5725927352905273, 0.42740726470947266]","Around 15 August 2022 (as reported), an unidentified armed group attacked a police squad, wounded three policemen and stole their rifles along Ozoro/ Kwale (Ndokwa West, Delta).",0.001,Unidentified Armed Group (Nigeria)
conflibert_conflibert,NIG24099,V,B,0.5011612176895142,"[0.5011612176895142, 0.49883878231048584]","On 15 March 2022, two bus drivers were killed by officers from the Lagos State Task Force in Isheri (Kosofe, Lagos). Circumstances for the deaths are unknown.",0.001,Military Forces of Nigeria (2015-2023) Lagos State Task Force
conflibert_conflibert,NIG25991,B,B,0.5466575026512146,"[0.5466575026512146, 0.4533424973487854]","On 3 September 2022, Nigerian troops on a fighting patrol clashed with a Kaduna militia at Farin-Ruwa (Birnin Gwari, Kaduna), Dogon Dawa-Kuyelo and Sabon Birni [coded separately]. Three militiamen were killed, two rifles, nine magazines, seven Boafeng communication radio and other items were recovered by the troops. 3 fatalities split across 3 events coded as 1.",0.001,Military Forces of Nigeria (2015-2023)
conflibert_conflibert,NIG37561,B,B,0.5304327011108398,"[0.5304327011108398, 0.46956729888916016]","On 6 July 2024, soldiers raided the camp of a Kaduna militia in Iche forest, Kagarko LGA (Kaduna). 162 cattle that were previously rustled by the militia were recovered, casualties are unknown.",0.001,Military Forces of Nigeria (2023-)
conflibert_conflibert,NIG19162,B,B,0.5530998706817627,"[0.5530998706817627, 0.4469001293182373]","On 19 December 2020, ISWAP clashed with Nigerian troops at Ajiri (Mafa LGA, Borno), killing five soldiers and injuring at least three others.",0.001,Military Forces of Nigeria (2015-2023)
conflibert_conflibert,NIG24460,V,B,0.5225280523300171,"[0.5225280523300171, 0.4774719178676605]","On 10 April 2022, armed individuals attacked civilians in Gyambawu / Gyambar (Kanam, Plateau), Wanka, Shuwaka, Dadin Kowa, Kukawa, Gwammadaji, Dungur, Kyaram, Dadda and Wase [coded separately]. At least 106 people were killed in the attacks; over 70 persons, including women and children, were abducted and over 100 houses were burnt. Fatalities split across two events and coded as 53",0.001,Unidentified Armed Group (Nigeria)
conflibert_conflibert,NIG31938,R,B,0.5222454071044922,"[0.5222454071044922, 0.4777545928955078]","On 9 July 2023, the Ege masquerade and its adherents attacked residents of Ibadan (Ibadan North West, Oyo), wounded scores and destroyed properties worth millions for unclear reasons.",0.001,Rioters (Nigeria)
conflibert_conflibert,NIG19318,B,B,0.5652921199798584,"[0.5652921199798584, 0.434707909822464]","On 23 December 2020, ISWAP clashed with Nigerian troops at Gajiram (Nganzai LGA, Borno), allegedly killing and wounding a number of soldiers. Unknown fatalities coded as 10.",0.001,Military Forces of Nigeria (2015-2023)
conflibert_conflibert,NIG36870,B,B,0.5847211480140686,"[0.5847211480140686, 0.4152788519859314]","On 16 June 2024, Nigerian army troops on patrol killed a Kaduna militia commander's associate at Kidandan (Giwa, Kaduna). The militia member was trailed by the troops into a community.",0.001,Military Forces of Nigeria (2023-)
conflibert_conflibert,NIG22324,V,B,0.5613763332366943,"[0.5613763332366943, 0.43862366676330566]","On 19 October 2021, an unidentified armed group attacked a traditional rulers' meeting at Nnenasa (Njaba, Imo); two rulers were killed, other sources reported three fatalities; 3 others sustained gunshots. The IPOB has denied links with the attack.",0.001,Unidentified Armed Group (Nigeria)
conflibert_conflibert,NIG20594,V,B,0.5772616863250732,"[0.5772616863250732, 0.42273831367492676]","On 30 April 2021, unidentified gunmen abducted the traditional ruler of Esuk Atu village at his residence in Esuk Atu (Calabar South LGA, Cross River). Gunmen demanded ransom.",0.001,Unidentified Armed Group (Nigeria)
conflibert_conflibert,NIG32148,B,B,0.5268114805221558,"[0.5268114805221558, 0.47318851947784424]","On 28 July 2023, troops of Operation Hadarin Daji cleared hideouts of a Zamfara militia led by Alhaji Ilu and engaged them in an armed clash at Kaboro (Maru, Zamfara), Sangeku, Kabugu Lamba and Danmani [coded separately]. One militia member was killed, several others escaped with gunshot wounds. Fatalities split accross three locations.",0.001,Military Forces of Nigeria (2023-)
conflibert_conflibert,NIG38680,B,B,0.5472874641418457,"[0.5472874641418457, 0.4527125060558319]","Around 23 September 2024 (as reported), the Nigerian troops clashed with IS/BH fighters and killed four in Mazda and Azare villages in Gujba LGA, coded to Gujba (Yobe). The troops ambushed the militants as they attempted to receive some items from their suppliers. They recovered two AK-47 rifles, two empty AK-47 rifle magazines, and other items.",0.001,Military Forces of Nigeria (2023-)
conflibert_conflibert,NIG27932,B,B,0.545821487903595,"[0.545821487903595, 0.45417851209640503]","On 6 February 2021, militias from Adogo and Ogodo clashed in Adogo community (Ajaokuta, Kogi) over a land dispute. Eleven people were killed in the clash.",0.001,Adogu Communal Militia (Nigeria)
conflibert_conflibert,NIG22492,V,B,0.5488739013671875,"[0.5488739013671875, 0.4511260390281677]","On 30 October 2021, a Katsina militia attacked and killed an unidentified number of civilians in Ungwan Dudu (Faskari, Katsina), coded as Faskari. The group looted shops during the attack and wounded an unspecified number of individuals. Unknown fatalities coded as 3.",0.001,Katsina Communal Militia (Nigeria)
conflibert_conflibert,NIG24435,B,B,0.5139965415000916,"[0.5139965415000916, 0.48600339889526367]","On 13 April 2022, Black Axe, also called Aye militia, clashed with members of Supreme Vikings militia in the Umuneze community, coded to Ogwashi-Uku (Aniocha South, Delta). One person was killed.",0.001,Black Axe (Nigeria)
conflibert_conflibert,NIG29508,V,B,0.5057594180107117,"[0.5057594180107117, 0.49424052238464355]","On 30 December 2022, the Kebbi Communal Militia launched multiple attacks on Shangil, Dimo and Gaya Communities, coded to Wasagu (Danko, Kebbi). The militia killed one personand burnt down a car during the attack. 1 fatality reported.",0.001,Kebbi Communal Militia (Nigeria)
conflibert_conflibert,NIG38936,S,B,0.5811092853546143,"[0.5811092853546143, 0.41889074444770813]","Other: On 2 September 2024, six repentant Boko Haram (JAS) militants escaped from the rehabilitation center in Borno State, location coded to the state capital Maiduguri (Maiduguri Metro, Borno). A source reported that they fled with government-issued rifles, but the State government refuted the claim and highlighted that six escaped out of over 20,000 processed as low risk. The escapees accused the government of failing to fulfill its promises of providing them with education, shelter, and employment.",0.001,Boko Haram - Jamaatu Ahli is-Sunnah lid-Dawati wal-Jihad
conflibert_conflibert,NIG21998,V,E,0.5130017399787903,"[0.4869982600212097, 0.5130017399787903]","On 1 August 2021, suspected Fulani pastoralists attacked and killed seven persons, while nine others were wounded in Kpachudu (Bassa, Plateau), coded as Bassa. The police claims four people were killed and fifty houses burnt.",0.001,Fulani Ethnic Militia (Nigeria)
conflibert_conflibert,NIG27991,S,B,0.5843983888626099,"[0.5843983888626099, 0.41560161113739014]","Security measures: On 17 September 2020, presumed ISWAP/ Boko haram militants set up an illegal vehicle checkpoint along Maiduguri-Gajiram road Nganzai LGA (Borno), coded to Gajiram.",0.001,Islamic State West Africa Province (ISWAP) - Lake Chad Faction and/or Boko Haram - Jamaatu Ahli is-Sunnah lid-Dawati wal-Jihad
conflibert_conflibert,NIG34248,V,B,0.5217399001121521,"[0.5217399001121521, 0.4782601296901703]","On 23 December 2023, a Police officer shot and wounded a Nollywood actor in the neck at Iperu (Ikenne, Ogun). Another source reported that the police were trying to disperse some thugs surrounding the person he was attached to when he opened the fire, and the stray bullet hit the actor. The police officer fled the scene after the shooting but was later arrested. The victim was taken to the hospital for treatment.",0.001,Police Forces of Nigeria (2023-)
conflibert_conflibert,NIG35995,P,B,0.5208042860031128,"[0.5208042860031128, 0.4791957139968872]","Around 19 April 2024 (as reported), some women protested in Bokkos (Bokkos, Plateau) over the renewed killings in their communities. They marched to the Council headquarters to register their discontent.",0.001,Protesters (Nigeria)
conflibert_conflibert,NIG35481,B,B,0.5211546421051025,"[0.5211546421051025, 0.47884535789489746]","On 10 March 2024, military forces together with hybrid forces, coded as Civilian JTF engaged Boko Haram/ ISWAP militants in an armed clash at their enclave at Ukuba in Sambisa Forest Reserve (Gwoza, Borno). 8 militants were killed, 5 locally fabricated guns, two motorcycles and assorted food items were recovered by the troops.",0.001,Military Forces of Nigeria (2023-)
conflibert_conflibert,NIG21424,P,B,0.5261829495429993,"[0.5261829495429993, 0.47381705045700073]","On 21 July 2021, a group took the streets in Akure (Akure South LGA, Ondo) in a demonstration against the alleged abandonment of Akure-Ado Ekiti Expressway by the government.",0.001,Protesters (Nigeria)
conflibert_conflibert,NIG30817,B,B,0.5445666313171387,"[0.5445666313171387, 0.45543333888053894]","On 31 March 2023, troops of Operation Forest Sanity clashed with ISWAP/ Boko Haram militants during a fighting patrol which began the previous day in Kubusu forest in Chikun LGA (Kaduna). Five militants were killed, other fled with gunshot injuries, rifles, magazines, ammunitions, motorcycles and other items were recovered by the troops as claimed by the Defense Headquarters.",0.001,Military Forces of Nigeria (2015-2023)
conflibert_conflibert,NIG34555,V,B,0.5087456703186035,"[0.5087456703186035, 0.4912543296813965]","Other: Around 11 January 2024 (as reported), the decomposing corpses of 11 Fulani locals were discovered in a forest near an area called crossing in Kachia LGA (Kaduna). The victims were arrested by soldiers from Ladugga community at different times, the Nigerian Army denied involvement in the incident.",0.001,Military Forces of Nigeria (2023-)
conflibert_conflibert,NIG24371,V,B,0.5641155242919922,"[0.5641155242919922, 0.4358844757080078]","On 7 April 2022, an armed group killed 2 - 'many' persons when they invaded the local government headquarters in Elwulobia (Aguata, Anambra). Structures, shops and vehicles within the secretariat were set ablaze. Fatalities coded as 2.",0.001,Unidentified Armed Group (Nigeria)
conflibert_conflibert,NIG27104,V,B,0.5968719720840454,"[0.5968719720840454, 0.40312808752059937]","On 4 September 2021, a soldier opened fire while trying to disperse a crowd during local elections in Gwanki (Makarfi LGA, Kaduna). A girl was killed by a stray bullet.",0.001,Military Forces of Nigeria (2015-2023)
conflibert_conflibert,NIG27613,R,B,0.5382893681526184,"[0.5382893681526184, 0.4617106020450592]","On 4 December 2020, a mob killed two suspected armed robbers at the 110 roundabout, Odo Ona (Ibadan South West, Oyo) under accusations of having shot and killed a motorcyclist.",0.001,Rioters (Nigeria)
conflibert_conflibert,NIG32681,R,B,0.5131086111068726,"[0.5131086111068726, 0.48689138889312744]","On 8 September 2023, commercial tricycle operators blocked Nukkai, ATC, Micheline, and other major roads in Jalingo Metropolis (Jalingo, Taraba) while demonstrating over the murder of one of their members by unknown suspects posing as passengers in the previous night. The suspect made away with the rider's tricycle after killing him. The demonstrators damaged the office of the state chairman of the Association of Tricycle Operators and disrupted traffic in the metropolis.",0.001,Rioters (Nigeria)
conflibert_conflibert,NIG23047,V,B,0.5365320444107056,"[0.5365320444107056, 0.46346789598464966]","On 23 December 2021, suspected Okpolo-Enwhe militiamen attacked a couple on their farm in Owodokpokpo-Igbide (Isoko South, Delta). The woman was beheaded while her husband escaped with bullet wounds.",0.001,Enwhe Communal Militia (Nigeria)
conflibert_conflibert,NIG32584,R,B,0.5670807361602783,"[0.5670807361602783, 0.4329192042350769]","On 16 August 2023, a mob killed a suspected cattle rustler who was accused of stealing sheep from Unguwan Toro village, Babura LGA (Jigawa). The victim was beat up and he died from the injuries that he sustained.",0.001,Rioters (Nigeria)
conflibert_conflibert,NIG16114,S,E,0.5103946924209595,"[0.4896053373813629, 0.5103946924209595]","On 19 January 2020, Nigerian Armed Forces and Civilian JTF cleared Bulabulin (Konduga LGA, Borno), Kirkashima (location not found, coded as Maiduguri) and Ariwuzumari (Konduga LGA) from Boko Haram (JAS) or ISWAP.",0.001,Military Forces of Nigeria (2015-2023)
conflibert_conflibert,NIG35790,B,B,0.5390693545341492,"[0.5390693545341492, 0.46093064546585083]","On 2 April 2024, operatives of the Anambra state joint security force, coded as police forces engaged an unidentified armed group in an armed clash at their camps at Obofia forest in Agulezechuku (Aguata, Anambra) and Ogboji (coded separately). 5 members of the group were killed, split across two events and coded as 3. Locally fabricated rocket launchers, police uniforms, charms and other items were recovered.",0.001,Police Forces of Nigeria (2023-)
conflibert_conflibert,NIG18886,B,B,0.5256481170654297,"[0.5256481170654297, 0.4743518829345703]","On 11 November 2020, Nigerian police forces with local militiamen clashed with a Niger communal militia at a location between Baban Lamba and Kontagora (Mashegu LGA, Niger), killing four and recovering motorcycles and weapons.",0.001,Niger Communal Militia (Nigeria)
conflibert_conflibert,NIG36346,P,E,0.5246725082397461,"[0.4753275215625763, 0.5246725082397461]","On 22 April 2024, large numbers of residents of Bini village in Maru LGA protested at the state government house in Gusau (Gusau, Zamfara) against the withdrawal of military troops from their village. The protesters went with their foodstuff, mats and other properties.",0.001,Protesters (Nigeria)
conflibert_conflibert,NIG35002,B,B,0.5341892838478088,"[0.5341892838478088, 0.46581071615219116]","On 15 February 2024, the Nigerian police engaged in a firefight with an unidentified armed group while raiding their hideouts between Nasarawa State and the Kuje LGA, coded to Kuje (Kuje, FCT). The police arrested one member of the group and rescued two hostages. There were no fatalities.",0.001,Police Forces of Nigeria (2023-)
conflibert_conflibert,NIG18752,V,B,0.5775796175003052,"[0.5775796175003052, 0.4224204123020172]","On 23 October 2020, Nigerian police forces attacked a journalist in Udu LGA, Delta over the enforcement of the state-wide curfew despite the journalist being on an official assignment. No reported fatalities.",0.001,Police Forces of Nigeria (2015-2023)
conflibert_conflibert,NIG16588,R,B,0.5864772200584412,"[0.5864772200584412, 0.4135228097438812]","On 20 March 2020, a suspected robber was beaten and burnt to death by a youth mob in Owerri (Owerri LGA, Imo).",0.001,Rioters (Nigeria)
conflibert_conflibert,NIG37317,E,E,0.5042705535888672,"[0.4957294166088104, 0.5042705535888672]","On 19 June 2024, the air component of Operation Delta Safe targeted and destroyed an illegal refining site and canoe filled with illegally refined products in an airstrike at Wilcourt (Degema, Rivers). Some gunboats were also destroyed.",0.001,Military Forces of Nigeria (2023-)
conflibert_conflibert,NIG25945,R,B,0.5985853672027588,"[0.5985853672027588, 0.4014146625995636]","On 5 August 2022, a mob killed a man who was suspected to be a ritualist and was accused of making a boy disappear in Okene (Okene, Kogi). The victim was burnt to death.",0.001,Rioters (Nigeria)
conflibert_conflibert,NIG18354,B,B,0.5396327376365662,"[0.5396327376365662, 0.46036723256111145]","On 27 September 2020, Nigerian troops and Kajuru local militiamen clashed with Kaduna militias in Dajin Kajuru (Kajuru LGA, Kaduna), killing two Kaduna militiamen. Three others were also arrested.",0.001,Military Forces of Nigeria (2015-2023)
conflibert_conflibert,NIG38761,B,B,0.5248984694480896,"[0.5248984694480896, 0.475101500749588]","Around 30 September 2024 (as reported), the Nigerian troops clashed with a Kaduna militia, killing one militant in the forest between Danmari and Saulawa villages, in Birnin Gwari LGA, coded to Saulawa (Kaduna).",0.001,Military Forces of Nigeria (2023-)
conflibert_conflibert,NIG22837,V,B,0.5200661420822144,"[0.5200661420822144, 0.47993385791778564]","On 7 December 2021, a tanker driver was shot in the leg by a policeman close to the Asaba tollgate area of the Niger bridge (Oshimili South, Delta). The driver had attempted running away over fear of being beaten or arrested when he was shot.",0.001,Police Forces of Nigeria (2015-2023)
conflibert_conflibert,NIG33181,R,E,0.5060251951217651,"[0.49397480487823486, 0.5060251951217651]","On 20 October 2023, mobs lynched a man in the A. A Koto area of Akwanga (Akwanga, Nasarawa) over the allegation of motorcycle theft. They had beaten the victim to death before the soldiers intervened to calm the situation.",0.001,Rioters (Nigeria)
conflibert_conflibert,NIG16365,E,B,0.5112253427505493,"[0.5112253427505493, 0.4887746572494507]","On 16 February 2020, Nigerian Air Force conducted air strikes against an ISWAP camp at Tumbin Zarami at Lake Chad (coded as Monguno, Borno) and destroyed structures.",0.001,Military Forces of Nigeria (2015-2023)
conflibert_conflibert,NIG16252,S,E,0.5000339150428772,"[0.4999661147594452, 0.5000339150428772]","On 2 February 2020, a suspected suicide bomber was arrested at Sabon Tasha (Kaduna South LGA, Kaduna) before attacking a church.",0.001,Police Forces of Nigeria (2015-2023)
conflibert_conflibert,NIG17105,R,B,0.5556354522705078,"[0.5556354522705078, 0.44436460733413696]","Around 25 May 2020 (reported on), a mob beat up a community member in Orlu (Orlu LGA, Imo), over witchcraft accusations.",0.001,Rioters (Nigeria)
conflibert_conflibert,NIG37922,P,B,0.5802698135375977,"[0.5802698135375977, 0.41973015666007996]","On 1 August 2024, residents demonstrated in Minna city (Minna, Niger) against the hike of fuel prices, using the hashtag #EndBadGovernanceInNigeria. The police and army fired shots in the air to disperse them. No casualties.",0.001,Protesters (Nigeria)
conflibert_conflibert,NIG16570,V,B,0.5511502623558044,"[0.5511502623558044, 0.44884973764419556]","On 17 March 2020, suspected Fulani militias attacked Kugosi and Kajari (Chikun LGA, Kaduna) and killed 3 residents. Fatalities split between 2 events.",0.001,Fulani Ethnic Militia (Nigeria)
conflibert_conflibert,NIG17898,P,B,0.5537115931510925,"[0.5537115931510925, 0.44628843665122986]","On 10 August 2020, commercial drivers operating between Eleme and Igbo-Etche LGAs took to the streets in Rivers State to protest against harassment and extortion by the police.",0.001,Protesters (Nigeria)
conflibert_conflibert,NIG31996,B,B,0.5000420808792114,"[0.5000420808792114, 0.49995794892311096]","On 20 July 2023, troops of Operation Hadarin Daji in collaboration with Civilian JTF operatives invaded the hideouts of Boko Haram [JAS faction] militants and engaged them in an armed clash at Bula Daloye, Bulongu Dina and Mairamiri Dina in Bama LGA (Borno). Eight militants were killed, others fled, women and children were rescued by the troops.",0.001,Military Forces of Nigeria (2023-)
conflibert_conflibert,NIG37062,P,E,0.5028861165046692,"[0.4971138834953308, 0.5028861165046692]","On 27 May 2024, Labor Party supporters who were against the party's national chairman protested at the party's national secretariat in Abuja (Abuja Municipal, FCT) to demand for his removal. About 20 suspected supporters of the chairman attacked the protesters.",0.001,Protesters (Nigeria)
conflibert_conflibert,NIG20932,P,E,0.5087841749191284,"[0.4912158250808716, 0.5087841749191284]","On 3 June 2021, thousands of Urhobo youth led by the Urhobo Progress Union - Youth Wing shut down the Delta State Office of the Niger Delta Development Commission in Warri (Warri South LGA, Delta) in a demonstration against the president's refusal to constitute a new board for the Commission.",0.001,Protesters (Nigeria)
conflibert_conflibert,NIG30546,V,B,0.5211375951766968,"[0.5211375951766968, 0.4788624346256256]","On 9 March 2023, an unidentified armed group abducted the Taraba state chairman of CCSON from his residence at Magami (Jalingo, Taraba). The abductors demanded for a ransom of 100 million naira and later reduced it to 25 million.",0.001,Unidentified Armed Group (Nigeria)
conflibert_conflibert,NIG29675,R,B,0.5307484269142151,"[0.5307484269142151, 0.4692515730857849]","On 20 January 2023, a mob of 3 beat up and killed a commercial motorcyclist at Kobongbogboe area of Oshogbo (Osogbo, Osun). The victim sustained injuries and died at a hospital the following morning. The victim was attacked after he demanded payment for the service he rendered to the assailants.",0.001,Rioters (Nigeria)
conflibert_conflibert,NIG37598,P,B,0.5146782398223877,"[0.5146782398223877, 0.4853217899799347]","On 9 July 2024, SSANU and NASU members from the Federal University Lokoja chapter protested on the university's campus in Felele, Lokoja (Lokoja, Kogi) to demand for the release of their withheld salaries by the federal government and the implementation of their outstanding demands. The protesters locked all the gates of the institution.",0.001,Protesters (Nigeria)
conflibert_conflibert,NIG24877,V,B,0.5108990669250488,"[0.5108990669250488, 0.4891009032726288]","On 17 May 2022, armed individuals attacked the house of the Ikwo Local Government Chairman at Ekpa Omaka (Ikwo, Ebonyi) and killed four person. Three of the victims were relatives of the chairman who was not at home at the time, the fourth person was the gate keeper, the assailants set the house ablaze. The Chairman's life had been under threat since he assumed office and there had been attempts to burn his house on several occasions but were prevented by security operatives.",0.001,Unidentified Armed Group (Nigeria)
conflibert_conflibert,NIG29822,R,B,0.5354166626930237,"[0.5354166626930237, 0.4645833373069763]","On 2 February 2023, students of University of Benin clashed with soldiers at the university's main campus in Ugbowo (Egor, Edo) following the students' resistance to soldiers' attempt to jump queue at an ATM and assault a student who they assumed was filming them. The soldiers returned later on the same day for a reprisal and attacked civilians [coded separately].",0.001,Rioters (Nigeria)
conflibert_conflibert,NIG32510,B,B,0.6068863868713379,"[0.6068863868713379, 0.3931136727333069]","On 12 August 2023, Nigerian troops and presumed ISWAP/ Boko Haram militants engaged in an armed clash in the vicinity of Kawuri (Konduga, Borno). Casualties are unknown.",0.001,Military Forces of Nigeria (2023-)
conflibert_conflibert,NIG23941,P,E,0.5397422909736633,"[0.46025773882865906, 0.5397422909736633]","On 28 February 2022, youths from Kutigi town and neighboring communities protested and blocked the road linking Bida and Kutigi (Lavun, Niger). The protest was over the lack of prompt response by security agents and stake holders to protect the locals during an attack by militiamen a few days before.",0.001,Protesters (Nigeria)
conflibert_conflibert,NIG34842,B,B,0.5198744535446167,"[0.5198744535446167, 0.4801255166530609]","On 6 February 2024, soldiers attacked policemen at their camp in Sabon Gari area of Mangu (Mangu, Plateau). An unspecified number of policemen were wounded, and they claimed that the attack was unprovoked.",0.001,Military Forces of Nigeria (2023-)
conflibert_conflibert,NIG17481,B,B,0.6122606992721558,"[0.6122606992721558, 0.3877393305301666]","On 21 June 2020, Boko Haram attacked an IDP camp in Maiduguri (Maiduguri LGA, Borno) and were repelled by Nigerian Armed Forces. No fatalities and/or injuries reported.",0.001,Islamic State West Africa Province (ISWAP) - Lake Chad Faction and/or Boko Haram - Jamaatu Ahli is-Sunnah lid-Dawati wal-Jihad
conflibert_conflibert,NIG25204,S,B,0.5804353952407837,"[0.5804353952407837, 0.4195646345615387]","Property destruction: On 9 June 2022, Bassa Kwomu militiamen set eight houses ablaze including the palace of the traditional ruler when they invaded Mozum (Bassa, Kogi). The militiamen were suspected to have been hired from Agatu in Benue state, the attack was a reprisal for the murder of a palm wine tapper [coded separately].",0.001,Bassa Kwomu Communal Militia (Nigeria)
conflibert_conflibert,NIG27219,B,B,0.5311267971992493,"[0.5311267971992493, 0.4688732326030731]","On 27 June 2020, Boko Haram militants ambushed a military van accompanying civilians in Abbari village along Maiduguri to Damboa road, coded to Maiduguri (Maiduguri Metro, Borno). 14 soldiers were killed, 2 civilians were wounded, 9 female civilians were abducted. One military vehicle was destroyed, one patrol vehicle belonging to CJTF who were part of the team was stolen.",0.001,Boko Haram - Jamaatu Ahli is-Sunnah lid-Dawati wal-Jihad
conflibert_conflibert,NIG35628,B,B,0.5588592290878296,"[0.5588592290878296, 0.4411408007144928]","On 18 March 2024, troops of the Nigerian army raided the hideout of IPOB militants and engaged them in an armed clash at Orsu Ihiteukwa (Orsu, Imo). One militant was killed, the others fled and their camp was destroyed by the troops.",0.001,Military Forces of Nigeria (2023-)
conflibert_conflibert,NIG16112,B,B,0.5463594198226929,"[0.5463594198226929, 0.45364055037498474]","On 19 January 2020, Nigerian Armed Forces, Cameroon Armed Forces, Civilian JTF and local militias cleared Shuwarin (Bama, Borno) and encountered resistance from Boko Haram (JAS). 1 BH fighter was killed.",0.001,Military Forces of Nigeria (2015-2023)
conflibert_conflibert,NIG31136,V,B,0.5401042103767395,"[0.5401042103767395, 0.4598957598209381]","On 8 May 2023, an unidentified armed group abducted a couple at Oogui Ojodo town, coded to along Ode Omu (Aiyedade, Osun) which was the route on which they were traveling. The husband escaped, and there are no reports on ransom demands for the wife.",0.001,Unidentified Armed Group (Nigeria)
conflibert_conflibert,NIG37435,B,B,0.544747531414032,"[0.544747531414032, 0.455252468585968]","On 30 June 2024, police forces of Operation Zenda raided the hideout of an unidentified armed group and engaged them in an armed clash at Tse Uza in Mbatyula (Katsina Ala, Benue). Two members of the group were killed, camouflage uniforms, motorcycles, arms and ammunition were also recovered.",0.001,Police Forces of Nigeria (2023-)
conflibert_conflibert,NIG20707,E,B,0.5760471224784851,"[0.5760471224784851, 0.4239529073238373]","Around 14 May 2021 (as reported), Nigerian Airforce conducted air strikes against a Kaduna communal militia in Jan Birni (Birnin Gwari LGA, Kaduna), killing several militiamen and destroying their structures. Several fatalities coded as 3.",0.001,Military Forces of Nigeria (2015-2023)
conflibert_conflibert,NIG29664,E,E,0.526569664478302,"[0.473430335521698, 0.526569664478302]","On 23 January 2023, the Nigerian Air Force carried out airstrikes that were targeted at ISWAP/ Boko Haram militants at Bama (Bama, Borno) and Konduga [coded separately] general areas. Casualties are unknown.",0.001,Military Forces of Nigeria (2015-2023)
conflibert_conflibert,NIG22586,B,B,0.5183952450752258,"[0.5183952450752258, 0.48160475492477417]","On 9 November 2021, ISWAP claimed an ambush on a convoy on Nigerian army vehicles along the Ngamdu-Tasmakawa road (Kaga, Borno), coded as Ngamdu. Three soldiers were killed, an unspecified number were wounded and the rest fled.",0.001,Islamic State West Africa Province (ISWAP) - Lake Chad Faction
conflibert_conflibert,NIG30077,V,B,0.5346922874450684,"[0.5346922874450684, 0.46530771255493164]","On 18 February 2023, an unidentified armed group who were 4 in number and masked attacked supporters of the APC during a ward campaign rally at Ezza-Agu ward 1 (Ishielu, Ebonyi). One person was killed, four others were wounded by the assailants who invaded the area on motorcycles and were between 20 to 25 years old.",0.001,Unidentified Armed Group (Nigeria)
conflibert_conflibert,NIG34092,B,B,0.5469912886619568,"[0.5469912886619568, 0.4530087411403656]","On 5 December 2023, ISWAP claimed to have attacked and injured an unspecified number of Nigerian troops during a patrol between Mallam Fatori and Baga, coded to Malam Fatori (Abadan, Borno). They forced the troops to retreat and seized a rifle. There were no fatalities.",0.001,Islamic State West Africa Province (ISWAP)
conflibert_conflibert,NIG23174,V,B,0.5276232361793518,"[0.5276232361793518, 0.4723767638206482]","On 8 January 2022, unidentified armed individuals abducted four civilians who were returning from a naming ceremony at Oko town (Yagba West, Kogi), coded as Odo Ere. There are no reports about demands for ransom.",0.001,Unidentified Armed Group (Nigeria)
conflibert_conflibert,NIG23614,B,B,0.5368403196334839,"[0.5368403196334839, 0.4631597101688385]","On 7 February 2022, Nigerian police forces clashed with IPOB militants at their camps in Umuorji Mgbidi (Oru West , Imo) and Okwudo [coded separately]. Three militants were killed, nine others were arrested with various degrees of gunshot wounds; guns, ammunition, four locally made IEDs hard drugs and Biafran flags were recovered. Three fatalities split across two event, coded as 1.",0.001,Police Forces of Nigeria (2015-2023)
conflibert_conflibert,NIG38230,V,E,0.5087627172470093,"[0.4912373125553131, 0.5087627172470093]","On 18 August 2024, the Nigerian troops opened fire, killing three people and 100 cows at a cattle market in Sabon Birnin (Igabi, Kaduna). The soldiers stormed the market on motorcycles and opened fire when trading was ongoing.",0.001,Military Forces of Nigeria (2023-)
conflibert_conflibert,NIG23971,B,B,0.5656780004501343,"[0.5656780004501343, 0.4343219995498657]","Around 3 March 2022 (between 24 February - 10 March), the Defence Headquarters claimed Nigerian troops engaged militiamen at Dantambara, Kolumbo, Tsambe Daji and Kyabbo in Jibia LGA (Katsina), Batsari, Zamfara and Kebbi states [coded separately]. 90 militiamen were killed, 8 civilians were rescued, weapons and ammunitions were recovered. 90 fatalities spilt across 5 events coded as 18.",0.001,Military Forces of Nigeria (2015-2023)
conflibert_conflibert,NIG33620,E,E,0.5070689916610718,"[0.4929310083389282, 0.5070689916610718]","On 8 November 2023, the Nigerian Air Force of Operation Hadin Kai launched air strikes against the ISWAP position at Ajigin (Damboa, Borno). The air surveillance detected the gathering of the militants and launched the strikes, killing seventeen ISWAP fighters. Three of the militia's gun trucks were destroyed.",0.001,Military Forces of Nigeria (2023-)
conflibert_conflibert,NIG16585,R,B,0.5336039066314697,"[0.5336039066314697, 0.46639612317085266]","On 20 March 2020, youths clashed with police in Amakohia (Owerri North LGA, Imo), after they refused a police demand to move on when they blocked a local bank during a burial procession. One person was shot and injured by a police officer who fired warning shots to disperse the crowd.",0.001,Rioters (Nigeria)
conflibert_conflibert,NIG19921,B,B,0.5795689821243286,"[0.5795689821243286, 0.4204310178756714]","On 25 February 2021, unidentified gunmen clashed with a police patrol team at Akai Effa roundabout in Calabar (Calabar-Municipal LGA, Cross River), Killing some policemen and seizing their weapons and ammunition. Unknown fatalities coded as 3.",0.001,Police Forces of Nigeria (2015-2023)
conflibert_conflibert,NIG25150,V,B,0.5367069840431213,"[0.5367069840431213, 0.46329304575920105]","On 6 June 2022, members of Oruku communal militia attacked members of their community, killed one person, set the corpse ablaze, set two houses ablaze in Oruku (Nkanu East, Enugu). The victims were attacked for accepting to settle a dispute which the community had with their neighbors.",0.001,Oruku Communal Militia (Nigeria)
conflibert_conflibert,NIG37398,P,B,0.5265759229660034,"[0.5265759229660034, 0.4734240472316742]","On 24 June 2024, youths of Akugbene community (Burutu, Delta) protested and marched in the community over claims of the cancellation of a contract model technical college project in the community by the state governor.",0.001,Protesters (Nigeria)
conflibert_conflibert,NIG34415,B,B,0.539219856262207,"[0.539219856262207, 0.4607801139354706]","On 2 January 2024, an unidentified armed group engaged in an armed clash with police forces at Zuma community in Bwari (FCT). Two policemen were wounded and later died, an unspecified number of residents were abducted. A ransom of 30 million naira, other sources report 60 million, 10 for each of the six girls was demanded for a family who were abducted, after their father was released to gather the ransom. The eldest of the abductees was killed over a delay in ransom payment, the ransom was increased to 65 million naira. The abductees were released.",0.001,Unidentified Armed Group (Nigeria)
conflibert_conflibert,NIG17076,V,B,0.539222776889801,"[0.539222776889801, 0.46077725291252136]","On 23 April 2020, Nigerian Armed Forces raided Gidan Jaja in Kwashabawa ward of Zurmi LGA (Zamfara) in search of criminals. Houses were set ablaze, property destroyed and 1 resident shot in the leg.",0.001,Military Forces of Nigeria (2015-2023)
conflibert_conflibert,NIG29270,B,B,0.5453384518623352,"[0.5453384518623352, 0.45466148853302]","On 19 December 2022, an unidentified armed group abducted two local defense militia operatives from their duty post in Umuoru Uga, coded to Uga (Aguata, Anambra). The abductees were later murdered [coded separately], the bodies of one of the victims was dumped in another location.",0.001,Unidentified Armed Group (Nigeria)
conflibert_conflibert,NIG32593,V,B,0.507068932056427,"[0.507068932056427, 0.4929310381412506]","On 23 August 2023, masked security operatives presumed to have been policemen shot sporadically in two motor parks in Nkpor (Idemili North, Anambra) in an attempt to disperse traders from their shops. The shooting caused a stampede which resulted in the sustaining of varying degrees of injuries by many people, other sources report that 5 persons were wounded by the shooting and a state official claimed that the state government was responsible for sacking the occupants.",0.001,Police Forces of Nigeria (2023-)
conflibert_conflibert,NIG37875,S,B,0.5331866145133972,"[0.5331866145133972, 0.4668133854866028]","Defusal: On 31 July 2024, the police forces retrieved and defused an IED planted by an unidentified group in Ikeja area (Ikeja, Lagos). No fatalities.",0.001,Police Forces of Nigeria (2023-)
conflibert_conflibert,NIG22187,V,B,0.5879190564155579,"[0.5879190564155579, 0.4120809733867645]","On 4 October 2021, unidentified armed men shot sporadically while enforcing a sit at home order in Owerri (Owerri Municipal, Imo). Casualties unknown. Police sources denied reports of the attack.",0.001,Unidentified Armed Group (Nigeria)
conflibert_conflibert,NIG20123,B,B,0.5419378876686096,"[0.5419378876686096, 0.4580621123313904]","On 14 March 2021, a Kaduna communal militia invaded the Government Science Secondary School in Ikara (Ikara LGA, Kaduna) but were repelled by Nigerian military troops.",0.001,Military Forces of Nigeria (2015-2023)
conflibert_conflibert,NIG26086,B,B,0.6007338762283325,"[0.6007338762283325, 0.39926618337631226]","On 16 August 2022, Nigerian troops of Operation Forest Sanity clashed with a Kaduna militia when they raided their camps in Manini (Chikun, Kaduna) and Kuriga [coded separately] area. The camps were cleared and six abductees including a baby were rescued, there are no further details.",0.001,Military Forces of Nigeria (2015-2023)
conflibert_conflibert,NIG31686,B,B,0.5934405326843262,"[0.5934405326843262, 0.40655943751335144]","On 9 June 2023, an unidentified armed group killed an on-duty policeman. Location coded to Abuja (Abuja Municipal, FCT).",0.001,Unidentified Armed Group (Nigeria)
conflibert_conflibert,NIG37471,V,B,0.5729246735572815,"[0.5729246735572815, 0.4270753562450409]","On 3 July 2024, the Aye cult militia killed an Eiye member (unarmed) on the campus of Tai Solarin University in Ijebu-Ode (Ijebu Ode, Ogun). They dragged the victim out of the examination hall before they shot him. They also stabbed him and then hit him in the head with a brick.",0.001,Black Axe (Nigeria)
conflibert_conflibert,NIG33963,V,B,0.5428896546363831,"[0.5428896546363831, 0.45711037516593933]","On 28 November 2023, an unidentified armed group killed two farmers on their farms in Kwambai, also called Kpombal (Takum, Taraba).",0.001,Unidentified Armed Group (Nigeria)
conflibert_conflibert,NIG27827,B,E,0.510983943939209,"[0.489016056060791, 0.510983943939209]","On 26 January 2021, an armed group attacked policemen on patrol around Uratta junction, coded to Ehere (Aba North, Abia). One policeman was killed and his rifle was stolen.",0.001,Unidentified Armed Group (Nigeria)
conflibert_conflibert,NIG19061,P,B,0.543596625328064,"[0.543596625328064, 0.45640334486961365]","On 2 December 2020, the academic staff and students of Igbinedion University staged demonstrations on Mission Road and other major roads in Benin City (Oredo LGA, Edo) to protest against the non-payment of wages and other stipends.",0.001,Protesters (Nigeria)
conflibert_conflibert,NIG17547,B,B,0.5293899178504944,"[0.5293899178504944, 0.4706100821495056]","On 21 June 2020, the Multinational Task Force clashed with Boko Haram at Baganaram in the border area of Nigeria and Chad around Lake Chad (location coded as Kukawa LGA), killed several BH fighters and arrested 50. Several fatalities coded as 3.",0.001,Military Forces of Nigeria (2015-2023) Joint Task Force
conflibert_conflibert,NIG28640,V,B,0.591613233089447,"[0.591613233089447, 0.40838679671287537]","On 1 November 2022, a Fulani militia with armed pastoralists killed 4 people when they attacked Magunguna village in Kallah district (Kajuru).",0.001,Fulani Ethnic Militia (Nigeria)
conflibert_conflibert,NIG34780,B,B,0.5344022512435913,"[0.5344022512435913, 0.4655977487564087]","On 30 January 2024, troops of 114 battalion of the Nigerian Army trailed an unidentified armed group and engaged them in an armed clash at Apawa village (Lau, Taraba), reported as Yorro LGA. The group fled and abandoned three abductees who had previously been abducted from Ardo Kola LGA. Casualties are unknown.",0.001,Military Forces of Nigeria (2023-)
conflibert_conflibert,NIG35370,E,E,0.5307796597480774,"[0.4692203998565674, 0.5307796597480774]","On 1 March 2024, NAF conducted airstrikes that were targeted at active illegal oil refining sites at Krakrama (Degema, Rivers) and Temokiri (coded separately). Cotonou boat were sighted and the locations and were destroyed alongside the sites. A total of four sites were destroyed at the locations.",0.001,Military Forces of Nigeria (2023-)
conflibert_conflibert,NIG20534,B,B,0.5841967463493347,"[0.5841967463493347, 0.4158032536506653]","On 24 April 2021, ISWAP fighters clashed with Nigerian military at Geidam (Geidam LGA, Yobe), allegedly killing and wounding a number of soldiers. Unknown fatalities coded as 3.",0.001,Military Forces of Nigeria (2015-2023)
conflibert_conflibert,NIG21444,B,B,0.6008742451667786,"[0.6008742451667786, 0.3991257846355438]","On 23 July 2021, a Kaduna militia clashed with the police during an attack at a police station in Maraban Jos (Igabi, Kaduna). 3 officers were wounded, 1 later died and several militia members retreated injured.",0.001,Kaduna Communal Militia (Nigeria)
conflibert_conflibert,NIG16675,V,B,0.5631213188171387,"[0.5631213188171387, 0.43687865138053894]","On 3 April 2020, Civilian-JTF stormed Damilu mosque in Yola (Yola North LGA, Adamawa), fired warning shots and dispersed worshippers who ignored the coronavirus restrictions. Several people were injured.",0.001,Civilian JTF: Civilian Joint Task Force
conflibert_conflibert,NIG31333,P,B,0.5326460003852844,"[0.5326460003852844, 0.46735402941703796]","On 24 May 2023, 100 youths of Anwai Umuagwu protested and blocked the entrance of Dennis Osadebey university in Asaba (Oshimili South, Delta) over claims of unfavorable employment policy by the institution. The protest lasted for hours and school's security intervened [means not stated].",0.001,Protesters (Nigeria)
conflibert_conflibert,NIG25202,V,B,0.5804423689842224,"[0.5804423689842224, 0.4195576608181]","On 12 June 2022, an armed group abducted a catholic priest from his house in Angware (Jos East, Plateau). The abductee is also the CAN chairman in the council area, youths in the area attempted to chase the abductors who began to shoot sporadically and took the priest away. 50 million naira was demanded as ransom; the abductee was released around 16 June, there are no reports about ransom demands.",0.001,Unidentified Armed Group (Nigeria)
conflibert_conflibert,NIG32023,P,B,0.5294886231422424,"[0.5294886231422424, 0.47051140666007996]","On 27 July 2023, some staff of Nnamdi Azikiwe university Awka (Awka South, Anambra) protested at the school over claims that they have not been paid salaries since they received their employment letters in 2019.",0.001,Protesters (Nigeria)
conflibert_conflibert,NIG37995,S,B,0.5280184745788574,"[0.5280184745788574, 0.47198155522346497]","Weapons seizure: Around 5 August 2024 (as reported), the Nigerian troops, in collaboration with other security agencies (likely to be the police and NSCDC), intercepted a gunrunner and a cache of weapons at Saminaka (Lere, Kaduna). The suspect was on the security watchlist and was arrested in transit to deliver the weapons to the end-users. The weapons recovered included one General Purpose Machine Gun (GPMG), a Rocket Propelled Grenade (RPG) Launcher, one RPG Bomb, 1,069 rounds of 7. 62mm (special) ammunition, and one belt of 7.62mm (NATO) ammunition.",0.001,Military Forces of Nigeria (2023-)
conflibert_conflibert,NIG39044,B,B,0.5299583673477173,"[0.5299583673477173, 0.4700416028499603]","On 11 October 2024, the Nigerian troops clashed with a Katsina militia, killing two after an ambush along the Sheme Road, location coded to the closest populated area, Sheme (Faskari, Katsina). They arrested three others.",0.001,Military Forces of Nigeria (2023-)
conflibert_conflibert,NIG19107,B,B,0.5720925331115723,"[0.5720925331115723, 0.42790746688842773]","On 6 December 2020, ISWAP clashed with military troops following an IED attack near Karetu (Mobbar LGA, Borno), allegedly killing five soldiers and destroying two military vehicles.",0.001,Military Forces of Nigeria (2015-2023)
conflibert_conflibert,NIG35921,B,B,0.5568540096282959,"[0.5568540096282959, 0.4431460201740265]","On 5 April 2024, ISWAP/ Boko Haram militants ambushed Nigerian troops and engaged them in an armed clash around Kamuya village (Biu, Borno). One soldier was killed and four others were wounded, the troops pursued the militants to their hideout and engaged them in a clash (coded separately).",0.001,Islamic State West Africa Province (ISWAP) and/or Boko Haram - Jamaatu Ahli is-Sunnah lid-Dawati wal-Jihad
conflibert_conflibert,NIG19782,R,B,0.5418713688850403,"[0.5418713688850403, 0.4581286609172821]","On 11 February 2021, a mob set ablaze a hotel in Umuguma Community in Owerri (Owerri-Municipal LGA, Imo) over the death of a man by a sex worker in the hotel.",0.001,Rioters (Nigeria)
conflibert_conflibert,NIG29785,B,B,0.5430448651313782,"[0.5430448651313782, 0.4569551348686218]","On 23 January 2023, a suspected unidentified cult militia clashed with Anambra state vigilante service operatives along Ifite road, Ifite-Awka (Awka South, Anambra). The clash led to a heavy presence of security operatives in the area, there were no fatalities.",0.001,Unidentified Cult Militia (Nigeria)
conflibert_conflibert,NIG17480,V,B,0.5447148680686951,"[0.5447148680686951, 0.45528513193130493]","On 21 June 2020, Boko Haram attacked Moduri, Kelewa and Ngudori in Magumeri LGA (Borno), killed 5 people and rustled cattle. Fatalities split between 2 events.",0.001,Islamic State West Africa Province (ISWAP) - Lake Chad Faction and/or Boko Haram - Jamaatu Ahli is-Sunnah lid-Dawati wal-Jihad
conflibert_conflibert,NIG38566,B,B,0.5378319025039673,"[0.5378319025039673, 0.4621680676937103]","On 15 September 2024, police engaged an unidentified armed group in a firefight, killing one at their hideout in Egor (Egor, Edo). The police trailed them to their hideout and rescued a student they abducted, coded separately.",0.001,Police Forces of Nigeria (2023-)
conflibert_conflibert,NIG30420,S,B,0.5390577912330627,"[0.5390577912330627, 0.46094220876693726]","Around 8 August 2021 (between 7 August - 8 August), the Nigerian police arrested over 20 unidentified cult militias in various locations within Oshogbo (Osogbo, Osun). The cultists were picked up when the police raided some black spots.",0.001,Police Forces of Nigeria (2015-2023)
conflibert_conflibert,NIG32631,B,B,0.5051600337028503,"[0.5051600337028503, 0.49483996629714966]","On 23 August 2023, the Nigerian military shot and killed four ISWAP fighters in Pulka (Gwoza, Borno) and Firgi, coded separately. Fatalities split across two locations, 2 coded.",0.001,Military Forces of Nigeria (2023-)
conflibert_conflibert,NIG20005,B,B,0.565728485584259,"[0.565728485584259, 0.43427151441574097]","On 3 March 2021, ISWAP fighters clashed with Nigerian troops at Ngala town (Ngala LGA, Borno), killing and injuring a number of soldiers. Unknown fatalities coded as 3.",0.001,Military Forces of Nigeria (2015-2023)
conflibert_conflibert,NIG35732,B,B,0.5033363699913025,"[0.5033363699913025, 0.4966636598110199]","On 25 March 2024, police forces engaged a leader of Greenlanders cult militia in an armed clash at the forest in Anambra, coded to Akinima (Ahoada West, Rivers). The militia leader who was declared wanted by the police since 2016 was killed.",0.001,Police Forces of Nigeria (2023-)
conflibert_conflibert,NIG38799,P,B,0.5910189151763916,"[0.5910189151763916, 0.408981055021286]","On 1 October 2024, protesters gathered in Pleasure Park, Rumuokwuta, Waterlines, and the Federal Secretariat in Port Harcourt (Port Harcourt, Rivers). They were demanding an end to alleged bad governance, hunger, and the harsh economic conditions in Nigeria. Police and other individuals beat and dispersed them.",0.001,Protesters (Nigeria)
conflibert_conflibert,NIG27158,V,B,0.563515305519104,"[0.563515305519104, 0.43648475408554077]","On 18 May 2020, an armed group attacked travelers on transit in Rafin Kada (Wukari, Taraba). Eight people were killed and three others were wounded.",0.001,Unidentified Armed Group (Nigeria)
conflibert_conflibert,NIG33702,B,B,0.5402488708496094,"[0.5402488708496094, 0.459751158952713]","On 3 November 2023, the troops of the 68th Battalion clashed with ISWAP around Kudankurgu in Malam Fatori (Abadan, Borno). The army recovered six IEDs. There were no fatalities.",0.001,Military Forces of Nigeria (2023-)
conflibert_conflibert,NIG33968,R,B,0.5190333127975464,"[0.5190333127975464, 0.4809666574001312]","On 29 November 2023, a mob of students vandalized three patrol vans belonging to NSCDC operatives at Life Camp, Abuja (Abuja Municipal, FCT) following the shooting of two students at a school by some NSCDC operatives [coded separately].",0.001,Rioters (Nigeria)
conflibert_conflibert,NIG29602,B,B,0.5420358180999756,"[0.5420358180999756, 0.4579642117023468]","On 20 January 2023, the Nigerian police clashed with an unidentified armed group in Shere (Jos East, Plateau). The armed group abducted the paramount traditional ruler of Izere, Plateau State, and opened fire on the police attempting to rescue the monarch. A civilian guard was shot dead, and a police officer sustained a gun injury during the rescue operation. 1 fatality reported.",0.001,Police Forces of Nigeria (2015-2023)
conflibert_conflibert,NIG24953,V,E,0.5114517211914062,"[0.48854824900627136, 0.5114517211914062]","On 22 May 2022, some suspected members of IPOB killed a pregnant Hausa woman and her four children at Isulo (Orumba North, Anambra). The assailants invaded the area, shot at the victims who were returning home from a visit to their friends and left. IPOB denied the attack and claimed the Nigerian Army and DSS employed armed Fulani pastoralists to attack Hausa people in the region, they also claimed the Fulani were carrying out the attacks in order to ruin the presidential ambition of Peter Obi.",0.001,IPOB: Indigenous Peoples of Biafra
conflibert_conflibert,NIG18964,B,B,0.5427857041358948,"[0.5427857041358948, 0.45721426606178284]","On 21 November 2020, a Kaduna communal militia attacked communities in the Sabon Birni area (Igabi LGA, Kaduna) but were repelled by Nigerian troops. One reported fatalities.",0.001,Military Forces of Nigeria (2015-2023)
conflibert_conflibert,NIG16609,B,B,0.6118242144584656,"[0.6118242144584656, 0.38817575573921204]","Around 24 March 2020, Nigerian Armed Forces clashed with Boko Haram (JAS) at Sabongari (Madagali, Adamawa) and killed 2 BH fighters. Weapons were recovered.",0.001,Military Forces of Nigeria (2015-2023)
conflibert_conflibert,NIG32274,E,E,0.5638055801391602,"[0.43619444966316223, 0.5638055801391602]","On 27 August 2023, the air component of Operation Delta Safe conducted airstrikes targeted at some illegal oil refining sites at Idama (Akukutoru, Rivers) and Degema LGA [coded separately]. The reservoirs that were sighted at the locations were destroyed.",0.001,Military Forces of Nigeria (2023-)
conflibert_conflibert,NIG21384,B,B,0.6269845366477966,"[0.6269845366477966, 0.373015433549881]","On 11 July 2021, ISWAP clashed with security forces in Mafa LGA (Borno). Between one and two civilians, including an IDP, were injured.",0.001,Military Forces of Nigeria (2015-2023)
conflibert_conflibert,NIG25124,B,B,0.5618459582328796,"[0.5618459582328796, 0.43815404176712036]","On 4 June 2022, soldiers and policemen repelled an attack by presumed Bassa ethnic militiamen who attack residents in Odugbo (Bassa, Kogi). Casualties are unknown.",0.001,Military Forces of Nigeria (2015-2023)
conflibert_conflibert,NIG35817,B,B,0.5243348479270935,"[0.5243348479270935, 0.4756651818752289]","On 1 April 2024, DSS operatives, police forces and a local defense militia raided the hideout of an unidentified armed group and engaged them in an armed clash at Zurak Campani, coded to New Zurak (Wase, Plateau). The clash continued till the following day, (coded separately) and at least 18 members of the group were killed. Fatalities split across two events coded as 9.",0.001,Police Forces of Nigeria (2023-)
conflibert_conflibert,NIG18880,E,B,0.5735524892807007,"[0.5735524892807007, 0.4264475107192993]","On 10 November 2020, Nigerian Airforce troops conducted air strikes against Boko Haram (assumed JAS) at Njimia and Dure located in the Sambisa Forest area (Gwoza LGA, Borno). Several Boko Haram fighters were reported killed and structures destroyed. Unknown fatalities coded at 10.",0.001,Military Forces of Nigeria (2015-2023)
conflibert_conflibert,NIG17945,B,B,0.5718400478363037,"[0.5718400478363037, 0.4281598925590515]","On 16 August 2020, Nigeran troops clashed with suspected Katsina Communal militias at Gobirawa village (Safana LGA, Katsina), rescuing three victims. No fatalities and/or injuries reported.",0.001,Military Forces of Nigeria (2015-2023)
conflibert_conflibert,NIG28897,E,B,0.5495011806488037,"[0.5495011806488037, 0.4504987895488739]","Around 2 December 2022 (as reported), the air component of Operation Whirl Punch targeted and destroyed hideouts of Kaduna militia led by Dan Rani with rockets in Janbirni (Sakaba, Kebbi), Birnin Gwari LGA, Kuyanbana (coded separately), and Takura. There are no further details.",0.001,Military Forces of Nigeria (2015-2023)
conflibert_conflibert,NIG16698,R,B,0.6112126111984253,"[0.6112126111984253, 0.3887874186038971]","On 6 April 2020, market traders demonstrated in Osisioma (Osisioma Ngwa LGA, Abia) over the closing of their market due to coronavirus restrictions. The traders assaulted members of the coronavirus Task Force (assumed civilian) and damaged their cars.",0.001,Rioters (Nigeria)
conflibert_conflibert,NIG20489,B,E,0.5169856548309326,"[0.483014315366745, 0.5169856548309326]","On 20 April 2021, suspected Fulani pastoralists ambushed and clashed with Amotekun operatives at Living Farms in Fiditi (Afijio LGA, Oyo), killing one operative.",0.001,Amotekun Corps
conflibert_conflibert,NIG21986,P,B,0.5132759809494019,"[0.5132759809494019, 0.48672404885292053]","On 17 September 2021, residents of Bayara (Bauchi, Bauchi) protested over the government's alleged negligence on security and increased kidnappings. The protest was triggered by the abduction of a woman earlier during the day.",0.001,Protesters (Nigeria)
conflibert_conflibert,NIG25770,P,B,0.5723229050636292,"[0.5723229050636292, 0.42767712473869324]","On 26 July 2022, thousands of workers, students and their parents, NLC, ASUU, SSANU and NASU members protested in Jos (Jos North, Plateau) over the continued closure of public universities due to the ASUU strike.",0.001,Protesters (Nigeria)
conflibert_conflibert,NIG37897,P,B,0.5714808702468872,"[0.5714808702468872, 0.4285190999507904]","On 1 August 2024, residents demonstrated in Jos city (Jos North, Plateau) against the hike of fuel prices, using the hashtag #EndBadGovernanceInNigeria.",0.001,Protesters (Nigeria)
conflibert_conflibert,NIG31066,B,B,0.5090512633323669,"[0.5090512633323669, 0.49094876646995544]","On 20 April 2023, troops of 21 Armored Brigade of Operation Hadin Kai, 199 Special Forces Battalion and Civilian JTF clashed with dozens of Boko Haram [JAS] militants at Ukuba and Garin Glucose in Bama LGA (Borno). 9 militants were killed others escaped with bullet wounds, one truck and two 122 artillery guns were recovered by the troops, some women who were held by captive were rescued during the operations which lasted three days.",0.001,Military Forces of Nigeria (2015-2023)
conflibert_conflibert,NIG37691,V,B,0.5035566687583923,"[0.5035566687583923, 0.49644333124160767]","On 15 July 2024, an unidentified armed group shot and wounded an APC leader after invading his house in Yangoji (Kwali, FCT). The armed group abducted five people, including two of his children. The victim was taken to the hospital for treatment.",0.001,Unidentified Armed Group (Nigeria)
conflibert_conflibert,NIG35371,E,E,0.5161269903182983,"[0.48387303948402405, 0.5161269903182983]","On 1 March 2024, NAF carried out an airstrike that targeted an inactive illegal oil refining site at Omoma (Degema, Rivers) and Abissa (coded separately).",0.001,Military Forces of Nigeria (2023-)
conflibert_conflibert,NIG21935,B,B,0.5663034915924072,"[0.5663034915924072, 0.4336965084075928]","On 11 September 2021, a Zamfara militias attacked a security forces base in Dan Sadau (Maru, Zamfara). Twelve security personnel, including military and police officers, were killed.",0.001,Zamfara Communal Militia (Nigeria)
conflibert_conflibert,NIG16810,B,B,0.5600348114967346,"[0.5600348114967346, 0.4399651885032654]","On 17 April 2020, communal militias from Agudama and Akenfa neighborhoods of Yenagoa (Yenagoa LGA, Bayelsa) clashed over land. 3 people were killed in the clashes.",0.001,Agudama Communal Militia (Nigeria)
conflibert_conflibert,NIG36777,B,B,0.5436238050460815,"[0.5436238050460815, 0.45637616515159607]","On 20 May 2024, an unidentified armed group clashed with DSS operatives at Zurak village, coded to New Zurak (Wase, Plateau) after the group attacked the area. Three members of the group were killed.",0.001,Unidentified Armed Group (Nigeria)
conflibert_conflibert,NIG33267,P,B,0.5190424919128418,"[0.5190424919128418, 0.4809575080871582]","On 16 October 2023, Nigerian Postal Service workers protested in Garki (Abuja Municipal, Federal Capital Territory) against the appointment of the new postmaster general of the organisation. They displayed placards with various inscriptions.",0.001,Protesters (Nigeria)
conflibert_conflibert,NIG17961,B,B,0.5308536887168884,"[0.5308536887168884, 0.46914637088775635]","On 18 August 2020, ISWAP attacked the Nigerian military base in Gajibo (Dikwa LGA, Borno), killing five soldiers and seizing several weapons and ammunition.",0.001,Military Forces of Nigeria (2015-2023)
conflibert_conflibert,NIG37012,V,B,0.5568268895149231,"[0.5568268895149231, 0.4431731402873993]","Around 22 May 2024 (week of), an unidentified armed group abducted two civilians from their homes in Sankera axis of the state (Ukum, Benue) coded to Sankera. A ransom of 23 million naira was demanded, and the abductees were rescued by police operatives.",0.001,Unidentified Armed Group (Nigeria)
conflibert_conflibert,NIG34271,P,E,0.5169301629066467,"[0.48306983709335327, 0.5169301629066467]","On 18 December 2023, women in Nasarawa state held a protest in silence on the streets of Lafia (Lafia, Nassarawa) to demand for justice in the election case between the PDP and the APC which the Supreme court was expected to rule on.",0.001,Protesters (Nigeria)
conflibert_conflibert,NIG16929,B,B,0.5159888863563538,"[0.5159888863563538, 0.48401114344596863]","On 3 May 2020, unidentified cult militias clashed in Asaga village in Owutu community (Afikpo South LGA, Ebonyi). One person was killed in the clash. The LGA chairman and a member of the House of Assembly (both members of the PDP) were arrested by police over their alleged involvement on opposite sides of the politically-motivated clash.",0.001,Unidentified Cult Militia (Nigeria)
conflibert_conflibert,NIG22105,B,B,0.5197739005088806,"[0.5197739005088806, 0.4802260994911194]","On 27 September 2021, Boko Haram militants engaged ISWAP militants in an armed clash and seized ISWAP dominated Kirta Wulgo (Monguno, Borno). Scores of militants were killed with some local witnesses reporting over a hundred dead. Unknown fatalities (scores) coded as 20.",0.001,Boko Haram - Jamaatu Ahli is-Sunnah lid-Dawati wal-Jihad
conflibert_conflibert,NIG18583,P,B,0.5780439376831055,"[0.5780439376831055, 0.42195606231689453]","On 16 October 2020, thousands of supporters of the #EndSARS movement staged demonstrations at Airport Road and along other connecting roads in Abuja (Abuja Municipal LGA, FCT) to protest against police brutality across the country.",0.001,Protesters (Nigeria)
conflibert_conflibert,NIG25195,V,B,0.5296188592910767,"[0.5296188592910767, 0.47038111090660095]","On 11 June 2022, a Sokoto communal militia abducted at least 40 wedding guests on the road between Tureta and Bakura (Tureta, Sokoto). 20 to 25 people escaped from the abductors and 30 others were left behind, the abductees who are telephone marketers were returning to Gusau after attending a wedding in Sokoto. A ransom of 145 million naira was demanded and later reduced to 60 million which is 5 million for each abductee. 29 abductees were released on 23 June, there are no reports about ransom payment.",0.001,Sokoto Communal Militia (Nigeria)
conflibert_conflibert,NIG18333,P,B,0.5060113072395325,"[0.5060113072395325, 0.49398866295814514]","Around 26 September 2020 (weekend of), Delta residents staged demonstrations at the state House of Assembly, the Government House, the Ministry of Women Affairs and the police headquarters in Asaba (Oshimili South LGA, Delta) to protest against the former ex-Minister of State for Education and his disregard for his female workers' human rights.",0.001,Protesters (Nigeria)
conflibert_conflibert,NIG25704,B,B,0.5562222599983215,"[0.5562222599983215, 0.44377776980400085]","On 25 July 2022, a suspected Black Axe militia also called Aiye attacked a team of policemen and engaged them in an armed clash at Mile 2 area of Lafenwa in Abeokuta (Abeokuta South, Ogun). The clash lasted for over 30 minutes, a patrol vehicle was destroyed and one of the assailants who was initially arrested by the police escaped.",0.001,Black Axe (Nigeria)
conflibert_conflibert,NIG19811,E,B,0.5145004987716675,"[0.5145004987716675, 0.4854995012283325]","On 14 February 2021, Nigerian military forces conducted airstrikes against Boko Haram fighters in Egiri, Zira 1 and 2 villages in Biu LGA (Borno), following an attack in the area by BH. No reported fatalities.",0.001,Military Forces of Nigeria (2015-2023)
conflibert_conflibert,NIG25481,R,B,0.5907424092292786,"[0.5907424092292786, 0.4092576503753662]","Around 2 July 2022 (as reported), a mob killed two suspected armed robbers at Tenant Road along Aba-Owerri road, coded to Osisioma (Osisioma, Abia).",0.001,Rioters (Nigeria)
conflibert_conflibert,NIG29335,V,B,0.5370367765426636,"[0.5370367765426636, 0.4629632234573364]","On 25 December 2022, an unidentified armed group killed four persons in a forest near Garin Dogo (Lau, Taraba). The victims were 3 abductees who were siblings and a motorcycle rider who went to deliver a ransom of 60 million that was demanded for the release of the 3 siblings. The initial amount demanded was 100 million before it was reduced.",0.001,Unidentified Armed Group (Nigeria)
conflibert_conflibert,NIG37336,B,B,0.5305202603340149,"[0.5305202603340149, 0.4694797396659851]","On 27 June 2024, Nigerian troops engaged a Sokoto militia in a firefight and killed five militiamen around Baniguntu and Gohonau Forest in Gudu LGA, coded to Balle (Gudu, Sokoto). The troops responded to a distress call after the militia had abducted two people. They rescued the hostages and killed their abductors. Other militiamen fled with gunshot wounds, and the troops recovered five AK-47 rifles, 32 rounds of ammunition, and a Tecno phone.",0.001,Military Forces of Nigeria (2023-)
conflibert_conflibert,NIG22158,E,B,0.5358619689941406,"[0.5358619689941406, 0.4641380310058594]","On 1 October 2021, ISWAP claimed a mortar shelling attack on a Nigerian army base in Bama (Bama, Borno), allegedly causing damages and injuries.",0.001,Islamic State West Africa Province (ISWAP) - Lake Chad Faction
conflibert_conflibert,NIG22496,E,B,0.5111415386199951,"[0.5111415386199951, 0.4888584613800049]","On 30 October 2021, the military claimed that the NAF carried out airstrikes on ISWAP/Boko Haram militants that gathered for a meeting at a settlement near Yuwe of the Sambisa Forest Reserve area (Gwoza, Borno). Over 37 militants were 'neutralized' (presumably killed) and several others suffered varying degrees of injuries.",0.001,Military Forces of Nigeria (2015-2023)
conflibert_conflibert,NIG29308,S,B,0.5849770903587341,"[0.5849770903587341, 0.41502293944358826]","Property destruction: On 23 December 2022, troops of Operation Whirl Stroke raided the hideout of an unidentified armed group and recovered some items at Udei (Guma, Benue). The group fled when they sighted the troops, the items that were recovered included military and police uniforms.",0.001,Military Forces of Nigeria (2015-2023)
conflibert_conflibert,NIG20116,B,B,0.5880675911903381,"[0.5880675911903381, 0.4119323492050171]","On 13 March 2021, Nigerian military forces clashed with ISWAP fighters along the Kukawa - Monguno road (Monguno LGA, Borno). Several ISWAP fighters (unknown fatalities coded as 3) and 4 soldiers reportedly killed. Nigerian military troops also recovered weapons and ammunition.",0.001,Military Forces of Nigeria (2015-2023)
conflibert_conflibert,NIG36992,V,B,0.5788835883140564,"[0.5788835883140564, 0.4211164116859436]","On 19 May 2024, ISWAP fighters abducted a man and later killed him along the Banki-Kumshe Road near Kumshe (Bama, Borno). They also stole an unspecified number of bicycles belonging to IDPs.",0.001,Islamic State West Africa Province (ISWAP)
conflibert_conflibert,NIG24243,B,B,0.525600790977478,"[0.525600790977478, 0.474399209022522]","On 28 March 2022, soldiers clashed with IPOB/ESN militants during a clearance operation at one of their camps in Orsumoghu (Ihiala, Anambra). 41 guns and 6 cutlasses were recovered after the group fled. There were no casualties.",0.001,Military Forces of Nigeria (2015-2023)
conflibert_conflibert,NIG23356,P,B,0.5562658905982971,"[0.5562658905982971, 0.4437340795993805]","On 20 January 2022, students of Moshood Abiola polytechnic blocked the Abeokuta Road, by sitting on it, in Abeokuta (Abeokuta South, Ogun) against the decision of the school management to increase their school miscellaneous fees.",0.001,Protesters (Nigeria)
conflibert_conflibert,NIG27484,V,B,0.5681591033935547,"[0.5681591033935547, 0.4318409264087677]","On 12 November 2020, an armed group attacked and killed a commercial motorcyclist at the Ologede junction in Akure (Akure South, Ondo).",0.001,Unidentified Armed Group (Nigeria)
conflibert_conflibert,NIG33652,V,B,0.5776866674423218,"[0.5776866674423218, 0.42231330275535583]","On 4 November 2023, an unidentified armed group abducted a medical doctor who was on duty at the university of Nigeria teaching hospital in Ituku-Ozalla, coded to Ozalla (Nkanu West, Enugu). The abductee escaped from the abductors hideout later that same day.",0.001,Unidentified Armed Group (Nigeria)
conflibert_conflibert,NIG33896,E,B,0.5345934629440308,"[0.5345934629440308, 0.46540653705596924]","On 24 November 2023, the Nigerian Air Force launched airstrikes at the Boko Haram's (JAS) gathering at Tagoshe (Gwoza, Borno). The militias (Ali Ngulde group), numbering over 100, were meeting in preparation for an onslaught when the airstrikes destroyed them. Two of the three Zinced structures under which they were meeting were destroyed. Abu Asad, a Boko Haram stalwart and many of his fighters were killed in the strike. Unknown fatalities coded as 10.",0.001,Military Forces of Nigeria (2023-)
conflibert_conflibert,NIG22722,S,E,0.5075256824493408,"[0.49247434735298157, 0.5075256824493408]","Around 26 November 2021, a Zamfara militia agreed on a peace deal with Dan Sadau emirate (Maru, Zamfara) to allow farmers carry on with their activities and for other residents to go about their business.",0.001,Zamfara Communal Militia (Nigeria)
conflibert_conflibert,NIG19457,P,B,0.506471574306488,"[0.506471574306488, 0.49352842569351196]","On 13 January 2021, commercial mini bus drivers staged protest marches at Omole/Agidingbi junction and along major streets in Lagos (Ikeja LGA, Lagos) over the alleged extortion and harassment by officials of the Lagos State Motor Traffic Division (MTD).",0.001,Protesters (Nigeria)
conflibert_conflibert,NIG31203,B,B,0.5219853520393372,"[0.5219853520393372, 0.47801464796066284]","On 10 May 2023, policemen from the rapid response squad at Awkuzu engaged an unidentified armed group in an armed clash at Ifite in Ogbunike (Oyi, Anambra) while attempting to rescue two abductees. Two members of the armed group were killed, an SUV together with several military and police uniforms were recovered.",0.001,Police Forces of Nigeria (2015-2023)
conflibert_conflibert,NIG26428,B,B,0.5548326969146729,"[0.5548326969146729, 0.4451672434806824]","On 24 September 2022, ISWAP in large numbers attacked security agents and overpowered them at Pompom Baliya village, 5 kilometers away from Gubio (Gubio, Borno) One policeman, 4 civilian JTF members and 3 hunters were abducted, the militants stole one patrol vehicle and headed towards Gadai village. ISWAP claimed the attack, other sources report that the claim is false and the militants fled leaving their abductees behind.",0.001,Islamic State West Africa Province (ISWAP)
conflibert_conflibert,NIG32008,V,E,0.504297137260437,"[0.4957028031349182, 0.504297137260437]","On 18 July 2023, suspected armed pastoralists abducted a woman while she was working on her farm at Amaonye community in Ishiagu (Ivo, Ebonyi). The abductee was released on 24 July, following a search by security agents, there are no reports on ransom payment or an armed clash.",0.001,Fulani Ethnic Militia (Nigeria)
conflibert_conflibert,NIG35490,B,B,0.5290091633796692,"[0.5290091633796692, 0.4709908664226532]","On 10 March 2024, military forces engaged a Zamfara militia in armed clash at Hayi (Gusau, Zamfara), Kangon Kuyanbana, Madaba, Dandalla, Dogon Karfe and Gobirawan (coded separately). Two militia members were killed, 1 rifle, 2 rounds of anti-aircraft ammunition, 3 fabricated guns and solar panels were recovered. Two fatalities split across three events coded as 0.",0.001,Military Forces of Nigeria (2023-)
conflibert_conflibert,NIG25746,V,B,0.5004560351371765,"[0.5004560351371765, 0.4995439946651459]","On 27 July 2022, a suspected Zamfara militia attacked civilians in Yan-Kukoki and Danbanda communities in Gummi LGA (Zamfara). About 20 persons were killed and their bodies were found around a stream the following day.",0.001,Zamfara Communal Militia (Nigeria)
conflibert_conflibert,NIG19605,E,B,0.5282158255577087,"[0.5282158255577087, 0.47178414463996887]","Around 28 January 2021 (as reported), Nigerian Airforce conducted air strikes against a Kaduna communal militia at Birnin Gwari, Giwa, Igabi, and Chikun Local Government Areas in Kaduna State, killing an unspecified number of militiamen. Unknown fatalities coded as 3 and split across 4 events.",0.001,Military Forces of Nigeria (2015-2023)
conflibert_conflibert,NIG25960,P,B,0.5043727159500122,"[0.5043727159500122, 0.4956273138523102]","On 8 August 2022, hundreds of Ogbomoso town residents led by Ogbomoso Consultative Forum and Ogbomoso Community Youth Forum protested and marched round Ogbomosho town (Ogbomosho North, Oyo) over the worsening security situation in the town and the abduction of their kinsman [coded separately].",0.001,Protesters (Nigeria)
conflibert_conflibert,NIG29300,V,B,0.5492720007896423,"[0.5492720007896423, 0.45072805881500244]","On 22 December 2022, a Kaduna militia abducted two Fulani pastoralists when they invaded a Fulani settlement called Rugan Alhaji Karbo in Kachia LGA (Kaduna). There are no reports about ransom demands.",0.001,Kaduna Communal Militia (Nigeria)
conflibert_conflibert,NIG29268,B,B,0.5799474120140076,"[0.5799474120140076, 0.42005252838134766]","On 18 December 2022, Nigerian troops comprised of the army and the air force clashed with Zamfara militia from more than five camps led by Damina, Ali Kachalla, Buzu and Ado Aliero who reinforced for a reprisal attack at Malele community (Maru, Zamfara). The militiamen fled into Mutumji community and blended with residents while trying to escape airstrikes [coded separately]; at least 63 residents, 180 militiamen and 10 to 13 soldiers were killed. An unspecified number of soldiers, 73 civilians were wounded, 3 military vehicles, several houses, vehicles and motorcycles were burnt. The operation lasted from 17-19 December, the military claimed that over 40 militiamen were killed, a few civilians were wounded and soldier was wounded in an ambush, [lowest estimate of] 40 fatalities split across 6 events coded as 7.",0.001,Military Forces of Nigeria (2015-2023)
conflibert_conflibert,NIG18908,B,B,0.537151038646698,"[0.537151038646698, 0.4628489911556244]","On 15 November 2020, Nigerian military troops clashed with a a Zamfara communal militia at Yar Tasha village (Zurmi LGA, Zamfara), killing three and recovering weapons.",0.001,Military Forces of Nigeria (2015-2023)
conflibert_conflibert,NIG27015,B,B,0.5343397855758667,"[0.5343397855758667, 0.4656601548194885]","On 11 May 2021, an unidentified armed group clashed with security operatives presumed to be policemen at Runjin Sambo (Sokoto South, Sokoto) coded as Sarkin Zamfara. One policeman was killed.",0.001,Sokoto Communal Militia (Nigeria)
conflibert_conflibert,NIG30984,V,B,0.5166357755661011,"[0.5166357755661011, 0.4833642542362213]","On 16 April 2023, an unidentified armed group abducted 8 civilians along Atampka-Uggugbu road (Ogbadibo, Benue) coded to Otukpa. The abductees were returning from a local market in Ahor-Ogbo ransom of 500 thousand naira each was demanded and one of the abductees was released due to health challenges. The abductees were rescued in Owukpa village around 18 April by policemen [there are no reports of a clash].",0.001,Unidentified Armed Group (Nigeria)
conflibert_conflibert,NIG36543,V,B,0.6287769079208374,"[0.6287769079208374, 0.371223121881485]","On 6 May 2024, a Fulani militia in military uniforms attacked and wounded several passengers at Idodo community (Nkanu East, Enugu).",0.001,Fulani Ethnic Militia (Nigeria)
conflibert_conflibert,NIG38484,B,B,0.5414184927940369,"[0.5414184927940369, 0.45858147740364075]","On 4 August 2024, the Nigerian troops shot and killed a Boko Haram (JAS) militant who opened fire indiscriminately in an IDP camp in Bama LGA, coded to Bama (Borno). Two other people were injured.",0.001,Military Forces of Nigeria (2023-)
conflibert_conflibert,NIG23055,E,B,0.5498649477958679,"[0.5498649477958679, 0.4501350522041321]","Around 24 December 2021 (as reported), Nigerian troops launched an airstrike against ISWAP militants at the river banks of Bisko and Tumbum Tawaye (Abadan, Borno), coded as Abadam. Modu Kime, also known as Abou Maryam, a top commander of ISWAP, was killed together with scores (coded as 20) of militants.",0.001,Military Forces of Nigeria (2015-2023)
conflibert_conflibert,NIG29192,E,B,0.5439979434013367,"[0.5439979434013367, 0.45600205659866333]","Around 12 December 2022 (as reported), the Nigerian Air Force targeted and killed several members of a Kaduna militia at Karshi, Kerawa and Walawa axes (Igabi, Kaduna), Giwa LGA and other locations in Chikun LGA and Birnin Gwari LGA. Unknown fatalities coded as 3.",0.001,Military Forces of Nigeria (2015-2023)
conflibert_conflibert,NIG19384,B,B,0.5648536086082458,"[0.5648536086082458, 0.43514636158943176]","Around 30 December 2020 (as reported), Nigerian military and police forces clashed with a Katsina communal militia at Lambo Village in Wurma (Kurfi LGA, Katsina) after receiving a distress call about their operations. Eight reported fatalities and twenty-three kidnapped victims rescued. Security operatives also recovered rustled livestock and weapons.",0.001,Military Forces of Nigeria (2015-2023)
conflibert_conflibert,NIG17568,R,E,0.5057077407836914,"[0.4942922294139862, 0.5057077407836914]","On 30 June 2020, two mototaxi associations clashed in Ajah (Eti Osa LGA, Lagos) over supremacy. 1 person was killed.",0.001,Rioters (Nigeria)
conflibert_conflibert,NIG34589,E,B,0.5103142857551575,"[0.5103142857551575, 0.4896857440471649]","On 16 January 2024, an IED suspected to have been planted by IS/BH triggered and killed two CJTF members in Mafa (Mafa, Borno). The CJTF drove over the explosive device while on routine operations along Mafa/Konduga LGA areas. Eight CJTF members sustained injuries from the explosive. There were two fatalities.",0.001,Islamic State West Africa Province (ISWAP) and/or Boko Haram - Jamaatu Ahli is-Sunnah lid-Dawati wal-Jihad
conflibert_conflibert,NIG32835,S,B,0.655592143535614,"[0.655592143535614, 0.3444078266620636]","Security measures: On 20 September 2023, the Kano state government imposed a 24-hour curfew on the state following the election tribunal's declaration of the APC governorship candidate as the winner of the governorship election. Location coded to Kano (Kano Municipal, Kano).",0.001,Government of Nigeria (2023-)
conflibert_conflibert,NIG33736,B,E,0.5277045369148254,"[0.4722954034805298, 0.5277045369148254]","On 16 November 2023, the Nigerian military conducted clearance operations and clashed with the Zamfara militia in Tugan Gama, Tugan Hausawa, Tugan Nabaru, Yarsabia and Daji Yanayin Kari villages in Anka LGA, coded to Bagega (Anka, Zamfara). The Operation was conducted again in the locations on 17 November 2023, coded separately. Two militiamen were killed, and many escaped with gun wounds. 2 fatalities split across two events, coded as 1.",0.001,Military Forces of Nigeria (2023-)
conflibert_conflibert,NIG25317,V,B,0.533478856086731,"[0.533478856086731, 0.46652111411094666]","On 18 June 2022, Kaduna militiamen attacked and killed two farmers in the Iyatawa area of Igabi LGA (Kaduna). The victims had gone to their farm to plant crops, three others were abducted.",0.001,Kaduna Communal Militia (Nigeria)
conflibert_conflibert,NIG31263,V,B,0.542271077632904,"[0.542271077632904, 0.45772889256477356]","On 8 May 2023, an unidentified armed group beat up members of a family and abducted one woman at Sekona (Ede South, Osun) while they were traveling to the state. There are no reports about ransom demands.",0.001,Unidentified Armed Group (Nigeria)
conflibert_conflibert,NIG24383,S,E,0.510090172290802,"[0.4899098575115204, 0.510090172290802]","Displacement: Around 31 March 2022 (between 28 March - 3 April), 2,379 people from 573 affected households in Rabah LGA (Sokoto) and Wurno LGAs [coded separately] were displaced to neighboring wards as a result of militia attacks/ armed clashes.",0.001,Civilians (Nigeria)
conflibert_conflibert,NIG26229,P,B,0.5363479256629944,"[0.5363479256629944, 0.463652104139328]","On 15 August 2022, youths protested at the premises of the Plateau state high court in Jos (Jos North, Plateau) to show support for the signing of an MoU between the state government and Jaiz bank, despite a lawsuit filed over the MoU by a lawmaker.",0.001,Protesters (Nigeria)
conflibert_conflibert,NIG37195,P,B,0.5129203200340271,"[0.5129203200340271, 0.4870796501636505]","On 5 June 2024, members of the Banki youth group association protested around the Nigeria-Cameroon border in Banki town (Bama, Borno) against the movement to essential goods and livestock products to Cameroon, which is against the state government's directives to restore commercial activities in the Banki international market.",0.001,Protesters (Nigeria)
conflibert_conflibert,NIG17430,V,B,0.5368388295173645,"[0.5368388295173645, 0.4631612002849579]","On 17 June 2020, Boko Haram/Shekau attacked Kautikari in Chibok LGA (Borno), killed 2 residents and abducted 1.",0.001,Boko Haram - Jamaatu Ahli is-Sunnah lid-Dawati wal-Jihad
conflibert_conflibert,NIG35065,P,B,0.5546514391899109,"[0.5546514391899109, 0.4453485310077667]","On 10 February 2024, protesters consisting of youths and traders protested at Ibeju-Lekki area (Ibeju-Lekki, Lagos), coded to Ibeju, to denounce the rising cost of living and demanded for the president's intervention.",0.001,Protesters (Nigeria)
conflibert_conflibert,NIG32363,B,B,0.5579947233200073,"[0.5579947233200073, 0.4420052468776703]","On 28 August 2023, two groups of maqurede supporters engaged in an armed clash at Aku community (Igbo Etiti, Enugu) following a disagreement over the date for closing the masquerade year. One person was killed, other sources report that at least 100 locals were hospitalized, the police claimed that one person was arrested and a firearm was retrieved from him.",0.001,Aku Communal Militia (Nigeria)
conflibert_conflibert,NIG34025,V,E,0.5072064399719238,"[0.4927935302257538, 0.5072064399719238]","On 4 December 2023, Icelanders loyal to General Danger abducted and later killed three civilians at Egbe community, coded to Akinima (Ahoada West, Rivers). The victims' whose bodies were found a few hours after they were abducted had an altercation with the mother of the militia leader, and he threatened to deal with them.",0.001,Icelanders (Nigeria)
conflibert_conflibert,NIG16159,P,B,0.5734431147575378,"[0.5734431147575378, 0.42655691504478455]","On 20 January 2020, a group of mechanics demonstrated in Port Harcourt (Port Harcourt LGA, Rivers) over the death of a colleague in police custody.",0.001,Protesters (Nigeria)
conflibert_conflibert,NIG33348,V,B,0.5432447791099548,"[0.5432447791099548, 0.45675522089004517]","Around 27 October 2023 (as reported), an unidentified armed group abducted a soldier (presumed to be off duty) at the Akparata axis of Effium (Ohaukwu, Ebonyi). The soldier was part of the contingent deployed to manage inter-communal clashes in the area. The State government issued an ultimatum to the warring communities to provide the soldier alive by 26 October 2023.",0.001,Unidentified Armed Group (Nigeria)
conflibert_conflibert,NIG36927,R,B,0.5558559894561768,"[0.5558559894561768, 0.44414404034614563]","On 17 June 2024, a mob armed with cutlasses, clubs and other weapons attempted to resist security operatives comprised of police forces and NSCDC operatives at Bukuru (Jos South, Plateau) who were deployed to implement the execution of an executive order. 10 cars and properties were destroyed by the mob, one trader was killed by a stray bullet after the security operatives fired warning shots to disperse the mob and two others were wounded.",0.001,Rioters (Nigeria)
conflibert_conflibert,NIG32116,V,B,0.5130640864372253,"[0.5130640864372253, 0.48693588376045227]","On 25 July 2023, a Zamfara militia abducted a woman and her son from their residence at Saminaka community, along Gusau-Sokoto road (Gusau, Zamfara).",0.001,Zamfara Communal Militia (Nigeria)
conflibert_conflibert,NIG21911,B,B,0.5899174213409424,"[0.5899174213409424, 0.4100825786590576]","On 8 September 2021, armed militias shot and killed a policeman during an attack on Juji (Chikun, Kaduna).",0.001,Kaduna Communal Militia (Nigeria)
conflibert_conflibert,NIG31483,B,B,0.5235962271690369,"[0.5235962271690369, 0.47640377283096313]","Around 2 June 2023 (between 31 May - 4 June), troops of Operation Hadin Kai in collaboration with Civilian JTF clashed with ISWAP militants during a clearance operation at their enclaves in Bale (Damboa, Borno), Tirke, Mandari, Molgoi, Bego, Yarwa, Ngurna and Chibok LGA [coded separately]. 11 militants were killed, fatalities were split across 4 events coded as 3.",0.001,Military Forces of Nigeria (2023-)
conflibert_conflibert,NIG37654,B,B,0.5448569059371948,"[0.5448569059371948, 0.4551430940628052]","On 18 July 2024, the Nigerian troops, supported by communal defense militia, clashed with Boko Haram (JAS) in Imimi Bulabulin, coded as Bulabulin (Konduga, Borno). The troops killed one militiaman and destroyed their camp and also recovered 11 bicycles and 2 AK 47 magazines.",0.001,Military Forces of Nigeria (2023-)
conflibert_conflibert,NIG23698,V,B,0.5293357372283936,"[0.5293357372283936, 0.47066423296928406]","On 13 February 2022, Sokoto militiamen raped several women and beat residents of Rambadawa village, Sabon Birni LGA (Sokoto).",0.001,Sokoto Communal Militia (Nigeria)
conflibert_conflibert,NIG23360,B,B,0.5357239842414856,"[0.5357239842414856, 0.4642760455608368]","On 19 January 2022, police officers and NSCDC operatives clashed [not specified] in Ogbogoro (Obio, Rivers) when the police officers went to inspect an illegal oil refinery site but were denied entry by the NSCDC officials. 20 NSCDC officials were disarmed and arrested by the police. [there are no reports of an armed clash].",0.001,Police Forces of Nigeria (2015-2023) NSCDC: Nigeria Security and Civil Defence Corps
conflibert_conflibert,NIG29057,V,B,0.5192126035690308,"[0.5192126035690308, 0.48078733682632446]","On 8 December 2022, an unidentified armed group in large numbers raped women and stole farm produce which they harvested from farms in Chakumi (Gwagwalada, FCT). Six women were raped in attacks which lasted for 3 days. Residents fled the community.",0.001,Unidentified Armed Group (Nigeria)
conflibert_conflibert,NIG27076,V,B,0.522411048412323,"[0.522411048412323, 0.4775889813899994]","On 7 April 2020, a police officer shot and killed a driver who refused to stop at a checkpoint set up to enforce the coronavirus lockdown in Obioma Ngwa LGA (Abia), coded as Mgboko.",0.001,Police Forces of Nigeria (2015-2023)
conflibert_conflibert,NIG29062,V,B,0.5471530556678772,"[0.5471530556678772, 0.4528469145298004]","On 3 December 2022, an unidentified armed group abducted 8 residents of Anguwan Hausawa in Kwakwu community, coded to Kuje (Kuje, FCT). The abductors shot sporadically to scare of policemen from a police outpost, a ransom of 25 million naira was demanded.",0.001,Unidentified Armed Group (Nigeria)
conflibert_conflibert,NIG34255,B,B,0.5084812045097351,"[0.5084812045097351, 0.4915187358856201]","On 14 December 2023, policemen engaged an unidentified armed group in an armed clash at their hideout in a forest in Emohua LGA (Rivers) and rescued four abductees. Two members of the group were killed.",0.001,Police Forces of Nigeria (2023-)
conflibert_conflibert,NIG30421,V,B,0.5485363006591797,"[0.5485363006591797, 0.4514636993408203]","Around 10 July 2021 (as reported), three members of the Supreme Vikings attacked and forced a man to drink blood in Igbesa (Ado-Odo, Ogun) while trying to initiate him into their cult group forcefully.",0.001,SVC: Supreme Vikings Confraternity (Nigeria)
conflibert_conflibert,NIG31724,P,B,0.5188812017440796,"[0.5188812017440796, 0.481118768453598]","On 19 June 2023, students of Delta state university protested at main entrance of Site 2 of the school in Abraka (Ethiope East, Delta) over the death of their colleague which they claimed was a result of the ill-treatment by health workers on duty at the school's health center. The protesters protested the previous day [coded separately].",0.001,Protesters (Nigeria)
conflibert_conflibert,NIG21628,P,B,0.515910804271698,"[0.515910804271698, 0.484089195728302]","On 5 August 2021, a thousand women in Lokoja (Lokoja, Kogi state) marched to seek an end to gender based violence.",0.001,Protesters (Nigeria)
conflibert_conflibert,NIG25783,P,B,0.5391662120819092,"[0.5391662120819092, 0.4608337879180908]","On 26 July 2022, members of the NLC, ASUU, SSANU, NASU and other allied unions protested and marched from the NLC secretariat to the office of the deputy governor in Gusau (Gusau, Zamfara) over the continued closure of public universities due to the ASUU strike.",0.001,Protesters (Nigeria)
conflibert_conflibert,NIG24014,R,B,0.5025227069854736,"[0.5025227069854736, 0.49747729301452637]","On 5 March 2022, supporters of the incumbent and past chairman of Langtang South LGA clashed in Sabon Gida (Langtang South, Plateau) after the incumbent from the APC slapped the past chairman who belongs to the PDP. An unspecified number of persons were wounded, including the incumbent chairman.",0.001,Rioters (Nigeria)
conflibert_conflibert,NIG21207,B,B,0.5888792276382446,"[0.5888792276382446, 0.411120742559433]","On 22 June 2021, military forces clashed with Boko Haram members in Bosso LGA (Niger) [coded Maikonkele]. Three Boko Haram members were killed.",0.001,Islamic State West Africa Province (ISWAP) - Lake Chad Faction and/or Boko Haram - Jamaatu Ahli is-Sunnah lid-Dawati wal-Jihad
conflibert_conflibert,NIG30318,B,B,0.5462778210639954,"[0.5462778210639954, 0.453722208738327]","On 25 April 2021, the Black Axe Cult group shot at the police when the police invaded their initiating site behind the Ekiti State University Campus, Iworoko (Irepodun, Ekiti). The police arrested five cult members as they attempted to flee and recovered a locally made pistol.",0.001,Police Forces of Nigeria (2015-2023)
conflibert_conflibert,NIG27411,V,B,0.5137783885002136,"[0.5137783885002136, 0.4862216114997864]","On 29 October 2020, Zamfara militiamen attacked civilians in Yandoto village, Tsafe LGA (Zamfara). One person was killed, an unspecified number were wounded and three others were abducted.",0.001,Zamfara Communal Militia (Nigeria)
conflibert_conflibert,NIG25126,B,B,0.5680997967720032,"[0.5680997967720032, 0.4319002628326416]","On 6 June 2022, Nigerian troops clashed with ISWAP militants at Goniri (Gujba, Yobe). One of the militants' gun trucks was destroyed, casualties are unknown. ISWAP claimed to have launched the attack and succeeded.",0.001,Military Forces of Nigeria (2015-2023)
conflibert_conflibert,NIG31836,B,B,0.5905420780181885,"[0.5905420780181885, 0.40945789217948914]","On 3 July 2023, an unidentified armed group shot and killed an operative of the Benue community volunteer guards at a checkpoint in Ugba town (Logo, Benue). The assailants also abducted two people and robbed some other persons. Other sources report that the assailants were armed robbers.",0.001,Unidentified Armed Group (Nigeria)
conflibert_conflibert,NIG26789,V,B,0.5664758086204529,"[0.5664758086204529, 0.43352416157722473]","On 12 August 2021, Amagba and Obazagbon militias attacked Oke-Oroma (Ikpoba Okha, Edo) coded as Oka, shooting sporadically. Unspecified number of buildings were burnt. Security operatives were deployed but no clashes reported",0.001,Amagba Communal Militia (Nigeria)
conflibert_conflibert,NIG19480,V,B,0.5584350228309631,"[0.5584350228309631, 0.44156497716903687]","On 12 January 2021, Yansakai Militia attacked and killed a Fulani Pastoralist at Talata Mafara LGA (Zamfara). Unknown reason for attack.",0.001,Yansakai Militia
conflibert_conflibert,NIG34224,S,B,0.5645550489425659,"[0.5645550489425659, 0.4354449510574341]","Non-violent activity: On 17 December 2023, combined troops of Operation Hadin Kai, coded as soldiers and policemen conducted a search and rescue operation and rescued 13 persons who were abandoned by a fleeing Zamfara militia along the Dan Sadau axis (Maru, Zamfara).",0.001,Military Forces of Nigeria (2023-)
conflibert_conflibert,NIG22954,V,B,0.6028808951377869,"[0.6028808951377869, 0.3971191346645355]","On 14 December 2021, Kaduna militiamen killed a staff member of the Federal Inland Revenue Service (FIRS) whom they abducted three weeks ago after his family paid 7 million naira to secure his release. Location coded as Kaduna (Kaduna North, Kaduna).",0.001,Kaduna Communal Militia (Nigeria)
conflibert_conflibert,NIG34268,P,B,0.5400413274765015,"[0.5400413274765015, 0.4599587023258209]","On 20 December 2023, members of SSANIP and NASU at Rfus Giwa polytechnic Owo (Owo, Ondo) protested and blocked the school's entrance over the non-payment of their salaries for over 10 months.",0.001,Protesters (Nigeria)
conflibert_conflibert,NIG34231,B,E,0.5144550800323486,"[0.48554494976997375, 0.5144550800323486]","On 17 December 2023, troops of 1 division of the Nigerian Army ambushed and engaged a Kaduna militia in an armed clash in Sabon Birni (Igabi, Kaduna). One member of the militia was killed, an AK47 rifle loaded with 15 rounds of ammunition and other items were recovered.",0.001,Military Forces of Nigeria (2023-)
conflibert_conflibert,NIG35977,E,B,0.5537726283073425,"[0.5537726283073425, 0.4462273120880127]","On 10 April 2024, the Nigerian Air Force launched air strikes at a Zamfara communal militia in the Kanikawa area in Maradun town (Maradun, Zamfara). The strikes destroyed the camp and the militia's logistics. Many militiamen were killed. Unspecified fatalities coded as 10.",0.001,Military Forces of Nigeria (2023-)
conflibert_conflibert,NIG25519,B,B,0.5859280824661255,"[0.5859280824661255, 0.4140719175338745]","On 5 July 2022, an unidentified armed group killed a policeman during an attempt to assassinate the deputy governorship candidate of the APC at the GRA axis of Port Harcourt (Port Harcourt, Rivers).",0.001,Unidentified Armed Group (Nigeria)
conflibert_conflibert,NIG18329,E,B,0.5527466535568237,"[0.5527466535568237, 0.44725337624549866]","On 25 September 2020, the Nigerian Airforce conducted airstrikes against a Boko Haram settlement along the Yale-Kumshe axis (Bama LGA, Borno), killing scores of militants and destroying their structures. Scores of fatalities coded as 20.",0.001,Military Forces of Nigeria (2015-2023)
conflibert_conflibert,NIG34541,B,B,0.5783287882804871,"[0.5783287882804871, 0.42167118191719055]","On 8 January 2024, ISWAP claimed to have clashed with a Nigerian military patrol near Sambisa Forest Reserve (Gwoza, Borno). They claimed to have wounded an unspecified number of soldiers. There were no fatalities.",0.001,Islamic State West Africa Province (ISWAP)
conflibert_conflibert,NIG28863,P,B,0.5643842816352844,"[0.5643842816352844, 0.4356157183647156]","On 23 November 2022, ASUU members of Federal University of Technology Akure protested and marched in the university's campus in Akure (Akure South, Ondo) against the no work no pay policy of the federal government and the non-payment of their salaries during the ASUU strike.",0.001,Protesters (Nigeria)
conflibert_conflibert,NIG35826,B,B,0.5546388626098633,"[0.5546388626098633, 0.4453611671924591]","Around 2 April 2024 (as reported), the Nigerian troops of Operation Hadarin Daji, supported by a Gusau defence militia, clashed with a Zamfara militia in Gahori, coded to Gusau (Gusau, Zamfara). The troops killed several militiamen and recovered rustled cattle. Several fatalities coded as 10.",0.001,Military Forces of Nigeria (2023-)
conflibert_conflibert,NIG17399,V,B,0.5789372324943542,"[0.5789372324943542, 0.42106273770332336]","Around 14 June 2020 (as reported), a military patrol rammed into a road block of a coronavirus Task Force in Maiduguri (Maiduguri LGA, Borno) and threatened to open fire on them. 1 person was killed.",0.001,Military Forces of Nigeria (2015-2023)
conflibert_conflibert,NIG29319,B,B,0.5576241612434387,"[0.5576241612434387, 0.44237586855888367]","On 23 December 2022, Nigerian troops repelled a Kaduna militia that invaded Malagum (Kaura, Kaduna) in large numbers and attempted to attack civilians. There were no fatalities.",0.001,Kaduna Communal Militia (Nigeria)
conflibert_conflibert,NIG34818,V,B,0.5637539625167847,"[0.5637539625167847, 0.4362460672855377]","On 29 January 2024, an unidentified armed group abducted 10 civilians comprising 6 school children, three teachers, and a driver from a private school as they were returning to Eporo from Emure (Emure, Ekiti). A ransom of 10 million naira each was demanded. The abductees were released on 4 February except the driver who was murdered (coded separately), there are no reports on ransom payment.",0.001,Unidentified Armed Group (Nigeria)
conflibert_conflibert,NIG19278,P,B,0.518592894077301,"[0.518592894077301, 0.48140713572502136]","On 17 December 2020, members of the Coalition of Northern Groups (CNG) staged a demonstration in Katsina State to demand that the government rescue hundreds of male schoolboys kidnapped from Government Science Secondary School in Kankara.",0.001,Protesters (Nigeria)
conflibert_conflibert,NIG31781,V,E,0.5105188488960266,"[0.489481121301651, 0.5105188488960266]","On 22 June 2023, an unidentified armed group attacked civilians when they attempted to abduct them on the road between Owo and Benin (Owo, Ondo). One traveler was hit and killed by a stray bullet.",0.001,Unidentified Armed Group (Nigeria)
conflibert_conflibert,NIG21040,B,B,0.5530961751937866,"[0.5530961751937866, 0.44690385460853577]","On 12 June 2021, unidentified gunmen clashed with Aguikpa communal militia at Oruku (Nkanu East LGA, Enugu). The chairman of the local militia was killed.",0.001,Aguikpa Communal Militia (Nigeria)
conflibert_conflibert,NIG25858,V,B,0.5516099333763123,"[0.5516099333763123, 0.44839006662368774]","On 1 August 2022, a suspected unidentified cult militia killed a woman on her farm at Fadahunsi area of Ilesa (Ilesha West, Osun). One of the victims eyes were removed, the reason for the attack is unknown.",0.001,Unidentified Cult Militia (Nigeria)
conflibert_conflibert,NIG27836,B,B,0.5179430246353149,"[0.5179430246353149, 0.48205700516700745]","On 23 January 2021, Black Axe and Aye militiamen clashed at Coker-Aguda (Surulere, Lagos). Two militiamen who were NURTW members were killed.",0.001,Black Axe (Nigeria)
conflibert_conflibert,NIG21974,V,B,0.5180670619010925,"[0.5180670619010925, 0.4819329082965851]","On 15 September 2021, unidentified armed men shot and killed one person and abducted three people in Egbeda Kabba (Kabba, Kogi) coded as Kabba. Two of the abductees are poultry farmers; the abductors have demanded a ransom of 15 million naira.",0.001,Unidentified Armed Group (Nigeria)
conflibert_conflibert,NIG19055,B,B,0.5334342122077942,"[0.5334342122077942, 0.4665658175945282]","Around 1 December 2020 (as reported), a Kaduna communal militia attacked motorists at Kwanar Tsintsiya axis of Kaduna-Zaria Road (Igabi LGA, Kaduna) but were repelled by Nigerian military troops. 5 militiamen were killed and nine kidnapped vicitims rescued. Nigerian troops also responded to a distress call about rustling activities in the same area. 39 kidnapped victims were rescued and military troops also recovered rustled cattle. Two reported civilian fatalities.",0.001,Military Forces of Nigeria (2015-2023)
conflibert_conflibert,NIG39028,B,B,0.5468056797981262,"[0.5468056797981262, 0.4531942903995514]","On 11 October 2024, IS/BH (JAS) attacked the Nigerian troops, killing at least ten soldiers along the Damboa-Biu Road in Waijroko village (Damboa, Borno). An unspecified number of soldiers were injured.",0.001,Islamic State West Africa Province (ISWAP) and/or Boko Haram - Jamaatu Ahli is-Sunnah lid-Dawati wal-Jihad
conflibert_conflibert,NIG27232,B,B,0.5764853358268738,"[0.5764853358268738, 0.4235146641731262]","On 6 July 2020, an unidentified armed group attacked a vehicle while on transit along Okene-Lokoja highway (Okene, Kogi). One presumed policeman was killed, two others were abducted.",0.001,Unidentified Armed Group (Nigeria)
conflibert_conflibert,NIG23091,V,B,0.5357884764671326,"[0.5357884764671326, 0.46421149373054504]","On 29 December 2021, unidentified armed men suspected to be kidnappers or assassins invaded Araromi Ekesi community in or around Sanngo-Ota (Ado-Odo, Ogun) and shot sporadically. The attack might be related to land issues with an estate developer who seems to have been the target; there were no casualties.",0.001,Unidentified Armed Group (Nigeria)
conflibert_conflibert,NIG23965,E,B,0.5928224325180054,"[0.5928224325180054, 0.4071776270866394]","On 9 March 2022, Nigerian troops conducting airstrikes against militiamen but mistakenly bombed Keri village, Dirindaji region (Sakaba, Kebbi). Two civilians were killed, several others were wounded .",0.001,Military Forces of Nigeria (2015-2023)
conflibert_conflibert,NIG30658,V,B,0.5329769849777222,"[0.5329769849777222, 0.4670230448246002]","On 18 March 2023, an unidentified armed group attacked a polling unit, chased voters away and vandalized voting materials at Ward 2, Unit 6 in Bonny LGA (Rivers).",0.001,Unidentified Armed Group (Nigeria)
conflibert_conflibert,NIG16392,V,B,0.5504065155982971,"[0.5504065155982971, 0.44959351420402527]","On 20 February 2020, officers of SARS forces shot and injured 2 street traders on a market in Abeokuta (Abeokuta South LGA, Ogun) when they stormed the location.",0.001,Police Forces of Nigeria (2015-2023) Special Anti-Robbery Squad
conflibert_conflibert,NIG31919,V,B,0.5319597125053406,"[0.5319597125053406, 0.4680403172969818]","On 12 July 2023, a security operative presumed to be policeman killed a farmer at Mandarari community (Konduga, Borno) when he attempted to cross a trench to his farm.",0.001,Police Forces of Nigeria (2023-)
conflibert_conflibert,NIG24524,B,B,0.5432260036468506,"[0.5432260036468506, 0.4567739963531494]","On 16 April 2022, policemen and local defense militiamen ambushed members of a Kaduna militia who dressed in military uniform and attacked civilians in Gabari community of Samaru (Sabon Gari, Kaduna). One civilian who resisted being abducted was killed, four persons were abducted; two of whom were rescued by the police during the ambush.",0.001,Kaduna Communal Militia (Nigeria)
conflibert_conflibert,NIG29082,P,B,0.5238633155822754,"[0.5238633155822754, 0.4761366844177246]","On 22 December 2022, protesters from CACLN protested and marched to the presidential villa in Abuja (Abuja Municipal, FCT) to demand for the sack of the CBN governor over claims of fraud, diversion of government funds and perpetuating unwholesome practices in the country's forex management.",0.001,Protesters (Nigeria)
conflibert_conflibert,NIG29145,B,B,0.634528398513794,"[0.634528398513794, 0.36547163128852844]","On 6 December 2022, Nigerian troops clashed with presumed ISWAP/ Boko Haram militants in the vicinity of Malam Fatori (Abadan, Borno). Casualties unknown.",0.001,Military Forces of Nigeria (2015-2023)
conflibert_conflibert,NIG33998,B,B,0.5164609551429749,"[0.5164609551429749, 0.48353907465934753]","On 28 November 2023, the Nigerian military engaged ISWAP/Boko Haram (JAS) in a firefight around the Yaleri Kurna, coded to Konduga (Kodunga, Borno). There were no fatalities.",0.001,Military Forces of Nigeria (2023-)
conflibert_conflibert,NIG26526,V,B,0.5564863085746765,"[0.5564863085746765, 0.4435136616230011]","Around 5 September 2022, policemen who were part of the Green Sheriff beat up a petty trader and her daughter in Calabar (Calabar Municipal, Cross River). The daughter who was accused of attempting to attack the policemen with a knife, was arrested and released on 6 September, the woman's wares were scattered on the road and she claimed the policemen took away 250,000 naira from her. The policemen claimed that the women had been warned severally to not sell along the roadside.",0.001,Police Forces of Nigeria (2015-2023)
conflibert_conflibert,NIG32744,P,B,0.5079474449157715,"[0.5079474449157715, 0.4920525550842285]","On 11 September 2023, hundreds of Action Alliance supporters protested at the Nigeria Police Force headquarters in Abuja (Abuja Municipal, FCT) over claims that the party's house of representatives candidate for Bende federal constituency in the last election was being impersonated at the election petition tribunal.",0.001,Protesters (Nigeria)
conflibert_conflibert,NIG35439,B,B,0.5702834129333496,"[0.5702834129333496, 0.4297165274620056]","On 6 March 2024, the Nigerian troops engaged an unidentified armed group in a firefight in Ososo Forest, Ososo (Akoko Edo, Edo). The armed group had abducted some people before the military engaged them. The troops rescued four hostages, including a lady and three men. They arrested one of the abductors. There were no fatalities.",0.001,Military Forces of Nigeria (2023-)
conflibert_conflibert,NIG16598,S,B,0.585110604763031,"[0.585110604763031, 0.4148893654346466]","Around 24 March 2020 (between March 20 - 28 March), state governments across Nigeria implemented restrictions in response to the coronavirus outbreak.",0.001,Government of Nigeria (2015-2023)
conflibert_conflibert,NIG30329,B,B,0.5263131856918335,"[0.5263131856918335, 0.4736867845058441]","Around 30 September 2021 (week of), an unidentified cult group killed four suspected members of a rival group in Kuchibena, near the Life Camp, Abuja (Abuja Municipal, FCT). The assailants dismembered the body of one of their victims, chopped off his head and hung it on a stick. The community had been in palpable fear over the incessant cult clashes and killing in the area, prompting the police to request that the slums in the area be demolished. 4 fatalities reported.",0.001,Unidentified Cult Militia (Nigeria)
conflibert_conflibert,NIG17498,E,B,0.5269995331764221,"[0.5269995331764221, 0.4730004668235779]","Around 23 June 2020 (as reported), Nigerian Air Force conducted air strikes against camps of militias in Rugu, Birnin Gwari and Dansadau forests in Kaduna, Kebbi and Zamfara States. Scores of militiamen were reported killed and 10 camps destroyed. Scores of fatalities coded as 10. Fatalities split between 3 events.",0.001,Military Forces of Nigeria (2015-2023)
conflibert_conflibert,NIG19982,B,B,0.5571637749671936,"[0.5571637749671936, 0.4428362250328064]","On 2 March 2021, ISWAP clashed with Nigerian military at Gajiram (Nganzai LGA, Borno), killing and wounding a number of soldiers. Unknown fatalities coded as 3.",0.001,Military Forces of Nigeria (2015-2023)
conflibert_conflibert,NIG38188,E,B,0.5309311151504517,"[0.5309311151504517, 0.46906885504722595]","On 16 August 2024, the Nigerian Air Force launched air strikes at ISWAP locations in Tombun Baba Jedda and Arainna Soro areas in Marte LGA, coded to Marte (Borno). Five ISWAP commanders and more than 35 fighters were killed in the strikes. The air strikes destroyed vehicles, water vessels, and a medical dispensary. There were more than 40 fatalities.",0.001,Military Forces of Nigeria (2023-)
conflibert_conflibert,NIG36371,V,B,0.5000055432319641,"[0.5000055432319641, 0.4999944865703583]","On 15 April 2024, a Zamfara militia abducted nine people from Dumfawa village, coded to Gurbi (Zurmi, Zamfara).",0.001,Zamfara Communal Militia (Nigeria)
conflibert_conflibert,NIG28810,E,B,0.5818082690238953,"[0.5818082690238953, 0.41819173097610474]","On 15 November 2022, the Nigerian Air Force carried out an air strike on a hideout of presumed ISWAP/ Boko Harm militants in the vicinity of Gabchari (Konduga, Borno). There are no further details.",0.001,Military Forces of Nigeria (2015-2023)
conflibert_conflibert,NIG23065,V,B,0.601864218711853,"[0.601864218711853, 0.39813581109046936]","On 25 December 2021, unidentified armed men attacked and killed a man in Ayangba (Dekina, Kogi). The reason for the attack is unknown.",0.001,Unidentified Armed Group (Nigeria)
conflibert_conflibert,NIG36572,S,B,0.5239978432655334,"[0.5239978432655334, 0.47600212693214417]","Weapons seizure: Around 9 May 2024 (as reported), the Nigerian troops intercepted weapons from three gunrunners in the Sukuk community, coded to Kirsinga (Madagali, Adamawa). A locally fabricated Gun, a pistol, 59 rounds of 7.62 mm x 39 ammunition, two locally fabricated guns and 29 cartridges were recovered.",0.001,Military Forces of Nigeria (2023-)
conflibert_conflibert,NIG26442,B,B,0.5180584788322449,"[0.5180584788322449, 0.4819415211677551]","On 25 September 2022, policemen invaded the camp of an unidentified armed group that had abducted one person from Kara bridge and engaged them in an armed clash. Location coded to Mowe (Obafemi, Ogun), one of the assailants was arrested, others fled with bullet wounds and the abductee was rescued.",0.001,Police Forces of Nigeria (2015-2023)
conflibert_conflibert,NIG33906,B,B,0.5218238830566406,"[0.5218238830566406, 0.47817614674568176]","Around 25 November 2023 (as reported), troops of Operation Hadarin Daji raided hideouts of a Zamfara militia and engaged them in an armed clash at Tazame, Mashema, Doka, Maje and neighboring areas near Gandaya village in Bungudu LGA (Zamfara). Four militiamen were killed, an unconfirmed number of others fled with gunshot wounds, all the camps were destroyed, 57 rustled cattle, 900,000 naira cash and military uniforms were recovered.",0.001,Military Forces of Nigeria (2023-)
conflibert_conflibert,NIG38588,S,B,0.5745167136192322,"[0.5745167136192322, 0.4254833459854126]","Weapons seizure: On 19 September 2024, Police arrested two gunrunners from a communal milita and seized twenty locally fabricated AK-47 rifles in Buruku (Chikun, Kaduna). They also found an empty Type 06 magazine hidden inside the black Golf car used by the suspects. The suspects were from Plateau State.",0.001,Police Forces of Nigeria (2023-)
conflibert_conflibert,NIG17529,V,B,0.5281144976615906,"[0.5281144976615906, 0.4718855023384094]","On 25 June 2020, Katsina Communal Militias attacked Kurmayai (Batsari LGA, Katsina) and abducted 1 resident.",0.001,Katsina Communal Militia (Nigeria)
conflibert_conflibert,NIG26111,B,B,0.5737856030464172,"[0.5737856030464172, 0.426214337348938]","On 25 August 2022, Nigerian troops on an operational tour clashed with a Kaduna militia and rescued three abductees in Manini village along Pole Wire (Chikun, Kaduna). The militia members fled with gunshot wounds.",0.001,Military Forces of Nigeria (2015-2023)
conflibert_conflibert,NIG25508,S,B,0.6336386799812317,"[0.6336386799812317, 0.3663612902164459]","Property destruction: On 5 July 2022, ISWAP militants invaded a construction site and set two vehicles ablaze after shooting sporadically which led to the workers fleeing at Gallumu village, which is 9km away from Gubio town (Gubio, Borno). ISWAP claimed the attack.",0.001,Islamic State West Africa Province (ISWAP)
conflibert_conflibert,NIG16285,V,B,0.5136005282402039,"[0.5136005282402039, 0.48639941215515137]","On 6 February 2020, Jukun militias attacked the Tiv community of Ibua (Ibi LGA, Taraba, no location found, coded as Ibi) and killed 2 residents. Houses were burnt.",0.001,Jukun Ethnic Militia (Nigeria)
conflibert_conflibert,NIG25172,P,B,0.5437036752700806,"[0.5437036752700806, 0.45629632472991943]","On 6 June 2022, members of CAN marched to the palace of the Olowo of Owo in Owo (Owo, Ondo) while protesting against the attack on worshippers the day before [coded separately].",0.001,Protesters (Nigeria)
conflibert_conflibert,NIG37001,R,B,0.5756505727767944,"[0.5756505727767944, 0.42434945702552795]","On 20 May 2024, the Iwuru Obio Ntan community youths attacked an Aye cult militia member in Iwuru Obiontan (Biase, Cross River) over the killing of an Aye cultist by his fellow cult members on the previous day, coded separately. No casualties.",0.001,Rioters (Nigeria)
conflibert_conflibert,NIG19553,B,B,0.5647609233856201,"[0.5647609233856201, 0.4352390766143799]","On 17 January 2021, ISWAP ambushed Nigerian troops between Goniri (Gujba LGA, Yobe) and Gorigi (Damboa), allegedly killing and wounding a number of soldiers. Unknown fatalities coded as 3.",0.001,Military Forces of Nigeria (2015-2023)
conflibert_conflibert,NIG34781,B,B,0.6072907447814941,"[0.6072907447814941, 0.39270928502082825]","On 24 January 2024, ISWAP attacked the Nigerian troops' position in Buni Yadi (Gujba, Yobe). No further details.",0.001,Islamic State West Africa Province (ISWAP)
conflibert_conflibert,NIG37104,V,B,0.5264533758163452,"[0.5264533758163452, 0.4735465943813324]","On 29 May 2024, three police officers brutalized a truck driver and beat him to a coma in Enugu (Enugu North, Enugu). They dumped him at the Independence Layout Police Station and fled. The driver was accused of damaging the newly laid asphalt on the road by driving a truck with deflated tires on the road.",0.001,Police Forces of Nigeria (2023-)
conflibert_conflibert,NIG34229,B,B,0.548008918762207,"[0.548008918762207, 0.4519910514354706]","On 15 December 2023, Nigerian troops engaged a Kaduna militia in an armed clash along Dende - Buruku road (Chikun, Kaduna). Several militiamen fled with gunshot wounds, one loaded rifle was recovered by the troops.",0.001,Military Forces of Nigeria (2023-)
conflibert_conflibert,NIG36471,V,B,0.5298792719841003,"[0.5298792719841003, 0.4701206684112549]","On 5 February 2024, a Police officer sexually harassed a 20-year-old female in Ago Iwoye, also spelt as Ago (Ijebu North, Ogun). The victim was forced into the police patrol van by seven other officers. The victim recorded the incident on her phone, but the perpetrator was not identified.",0.001,Police Forces of Nigeria (2023-)
conflibert_conflibert,NIG16620,S,B,0.5666481256484985,"[0.5666481256484985, 0.43335190415382385]","On 27 March 2020, police forces vandalized shops at a market in Lagos (Lagos Island LGA, Lagos) to enforce the coronavirus restrictions and closure of the venue.",0.001,Police Forces of Nigeria (2015-2023)
conflibert_conflibert,NIG26277,E,B,0.5338277816772461,"[0.5338277816772461, 0.4661722481250763]","On 14 September 2022, the air task force of Operation Hadin Kai carried out an airstrike on ISWAP militant who were moving in two vehicles in the axis of Kangarwa (Kukawa, Borno). Many militants were killed, coded as 10.",0.001,Military Forces of Nigeria (2015-2023)
conflibert_conflibert,NIG30514,B,B,0.5018504858016968,"[0.5018504858016968, 0.4981495141983032]","On 13 March 2023, policemen attached to Operation Whirl Punch engaged a Kaduna militia in an armed clash, after the militia blocked the Galadimawa-Tumbruku road (Giwa, Kaduna). One militia member was killed, others fled with bullet wounds and the policemen recovered one rifle and two live rounds of ammunition.",0.001,Police Forces of Nigeria (2015-2023)
conflibert_conflibert,NIG38658,B,B,0.5402718186378479,"[0.5402718186378479, 0.4597281813621521]","On 11 August 2024, the Aye (Black Axe) and the Vikings clashed and killed one person in the Orji area of Owerri (Owerri Municipal, Imo).",0.001,Black Axe (Nigeria)
conflibert_conflibert,NIG27032,B,B,0.5815799832344055,"[0.5815799832344055, 0.4184200167655945]","On 21 May 2021, an unidentified armed group clashed with presumed policemen at Nneyi, Umueri (Anambra East, Anambra) coded as Umuleri. Two policemen were killed in the clash.",0.001,Police Forces of Nigeria (2015-2023)
conflibert_conflibert,NIG31007,B,E,0.5155845284461975,"[0.4844154715538025, 0.5155845284461975]","On 17 April 2023, an unidentified armed group dressed in military uniform ambushed the convoy of a former NBA president, shot three policemen and killed two of his aides around the Obiri-Ikwerre area of East-West road, coded to nearby Rumu-Osi (Obio, Rivers). The former president was abducted and there are no reports on ransom demands. The abductee was released on 1 May, there are no details on ransom payment.",0.001,Unidentified Armed Group (Nigeria)
conflibert_conflibert,NIG16769,V,B,0.5775498151779175,"[0.5775498151779175, 0.4224501848220825]","On 14 April 2020 (or around), a journalist was beaten by police officers in Umuahia (Umuahia North LGA, Abia) for filming police operations related to coronavirus restrictions.",0.001,Military Forces of Nigeria (2015-2023)
conflibert_conflibert,NIG30504,P,E,0.5297364592552185,"[0.4702635109424591, 0.5297364592552185]","On 15 March 2023, hundreds of women protested at the Rivers state headquarters of INEC in Port Harcourt (Port Harcourt, Rivers) against the attitude of the commission's staff during the presidential election. The protesters also demanded for the electronic transmission of votes.",0.001,Protesters (Nigeria)
conflibert_conflibert,NIG20646,B,B,0.6133751273155212,"[0.6133751273155212, 0.38662490248680115]","On 6 May 2021, the Indigenous People of Biafra (IPOB) clashed with Nigerian security operatives at the Divisional Police Station in Orlu LGA (Imo). Between 8 and 11 IPOB members were killed.",0.001,Police Forces of Nigeria (2015-2023)
conflibert_conflibert,NIG27095,B,B,0.5838956236839294,"[0.5838956236839294, 0.41610434651374817]","On 21 April 2020, an unidentified armed group clashed with NSCDC officers during an attack in the Akile village (Ushongo, Benue), coded as Lessel. One NSCDC personnel was killed.",0.001,Unidentified Armed Group (Nigeria)
conflibert_conflibert,NIG30296,B,B,0.5638750195503235,"[0.5638750195503235, 0.4361249804496765]","On 5 March 2023, an unidentified armed group attacked a police checkpoint and clashed with policemen near Atani police station (Ogbaru, Anambra). One policeman was killed, and two others sustained varying degrees of injuries.",0.001,Unidentified Armed Group (Nigeria)
conflibert_conflibert,NIG37618,B,B,0.5423848032951355,"[0.5423848032951355, 0.4576151967048645]","On 10 July 2024, an unidentified armed group shot and killed an OSPAC member in the Igwuruta community (Ikwerre, Rivers). The group was responding to a distress call concerning an abduction case when its members were ambushed, and one got shot and killed.",0.001,Unidentified Armed Group (Nigeria)
conflibert_conflibert,NIG19588,B,B,0.5514082312583923,"[0.5514082312583923, 0.4485917091369629]","On 25 January 2021, Nigerian military troops with MNJTF forces clashed with Boko Haram militants at Mayankari in Borno State, killing three militiamen and destroying their hideout. Nigerian military also recovered weapons and ammunition including one improvised explosive device making equipment.",0.001,Military Forces of Nigeria (2015-2023)
conflibert_conflibert,NIG37205,V,B,0.5685425996780396,"[0.5685425996780396, 0.43145743012428284]","Around 5 June 2024 (as reported), a Niger militia shot a seven-year-old boy dead in Kapana village (Muya, Niger). The boy was one of many people abducted from the community, but they later shot him dead when he could not trek well due to his ailment.",0.001,Niger Communal Militia (Nigeria)
conflibert_conflibert,NIG29904,B,E,0.51383376121521,"[0.48616623878479004, 0.51383376121521]","On 9 February 2023, troops of 1 Division in collaboration with the air component of Operation Whirl stroke clashed with a Kaduna militia and cleared Manini-Kuriga, Farin Ruwa, Kwanan Yashi, Makera, Dogon Dawa-Maidaro, Kidandan-Yadi and Sabon Birnin in Birnin Gwari LGA (Kaduna) and Giwa LGA [coded separately]. The operation lasted for about 48 hours; 4 militiamen were killed and others escaped with gunshot wounds, one loaded rifle and six motorcycles were recovered by the troops. 4 fatalities split across 4 events coded as 1.",0.001,Military Forces of Nigeria (2015-2023)
conflibert_conflibert,NIG36998,B,B,0.5677235126495361,"[0.5677235126495361, 0.4322764277458191]","On 19 May 2024, Aye (Black Axe) and Eiye cult militias clashed and killed an unspecified number of people in Orile Iganmu, also spelt as Iganmu (Surulere, Lagos). Unspecified fatalities coded as 3. There were three fatalities.",0.001,SEC: Supreme Eiye Confraternity (Nigeria)
conflibert_conflibert,NIG17709,S,B,0.5485876798629761,"[0.5485876798629761, 0.4514123201370239]","On 18 July 2020, Nigerian Armed Forces burnt down civilian buildings in Yelwa (Takum LGA, Taraba) during an operation against militias in the area.",0.001,Military Forces of Nigeria (2015-2023)
conflibert_conflibert,NIG36576,S,B,0.5995755195617676,"[0.5995755195617676, 0.4004244804382324]","Property destruction: On 9 May 2024, the Nigerian troops and CJTF destroyed ISWAP's enclaves and structures in Wulma Mashi and Kodow, coded to Bale (Damboa, Borno).",0.001,Military Forces of Nigeria (2023-)
conflibert_conflibert,NIG34375,S,B,0.6204317212104797,"[0.6204317212104797, 0.37956827878952026]","Looting: On 26 December 2023, ISWAP raided and looted drugs from a Primary Health Care center in Mainok (Kaga, Borno).",0.001,Islamic State West Africa Province (ISWAP)
conflibert_conflibert,NIG34098,E,B,0.5572563409805298,"[0.5572563409805298, 0.4427436292171478]","On 4 December 2023, ISWAP claimed to have detonated an IED at the Nigerian Army patrol in Pulka (Gwoza, Borno). Four soldiers were killed in the explosion, and many others were wounded. The blast destroyed a military SUV.",0.001,Islamic State West Africa Province (ISWAP)
conflibert_conflibert,NIG38025,P,B,0.5346104502677917,"[0.5346104502677917, 0.46538954973220825]","On 6 August 2024, protesters marched, in their large number, to the residence of the former Governor of Rivers State and Minister of the Federal Capital Territory in Port Harcourt (Port Harcourt, Rivers). They displayed placards with various inscriptions decrying the high cost of living and alleged bad governance in Nigeria.",0.001,Protesters (Nigeria)
conflibert_conflibert,NIG38569,B,B,0.5332826375961304,"[0.5332826375961304, 0.46671736240386963]","On 17 September 2024, the Nigerian troops clashed with a Kaduna militia, killing two in an ambush at Hayin Nakwakina village in Giwa LGA, coded to Hayin Kanwa (Giwa, Kaduna). The troops recovered two motorcycles, a mobile phone, and machetes.",0.001,Military Forces of Nigeria (2023-)
conflibert_conflibert,NIG23966,B,B,0.561750590801239,"[0.561750590801239, 0.4382494390010834]","On 1 March 2022, Nigerian ground troops with air support on a clearance patrol engaged Katsina militiamen in an armed clash at Bakin Dutse, Gadawa Daji Camp and Brunkoza villages in Kankara LGA (Katsina). 6 militiamen were killed while the rest fled. 574 rustled cattle, 22 motorcycles, weapons and ammunitions were recovered.",0.001,Military Forces of Nigeria (2015-2023)
conflibert_conflibert,NIG34647,B,B,0.5465007424354553,"[0.5465007424354553, 0.45349928736686707]","On 13 January 2024, the Nigerian military engaged in a firefight with an unidentified armed group after the group had abducted four people in Adani (Uzo Uwani, Enugu). A stray bullet killed one person. The armed group went away with the hostages, including a former LGA councilor. They demanded a 25 million naira ransom for their release.",0.001,Military Forces of Nigeria (2023-)
conflibert_conflibert,NIG33293,V,E,0.5639184713363647,"[0.43608152866363525, 0.5639184713363647]","On 21 October 2023, a Kaduna militia killed two commercial drivers as they were retuning to Birnin Gwari (Birnin Gwari). One other driver was shot in his both eyes and taken to the hospital.",0.001,Kaduna Communal Militia (Nigeria)
conflibert_conflibert,NIG22821,B,B,0.5373057723045349,"[0.5373057723045349, 0.4626942574977875]","On 6 December 2021, military forces foiled an attempt by IPOB militants to attack Mgbidi and Awo-Omamma (Oru East, Imo) residents over a sit in order. The militants fled and were trailed by soldiers.",0.001,IPOB: Indigenous Peoples of Biafra
conflibert_conflibert,NIG21509,E,B,0.5124158263206482,"[0.5124158263206482, 0.4875842034816742]","On 29 August 2021, military forces of Nigeria carried out airstrikes against local militias in two villages in Galadi (Shinkafi, Zamfara) and killed scores of bandits.",0.001,Military Forces of Nigeria (2015-2023)
conflibert_conflibert,NIG17884,V,B,0.5790718197822571,"[0.5790718197822571, 0.4209282100200653]","On 8 August 2020, unidentified armed men abducted a stalwart of the APC party somewhere along Oron road in Uyo (Uyo LGA, Akwa Ibom).",0.001,Unidentified Armed Group (Nigeria)
conflibert_conflibert,NIG31866,S,E,0.5390186309814453,"[0.4609813392162323, 0.5390186309814453]","Property destruction: Around 26 June 2023 (between 15 June - 6 July), troops of the joint task force of Operation Delta Safe destroyed 30 illegal refining sites across Cross River coded to Calabar (Calabar Municipal, Cross River), Bayelsa, Delta and Rivers states [coded separately]. 125 storage tanks, 227 ovens, 11 dugout pits and 21 wooden boats were recovered, 42 suspected saboteurs were arrested.",0.001,Military Forces of Nigeria (2023-)
conflibert_conflibert,NIG19458,E,B,0.5714706778526306,"[0.5714706778526306, 0.4285292625427246]","On 13 January 2021, ISWAP claimed a mortar attack against Nigerian troops in Kafa (Damboa LGA, Borno) and also claimed an IED attack against Nigerian troops in the same area. Several soldiers reportedly killed and 2 APC vehicles destroyed. Unknown fatalities coded as 3.",0.001,Islamic State West Africa Province (ISWAP) - Lake Chad Faction
conflibert_conflibert,NIG38441,B,B,0.5209172368049622,"[0.5209172368049622, 0.47908279299736023]","On 3 August 2024, the Aye (Black Axe) and the Eiye clashed and injured many people in Igbesa (Ado-Odo, Ogun).",0.001,Black Axe (Nigeria)
conflibert_conflibert,NIG34121,B,E,0.5000790357589722,"[0.4999209940433502, 0.5000790357589722]","On 14 December 2023, the Nigerian troops engaged the Sokoto militia in a firefight in Bauni village (Tangaza, Sokoto) and Bauni Forest Reserve, coded separately. The military overpowered the militiamen, forcing them to flee the battlefield. They rescued six hostages abducted by the militia. The troops recovered two AK-47 rifles, 19 magazines, ammunition, two Dane guns, motorcycles, radios (walkie-talkies), and other items. Three militiamen were killed in the two events; 3 fatalities split between the two locations. 2 fatalities coded.",0.001,Military Forces of Nigeria (2023-)
conflibert_conflibert,NIG31228,V,E,0.5231702923774719,"[0.4768297076225281, 0.5231702923774719]","Around 13 May 2023 (between 13 May - 14 May), a suspected Fulani killed three civilians when they attacked Ijaha village (Apa, Benue) coded to Ugbokpo and set two other villages ablaze [coded separately].",0.001,Fulani Ethnic Militia (Nigeria)
conflibert_conflibert,NIG21894,E,B,0.564745306968689,"[0.564745306968689, 0.43525466322898865]","Around 6 September 2021 (as reported), military forces of Nigeria killed the leader of an armed militia in an air strike at Shinkafi (Shinkafi, Zamfara).",0.001,Military Forces of Nigeria (2015-2023)
conflibert_conflibert,NIG16292,V,B,0.5490319132804871,"[0.5490319132804871, 0.4509681165218353]","On 3 January 2020, soldiers of Nigerian Armed Forces raided Bukarti (Konduga LGA, Borno) on a search for Boko Haram fighters and deported residents. The village was later set ablaze by NAF.",0.001,Military Forces of Nigeria (2015-2023)
conflibert_conflibert,NIG29676,R,B,0.5008462071418762,"[0.5008462071418762, 0.4991537630558014]","On 25 January 2023, a mob armed with weapons invaded the venue of a PDP campaign rally and disrupted it at Oworonsoki (Kosofe, Lagos). The rioters who chased away people at the venue were led by a person called Eba.",0.001,Rioters (Nigeria)
conflibert_conflibert,NIG20879,S,B,0.5795263648033142,"[0.5795263648033142, 0.4204736053943634]","Property destruction: On 29 May 2021, armed individuals set the Police Criminal Investigation Department on fire in Umuahia (Umuahia North LGA, Abia). No reports on injuries or fatalities.",0.001,Unidentified Armed Group (Nigeria)
conflibert_conflibert,NIG28058,V,B,0.5906082391738892,"[0.5906082391738892, 0.40939176082611084]","On 16 November 2021, an unidentified armed group attacked civilians and killed two persons at Rafin Kada (Wukari, Taraba). An unspecified number of persons were wounded.",0.001,Unidentified Armed Group (Nigeria)
conflibert_conflibert,NIG38837,B,B,0.5280318260192871,"[0.5280318260192871, 0.4719681441783905]","On 3 October 2024, police engaged an unidentified armed group in a firefight, killing three of them in Agbarho (Ughelli North, Delta). The group was suspected to have been involved in a botched abduction of a Delta MP's wife in the previous month, coded separately. Others managed to escape, but the police recovered three AK-47 rifles and their operational vehicle.",0.001,Police Forces of Nigeria (2023-)
conflibert_conflibert,NIG36573,B,B,0.5465508103370667,"[0.5465508103370667, 0.45344915986061096]","Around 9 May 2024, the Nigerian troops and CJTF clashed with IS/BH fighters while conducting a fighting patrol near Wuro Jabbe, also spelt as Wauro Jabbe (Yola-South, Adamawa). The militiamen were on an assault mission when the troops intercepted them. They left their weapons and fled. The troops recovered one PKM Machine Gun, 402 rounds of 7.62 mm x 54 NATO ammunition and 110 rounds of 7.62 mm NATO.",0.001,Military Forces of Nigeria (2023-)
conflibert_conflibert,NIG35979,V,E,0.5001965761184692,"[0.4998033940792084, 0.5001965761184692]","On 11 April 2024, the Nigerian military invaded Olota (Ughelli South, Delta) in connection with the killing of 17 military officers in the neighboring Okuama community a few weeks back. They burned two houses and destroyed another. The troops beat and injured a community leader before taking him away with nine other suspects. They recovered four G3 rifles and magazines, one Pump Action Semi-Automatic Gun, three Sub-Machine Guns and magazines, as well as 476 live cartridges from the village. They also recovered five locally fabricated guns, a large plastic bag containing a substance suspected to be cannabis sativa and two-speed boats with 75 horsepower.",0.001,Military Forces of Nigeria (2023-)
conflibert_conflibert,NIG34282,B,B,0.5329031348228455,"[0.5329031348228455, 0.4670969247817993]","On 24 December 2023, a clash between suspected Eiye and Black Axe cult groups resulted in the killing of a journalist, the head of a vigilante group and another person at different locations in Benin City (Oredo, Edo). The attacks were suspected to be a reprisal over the cult clash in the previous week, where the mother of a cult member was killed when the militia missed their target, coded separately. There were three fatalities.",0.001,SEC: Supreme Eiye Confraternity (Nigeria)
conflibert_conflibert,NIG20887,V,B,0.5550839304924011,"[0.5550839304924011, 0.4449160397052765]","Around 30 May 2021 (as reported), APC members and cultists attacked electoral officials in several villages (including Shomolu, Alimosho, Ejigbo) of Mushin LGA (Lagos) [coded to Surulere] during the party's primaries for the forthcoming Local Government election in the state. Several people were injured.",0.001,APC: All Progressives Congress
conflibert_conflibert,NIG29483,E,B,0.5410175919532776,"[0.5410175919532776, 0.4589824080467224]","On 7 July 2022, the Nigerian Airforce accidentally killed one person and injured 13 others in an air strike targeting some camps of militiamen in Kunkuna (Safana, Katsina). 1 fatality reported.",0.001,Military Forces of Nigeria (2015-2023)
conflibert_conflibert,NIG21474,S,B,0.5328612327575684,"[0.5328612327575684, 0.46713879704475403]","On 29 July 2021, military forces of Nigeria arrested members of the Boko Haram militia in Nbewa and Ruwaza villages (Bama LGA, Borno state). 28 members of the militia were arrested together with their families, totaling around 100 people.",0.001,Military Forces of Nigeria (2015-2023)
conflibert_conflibert,NIG19205,B,B,0.5451481342315674,"[0.5451481342315674, 0.4548518657684326]","On 6 January 2021, ISWAP clashed with Nigerian military troops in Geidam (Geidam LGA, Yobe) after attacking the town and abducting the district head. Property damage additionally reported. ISWAP sources report several soldiers were killed and wounded and weapons and ammunition seized.",0.001,Military Forces of Nigeria (2015-2023)
conflibert_conflibert,NIG21199,B,B,0.5868309140205383,"[0.5868309140205383, 0.41316914558410645]","On 2 July 2021, the police and members of a local militia clashed with around 500 armed individuals in Rabah (Rabah LGA, Sokoto). During the shoot-out, between 1 to 2 suspects were killed and 3 were injured. The group took several animals and burnt 2 vehicles.",0.001,Police Forces of Nigeria (2015-2023)
conflibert_conflibert,NIG26125,B,E,0.5068990588188171,"[0.49310094118118286, 0.5068990588188171]","On 29 August 2022, Nigerian troops of Operation Desert Sanity ambushed and clashed with ISWAP/ Boko Haram militants around Tamsin Ngamdu general area, coded to Damaturu (Damaturu, Yobe). Many militants were killed; coded as 3, several others escaped with gunshot wounds, weapons, ammunition, mobile phones and a motorcycle were recovered.",0.001,Military Forces of Nigeria (2015-2023)
conflibert_conflibert,NIG24917,P,B,0.5150129199028015,"[0.5150129199028015, 0.4849870800971985]","On 19 May 2022, youths from Nnachioma Umuariam community protested in the community (Obowo, Imo) over gully erosion which they claimed was threatening the people of the area and sought the intervention of the government.",0.001,Protesters (Nigeria)
conflibert_conflibert,NIG35857,V,E,0.5059314370155334,"[0.49406856298446655, 0.5059314370155334]","On 4 April 2024, suspected armed Fulani pastoralists attacked Agojeju-Odo (Omala, Kogi) and Abejukolo, coded separately. They killed between 19 and 34 people in the two villages. The attack was suspected to have been provoked by a conflict between a farmer and a Fulani herder who was alleged to have fed his cattle with the farmer's yam tubers. It was also alleged that the community came under attack for supporting the Agatu against a militia group in the neighboring Benue state. The attackers surrounded the village and opened fire on the residents. They burned houses and destroyed farms and other property. Nineteen fatalities split across two events coded as 10.",0.001,Fulani Ethnic Militia (Nigeria)
conflibert_conflibert,NIG24691,B,B,0.5552845597267151,"[0.5552845597267151, 0.4447154998779297]","Around 29 April 2022 (as reported), Nigerian troops on a clearance operation clashed with ISWAP/ Boko Haram militants and cleared their hideouts at Dipchari (Bama, Borno), as well as Dar el Jamal, Gargash, Jeree, Kote, Bula Musaye, Bula Moruye, Bula Dalo, Landarari, Boroshem, Yamut, and Bomari [coded separately]. Scores of militants were killed; over 500 women, children and abductees were rescued. 20 fatalities split across 6 events coded as 3.",0.001,Military Forces of Nigeria (2015-2023)
conflibert_conflibert,NIG37782,B,E,0.5237223505973816,"[0.47627758979797363, 0.5237223505973816]","On 23 July 2024, an unidentified armed group waylaid the NSCDC, killing one and injuring others at Araromi-Owu (Aiyedade, Osun). The security operatives were deployed to the community to douse tension over the chieftaincy tussle in the town. Between 2-5 people were killed in the crisis, while cars, houses, and other property were razed.",0.001,Unidentified Armed Group (Nigeria)
conflibert_conflibert,NIG21087,B,B,0.5312032103538513,"[0.5312032103538513, 0.4687967896461487]","On 18 June 2021, Nigerian military troops clashed with a Kebbi communal militia at Sombo community in Kebbi State (location coded to Birnin Kebbi) and rescued two kidnapped staff and five female students earlier abducted. Military troops also recovered 800 cattle rustled by the militiamen.",0.001,Military Forces of Nigeria (2015-2023)
conflibert_conflibert,NIG31850,V,B,0.5631806254386902,"[0.5631806254386902, 0.4368194043636322]","On 2 July 2023, a policeman shot an artisan a few steps away from his house at Oregun (Epe, Lagos). The victim's family members rushed him to the nearby before the policeman came, threatened them with a gun and took the victim in his bus and went away. The victim was found dead later.",0.001,Police Forces of Nigeria (2023-)
conflibert_conflibert,NIG35444,B,B,0.5428096652030945,"[0.5428096652030945, 0.45719030499458313]","On 6 March 2024, the Nigerian military, the Police, and the Protection Corps engaged a Zamfara militia in a firefight in Kaura Namoda (Kaura Namoda, Zamfara). The militia invaded the community at night, and the security forces confronted them for hours. The clash triggered a mass exodus of residents from the community. There were no fatalities.",0.001,Military Forces of Nigeria (2023-)
conflibert_conflibert,NIG16543,V,E,0.5079425573348999,"[0.4920574426651001, 0.5079425573348999]","On 11 March 2020, militias from Alla attacked Egba in the Agatu LGA (Benue) over the ownership of a fish pond in the community. 5 people were killed.",0.001,Alla Communal Militia (Nigeria)
conflibert_conflibert,NIG31593,E,E,0.5287327170372009,"[0.4712672829627991, 0.5287327170372009]","On 4 June 2023, the air component of Operation Hadarin Daji conducted an airstrike which was targeted at a Katsina militia in Jibia LGA (Katsina). Several militiamen were killed, unknown fatalities coded as 3.",0.001,Military Forces of Nigeria (2023-)
conflibert_conflibert,NIG35617,B,B,0.5541302561759949,"[0.5541302561759949, 0.4458697736263275]","On 15 March 2024, Nigerian troops raided the hideout of a Katsina militia and engaged them in an armed clash at Dutsen Kura in Batsari LGA (Batsari, Katsina). Two militia members were killed, one 81mm mortar bomb among other items were recovered by the troops.",0.001,Military Forces of Nigeria (2023-)
conflibert_conflibert,NIG33708,B,B,0.5307517051696777,"[0.5307517051696777, 0.46924829483032227]","On 7 November 2023, the Nigerian military opened fire at the ISWAP / Boko Haram position after sighting the militiamen around the Kuranabasa Mountain axis, Gwoza (Gwoza, Borno). There were no fatalities.",0.001,Military Forces of Nigeria (2023-)
conflibert_conflibert,NIG21041,P,B,0.5413094758987427,"[0.5413094758987427, 0.4586905241012573]","On 12 June 2021, youth demonstrators under the aegis of Coalition of Civil Societies staged a protest in Oshogbo (Osogbo LGA, Osun) against insecurity and bad governance.",0.001,Protesters (Nigeria)
conflibert_conflibert,NIG26184,S,B,0.5772042274475098,"[0.5772042274475098, 0.42279574275016785]","Movement of forces: Around 18 August 2022 (as reported), a militia from a neighboring state were moving in their hundreds to Illela LGA (Sokoto), Silame, Gudu, Tangaza, Gwadabawa, Binji and Gada [coded separately].",0.001,Unidentified Armed Group (Nigeria)
conflibert_conflibert,NIG18129,V,B,0.5379752516746521,"[0.5379752516746521, 0.4620248079299927]","On 6 September 2020, Boko Haram militants raided the village of Kurmari and another village near Maiduguri (Maiduguri LGA, Borno), killing 8 residents.",0.001,Islamic State West Africa Province (ISWAP) - Lake Chad Faction and/or Boko Haram - Jamaatu Ahli is-Sunnah lid-Dawati wal-Jihad
conflibert_conflibert,NIG20106,E,B,0.5613382458686829,"[0.5613382458686829, 0.4386618137359619]","On 12 March 2021, ISWAP launched an IED-attack against CJTF members at Sandia near Damboa (Damboa LGA, Borno), killing and wounding a number of local militiamen. Unknown fatalities coded as 3.",0.001,Islamic State West Africa Province (ISWAP) - Lake Chad Faction
conflibert_conflibert,NIG16284,S,B,0.5614973306655884,"[0.5614973306655884, 0.4385026693344116]","Around 6 February 2020, Nigerian Armed Forces discovered and detonated IEDs assumed to have been planted by ISWAP along the Dikwa - Marte road (Dikwa, Borno),",0.001,Military Forces of Nigeria (2015-2023)
conflibert_conflibert,NIG29648,S,B,0.674526572227478,"[0.674526572227478, 0.32547345757484436]","Looting: Around 9 October 2022, an unidentified armed group looted residents in Kardarko, coded tto Makurdi (Makurdi, Benue) stealing property. Many residents fled for safety to nearby villages.",0.001,Unidentified Armed Group (Nigeria)
conflibert_conflibert,NIG35211,V,B,0.5480414628982544,"[0.5480414628982544, 0.45195847749710083]","On 17 February 2024, a Katsina militia shot and killed two people and injured four others in Nahuta village (Batsari, Katsina). They abducted an unspecified number of people.",0.001,Katsina Communal Militia (Nigeria)
conflibert_conflibert,NIG20519,P,B,0.50749671459198,"[0.50749671459198, 0.49250325560569763]","On 22 April 2021, the Osun Chapter of the Nigerian Bar Association with the Judiciary Staff Union of Nigeria staged protest marches on major roads and at the Governor's Office in Oshogbo (Osogbo LGA, Ogun) to demand for the autonomy of the judiciary and legislature.",0.001,Protesters (Nigeria)
conflibert_conflibert,NIG21933,B,B,0.5306681990623474,"[0.5306681990623474, 0.4693317413330078]","On 11 September 2021, police forces of Nigeria engaged IPOB militants in an armed clash in Amaifeke (Orlu, Imo) coded to Amike; three militants were killed, two were arrested and an unspecified number escaped with gunshot wounds.",0.001,Police Forces of Nigeria (2015-2023)
conflibert_conflibert,NIG33848,V,B,0.5351225137710571,"[0.5351225137710571, 0.46487748622894287]","On 16 November 2023, ISWAP claimed to have killed three people when raiding a Christian community near Chibok (Chibok, Bornu). The militia also claimed to have burned the house of the village leader, a church, and other property. They seized a vehicle and a motorbike.",0.001,Islamic State West Africa Province (ISWAP)
conflibert_conflibert,NIG32194,P,E,0.5138097405433655,"[0.4861902594566345, 0.5138097405433655]","On 1 August 2023, medical doctors from the Cross River state chapter of the NMA protested and marched across the streets of Calabar (Calabar Municipal, Cross River) to demand for the unconditional release of their colleague who was abducted three weeks ago [coded separately].",0.001,Protesters (Nigeria)
conflibert_conflibert,NIG34961,V,B,0.6186754703521729,"[0.6186754703521729, 0.38132455945014954]","Around 9 February 2024 (as reported), an unidentified armed group abducted two people from Tudun Wada (Michika, Adamawa). The police, in collaboration with the Nigerian military, arrested the suspect on 8 February 2024.",0.001,Unidentified Armed Group (Nigeria)
conflibert_conflibert,NIG34301,V,E,0.5601097941398621,"[0.43989020586013794, 0.5601097941398621]","On 27 December 2023, the Kaduna militia shot and killed two villagers in Fina village, under Gwada ward, Igabi LGA, coded to Igabi (Igabi, Kaduna). They abducted seven villagers and wounded three others, who were later taken to the hospital for treatment. The militia went away with several motorcycles.",0.001,Unidentified Armed Group (Nigeria)
conflibert_conflibert,NIG17981,B,B,0.5955749154090881,"[0.5955749154090881, 0.40442514419555664]","Around 20 August 2020 (as reported), Nigerian forces clashed with Boko Haram elements at Wagga Mangoro, Wagga Lawal and along the Pulka-Firgi-Banki Junction in Gwoza (Gwoza LGA, Borno). State forces killed one militant at Pulka-Firgi-Banki Junction and recovered weapons, grenades, and IED materials.",0.001,Military Forces of Nigeria (2015-2023)
conflibert_conflibert,NIG25052,B,B,0.5316662192344666,"[0.5316662192344666, 0.46833381056785583]","On 2 June 2022, armed individuals attacked and killed two policemen at Mkpanpu village, coded to Enugu-Ezike (Igbo Eze North, Enugu). The policemen were guarding the mechanic workshop of a private transport firm, their rifles were stolen by the assailants.",0.001,Unidentified Armed Group (Nigeria)
conflibert_conflibert,NIG38379,V,B,0.5142230987548828,"[0.5142230987548828, 0.4857769310474396]","On 3 September 2024, a Plateau militia attacked and killed seven people in Kwatas (Bokkos, Plateau) and Daffo communities, coded separately. Seven fatalities shared across the two events; four fatalities coded.",0.001,Plateau Communal Militia (Nigeria)
conflibert_conflibert,NIG26441,S,B,0.5617526173591614,"[0.5617526173591614, 0.4382473826408386]","Weapons seizure: Around 25 September 2022 (as reported), the police operatives of Ikorodu division intercepted two commercial buses loaded with live cartridges, three dismantled motorcycles and some personal effects at Poromope estate (Ikorodu, Lagos). Two persons who were on their way to Katsina state were arrested.",0.001,Police Forces of Nigeria (2015-2023)
conflibert_conflibert,NIG36632,V,E,0.5088465213775635,"[0.4911534786224365, 0.5088465213775635]","On 28 April 2024, a Zamfara militia attacked and killed three people in Tukurawa village, coded to Dumfawa (Zurmi, Zamfara). They chose Tukurawa after they were repelled in Daura market, coded separately.",0.001,Zamfara Communal Militia (Nigeria)
conflibert_conflibert,NIG30380,V,B,0.5429951548576355,"[0.5429951548576355, 0.4570049047470093]","Around 8 September 2021 (week of), an unidentified cult militia shot and killed a youth at Iloro quarters, Owo (Owo, Ondo), in a mistaken identity. He was mistaken for a member of a rival cut militia and shot dead. The killing provoked a protest in the community. 1 fatality was reported.",0.001,Unidentified Cult Militia (Nigeria)
conflibert_conflibert,NIG36225,V,B,0.5297596454620361,"[0.5297596454620361, 0.47024035453796387]","On 24 August 2021, police attacked a man in Amagu (Abakaliki, Ebonyi). He was killed in police custody after he had been arrested. The victim was to return to South Africa after visiting family in Nigeria. He was arrested in Orie-Nempi Market.",0.001,Police Forces of Nigeria (2015-2023)
conflibert_conflibert,NIG25747,S,B,0.5269384980201721,"[0.5269384980201721, 0.47306153178215027]","Defusal: On 26 July 2022, the bomb disposal unit of the police force defused a bomb which was dropped by an unidentified in the premises of the Kogi state ministry of local government and chieftaincy affairs in Lokoja (Lokoja, Kogi). The defusal led to an explosion which was contained.",0.001,Police Forces of Nigeria (2015-2023)
conflibert_conflibert,NIG37625,V,B,0.507088840007782,"[0.507088840007782, 0.492911159992218]","On 12 July 2024, suspected Tiv Militia gang-raped a pregnant woman while working on her farm at Kadiri (Kokona, Nassarawa). Another man was stabbed and wounded on the farm. The pregnant woman later died in the hospital. The Alago youths retaliated and killed two Tiv men who had come to make peace with them, coded separately.",0.001,Tiv Ethnic Militia (Nigeria)
conflibert_conflibert,NIG32236,P,B,0.5362430214881897,"[0.5362430214881897, 0.4637569785118103]","On 4 August 2023, staff of the Nigeria Upstream Petroleum Regulatory Commission NUPRC and members of PENGASSAN protested at NUPRC office in Port Harcourt (Port Harcourt, Rivers) against the commission's CEO who they accused of fraud and abuse of office.",0.001,Protesters (Nigeria)
conflibert_conflibert,NIG19145,B,B,0.528643012046814,"[0.528643012046814, 0.47135692834854126]","On 9 December 2020, Amotekun Corps operatives clashed with Fulani pastoralists in Osi Community (Akure North LGA, Ondo) after receiving a distress call from farmers about pastoralists' activities in the area. One suspect arrested. No reported fatalities.",0.001,Amotekun Corps
conflibert_conflibert,NIG22210,B,B,0.5515534281730652,"[0.5515534281730652, 0.4484466016292572]","On 6 October 2021, police forces clashed with IPOB militants in Umuakanu (Ehime Mbano, Imo), code as Umueze. One IPOB militant was killed.",0.001,Police Forces of Nigeria (2015-2023)
conflibert_conflibert,NIG17750,V,B,0.5833865404129028,"[0.5833865404129028, 0.41661351919174194]","On 23 July 2020, Police officers fired gunshots at a team of mobile judges in Abuja (Abuja LGA, FCT), after being fined for violating coronavirus regulations.",0.001,Police Forces of Nigeria (2015-2023)
conflibert_conflibert,NIG35731,B,B,0.5041666626930237,"[0.5041666626930237, 0.4958333373069763]","On 27 March 2024, police forces acting on intelligence raided the hideout of a Benue militia and engaged them in an armed clash at De-Mtsa village, coded to Katsina-Ala (Katsina Ala, Benue). Two of the militia members were killed, one was arrested and others fled with bullet wounds, a rifle, magazines, assorted ammunition, camouflage uniforms and phones were recovered by the police.",0.001,Police Forces of Nigeria (2023-)
conflibert_conflibert,NIG33239,S,B,0.552569568157196,"[0.552569568157196, 0.44743043184280396]","Non-violent activity: On 14 October 2023, troops of sector 5 of Operation Safe Haven recovered 80 rustled sheep that were abandoned by an unidentified armed group who fled after sighting troops stationed at Takai in Bokkos (Plateau).",0.001,Military Forces of Nigeria (2023-)
conflibert_conflibert,NIG19837,B,B,0.5453994274139404,"[0.5453994274139404, 0.45460057258605957]","On 16 February 2021, ISWAP fighters clashed with Nigerian military troops at Bindiri in Borno State, killing four soldiers and injuring others.",0.001,Military Forces of Nigeria (2015-2023)
conflibert_conflibert,NIG24514,B,B,0.5214059352874756,"[0.5214059352874756, 0.4785940945148468]","Around 14 April 2022 (between 11 - 16 April), Nigerian forces, the MNJTF and Civilian JTF carried out air and land operations against ISWAP/ Boko Haram camps across several locations, including Arege (Abadan, Borno), Marte, Guzamala, Gwoza and Ngala LGAs (coded separately). Major fabrication workshops of the militants were raided. An unspecified number of abductees, most of whom were women and children, were rescued. Scores to hundreds of militants, including 10 commanders, were killed across different locations. 20 fatalities split across ten events, coded as 2 for this event.",0.001,Military Forces of Nigeria (2015-2023)
conflibert_conflibert,NIG35340,R,B,0.5546789765357971,"[0.5546789765357971, 0.4453210234642029]","On 1 March 2024, Wurna residents set bonfires and blocked the Katsina-Dutsinma highway in Wurma (Kurfi, Katsina) over the incessant attacks by Katsina militia on their community. The demonstration left commuters stranded and forced them to take alternate routes.",0.001,Rioters (Nigeria)
conflibert_conflibert,NIG20825,B,B,0.5901108980178833,"[0.5901108980178833, 0.4098891615867615]","Around 26 May 2021 (as reported), Nigerian police operatives clashed with a Katsina communal militia at Kafur, Danja, Dutsinma, Safana, Batsari and Funtua Local Government Areas in Katsina State, killing five militiamen and recovered 69 rustled cows. 16 suspects were also arrested. Fatalities split across 6 events.",0.001,Police Forces of Nigeria (2015-2023)
conflibert_conflibert,NIG16920,E,B,0.5190709233283997,"[0.5190709233283997, 0.48092907667160034]","On 1 May 2020, Nigerian Armed Forces launched artillery bombardments on Boko Haram/IS positions in the Timbuktu triangle, around Alagarno Forest, in Biu LGA (Borno) on two consecutive days. 78 BH/IS fighters were killed. Fatalities split between 2 events.",0.001,Military Forces of Nigeria (2015-2023)
conflibert_conflibert,NIG38445,B,B,0.5341094136238098,"[0.5341094136238098, 0.4658906161785126]","On 5 August 2024, the Buccaneers and Eiye clashed and killed one person in Ake Junction, Abeokuta (Abeokuta South, Ogun).",0.001,SEC: Supreme Eiye Confraternity (Nigeria)
conflibert_conflibert,NIG23775,E,B,0.5101160407066345,"[0.5101160407066345, 0.4898839592933655]","Around 13 February 2022 (as reported), Nigerian troops carried out airstrikes against ISWAP camps in Tumbun Kaiyowa (Abadan, Borno), Tumbun Madayi, Tumbun Allura, Parisu and Njimia [coded separately]. Five militant leaders were killed in the strikes across the locations, five fatalities split across five events, coded as 1.",0.001,Military Forces of Nigeria (2015-2023)
conflibert_conflibert,NIG26655,S,B,0.6340962052345276,"[0.6340962052345276, 0.36590376496315]","Property destruction: On 13 October 2022, Nigerian soldiers shot sporadically and burnt at least 5 houses when they invaded Mgbowo community (Agwu, Enugu). The reason for the attack is unknown.",0.001,Military Forces of Nigeria (2015-2023)
conflibert_conflibert,NIG19276,B,B,0.5668940544128418,"[0.5668940544128418, 0.4331059455871582]","On 17 December 2020, unidentified gunmen attacked Gora Gan community (Zangon Kataf LGA, Kaduna) but were repelled by Nigerian military troops. Seven reported fatalities. Property damage additionally reported. Unknown reason for attack.",0.001,Military Forces of Nigeria (2015-2023)
conflibert_conflibert,NIG27386,B,B,0.5235176682472229,"[0.5235176682472229, 0.4764823317527771]","On 16 October 2020, the Supreme Vikings cult militias clashed with one another in Ugbomoro community (Uvwie, Delta) coded as Effurun. One person was killed.",0.001,SVC: Supreme Vikings Confraternity (Nigeria)
conflibert_conflibert,NIG32802,B,B,0.5321585536003113,"[0.5321585536003113, 0.4678414762020111]","On 17 September 2023, a joint task force of security operatives presumed to have comprised of soldiers and policemen engaged a Niger militia in an armed clash in a village near Pan Dongari (Rafi, Niger). 52 militiamen including six informants who lived in the community were killed.",0.001,Military Forces of Nigeria (2023-)
conflibert_conflibert,NIG17621,V,E,0.5129252672195435,"[0.48707473278045654, 0.5129252672195435]","Around 6 July 2020 (as reported), unidentified gunmen attacked Bafarawa, Arune, Suruddudu, Lugu, Tsillawa, Gwalama and Dan Adama in Isa LGA (Sokoto). 5000 people were forced to flee, 6 people killed and livestock stolen. The attacks are believed to be related to earlier air strikes against militias in Kagara Forest. Fatalities split between 3 events.",0.001,Unidentified Armed Group (Nigeria)
conflibert_conflibert,NIG29435,B,B,0.5162774920463562,"[0.5162774920463562, 0.4837225377559662]","On 1 January 2023, policemen on patrol engaged a Zamfara militia in an armed clash along Gusau-Magami-Dansadau road (Gusau, Zamfara). One militia member was killed and the others fled, guns, ammunition and charms were recovered by the policemen.",0.001,Police Forces of Nigeria (2015-2023)
conflibert_conflibert,NIG22799,V,B,0.5077131986618042,"[0.5077131986618042, 0.4922868013381958]","On 1 December 2021, unidentified armed men, believed to be pirates, abducted four persons including an off duty NSCDC officer on their way to Koluama (Southern Ijaw, Bayelsa). The abductors demanded for a ransom of 25 million naira. The victims regained their freedom around 8 December after a search party was dispatched to rescue the victims.",0.001,Pirates (Nigeria)
conflibert_conflibert,NIG37906,P,B,0.5812020897865295,"[0.5812020897865295, 0.41879796981811523]","On 2 August 2024, protesters, numbering about fifteen, gathered at the Ibom Plaza, Uyo (Uyo, Akwa Ibom) over the high cost of living and economic hardship confronting Nigerians. They displayed placards with various inscriptions asking the government to reduce the cost of living in the country. The police fired tear gas and dispersed them.",0.001,Protesters (Nigeria)
conflibert_conflibert,NIG35815,B,E,0.5066418647766113,"[0.49335813522338867, 0.5066418647766113]","On 1 April 2024, the Nigerian troops cleared militia camps around Yar'Malamai and Hamfudin areas in Faskari LGA, coded to Faskari (Faskari, Katsina). They killed one militiaman in the process and recovered a locally fabricated gun, two motorcycles, six mobile phones. There was one fatality.",0.001,Military Forces of Nigeria (2023-)
conflibert_conflibert,NIG25884,E,E,0.5040141344070435,"[0.49598580598831177, 0.5040141344070435]","On 5 August 2022, the air task force of Operation Hadin Kai carried out airstrikes on Boko Haram and ISWAP fighters who were engaged in an armed clash [coded separately] at Gazuwa, coded to Bama (Bama, Borno). Scores of militants were killed, coded as 20.",0.001,Military Forces of Nigeria (2015-2023)
conflibert_conflibert,NIG29018,B,B,0.546195924282074,"[0.546195924282074, 0.4538041055202484]","On 6 December 2022, police forces repelled a Katsina militia when they blocked a cattle route along Tashar Maje in Kankara LGA (Katsina). Abductees and rustled cattle that were taken away from their village by the militia members [coded separately] were recovered.",0.001,Police Forces of Nigeria (2015-2023)
conflibert_conflibert,NIG36383,S,E,0.5051964521408081,"[0.4948035776615143, 0.5051964521408081]","On 12 January 2024, the Nigerian police arrested a Kaduna militia's kingpin around the Abuja-Kaduna Road flyover by Rido Junction, coded to Rido (Chikun, Kaduna). The kingpin was responsible for many high-profile attacks and abductions in the area. The police recovered forty- eight AK-47 rifles from him.",0.001,Police Forces of Nigeria (2023-)
conflibert_conflibert,NIG19971,B,B,0.5493940114974976,"[0.5493940114974976, 0.45060595870018005]","On 1 March 2021, ISWAP fighters clashed with Nigerian troops following an IED attack between Kafa and Gorigi (Damboa LGA, Borno), killing and injuring a number of soldiers. Unknown fatalities coded as 3.",0.001,Military Forces of Nigeria (2015-2023)
conflibert_conflibert,NIG37577,B,B,0.5128707885742188,"[0.5128707885742188, 0.48712921142578125]","On 10 July 2024, troops of Operation Safe Haven (coded as immigration, police and military forces) led by an immigration officer clashed with an unidentified armed group in Fan district of Barkin Ladi LGA (Plateau) during a raid to recover rustled cattle. The immigration officer was killed.",0.001,Police Forces of Nigeria (2023-) Nigeria Immigration Service
conflibert_conflibert,NIG21759,S,B,0.534720778465271,"[0.534720778465271, 0.465279221534729]","Around 17 August 2021 (as reported), the Nigerian military claimed hundreds of Boko Haram militants together with their wives and children surrendered throughout Borno state (coded to Maiduguri).",0.001,Military Forces of Nigeria (2015-2023)
conflibert_conflibert,NIG33966,B,B,0.5364550352096558,"[0.5364550352096558, 0.46354496479034424]","On 29 November 2023, the Nigerian police and local vigilante group attacked an unidentified armed group attempting to abduct a man in Kadade (Toro, Bauchi). One of the abductors was shot dead by the police, and others escaped with gunshot wounds. The police rescued three other persons, including a pastor abducted from Raddi village in Plateau State, coded separately. There was one fatality.",0.001,Police Forces of Nigeria (2023-)
conflibert_conflibert,NIG17445,V,B,0.5159938335418701,"[0.5159938335418701, 0.4840061068534851]","On 18 June 2020, suspected Fulani militias attacked Zhazhayidna, Kpayituko, Iboru, Ndayinkwo, Mbokwo, Kudodo and Affarpi in Shiroro LGA (Niger), killed 1 resident, injured 6 and kidnapped 2. 150 cattle were rustled.",0.001,Fulani Ethnic Militia (Nigeria)
conflibert_conflibert,NIG38510,V,B,0.5145478844642639,"[0.5145478844642639, 0.4854521155357361]","On 9 September 2024, some soldiers shot a man dead in Gboko (Gboko, Benue). The soldiers were drafted to guard the Dangote Cement Plant in the city. They chased the victim and shot at him while driving, causing his vehicle to veer off the road. The incident triggered a demonstration against the soldiers at the company, coded separately.",0.001,Military Forces of Nigeria (2023-)
conflibert_conflibert,NIG30831,V,E,0.5232367515563965,"[0.4767632782459259, 0.5232367515563965]","On 3 April 2023, suspected armed pastoralists in their numbers attacked civilians in Kwesati (Ussa, Taraba). At least 10 people were killed and houses were set ablaze by the assailants.",0.001,Fulani Ethnic Militia (Nigeria)
conflibert_conflibert,NIG19830,B,B,0.5689288973808289,"[0.5689288973808289, 0.43107110261917114]","On 16 February 2021, Nigerian military troops clashed with Boko Haram fighters at Ajiri (Bursari LGA, Yobe) [coded to Dapchi]. No reported fatalities.",0.001,Military Forces of Nigeria (2015-2023)
conflibert_conflibert,NIG16027,B,B,0.5469971895217896,"[0.5469971895217896, 0.4530027508735657]","On 8 January 2020, Nigerian Armed Forces battled with presumed ISWAP fighters in Mafa LGA (Borno) and killed an unreported number of fighters. Unknown number of fatalities coded as 10.",0.001,Military Forces of Nigeria (2015-2023)
conflibert_conflibert,NIG19449,B,B,0.550022304058075,"[0.550022304058075, 0.44997769594192505]","On 12 January 2021, a Niger Communal Militia attacked Erena town (Shiroro LGA, Niger), but were repelled by Nigerian security forces and local militiamen. No reported fatalities.",0.001,Military Forces of Nigeria (2015-2023)
conflibert_conflibert,NIG25270,P,B,0.5542082190513611,"[0.5542082190513611, 0.4457917809486389]","On 14 June 2022, students of DS Adegbenro polytechnic protested and blocked the Abeokuta-Sango-Ota road (Abeokuta South, Ogun) over the abduction of two worshippers by an armed group earlier on the same day. The protest lasted for about three hours and resulted in traffic gridlock.",0.001,Protesters (Nigeria)
conflibert_conflibert,NIG29194,E,B,0.5132603049278259,"[0.5132603049278259, 0.48673975467681885]","Around 12 December 2022 (as reported), the Nigerian Air Force targeted and destroyed camps of Kaduna militias with rockets at Kufita and Kuyanbana forest (Birnin Gwari, Kaduna) and other locations in Igabi LGA, Chikun LGA and Giwa LGA. Several militiamen were killed, and their camps were destroyed, unknown fatalities coded as 3.",0.001,Military Forces of Nigeria (2015-2023)
conflibert_conflibert,NIG35725,B,B,0.5244431495666504,"[0.5244431495666504, 0.4755568504333496]","On 27 March 2024, the Nigerian troops clashed with a Zamfara militia in Gidan Gaye village, coded to Kutcheri (Tsafe, Zamfara), when the militia attempted to attack the village. The militiamen retreated after the gunfight with the Nigerian troops. There were no fatalities.",0.001,Military Forces of Nigeria (2023-)
