model,event_id,true_label,pred_label,pred_conf,logits,notes,latency_sec,actor_norm,reasoning,pred_conf_iso,pred_conf_temp,prob_V,prob_B,prob_E,prob_P,prob_R,prob_S
conflibert,NIG17300,V,E,0.5039989352226257,"[0.49600106477737427, 0.5039989352226257]","On 6 June 2020, unidentified gunmen attacked Maigoge (Bali LGA, Taraba) and killed 4 residents. The attack is believed to be related to the ongoing Tiv-Jukun conflict in the area.",0.089,Unidentified Communal Militia (Nigeria),,0.1328171738314532,0.5039989352226257,,,,,,
conflibert,NIG31066,B,B,0.5575627684593201,"[0.5575627684593201, 0.44243717193603516]","On 20 April 2023, troops of 21 Armored Brigade of Operation Hadin Kai, 199 Special Forces Battalion and Civilian JTF clashed with dozens of Boko Haram [JAS] militants at Ukuba and Garin Glucose in Bama LGA (Borno). 9 militants were killed others escaped with bullet wounds, one truck and two 122 artillery guns were recovered by the troops, some women who were held by captive were rescued during the operations which lasted three days.",0.085,Military Forces of Nigeria (2015-2023),,0.3962264150943396,0.5575627684593201,,,,,,
conflibert,NIG21935,B,B,0.598953902721405,"[0.598953902721405, 0.4010460674762726]","On 11 September 2021, a Zamfara militias attacked a security forces base in Dan Sadau (Maru, Zamfara). Twelve security personnel, including military and police officers, were killed.",0.085,Zamfara Communal Militia (Nigeria),,0.42945158871464767,0.598953902721405,,,,,,
conflibert,NIG34842,B,B,0.5565254092216492,"[0.5565254092216492, 0.44347459077835083]","On 6 February 2024, soldiers attacked policemen at their camp in Sabon Gari area of Mangu (Mangu, Plateau). An unspecified number of policemen were wounded, and they claimed that the attack was unprovoked.",0.086,Military Forces of Nigeria (2023-),,0.3962264150943396,0.5565254092216492,,,,,,
conflibert,NIG38559,P,B,0.6385704874992371,"[0.6385704874992371, 0.36142951250076294]","Around 15 September 2024 (as reported), the Otulu community people protested in Asaba (Oshimili South, Delta) over the alleged seizure of their land by the Ogwashi-Uku people. They displayed placards with various inscriptions calling on the government to intervene and stop the seizure of their land.",0.089,Protesters (Nigeria),,0.5128205128205127,0.6385704874992371,,,,,,
conflibert,NIG16585,R,B,0.5786993503570557,"[0.5786993503570557, 0.42130064964294434]","On 20 March 2020, youths clashed with police in Amakohia (Owerri North LGA, Imo), after they refused a police demand to move on when they blocked a local bank during a burial procession. One person was shot and injured by a police officer who fired warning shots to disperse the crowd.",0.085,Rioters (Nigeria),,0.3962264150943396,0.5786993503570557,,,,,,
conflibert,NIG27104,V,B,0.6062396168708801,"[0.6062396168708801, 0.3937603831291199]","On 4 September 2021, a soldier opened fire while trying to disperse a crowd during local elections in Gwanki (Makarfi LGA, Kaduna). A girl was killed by a stray bullet.",0.086,Military Forces of Nigeria (2015-2023),,0.48293028794802156,0.6062396168708801,,,,,,
conflibert,NIG26316,V,B,0.5513888597488403,"[0.5513888597488403, 0.44861114025115967]","On 15 September 2022, officials of Yakurr LGA task force beat up a civilian and caused him some burns on his body in Ugep (Yakurr, Cross River) following the victim's refusal to hand over his car keys to the officials who were dressed in mufti. The assailants fled after the victim was wounded.",0.089,Police Forces of Nigeria (2015-2023),,0.3962264150943396,0.5513888597488403,,,,,,
conflibert,NIG30329,B,B,0.5690428018569946,"[0.5690428018569946, 0.43095719814300537]","Around 30 September 2021 (week of), an unidentified cult group killed four suspected members of a rival group in Kuchibena, near the Life Camp, Abuja (Abuja Municipal, FCT). The assailants dismembered the body of one of their victims, chopped off his head and hung it on a stick. The community had been in palpable fear over the incessant cult clashes and killing in the area, prompting the police to request that the slums in the area be demolished. 4 fatalities reported.",0.085,Unidentified Cult Militia (Nigeria),,0.3962264150943396,0.5690428018569946,,,,,,
conflibert,NIG21980,B,B,0.5939155220985413,"[0.5939155220985413, 0.40608450770378113]","Around 16 September 2021 (as reported), military forces clashed with militia members fleeing from Zamfara state in Maiha (Maiha, Adamawa). Some militia members were killed by the soldiers, eleven rocket launchers and three grenades were recovered. Unknown fatalities coded as 10.",0.085,Military Forces of Nigeria (2015-2023),,0.41075571093169405,0.5939155220985413,,,,,,
conflibert,NIG34255,B,E,0.5302991271018982,"[0.4697008728981018, 0.5302991271018982]","On 14 December 2023, policemen engaged an unidentified armed group in an armed clash at their hideout in a forest in Emohua LGA (Rivers) and rescued four abductees. Two members of the group were killed.",0.085,Police Forces of Nigeria (2023-),,0.3556806124392687,0.5302991271018982,,,,,,
conflibert,NIG21852,V,B,0.5354585647583008,"[0.5354585647583008, 0.4645414352416992]","On 30 August 2021, ISWAP claimed an attack on a Christian town in Borno (location coded to Maiduguri, Maiduguri Metro). A church and school were burnt. No reported injuries or fatalities.",0.085,Islamic State West Africa Province (ISWAP) - Lake Chad Faction,,0.3772450163052933,0.5354585647583008,,,,,,
conflibert,NIG18752,V,B,0.538131594657898,"[0.538131594657898, 0.46186840534210205]","On 23 October 2020, Nigerian police forces attacked a journalist in Udu LGA, Delta over the enforcement of the state-wide curfew despite the journalist being on an official assignment. No reported fatalities.",0.086,Police Forces of Nigeria (2015-2023),,0.38841722152214314,0.538131594657898,,,,,,
conflibert,NIG38445,B,B,0.6486137509346008,"[0.6486137509346008, 0.35138624906539917]","On 5 August 2024, the Buccaneers and Eiye clashed and killed one person in Ake Junction, Abeokuta (Abeokuta South, Ogun).",0.087,SEC: Supreme Eiye Confraternity (Nigeria),,0.5128205128205127,0.6486137509346008,,,,,,
conflibert,NIG35617,B,B,0.5498972535133362,"[0.5498972535133362, 0.4501027762889862]","On 15 March 2024, Nigerian troops raided the hideout of a Katsina militia and engaged them in an armed clash at Dutsen Kura in Batsari LGA (Batsari, Katsina). Two militia members were killed, one 81mm mortar bomb among other items were recovered by the troops.",0.085,Military Forces of Nigeria (2023-),,0.3962264150943396,0.5498972535133362,,,,,,
conflibert,NIG34375,S,B,0.5318252444267273,"[0.5318252444267273, 0.4681747853755951]","Looting: On 26 December 2023, ISWAP raided and looted drugs from a Primary Health Care center in Mainok (Kaga, Borno).",0.085,Islamic State West Africa Province (ISWAP),,0.3620591778045682,0.5318252444267273,,,,,,
conflibert,NIG26000,V,B,0.5813281536102295,"[0.5813281536102295, 0.4186718165874481]","On 5 September 2022, a presumed faction of Igbide communal militia killed one person and wounded the vice president of a faction of the community at Igbide (Isoko South, Delta). The two victims were driving together when they were shot by the assailants, soldiers were deployed to the area to restore calm.",0.086,Igbide Communal Militia (Nigeria),,0.3962264150943396,0.5813281536102295,,,,,,
conflibert,NIG30514,B,E,0.5046468377113342,"[0.49535319209098816, 0.5046468377113342]","On 13 March 2023, policemen attached to Operation Whirl Punch engaged a Kaduna militia in an armed clash, after the militia blocked the Galadimawa-Tumbruku road (Giwa, Kaduna). One militia member was killed, others fled with bullet wounds and the policemen recovered one rifle and two live rounds of ammunition.",0.083,Police Forces of Nigeria (2015-2023),,0.15433604640076795,0.5046468377113342,,,,,,
conflibert,NIG36992,V,E,0.5524986982345581,"[0.4475013017654419, 0.5524986982345581]","On 19 May 2024, ISWAP fighters abducted a man and later killed him along the Banki-Kumshe Road near Kumshe (Bama, Borno). They also stole an unspecified number of bicycles belonging to IDPs.",0.085,Islamic State West Africa Province (ISWAP),,0.3962264150943396,0.5524986982345581,,,,,,
conflibert,NIG29598,B,B,0.5440159440040588,"[0.5440159440040588, 0.45598411560058594]","On 7 January 2023, the police and the local hunters attacked an unidentified armed group in their enclave in Mansur forest, Mansur (Alkaleri, Bauchi). The police shot and killed two members of the group during a gun battle and recovered a fabricated SMG rifle and three operational motorcycles (Honda Bajaj). 2 fatalities reported.",0.085,Police Forces of Nigeria (2015-2023),,0.3962264150943396,0.5440159440040588,,,,,,
conflibert,NIG29112,B,B,0.5485479831695557,"[0.5485479831695557, 0.45145201683044434]","On 19 December 2022, Nigerian troops in collaboration with the police and DSS clashed with IPOB militants when they raided their camp at Umuleje Amaeze in Ishielu LGA (Ebonyi). Four militants were killed, weapons, ammunition, 13 military hand grenades and other items were recovered.",0.085,Military Forces of Nigeria (2015-2023),,0.3962264150943396,0.5485479831695557,,,,,,
conflibert,NIG34705,S,B,0.6036322116851807,"[0.6036322116851807, 0.39636778831481934]","Security measures: On 23 January 2024, the governor of Plateau state imposed a 24 hour curfew on Mangu LGA (Plateau) following violence which broke out in different parts of the town [coded separately].",0.085,Government of Nigeria (2023-),,0.462204759548872,0.6036322116851807,,,,,,
conflibert,NIG29332,V,B,0.5238019824028015,"[0.5238019824028015, 0.4761980175971985]","On 25 December 2022, a Kaduna militia on motorcycles attacked civilians at Anguwan Aku in Kajuru LGA (Kaduna) and conducted a house to house search. One person was killed; 53 person were abducted, 7 persons among the abductees escaped and 45 others were taken away.",0.085,Kaduna Communal Militia (Nigeria),,0.35443037974683544,0.5238019824028015,,,,,,
conflibert,NIG21210,B,B,0.6040711402893066,"[0.6040711402893066, 0.39592885971069336]","On 26 June 2021, military and police members of the Task Force killed two kidnappers in Koton-Karfe (Kogi LGA, Kogi).",0.089,Military Forces of Nigeria (2015-2023),,0.4656936792226939,0.6040711402893066,,,,,,
conflibert,NIG21090,B,B,0.5443924069404602,"[0.5443924069404602, 0.4556076228618622]","On 17 June 2021, ISWAP fighters clashed with Nigerian police operatives following an attack on Gujba town (Gujba LGA, Yobe). At least three policemen were killed. ISWAP fighters also looted medical supplies and set properties and houses ablaze.",0.085,Police Forces of Nigeria (2015-2023),,0.3962264150943396,0.5443924069404602,,,,,,
conflibert,NIG35108,V,B,0.5608911514282227,"[0.5608911514282227, 0.43910887837409973]","On 15 February 2024, a Naval officer shot and killed a man at a military checkpoint at Owerri-Nta (Isiala Ngwa South, Abia) after he refused to stop at the checkpoint. The Navy claimed that the victim was shot because he was struggling for a gun with the soldier after he was invited over an allegation of theft levelled against him.",0.086,Military Forces of Nigeria (2023-),,0.3962264150943396,0.5608911514282227,,,,,,
conflibert,NIG19404,B,B,0.5125105977058411,"[0.5125105977058411, 0.48748940229415894]","On 9 January 2021, Nigerian military troops clashed with Boko Haram elements at Gonan Kaji Village along Damaturu-Buni Yadi Road (Gujba LGA, Yobe), killing 30 militants and recovering weapons and ammunition.",0.086,Military Forces of Nigeria (2015-2023),,0.33772973634486725,0.5125105977058411,,,,,,
conflibert,NIG36383,S,B,0.5402175784111023,"[0.5402175784111023, 0.4597824215888977]","On 12 January 2024, the Nigerian police arrested a Kaduna militia's kingpin around the Abuja-Kaduna Road flyover by Rido Junction, coded to Rido (Chikun, Kaduna). The kingpin was responsible for many high-profile attacks and abductions in the area. The police recovered forty- eight AK-47 rifles from him.",0.085,Police Forces of Nigeria (2023-),,0.3962264150943396,0.5402175784111023,,,,,,
conflibert,NIG38569,B,B,0.5557288527488708,"[0.5557288527488708, 0.44427111744880676]","On 17 September 2024, the Nigerian troops clashed with a Kaduna militia, killing two in an ambush at Hayin Nakwakina village in Giwa LGA, coded to Hayin Kanwa (Giwa, Kaduna). The troops recovered two motorcycles, a mobile phone, and machetes.",0.085,Military Forces of Nigeria (2023-),,0.3962264150943396,0.5557288527488708,,,,,,
conflibert,NIG20519,P,B,0.5578988194465637,"[0.5578988194465637, 0.44210121035575867]","On 22 April 2021, the Osun Chapter of the Nigerian Bar Association with the Judiciary Staff Union of Nigeria staged protest marches on major roads and at the Governor's Office in Oshogbo (Osogbo LGA, Ogun) to demand for the autonomy of the judiciary and legislature.",0.086,Protesters (Nigeria),,0.3962264150943396,0.5578988194465637,,,,,,
conflibert,NIG22612,V,B,0.5188602805137634,"[0.5188602805137634, 0.48113974928855896]","On 14 November 2021, members of a Zamfara militia numbering up to a hundred attacked Kwarin Mai Saje (Tsafe, Gusau), coded as Tsafe, raped an unspecified number of women, abducted six persons and looted valuables. The attack was a punitive measure on the village over its failure to pay a levy imposed by the militia.",0.085,Zamfara Communal Militia (Nigeria),,0.3518889154256096,0.5188602805137634,,,,,,
conflibert,NIG36868,B,B,0.5728383660316467,"[0.5728383660316467, 0.42716163396835327]","Around 21 June 2024 (as reported), Nigerian troops, hunters and KSVS clashed with a Kogi militia at a ransom collection point in the Okunran Okoloke area, coded to Okoloke (Yagba West, Kogi). The troops killed one of the militiamen and recovered an AK-47 rifle with a magazine containing 15 rounds of 7.62 mm (Special) ammunition and one motorcycle.",0.085,Military Forces of Nigeria (2023-),,0.3962264150943396,0.5728383660316467,,,,,,
conflibert,NIG35481,B,B,0.553758442401886,"[0.553758442401886, 0.4462415277957916]","On 10 March 2024, military forces together with hybrid forces, coded as Civilian JTF engaged Boko Haram/ ISWAP militants in an armed clash at their enclave at Ukuba in Sambisa Forest Reserve (Gwoza, Borno). 8 militants were killed, 5 locally fabricated guns, two motorcycles and assorted food items were recovered by the troops.",0.089,Military Forces of Nigeria (2023-),,0.3962264150943396,0.553758442401886,,,,,,
conflibert,NIG29019,P,B,0.5247645378112793,"[0.5247645378112793, 0.4752354919910431]","On 7 December 2022, members of the Kaduna state chapter of ARPON protested at the Kaduna state police command (Kaduna North, Kaduna) to demand that the National Assembly urgently pass the two police bills that are before the house in order to address the challenges faced by its members.",0.098,Protesters (Nigeria),,0.35443037974683544,0.5247645378112793,,,,,,
conflibert,NIG16121,B,B,0.5351415276527405,"[0.5351415276527405, 0.4648585021495819]","On 20 January 2020, Nigerian Armed Forces, Cameroon Armed Forces and Civilian JTF clashed with Boko Haram (JAS) at Abbaram. Other villages include Nguzuwa and Cina (Bama LGA, Borno, no locations found coded as Bama (Borno, Bama)). 5 BH fighters were killed and abducted civilians rescued. Fatalities split between 2 events.",0.085,Military Forces of Nigeria (2015-2023),,0.37591992689824644,0.5351415276527405,,,,,,
conflibert,NIG38088,V,B,0.588422417640686,"[0.588422417640686, 0.41157761216163635]","On 24 July 2024, a Katsina militia attacked and killed two people in Godiya village, coded as Ruwan Godiya (Faskari, Katsina). An unspecified number of others were injured and abducted.",0.086,Katsina Communal Militia (Nigeria),,0.3962264150943396,0.588422417640686,,,,,,
conflibert,NIG22187,V,B,0.596045732498169,"[0.596045732498169, 0.40395423769950867]","On 4 October 2021, unidentified armed men shot sporadically while enforcing a sit at home order in Owerri (Owerri Municipal, Imo). Casualties unknown. Police sources denied reports of the attack.",0.085,Unidentified Armed Group (Nigeria),,0.41866026524477795,0.596045732498169,,,,,,
conflibert,NIG34305,B,B,0.5223743915557861,"[0.5223743915557861, 0.47762560844421387]","On 18 December 2023, an unidentified armed group killed the police orderly of a high court judge, then proceeded to abduct the judge and her driver as they were traveling along Okobo axis of Oron-Uyo road (Oron, Akwa Ibom). The assailants had posed as a local defense militia on the road. The abductees were released on 23 December, there are no reports on ransom payment.",0.085,Unidentified Armed Group (Nigeria),,0.35443037974683544,0.5223743915557861,,,,,,
conflibert,NIG38025,P,B,0.624334454536438,"[0.624334454536438, 0.37566548585891724]","On 6 August 2024, protesters marched, in their large number, to the residence of the former Governor of Rivers State and Minister of the Federal Capital Territory in Port Harcourt (Port Harcourt, Rivers). They displayed placards with various inscriptions decrying the high cost of living and alleged bad governance in Nigeria.",0.085,Protesters (Nigeria),,0.5128205128205127,0.6243344545364379,,,,,,
conflibert,NIG34649,E,B,0.6100453734397888,"[0.6100453734397888, 0.38995465636253357]","On 14 January 2024, ISWAP claimed to have fired two mortal shells at the Nigerian Army's position in Nduva (Damboa, Borno). There were no fatalities.",0.084,Islamic State West Africa Province (ISWAP),,0.5128205128205127,0.6100453734397888,,,,,,
conflibert,NIG25857,V,E,0.5156311392784119,"[0.4843688905239105, 0.5156311392784119]","On 29 July 2022, an unidentified armed group abducted a gold miner and his driver along Ilesa-Oshogbo (Osogbo, Osun). A ransom of 100 million naira was demanded for the miner, the victims were released around 8 August after 20 million naira was paid as ransom.",0.085,Unidentified Armed Group (Nigeria),,0.3446882425083253,0.5156311392784119,,,,,,
conflibert,NIG21924,B,B,0.6226856708526611,"[0.6226856708526611, 0.37731438875198364]","On 9 September 2021, gunmen engaged police officers in an armed clash that led to the killing of three police officers and the abduction of an unspecified number of expatriates in Akukutoru LGA (Rivers) coded as Abonnema. The abducted expatriates were released around 4 October.",0.086,Unidentified Armed Group (Nigeria),,0.5128205128205127,0.6226856708526611,,,,,,
conflibert,NIG35468,V,B,0.5221760869026184,"[0.5221760869026184, 0.4778239130973816]","On 10 March 2024, an unidentified armed group numbering six abducted a Chinese national from a guest house around Eyenkorin in Ilorin (Ilorin West, Kwara) where he was lodged. The police claimed to have arrested three suspects in connection with the abduction. The abductee was rescued on 19 March by operatives of the state police command (there are no further details on ransom payment or a clash).",0.085,Unidentified Armed Group (Nigeria),,0.35443037974683544,0.5221760869026184,,,,,,
conflibert,NIG23775,E,B,0.5016171336174011,"[0.5016171336174011, 0.4983828663825989]","Around 13 February 2022 (as reported), Nigerian troops carried out airstrikes against ISWAP camps in Tumbun Kaiyowa (Abadan, Borno), Tumbun Madayi, Tumbun Allura, Parisu and Njimia [coded separately]. Five militant leaders were killed in the strikes across the locations, five fatalities split across five events, coded as 1.",0.087,Military Forces of Nigeria (2015-2023),,0.053710076511322785,0.501617133617401,,,,,,
conflibert,NIG27039,B,B,0.5366961359977722,"[0.5366961359977722, 0.4633038640022278]","On 13 May 2021, an unidentified armed group attacked Moniokoro police station Rumuola (Obio, Rivers). Casualties unknown.",0.085,Police Forces of Nigeria (2015-2023),,0.38241757343229354,0.5366961359977722,,,,,,
conflibert,NIG32699,V,E,0.5282015800476074,"[0.47179844975471497, 0.5282015800476074]","On 9 September 2023, a Zamfara militia abducted over 50 civilians around Darita forest while they were on transit to Bagega (Anka, Zamfara) for the weekly market. One of the abductees who escaped claimed that the militiamen were followers of Halilu Buzu and that the abduction was a response to the government's closure of the Bagega cattle market.",0.086,Zamfara Communal Militia (Nigeria),,0.35443037974683544,0.5282015800476074,,,,,,
conflibert,NIG29483,E,B,0.5923632979393005,"[0.5923632979393005, 0.40763670206069946]","On 7 July 2022, the Nigerian Airforce accidentally killed one person and injured 13 others in an air strike targeting some camps of militiamen in Kunkuna (Safana, Katsina). 1 fatality reported.",0.084,Military Forces of Nigeria (2015-2023),,0.4049958854351404,0.5923632979393005,,,,,,
conflibert,NIG25991,B,B,0.5971642732620239,"[0.5971642732620239, 0.4028356671333313]","On 3 September 2022, Nigerian troops on a fighting patrol clashed with a Kaduna militia at Farin-Ruwa (Birnin Gwari, Kaduna), Dogon Dawa-Kuyelo and Sabon Birni [coded separately]. Three militiamen were killed, two rifles, nine magazines, seven Boafeng communication radio and other items were recovered by the troops. 3 fatalities split across 3 events coded as 1.",0.088,Military Forces of Nigeria (2015-2023),,0.4228108253119128,0.5971642732620239,,,,,,
conflibert,NIG26004,V,B,0.5748767852783203,"[0.5748767852783203, 0.4251231551170349]","On 6 September 2022, a Kaduna militia attacked civilians when they invaded Katun Gida in Idon (Kajuru, Kaduna) and shot sporadically. Two persons who were siblings were killed, 13 others were abducted; three of whom escaped, one other man was released by the abductors to tend to his sick wife.",0.085,Kaduna Communal Militia (Nigeria),,0.3962264150943396,0.5748767852783203,,,,,,
conflibert,NIG19278,P,B,0.5389481782913208,"[0.5389481782913208, 0.4610518217086792]","On 17 December 2020, members of the Coalition of Northern Groups (CNG) staged a demonstration in Katsina State to demand that the government rescue hundreds of male schoolboys kidnapped from Government Science Secondary School in Kankara.",0.085,Protesters (Nigeria),,0.39183021736281665,0.5389481782913208,,,,,,
conflibert,NIG28692,B,B,0.5809929370880127,"[0.5809929370880127, 0.4190070629119873]","On 10 November 2022, Nigerian troops clashed with a Zamfara militia that had come to evacuate the remains of their colleagues that were killed the previous day [coded separately] at Gando forest, coded to Bukuyum (Bukkuyum, Zamfara). Hundreds of militia members were killed, coded as 100.",0.086,Military Forces of Nigeria (2015-2023),,0.3962264150943396,0.5809929370880127,,,,,,
conflibert,NIG34229,B,E,0.5059725642204285,"[0.4940274655818939, 0.5059725642204285]","On 15 December 2023, Nigerian troops engaged a Kaduna militia in an armed clash along Dende - Buruku road (Chikun, Kaduna). Several militiamen fled with gunshot wounds, one loaded rifle was recovered by the troops.",0.084,Military Forces of Nigeria (2023-),,0.19836757939862434,0.5059725642204285,,,,,,
conflibert,NIG33741,S,B,0.5347329378128052,"[0.5347329378128052, 0.4652670919895172]","Around 17 November 2023, the Security Joint Task Force, including the police, the military and NSCDC, arrested 135 people at various locations in Abuja (Abuja Municipal, Federal Capital Territory). They raided various locations in a clearance operation to get the hoodlums off the city. The suspects were arrested for various offences.",0.085,Military Forces of Nigeria (2023-),,0.3742121833589897,0.5347329378128052,,,,,,
conflibert,NIG36519,E,B,0.568219006061554,"[0.568219006061554, 0.43178102374076843]","On 3 May 2024, the air component of Operation Hadin Kai conducted an airstrike which targeted Boko Haram/ ISWAP militants at Chinine (Gwoza, Borno). Seven gun trucks which were observed at the location were targeted, several militants were killed and logistics were destroyed. Fatalities coded as 10.",0.085,Military Forces of Nigeria (2023-),,0.3962264150943396,0.568219006061554,,,,,,
conflibert,NIG22019,V,B,0.5465260148048401,"[0.5465260148048401, 0.4534739553928375]","On 19 September 2021, a Sokoto miltia attacked civilians including women and children in Saminaka village, along the Bale-Tangaza road (Tangaza, Sokoto), coded to Gidan Madi. Six people were killed in the attack, which was reportedly a reprisal for the armed group members that were killed by residents of Tangaza LGA (coded separately).",0.087,Sokoto Communal Militia (Nigeria),,0.3962264150943396,0.5465260148048401,,,,,,
conflibert,NIG31180,B,B,0.562222957611084,"[0.562222957611084, 0.4377770721912384]","On 21 April 2023, Nigerian troops clashed with suspected IPOB militants when they raided their camps within 9th Mile (Udi, Enugu) and Nkanu East LGA [coded separately]. One militant was killed, 7 others were arrested, the makeshift camps were destroyed and other items were recovered. Fatality split across 2 events, coded to 0.",0.087,Military Forces of Nigeria (2015-2023),,0.3962264150943396,0.562222957611084,,,,,,
conflibert,NIG21998,V,B,0.6019274592399597,"[0.6019274592399597, 0.3980725109577179]","On 1 August 2021, suspected Fulani pastoralists attacked and killed seven persons, while nine others were wounded in Kpachudu (Bassa, Plateau), coded as Bassa. The police claims four people were killed and fifty houses burnt.",0.089,Fulani Ethnic Militia (Nigeria),,0.4486541631894235,0.6019274592399597,,,,,,
conflibert,NIG38655,B,B,0.6501400470733643,"[0.6501400470733643, 0.34985995292663574]","On 14 August 2024, the Aye (Black Axe) and the Eiye clashed and killed one person at Oki Olodo (Lagelu, Oyo).",0.143,Black Axe (Nigeria),,0.5128205128205127,0.6501400470733643,,,,,,
conflibert,NIG17122,B,B,0.6112303137779236,"[0.6112303137779236, 0.3887697160243988]","On 27 May 2020, communal militias from Urum and Achalla clashed over a parcel of land in Urum (Awka North LGA, Anambra). 1 person was killed and several were reported injured.",0.085,Urum Communal Militia (Nigeria),,0.5128205128205127,0.6112303137779236,,,,,,
conflibert,NIG25126,B,B,0.5159863233566284,"[0.5159863233566284, 0.48401370644569397]","On 6 June 2022, Nigerian troops clashed with ISWAP militants at Goniri (Gujba, Yobe). One of the militants' gun trucks was destroyed, casualties are unknown. ISWAP claimed to have launched the attack and succeeded.",0.085,Military Forces of Nigeria (2015-2023),,0.34548026868069126,0.5159863233566284,,,,,,
conflibert,NIG17096,R,B,0.5532693266868591,"[0.5532693266868591, 0.4467306435108185]","Around 24 May 2020 (as reported), three local chiefs and women were burnt by a mob in Oku (Boki LGA, Cross River) over witchcraft allegations. 1 victim died.",0.085,Rioters (Nigeria),,0.3962264150943396,0.5532693266868591,,,,,,
conflibert,NIG22555,V,B,0.580368161201477,"[0.580368161201477, 0.4196317791938782]","On 10 November 2021, a NSCDC officer shot and wounded a man for urinating within the corps' premises in Calabar (Calabar Municipal, Cross River). The victim was taken to the hospital and is in critical condition.",0.084,Police Forces of Nigeria (2015-2023) NSCDC: Nigeria Security and Civil Defence Corps,,0.3962264150943396,0.580368161201477,,,,,,
conflibert,NIG35200,B,B,0.5767233967781067,"[0.5767233967781067, 0.4232766032218933]","On 15 February 2024, the Nigerian police clashed with a Kaduna militia trying to abduct some commuters along the Tumburku-Galadimawa Road, coded to Galadimawa (Giwa, Kaduna). The militiamen in large numbers, had blocked the road before the police engaged them. They fled into the bush with gun wounds. The police recovered an AK47 rifle, three AK47 magazines, five rounds of 7.62 x 39mm live ammunition, a Techno mobile phone and two Bajaj motorcycles. There were no fatalities.",0.084,Police Forces of Nigeria (2023-),,0.3962264150943396,0.5767233967781067,,,,,,
conflibert,NIG35561,P,B,0.5214220285415649,"[0.5214220285415649, 0.47857797145843506]","On 12 March 2024, IMN members protested at the US Embassy, AMAC, Abuja (Abuja Municipal, FCT), over the Israeli-Palestinian conflict. They submitted a petition demanding the US government intervene in the crisis.",0.085,Protesters (Nigeria),,0.35443037974683544,0.5214220285415649,,,,,,
conflibert,NIG24460,V,B,0.5070851445198059,"[0.5070851445198059, 0.4929148256778717]","On 10 April 2022, armed individuals attacked civilians in Gyambawu / Gyambar (Kanam, Plateau), Wanka, Shuwaka, Dadin Kowa, Kukawa, Gwammadaji, Dungur, Kyaram, Dadda and Wase [coded separately]. At least 106 people were killed in the attacks; over 70 persons, including women and children, were abducted and over 100 houses were burnt. Fatalities split across two events and coded as 53",0.088,Unidentified Armed Group (Nigeria),,0.2353198586423069,0.5070851445198059,,,,,,
conflibert,NIG33963,V,B,0.546583890914917,"[0.546583890914917, 0.453416109085083]","On 28 November 2023, an unidentified armed group killed two farmers on their farms in Kwambai, also called Kpombal (Takum, Taraba).",0.085,Unidentified Armed Group (Nigeria),,0.3962264150943396,0.546583890914917,,,,,,
conflibert,NIG25204,S,B,0.5674079656600952,"[0.5674079656600952, 0.43259209394454956]","Property destruction: On 9 June 2022, Bassa Kwomu militiamen set eight houses ablaze including the palace of the traditional ruler when they invaded Mozum (Bassa, Kogi). The militiamen were suspected to have been hired from Agatu in Benue state, the attack was a reprisal for the murder of a palm wine tapper [coded separately].",0.086,Bassa Kwomu Communal Militia (Nigeria),,0.3962264150943396,0.5674079656600952,,,,,,
conflibert,NIG36572,S,B,0.5871163606643677,"[0.5871163606643677, 0.4128836989402771]","Weapons seizure: Around 9 May 2024 (as reported), the Nigerian troops intercepted weapons from three gunrunners in the Sukuk community, coded to Kirsinga (Madagali, Adamawa). A locally fabricated Gun, a pistol, 59 rounds of 7.62 mm x 39 ammunition, two locally fabricated guns and 29 cartridges were recovered.",0.084,Military Forces of Nigeria (2023-),,0.3962264150943396,0.5871163606643677,,,,,,
conflibert,NIG33950,B,B,0.5354110598564148,"[0.5354110598564148, 0.4645889401435852]","On 26 November 2023, troops of the Nigerian army responded to a distress call and raided the hideout of an unidentified armed group in Jalingo (Jalingo, Taraba). Two abductees were rescued, two members of the group were arrested and others fled. It is not clear if a clash occurred, casualties are unknown.",0.085,Military Forces of Nigeria (2023-),,0.3770464646494527,0.5354110598564148,,,,,,
conflibert,NIG36315,S,B,0.5281191468238831,"[0.5281191468238831, 0.47188085317611694]","Property destruction: Around 24 April 2024 (as reported), Nigerian troops and Katsina state Civilian JTF cleared suspected hideouts of Katsina militias at Shawu, Dugun Fakwu and Tafki villages in Faskari LGA (Katsina). One fabricated gun and other weapons were recovered.",0.084,Military Forces of Nigeria (2023-),,0.35443037974683544,0.5281191468238831,,,,,,
conflibert,NIG23414,R,B,0.555807888507843,"[0.555807888507843, 0.44419214129447937]","On 27 January 2022, a group of motorists tried to attack a soldier at a checkpoint at the Onitsha Bridgehead (Onisha North, Anambra) after a revenue collector was killed by a stray bullet. Reinforcement of soldiers were deployed to dispel the motorists, and the soldier was unharmed.",0.086,Rioters (Nigeria),,0.3962264150943396,0.555807888507843,,,,,,
conflibert,NIG20977,B,B,0.5884771943092346,"[0.5884771943092346, 0.411522775888443]","On 7 June 2021, Nigerian police clashed with a Kaduna communal militia along the Jagindi-Godo-Godo Road (Jemaa LGA, Kaduna) following a distress call about their kidnapping activities in the area. Three kidnapped victims were rescued. No reported fatalities.",0.084,Police Forces of Nigeria (2015-2023),,0.3962264150943396,0.5884771943092346,,,,,,
conflibert,NIG37659,B,B,0.6285719275474548,"[0.6285719275474548, 0.37142810225486755]","On 11 July 2024, Nigerian troops of Operation Whirl Stroke clashed with a Taraba militia in Geshi village, Damisa Ward (Donga, Taraba). The troops, acting on intelligence that the militia was attacking Geshi village, responded and confronted the militiamen. The militia escaped with gunshot wounds. The troops trailed them and arrested two and two motorcycles. There were no fatalities.",0.085,Military Forces of Nigeria (2023-),,0.5128205128205127,0.628571927547455,,,,,,
conflibert,NIG16810,B,B,0.5952949523925781,"[0.5952949523925781, 0.4047050178050995]","On 17 April 2020, communal militias from Agudama and Akenfa neighborhoods of Yenagoa (Yenagoa LGA, Bayelsa) clashed over land. 3 people were killed in the clashes.",0.085,Agudama Communal Militia (Nigeria),,0.41587435164541575,0.5952949523925781,,,,,,
conflibert,NIG27221,V,B,0.5643896460533142,"[0.5643896460533142, 0.4356103539466858]","On 27 June 2020, a Katsina militia attacked civilians in Mara Zamfarawa (Dan-Musa, Katsina), three locals were killed and three others were wounded.",0.085,Katsina Communal Militia (Nigeria),,0.3962264150943396,0.5643896460533142,,,,,,
conflibert,NIG20782,R,B,0.5481976866722107,"[0.5481976866722107, 0.4518022835254669]","On 22 May 2021, youth residents clashed with Nigerian custom operatives at Eruwa (Ibarapa East LGA, Oyo) over smuggled election materials in light of the local government elections. Two reported fatalities.",0.085,Rioters (Nigeria),,0.3962264150943396,0.5481976866722107,,,,,,
conflibert,NIG20932,P,B,0.574018657207489,"[0.574018657207489, 0.4259812831878662]","On 3 June 2021, thousands of Urhobo youth led by the Urhobo Progress Union - Youth Wing shut down the Delta State Office of the Niger Delta Development Commission in Warri (Warri South LGA, Delta) in a demonstration against the president's refusal to constitute a new board for the Commission.",0.085,Protesters (Nigeria),,0.3962264150943396,0.574018657207489,,,,,,
conflibert,NIG34685,B,B,0.5455415844917297,"[0.5455415844917297, 0.45445841550827026]","On 21 January 2024, Nigerian troops ambushed and killed a Boko Haram (JAS) fighter in Luskori, coded to Konduga (Konduga, Borno). Another one escaped with gun wounds. The military recovered an AK 47 rifle. There was one fatality.",0.085,Military Forces of Nigeria (2023-),,0.3962264150943396,0.5455415844917297,,,,,,
conflibert,NIG20554,B,B,0.5759235620498657,"[0.5759235620498657, 0.42407646775245667]","On 26 April 2021, Nigerian military clashed with ISWAP fighters following an attack on Gwoza LGA (Borno). No reported fatalities.",0.085,Military Forces of Nigeria (2015-2023),,0.3962264150943396,0.5759235620498657,,,,,,
conflibert,NIG24442,V,B,0.5200806260108948,"[0.5200806260108948, 0.4799194037914276]","On 7 April 2022, suspected armed pastoralists attacked the Odiguetue community (Ovia North East, Edo) and killed 5 persons. The community leader claimed the assailants had repeatedly invaded the community and destroyed the locals' crops to feed their cattle.",0.085,Fulani Ethnic Militia (Nigeria),,0.35443037974683544,0.5200806260108948,,,,,,
conflibert,NIG19921,B,B,0.5519918203353882,"[0.5519918203353882, 0.4480081796646118]","On 25 February 2021, unidentified gunmen clashed with a police patrol team at Akai Effa roundabout in Calabar (Calabar-Municipal LGA, Cross River), Killing some policemen and seizing their weapons and ammunition. Unknown fatalities coded as 3.",0.085,Police Forces of Nigeria (2015-2023),,0.3962264150943396,0.5519918203353882,,,,,,
conflibert,NIG24883,V,B,0.5465165972709656,"[0.5465165972709656, 0.45348337292671204]","On 18 May 2022, armed individuals enforcing a sit in order killed a woman at PRODA junction along Enugu-Abakaliki highway, coded to Amorji-Nike (Enugu East, Enugu).",0.085,Unidentified Armed Group (Nigeria),,0.3962264150943396,0.5465165972709656,,,,,,
conflibert,NIG17107,V,B,0.5653776526451111,"[0.5653776526451111, 0.4346223771572113]","On 26 May 2020, Police officers attacked and detained a group of officers from Lagos State Building Control Agency during an inspection in Aja (Eti-Osa LGA, Lagos). They also shot in the air. No fatalities and/or injuries reported.",0.086,Police Forces of Nigeria (2015-2023),,0.3962264150943396,0.5653776526451111,,,,,,
conflibert,NIG25091,P,B,0.5486503839492798,"[0.5486503839492798, 0.4513496160507202]","On 3 June 2022, scores of supporters of former president Goodluck Jonathan protested at the national secretariat of the APC in Abuja (Abuja Municipal, FCT) to demand that the party chose the former president as its presidential candidate for the 2023 elections.",0.085,Protesters (Nigeria),,0.3962264150943396,0.5486503839492798,,,,,,
conflibert,NIG31049,B,B,0.60308438539505,"[0.60308438539505, 0.39691564440727234]","On 24 April 2023, Gbagyi and Hausa ethnic militias clashed in Gwarinpa (Abuja Municipal, FCT). The clash started the previous day and was temporarily brought under control [coded separately]; three persons were killed, several others were wounded and cars were vandalized. Some sources report that the clash resulted from an attempt by the Gbagyi militia to retaliate the robbery of a local politician by a group of Hausa persons. 3 fatalities split across 2 events coded as 1.",0.085,Gbagyi Ethnic Militia (Nigeria),,0.4578502428837313,0.60308438539505,,,,,,
conflibert,NIG33543,V,B,0.5582809448242188,"[0.5582809448242188, 0.44171908497810364]","On 22 October 2023, an unidentified armed group shot and killed one person at Alu Oko, Ebge Egume, Aja-Odi, coded to Agojeju (Ofu, Kogi). No further details.",0.085,Unidentified Armed Group (Nigeria),,0.3962264150943396,0.5582809448242188,,,,,,
conflibert,NIG29194,E,B,0.5508749485015869,"[0.5508749485015869, 0.4491250514984131]","Around 12 December 2022 (as reported), the Nigerian Air Force targeted and destroyed camps of Kaduna militias with rockets at Kufita and Kuyanbana forest (Birnin Gwari, Kaduna) and other locations in Igabi LGA, Chikun LGA and Giwa LGA. Several militiamen were killed, and their camps were destroyed, unknown fatalities coded as 3.",0.09,Military Forces of Nigeria (2015-2023),,0.3962264150943396,0.5508749485015869,,,,,,
conflibert,NIG32631,B,B,0.5314043164253235,"[0.5314043164253235, 0.4685957133769989]","On 23 August 2023, the Nigerian military shot and killed four ISWAP fighters in Pulka (Gwoza, Borno) and Firgi, coded separately. Fatalities split across two locations, 2 coded.",0.085,Military Forces of Nigeria (2023-),,0.36029986564202543,0.5314043164253235,,,,,,
conflibert,NIG19811,E,B,0.5010484457015991,"[0.5010484457015991, 0.4989515542984009]","On 14 February 2021, Nigerian military forces conducted airstrikes against Boko Haram fighters in Egiri, Zira 1 and 2 villages in Biu LGA (Borno), following an attack in the area by BH. No reported fatalities.",0.085,Military Forces of Nigeria (2015-2023),,0.03482216821474209,0.5010484457015991,,,,,,
conflibert,NIG31867,S,B,0.5586453676223755,"[0.5586453676223755, 0.4413546323776245]","Property destruction: Around 26 June 2023 (between 15 June - 6 July), troops of the joint task force of Operation Delta Safe destroyed 30 illegal refining sites across Delta coded to Asaba (Oshimili South, Delta), Bayelsa, Cross River and Rivers states [coded separately]. 125 storage tanks, 227 ovens, 11 dugout pits and 21 wooden boats were recovered, 42 suspected saboteurs were arrested.",0.085,Military Forces of Nigeria (2023-),,0.3962264150943396,0.5586453676223755,,,,,,
conflibert,NIG29618,B,B,0.5362580418586731,"[0.5362580418586731, 0.4637419581413269]","On 17 January 2023, an unidentified armed group shot and killed an inspector of police while patrolling Iheorji Ohanku Road, Aba (Aba South, Abia). The police shot and killed two militiamen and others escaped with gun wounds. The militiamen carted away an AK-47 rifle belonging to the deceased officer. 3 fatalities reported.",0.085,Unidentified Armed Group (Nigeria),,0.38058651361996143,0.5362580418586731,,,,,,
conflibert,NIG34042,P,B,0.6127080321311951,"[0.6127080321311951, 0.3872919976711273]","On 4 December 2023, students from four nursing schools in Abia state protested at an examination center in Umuahia (Umuahia North, Abia) against their exclusion from taking the rescheduled examination.",0.085,Protesters (Nigeria),,0.5128205128205127,0.6127080321311951,,,,,,
conflibert,NIG19433,P,E,0.5071805715560913,"[0.49281948804855347, 0.5071805715560913]","On 12 January 2021, members of the Abubakar Tafawa Balewa University chapter of the Senior Staff Association of Nigerian Universities and Non-academic Staff Union of Universities staged protests in Bauchi State over unfair labor practices, the non-payment of salaries, and the failure of the federal government to implement the Memorandum of Understanding it entered with the Unions.",0.089,Protesters (Nigeria),,0.23848928964354635,0.5071805715560913,,,,,,
conflibert,NIG24644,P,B,0.5745014548301697,"[0.5745014548301697, 0.42549851536750793]","On 3 May 2022, members of the PDP in Ogun State protested at the state secretariat of the party in Abeokuta (Abeokuta South, Ogun) against the imposition of ward ad-hoc delegates who the protesters claimed were loyal to the governorship aspirant.",0.085,Protesters (Nigeria),,0.3962264150943396,0.5745014548301697,,,,,,
conflibert,NIG34589,E,B,0.5160089731216431,"[0.5160089731216431, 0.48399099707603455]","On 16 January 2024, an IED suspected to have been planted by IS/BH triggered and killed two CJTF members in Mafa (Mafa, Borno). The CJTF drove over the explosive device while on routine operations along Mafa/Konduga LGA areas. Eight CJTF members sustained injuries from the explosive. There were two fatalities.",0.093,Islamic State West Africa Province (ISWAP) and/or Boko Haram - Jamaatu Ahli is-Sunnah lid-Dawati wal-Jihad,,0.3455307754679876,0.5160089731216431,,,,,,
conflibert,NIG24528,B,B,0.5523918867111206,"[0.5523918867111206, 0.447608083486557]","On 19 April 2022, Nigerian troops clashed with an armed group in Chito (Ukum, Benue) and killed three armed individuals. An undisclosed number of weapons, two motorcycles and three phones were recovered.",0.085,Military Forces of Nigeria (2015-2023),,0.3962264150943396,0.5523918867111206,,,,,,
conflibert,NIG27484,V,B,0.5532757043838501,"[0.5532757043838501, 0.4467242658138275]","On 12 November 2020, an armed group attacked and killed a commercial motorcyclist at the Ologede junction in Akure (Akure South, Ondo).",0.085,Unidentified Armed Group (Nigeria),,0.3962264150943396,0.55327570438385,,,,,,
conflibert,NIG23779,B,E,0.5146898031234741,"[0.48531022667884827, 0.5146898031234741]","Around 13 February 2022 (between 12 - 15 February), the Nigerien contingent of MNJTF carried out a combined air-ground operation involving air and artillery strikes and ground assaults against Boko Haram (JAS or ISWAP Lake Chad faction) in the areas of Jabulam (Mobbar, Borno) and Abadam (Abadan, Borno) in Nigeria, and Bague Kiessa [Bague Kiessa Koura], Dagaya, Boulayi, and Boula Gana (Bosso, Diffa) in Niger. About twenty militants were killed and weapons and ammo seized. Fatalities are split across six events.",0.084,Military Forces of Niger (2021-2023),,0.3425891538457686,0.5146898031234741,,,,,,
conflibert,NIG22565,B,B,0.5482342839241028,"[0.5482342839241028, 0.4517657458782196]","On 10 November 2021, the Nigerian army claimed an ambush against Boko Haram/ISWAP militants in Pulka (Gwoza, Borno). The soldiers collaborated with the CJTF and local militia members. Four militants were killed, weapons were recovered and several others fled with gunshot wounds.",0.084,Military Forces of Nigeria (2015-2023),,0.3962264150943396,0.5482342839241028,,,,,,
conflibert,NIG34268,P,B,0.5360912084579468,"[0.5360912084579468, 0.463908851146698]","On 20 December 2023, members of SSANIP and NASU at Rfus Giwa polytechnic Owo (Owo, Ondo) protested and blocked the school's entrance over the non-payment of their salaries for over 10 months.",0.085,Protesters (Nigeria),,0.3798892161485713,0.5360912084579468,,,,,,
conflibert,NIG35732,B,B,0.5637689232826233,"[0.5637689232826233, 0.4362310767173767]","On 25 March 2024, police forces engaged a leader of Greenlanders cult militia in an armed clash at the forest in Anambra, coded to Akinima (Ahoada West, Rivers). The militia leader who was declared wanted by the police since 2016 was killed.",0.085,Police Forces of Nigeria (2023-),,0.3962264150943396,0.5637689232826233,,,,,,
conflibert,NIG18956,B,B,0.5816411375999451,"[0.5816411375999451, 0.41835886240005493]","On 19 November 2020, Nigerian military troops clashed with a Benue communal militia at Tor Donga (Katsina-Ala LGA, Benue), killing three and injuring others.",0.085,Military Forces of Nigeria (2015-2023),,0.3962264150943396,0.5816411375999451,,,,,,
conflibert,NIG16543,V,B,0.5504428148269653,"[0.5504428148269653, 0.4495571553707123]","On 11 March 2020, militias from Alla attacked Egba in the Agatu LGA (Benue) over the ownership of a fish pond in the community. 5 people were killed.",0.085,Alla Communal Militia (Nigeria),,0.3962264150943396,0.5504428148269653,,,,,,
conflibert,NIG22075,V,B,0.5979070067405701,"[0.5979070067405701, 0.40209299325942993]","On 24 September 2021, pastoralists from a Fulani ethnic militia attacked farmers in Gbajimba (Guma, Benue). One farmer was killed, four others fled.",0.085,Fulani Ethnic Militia (Nigeria),,0.42556688035809026,0.5979070067405701,,,,,,
conflibert,NIG35002,B,B,0.5569357872009277,"[0.5569357872009277, 0.44306421279907227]","On 15 February 2024, the Nigerian police engaged in a firefight with an unidentified armed group while raiding their hideouts between Nasarawa State and the Kuje LGA, coded to Kuje (Kuje, FCT). The police arrested one member of the group and rescued two hostages. There were no fatalities.",0.086,Police Forces of Nigeria (2023-),,0.3962264150943396,0.5569357872009277,,,,,,
conflibert,NIG16365,E,B,0.5459086894989014,"[0.5459086894989014, 0.45409131050109863]","On 16 February 2020, Nigerian Air Force conducted air strikes against an ISWAP camp at Tumbin Zarami at Lake Chad (coded as Monguno, Borno) and destroyed structures.",0.085,Military Forces of Nigeria (2015-2023),,0.3962264150943396,0.5459086894989014,,,,,,
conflibert,NIG37606,P,B,0.6235182285308838,"[0.6235182285308838, 0.3764817714691162]","On 6 July 2024, FCT women protested and marched from Unity fountain Maitama to the presidential villa in Abuja (Abuja Municipal, FCT) to denounce the rift between the FCT minister and senator representing the FCT.",0.085,Protesters (Nigeria),,0.5128205128205127,0.6235182285308838,,,,,,
conflibert,NIG36225,V,B,0.6027651429176331,"[0.6027651429176331, 0.39723488688468933]","On 24 August 2021, police attacked a man in Amagu (Abakaliki, Ebonyi). He was killed in police custody after he had been arrested. The victim was to return to South Africa after visiting family in Nigeria. He was arrested in Orie-Nempi Market.",0.086,Police Forces of Nigeria (2015-2023),,0.45531267447349366,0.6027651429176331,,,,,,
conflibert,NIG26709,B,B,0.5764951109886169,"[0.5764951109886169, 0.42350491881370544]","On 7 May 2021, Nigerian military troops clashed with a Kaduna communal militia around the Rigachikun (Rigacikun) axis (Igabi LGA, Kaduna), killing one militiaman and one civilian.",0.085,Military Forces of Nigeria (2015-2023),,0.3962264150943396,0.5764951109886169,,,,,,
conflibert,NIG20879,S,B,0.5738295912742615,"[0.5738295912742615, 0.4261704683303833]","Property destruction: On 29 May 2021, armed individuals set the Police Criminal Investigation Department on fire in Umuahia (Umuahia North LGA, Abia). No reports on injuries or fatalities.",0.084,Unidentified Armed Group (Nigeria),,0.3962264150943396,0.5738295912742615,,,,,,
conflibert,NIG19363,V,B,0.5322561860084534,"[0.5322561860084534, 0.46774381399154663]","On 28 December 2020, unidentified armed men attacked Runka Community (Safana LGA, Katsina), killing a relative of a lawmaker representing Safana and abducting a newly-wedded couple.",0.084,Unidentified Armed Group (Nigeria),,0.3638603427628215,0.5322561860084534,,,,,,
conflibert,NIG19480,V,B,0.5405087471008301,"[0.5405087471008301, 0.4594912827014923]","On 12 January 2021, Yansakai Militia attacked and killed a Fulani Pastoralist at Talata Mafara LGA (Zamfara). Unknown reason for attack.",0.085,Yansakai Militia,,0.3962264150943396,0.5405087471008302,,,,,,
conflibert,NIG29018,B,B,0.5277098417282104,"[0.5277098417282104, 0.47229015827178955]","On 6 December 2022, police forces repelled a Katsina militia when they blocked a cattle route along Tashar Maje in Kankara LGA (Katsina). Abductees and rustled cattle that were taken away from their village by the militia members [coded separately] were recovered.",0.085,Police Forces of Nigeria (2015-2023),,0.35443037974683544,0.5277098417282104,,,,,,
conflibert,NIG24014,R,B,0.5635238289833069,"[0.5635238289833069, 0.43647611141204834]","On 5 March 2022, supporters of the incumbent and past chairman of Langtang South LGA clashed in Sabon Gida (Langtang South, Plateau) after the incumbent from the APC slapped the past chairman who belongs to the PDP. An unspecified number of persons were wounded, including the incumbent chairman.",0.085,Rioters (Nigeria),,0.3962264150943396,0.5635238289833069,,,,,,
conflibert,NIG31886,S,B,0.5375818610191345,"[0.5375818610191345, 0.4624181389808655]","On 9 July 2023, a Boko Haram [JAS Faction] commander and one of his lieutenants surrendered to Nigerian troops in Borno, coded to Maiduguri (Maiduguri Metro, Borno).",0.084,Boko Haram - Jamaatu Ahli is-Sunnah lid-Dawati wal-Jihad,,0.38611955286239635,0.5375818610191346,,,,,,
conflibert,NIG37851,B,B,0.6260035634040833,"[0.6260035634040833, 0.37399646639823914]","On 27 July 2024, the Nigerian police engaged a Benue militia in a firefight, killing six while raiding their enclave in Mbavuur Ward (Logo, Benue). The police recovered an AK-47 rifle and two locally fabricated short guns loaded with ammunition.",0.085,Police Forces of Nigeria (2023-),,0.5128205128205127,0.6260035634040831,,,,,,
conflibert,NIG39769,P,B,0.5605543255805969,"[0.5605543255805969, 0.43944570422172546]","On 4 August 2024, youth protested at Agho junction along Ekenhuan Road in Benin City (Oredo, Edo). The protesters conducted church service at the protest ground while the police monitored their activities.",0.085,Protesters (Nigeria),,0.3962264150943396,0.5605543255805969,,,,,,
conflibert,NIG32802,B,B,0.5643762350082397,"[0.5643762350082397, 0.43562376499176025]","On 17 September 2023, a joint task force of security operatives presumed to have comprised of soldiers and policemen engaged a Niger militia in an armed clash in a village near Pan Dongari (Rafi, Niger). 52 militiamen including six informants who lived in the community were killed.",0.085,Military Forces of Nigeria (2023-),,0.3962264150943396,0.5643762350082397,,,,,,
conflibert,NIG22047,P,B,0.6445659399032593,"[0.6445659399032593, 0.35543403029441833]","On 22 September 2021, about 49 former workers of Total E&P protested against their alleged forceful retrenchment in Port Harcourt (Port Harcourt, Rivers).",0.084,Protesters (Nigeria),,0.5128205128205127,0.6445659399032593,,,,,,
conflibert,NIG36760,B,B,0.5380082726478577,"[0.5380082726478577, 0.46199166774749756]","On 19 May 2024, military forces engaged a Kaduna militia in an armed clash at Baka general area (Igabi, Kaduna). The militia fled, some of them with gunshot wounds and the troops recovered one rifle and two motorcycles.",0.085,Military Forces of Nigeria (2023-),,0.3879017844130663,0.5380082726478577,,,,,,
conflibert,NIG37618,B,B,0.5824779868125916,"[0.5824779868125916, 0.41752201318740845]","On 10 July 2024, an unidentified armed group shot and killed an OSPAC member in the Igwuruta community (Ikwerre, Rivers). The group was responding to a distress call concerning an abduction case when its members were ambushed, and one got shot and killed.",0.083,Unidentified Armed Group (Nigeria),,0.3962264150943396,0.5824779868125916,,,,,,
conflibert,NIG36319,B,B,0.5883458256721497,"[0.5883458256721497, 0.41165420413017273]","Around 25 April 2024 (as reported), the Nigerian troops engaged a Taraba militia in a firefight, killing two in Kweerti, also spelt as Kwesati village (Ussa, Taraba). Other militiamen fled, and the troops recovered one AK-47 magazine along with seven rounds of 7.62mm special ammunition.",0.086,Military Forces of Nigeria (2023-),,0.3962264150943396,0.5883458256721497,,,,,,
conflibert,NIG30420,S,B,0.565923810005188,"[0.565923810005188, 0.4340761601924896]","Around 8 August 2021 (between 7 August - 8 August), the Nigerian police arrested over 20 unidentified cult militias in various locations within Oshogbo (Osogbo, Osun). The cultists were picked up when the police raided some black spots.",0.085,Police Forces of Nigeria (2015-2023),,0.3962264150943396,0.5659238100051879,,,,,,
conflibert,NIG25680,B,B,0.5444905757904053,"[0.5444905757904053, 0.45550939440727234]","On 21 July 2022, a Katsina militia led by Bauche attacked Ansaru militants and engaged them in an armed clash in Damari forest (Sabuwa, Katsina). The clash lasted for several hours, three persons were killed including a top Ansaru commander.",0.085,Katsina Communal Militia (Nigeria),,0.3962264150943396,0.5444905757904053,,,,,,
conflibert,NIG33592,R,B,0.529426097869873,"[0.529426097869873, 0.47057396173477173]","On 1 November 2023, members of NUPENG who were demonstrating at the union's office in Utako (Abuja Municipal, FCT) over claims that the newly elected leaders of the union were imposed on them beat up the newly elected chairman. The victim was rescued by policemen and taken to a hospital.",0.086,Rioters (Nigeria),,0.35443037974683544,0.529426097869873,,,,,,
conflibert,NIG20827,B,B,0.5552166104316711,"[0.5552166104316711, 0.44478338956832886]","Around 26 May 2021 (as reported), Nigerian police operatives clashed with a Katsina communal militia at Kafur, Danja, Dutsinma, Safana, Batsari and Funtua Local Government Areas in Katsina State, killing five militiamen and recovered 69 rustled cows. 16 suspects were also arrested. Fatalities split across 6 events.",0.085,Police Forces of Nigeria (2015-2023),,0.3962264150943396,0.5552166104316711,,,,,,
conflibert,NIG29044,B,B,0.5400532484054565,"[0.5400532484054565, 0.45994672179222107]","On 5 December 2022, a Sokoto militia numbering about 90 killed three policemen guarding a market and three civilians when they attacked Yar Bulutu market in Sabon Birni LGA (Sokoto) and shot sporadically. The assailants set one of the policemen's vehicle ablaze and threw the body of one policeman into the fire, several other civilians sustained varying bullet wounds.",0.085,Sokoto Communal Militia (Nigeria),,0.3962264150943396,0.5400532484054565,,,,,,
conflibert,NIG32771,V,B,0.5123844742774963,"[0.5123844742774963, 0.4876154959201813]","On 9 September 2023, a Katsina militia abducted two persons from Marke village (Dutsinma, Katsina) coded to Dutsin Ma. There are no reports on ransom demands.",0.085,Katsina Communal Militia (Nigeria),,0.33744849328718535,0.5123844742774963,,,,,,
conflibert,NIG26442,B,B,0.556747317314148,"[0.556747317314148, 0.4432526230812073]","On 25 September 2022, policemen invaded the camp of an unidentified armed group that had abducted one person from Kara bridge and engaged them in an armed clash. Location coded to Mowe (Obafemi, Ogun), one of the assailants was arrested, others fled with bullet wounds and the abductee was rescued.",0.084,Police Forces of Nigeria (2015-2023),,0.3962264150943396,0.556747317314148,,,,,,
conflibert,NIG33348,V,E,0.5226240158081055,"[0.47737598419189453, 0.5226240158081055]","Around 27 October 2023 (as reported), an unidentified armed group abducted a soldier (presumed to be off duty) at the Akparata axis of Effium (Ohaukwu, Ebonyi). The soldier was part of the contingent deployed to manage inter-communal clashes in the area. The State government issued an ultimatum to the warring communities to provide the soldier alive by 26 October 2023.",0.085,Unidentified Armed Group (Nigeria),,0.35443037974683544,0.5226240158081055,,,,,,
conflibert,NIG26080,B,B,0.55924391746521,"[0.55924391746521, 0.44075608253479004]","Around 15 August 2022 (as reported), an unidentified armed group attacked a police squad, wounded three policemen and stole their rifles along Ozoro/ Kwale (Ndokwa West, Delta).",0.088,Unidentified Armed Group (Nigeria),,0.3962264150943396,0.55924391746521,,,,,,
conflibert,NIG16392,V,B,0.5582095980644226,"[0.5582095980644226, 0.4417904019355774]","On 20 February 2020, officers of SARS forces shot and injured 2 street traders on a market in Abeokuta (Abeokuta South LGA, Ogun) when they stormed the location.",0.085,Police Forces of Nigeria (2015-2023) Special Anti-Robbery Squad,,0.3962264150943396,0.5582095980644226,,,,,,
conflibert,NIG26718,P,B,0.5802766680717468,"[0.5802766680717468, 0.41972339153289795]","On 16 May 2021, members of the Ijaw Youth Marches staged protest marches along major streets and at Isaac Boro Park in Port Harcourt (Port-Harcourt LGA, Rivers) in remembrance of Late Major Isaac Jasper Adaka Boro.",0.085,Protesters (Nigeria),,0.3962264150943396,0.5802766680717468,,,,,,
conflibert,NIG16027,B,E,0.5221885442733765,"[0.4778114855289459, 0.5221885442733765]","On 8 January 2020, Nigerian Armed Forces battled with presumed ISWAP fighters in Mafa LGA (Borno) and killed an unreported number of fighters. Unknown number of fatalities coded as 10.",0.09,Military Forces of Nigeria (2015-2023),,0.35443037974683544,0.5221885442733765,,,,,,
conflibert,NIG38277,B,B,0.5929381847381592,"[0.5929381847381592, 0.4070618748664856]","On 27 August 2024, the Nigerian troops ambushed some fleeing Jimmu Sumoli-led Zamfara militiamen and shot ten dead in Magamin Diddi village in Maradun LGA, coded to Faru Magami (Maradun, Zamfara). The militiamen escaped from a clash with the troops in Matusgi, coded separately.",0.084,Military Forces of Nigeria (2023-),,0.40712911317933287,0.5929381847381592,,,,,,
conflibert,NIG27958,V,B,0.5643212199211121,"[0.5643212199211121, 0.4356788098812103]","On 19 February 2021, a soldier shot and wounded a truck driver at an army checkpoint in Omagwa (Ikwerre, Rivers) over the driver's refusal to pay a bribe of 200 naira. The association of tanker drivers staged a protest [coded separately].",0.084,Military Forces of Nigeria (2015-2023),,0.3962264150943396,0.5643212199211121,,,,,,
conflibert,NIG33835,P,B,0.6130917072296143,"[0.6130917072296143, 0.38690832257270813]","On 13 November 2023, some political party supporters (unspecified) protested at the INEC office in Yenagoa (Yenagoa, Bayelsa) over the delay in releasing election results.",0.085,Protesters (Nigeria),,0.5128205128205127,0.6130917072296143,,,,,,
conflibert,NIG20679,B,B,0.6170443296432495,"[0.6170443296432495, 0.3829557001590729]","On 10 May 2021, Nigerian police operatives clashed with suspected kidnappers at Ahor community (Ehor) (Uhunmwode LGA, Edo), killing three and rescuing seven kidnapped victims.",0.085,Police Forces of Nigeria (2015-2023),,0.5128205128205127,0.6170443296432496,,,,,,
conflibert,NIG26073,B,B,0.540367603302002,"[0.540367603302002, 0.45963239669799805]","On 13 August 2022, Nigerian troops during a clearance operation intercepted and clashed with Boko Haram/ ISWAP militants at Ngwom (Mafa, Borno). The militants were enroute to rustle cattle from pastoralists in the general area, three militants were killed.",0.087,Military Forces of Nigeria (2015-2023),,0.3962264150943396,0.540367603302002,,,,,,
conflibert,NIG17363,V,B,0.5249566435813904,"[0.5249566435813904, 0.47504329681396484]","On 12 June 2020, Boko Haram executed a police officer and a soldier in Borno (coded as Maiduguri LGA, Borno) who were abducted earlier.",0.085,Islamic State West Africa Province (ISWAP) - Lake Chad Faction and/or Boko Haram - Jamaatu Ahli is-Sunnah lid-Dawati wal-Jihad,,0.35443037974683544,0.5249566435813903,,,,,,
conflibert,NIG24682,B,B,0.522305965423584,"[0.522305965423584, 0.4776940643787384]","On 26 April 2022, Nigerian troops in conjunction with the Civilian JTF clashed with ISWAP/ Boko Haram fighters during a clearance operation at Kasha in Mafa LGA (Borno). Six militants were killed, weapons and ammunition, amongst others items were recovered.",0.085,Military Forces of Nigeria (2015-2023),,0.35443037974683544,0.522305965423584,,,,,,
conflibert,NIG22760,B,B,0.6115427017211914,"[0.6115427017211914, 0.3884572684764862]","On 29 November 2021, troops of security forces on patrol clashed with members of a Kaduna militia at an identified hideout in Idasu (Giwa, Kaduna) and Birnin Gwari [coded separately]. Three militia members were killed, weapons and three motorcycles were recovered.",0.085,Military Forces of Nigeria (2015-2023),,0.5128205128205127,0.6115427017211913,,,,,,
conflibert,NIG29602,B,B,0.5575193762779236,"[0.5575193762779236, 0.4424806833267212]","On 20 January 2023, the Nigerian police clashed with an unidentified armed group in Shere (Jos East, Plateau). The armed group abducted the paramount traditional ruler of Izere, Plateau State, and opened fire on the police attempting to rescue the monarch. A civilian guard was shot dead, and a police officer sustained a gun injury during the rescue operation. 1 fatality reported.",0.085,Police Forces of Nigeria (2015-2023),,0.3962264150943396,0.5575193762779236,,,,,,
conflibert,NIG31171,B,E,0.5308349132537842,"[0.46916505694389343, 0.5308349132537842]","On 1 May 2023, a Kaduna militia were engaged in an armed clash with security operatives at Dorayi village in Zaria LGA (Kaduna) where they abducted about 20 persons and rustled cattle. The assailants abandoned the abductees, burnt down one house and two motorcycles before they fled.",0.086,Kaduna Communal Militia (Nigeria),,0.3579199861335617,0.5308349132537842,,,,,,
conflibert,NIG19588,B,B,0.5295984745025635,"[0.5295984745025635, 0.47040149569511414]","On 25 January 2021, Nigerian military troops with MNJTF forces clashed with Boko Haram militants at Mayankari in Borno State, killing three militiamen and destroying their hideout. Nigerian military also recovered weapons and ammunition including one improvised explosive device making equipment.",0.083,Military Forces of Nigeria (2015-2023),,0.35443037974683544,0.5295984745025635,,,,,,
conflibert,NIG21894,E,B,0.5908981561660767,"[0.5908981561660767, 0.40910178422927856]","Around 6 September 2021 (as reported), military forces of Nigeria killed the leader of an armed militia in an air strike at Shinkafi (Shinkafi, Zamfara).",0.084,Military Forces of Nigeria (2015-2023),,0.39955919583638516,0.5908981561660767,,,,,,
conflibert,NIG29062,V,B,0.5108109712600708,"[0.5108109712600708, 0.4891890585422516]","On 3 December 2022, an unidentified armed group abducted 8 residents of Anguwan Hausawa in Kwakwu community, coded to Kuje (Kuje, FCT). The abductors shot sporadically to scare of policemen from a police outpost, a ransom of 25 million naira was demanded.",0.085,Unidentified Armed Group (Nigeria),,0.3339397336086674,0.5108109712600708,,,,,,
conflibert,NIG29902,B,E,0.50688236951828,"[0.4931176006793976, 0.50688236951828]","On 4 February 2023, Nigerian troops raided the hideouts of ISWAP/ Boko Haram militants and engaged them in an armed clash at Balange village, on the fringes of the Sambisa Forest Reserve (Gwoza, Borno). Five militants were killed and 55 abductees were rescued.",0.085,Military Forces of Nigeria (2015-2023),,0.2285850652218093,0.50688236951828,,,,,,
conflibert,NIG26789,V,B,0.5265442132949829,"[0.5265442132949829, 0.4734557271003723]","On 12 August 2021, Amagba and Obazagbon militias attacked Oke-Oroma (Ikpoba Okha, Edo) coded as Oka, shooting sporadically. Unspecified number of buildings were burnt. Security operatives were deployed but no clashes reported",0.085,Amagba Communal Militia (Nigeria),,0.35443037974683544,0.5265442132949829,,,,,,
conflibert,NIG25905,B,B,0.5119426250457764,"[0.5119426250457764, 0.48805737495422363]","On 8 August 2022, Nigerian troops on clearance operations clashed with ISWAP/ Boko Haram militants at an iilegal market established by the militants at Dambia, also called Markas (Bama, Borno). Four militants were killed, others fled and four women suspected to be the wives of the militants were wounded and evacuated to the hospital for treatment.",0.085,Military Forces of Nigeria (2015-2023),,0.3364632121971117,0.5119426250457764,,,,,,
conflibert,NIG33181,R,E,0.5006436109542847,"[0.49935635924339294, 0.5006436109542847]","On 20 October 2023, mobs lynched a man in the A. A Koto area of Akwanga (Akwanga, Nasarawa) over the allegation of motorcycle theft. They had beaten the victim to death before the soldiers intervened to calm the situation.",0.085,Rioters (Nigeria),,0.021376337258828034,0.5006436109542847,,,,,,
conflibert,NIG23107,B,B,0.5546408891677856,"[0.5546408891677856, 0.44535917043685913]","On 31 December 2021, police forces, together with member of Igabi communal militia, clashed with Kaduna militia members at the Sabon Birni forest (Igabi, Kaduna) while the group was raiding one of the militia camps. One militiaman was killed, others fled with gunshot wounds; two others were arrested and nine abducted victims were rescued including one who sustained a bullet injury.",0.085,Police Forces of Nigeria (2015-2023),,0.3962264150943396,0.5546408891677856,,,,,,
conflibert,NIG27386,B,B,0.5941231846809387,"[0.5941231846809387, 0.4058767855167389]","On 16 October 2020, the Supreme Vikings cult militias clashed with one another in Ugbomoro community (Uvwie, Delta) coded as Effurun. One person was killed.",0.085,SVC: Supreme Vikings Confraternity (Nigeria),,0.41152628277832615,0.5941231846809387,,,,,,
conflibert,NIG24261,B,B,0.5867744088172913,"[0.5867744088172913, 0.41322562098503113]","Around 1 April 2022 (as reported), soldiers on a clearance operation engaged over 400 Niger militiamen in an armed clash near Zuma Barrack, coded to nearby Suleja (Suleja, Niger). 14 soldiers and several militiamen were killed, several other soldiers were wounded. Several militia men deaths coded as 3. Fatalities coded as 17.",0.086,Military Forces of Nigeria (2015-2023),,0.3962264150943396,0.5867744088172913,,,,,,
conflibert,NIG26184,S,B,0.5180230140686035,"[0.5180230140686035, 0.48197701573371887]","Movement of forces: Around 18 August 2022 (as reported), a militia from a neighboring state were moving in their hundreds to Illela LGA (Sokoto), Silame, Gudu, Tangaza, Gwadabawa, Binji and Gada [coded separately].",0.085,Unidentified Armed Group (Nigeria),,0.3500218921594199,0.5180230140686035,,,,,,
conflibert,NIG21295,V,B,0.5964642763137817,"[0.5964642763137817, 0.4035356938838959]","On 8 July 2021, an APC member and vice chairman of the NURTW was shot and killed by unidentified armed individuals during a political rally in Agboju (Ijebu Ode, Ogun). According to reports, the victim was protecting another politician from harassment when he was shot.",0.085,Unidentified Armed Group (Nigeria),,0.42021335235931595,0.5964642763137817,,,,,,
conflibert,NIG16878,V,B,0.5003814697265625,"[0.5003814697265625, 0.4996185004711151]","On 25 April 2020 (or around), suspected Fulani militias attacked Kikwari in Kajuru LGA (Kaduna), killed 3 residents and looted and burnt down the village.",0.085,Fulani Ethnic Militia (Nigeria),,0.012669805376597464,0.5003814697265625,,,,,,
conflibert,NIG34780,B,B,0.5361673831939697,"[0.5361673831939697, 0.46383264660835266]","On 30 January 2024, troops of 114 battalion of the Nigerian Army trailed an unidentified armed group and engaged them in an armed clash at Apawa village (Lau, Taraba), reported as Yorro LGA. The group fled and abandoned three abductees who had previously been abducted from Ardo Kola LGA. Casualties are unknown.",0.085,Military Forces of Nigeria (2023-),,0.38020759634451146,0.5361673831939697,,,,,,
conflibert,NIG29313,B,B,0.5590590834617615,"[0.5590590834617615, 0.44094088673591614]","On 23 December 2022, troops of Operation Forest Sanity on an ambush patrol clashed with a Kaduna militia at Buruku (Chikun, Kaduna), Birnin Gwari general area and Giwa LGA [coded separately]. 8 militiamen were killed; split across two events and coded as 4, four motorcycles and three mobile phones were recovered.",0.084,Military Forces of Nigeria (2015-2023),,0.3962264150943396,0.5590590834617615,,,,,,
conflibert,NIG38658,B,B,0.6207753419876099,"[0.6207753419876099, 0.37922465801239014]","On 11 August 2024, the Aye (Black Axe) and the Vikings clashed and killed one person in the Orji area of Owerri (Owerri Municipal, Imo).",0.083,Black Axe (Nigeria),,0.5128205128205127,0.6207753419876099,,,,,,
conflibert,NIG19965,B,B,0.5684247016906738,"[0.5684247016906738, 0.43157535791397095]","Around 1 March 2021 (between 1 - 2 March), Nigerian military troops clashed with ISWAP fighters at Dikwa town (Dikwa LGA, Borno). Community resources report that at least six civilians were killed and four UN humanitarian aid workers abducted. Property damage also reported. Military sources deny abduction reports alleging the safety of all UN workers in the area. ISWAP sources report that eight soldiers were killed.",0.088,Military Forces of Nigeria (2015-2023),,0.3962264150943396,0.5684247016906737,,,,,,
conflibert,NIG22722,S,B,0.5327315330505371,"[0.5327315330505371, 0.4672684967517853]","Around 26 November 2021, a Zamfara militia agreed on a peace deal with Dan Sadau emirate (Maru, Zamfara) to allow farmers carry on with their activities and for other residents to go about their business.",0.085,Zamfara Communal Militia (Nigeria),,0.3658471049401478,0.5327315330505371,,,,,,
conflibert,NIG17898,P,B,0.5829026103019714,"[0.5829026103019714, 0.41709738969802856]","On 10 August 2020, commercial drivers operating between Eleme and Igbo-Etche LGAs took to the streets in Rivers State to protest against harassment and extortion by the police.",0.085,Protesters (Nigeria),,0.3962264150943396,0.5829026103019714,,,,,,
conflibert,NIG31996,B,E,0.5049228668212891,"[0.4950771629810333, 0.5049228668212891]","On 20 July 2023, troops of Operation Hadarin Daji in collaboration with Civilian JTF operatives invaded the hideouts of Boko Haram [JAS faction] militants and engaged them in an armed clash at Bula Daloye, Bulongu Dina and Mairamiri Dina in Bama LGA (Borno). Eight militants were killed, others fled, women and children were rescued by the troops.",0.085,Military Forces of Nigeria (2023-),,0.16350383838499027,0.5049228668212891,,,,,,
conflibert,NIG23065,V,B,0.571185290813446,"[0.571185290813446, 0.42881473898887634]","On 25 December 2021, unidentified armed men attacked and killed a man in Ayangba (Dekina, Kogi). The reason for the attack is unknown.",0.084,Unidentified Armed Group (Nigeria),,0.3962264150943396,0.571185290813446,,,,,,
conflibert,NIG20707,E,B,0.5843115448951721,"[0.5843115448951721, 0.4156884253025055]","Around 14 May 2021 (as reported), Nigerian Airforce conducted air strikes against a Kaduna communal militia in Jan Birni (Birnin Gwari LGA, Kaduna), killing several militiamen and destroying their structures. Several fatalities coded as 3.",0.086,Military Forces of Nigeria (2015-2023),,0.3962264150943396,0.5843115448951721,,,,,,
conflibert,NIG31771,V,B,0.5415623784065247,"[0.5415623784065247, 0.45843765139579773]","On 30 June 2023, policemen in a minivan ran over a civilian who was in handcuffs at Ekpoma (Esan West, Edo). The victim was seriously wounded.",0.085,Police Forces of Nigeria (2023-),,0.3962264150943396,0.5415623784065247,,,,,,
conflibert,NIG26086,B,B,0.5656980872154236,"[0.5656980872154236, 0.43430188298225403]","On 16 August 2022, Nigerian troops of Operation Forest Sanity clashed with a Kaduna militia when they raided their camps in Manini (Chikun, Kaduna) and Kuriga [coded separately] area. The camps were cleared and six abductees including a baby were rescued, there are no further details.",0.085,Military Forces of Nigeria (2015-2023),,0.3962264150943396,0.5656980872154236,,,,,,
conflibert,NIG16458,E,E,0.5174476504325867,"[0.48255228996276855, 0.5174476504325867]","On 27 February 2020, Nigerian Air Force conducted air strikes against a camp of Boko Haram (JAS) in Sambisa Forest (Gwoza, Borno) resulting in some fatalities. Unknown number of fatalities coded as 10.",0.085,Military Forces of Nigeria (2015-2023),,0.34873888684949406,0.5174476504325867,,,,,,
conflibert,NIG30412,V,B,0.5354526042938232,"[0.5354526042938232, 0.46454742550849915]","On 12 January 2021, seven unidentified cult militias attacked and assaulted a man in Port Harcourt (Port Harcourt, Rivers) after having an altercation with one of their members while queuing for national identity card registration. The armed militia dispossessed him of his phone and money, and the ensuing commotion disrupted the registration exercise.",0.085,Unidentified Cult Militia (Nigeria),,0.3772201039268942,0.5354526042938232,,,,,,
conflibert,NIG18723,V,B,0.5194778442382812,"[0.5194778442382812, 0.48052215576171875]","On 20 October 2020, unidentified gunmen abducted two Christian pastors and a worshipper along Ubulu-Unor/Ogwashi-Uku road (Aniocha South LGA, Delta). Victims released after paying ransom.",0.085,Unidentified Armed Group (Nigeria),,0.35326602285502456,0.5194778442382812,,,,,,
conflibert,NIG31632,V,B,0.5227169394493103,"[0.5227169394493103, 0.4772830605506897]","On 11 June 2023, an unidentified armed group wounded an unspecified number of travelers when they shot at their bus along Ajaokuta-Itobe road (Ajaokuta, Kogi). The assailants had fired several shots at the direction of the bus driver in an attempt to abduct them.",0.084,Unidentified Armed Group (Nigeria),,0.35443037974683544,0.5227169394493103,,,,,,
conflibert,NIG35786,V,B,0.5257918238639832,"[0.5257918238639832, 0.47420820593833923]","On 31 March 2024, a Kaduna militia abducted 10 civilians from Azzara community, coded to Gidan Azara (Kachia, Kaduna). The abductees included a 5 day old baby and its mother who were abducted after her husband who was the target was not found by the militia.",0.086,Kaduna Communal Militia (Nigeria),,0.35443037974683544,0.5257918238639832,,,,,,
conflibert,NIG21759,S,B,0.5305308699607849,"[0.5305308699607849, 0.4694691002368927]","Around 17 August 2021 (as reported), the Nigerian military claimed hundreds of Boko Haram militants together with their wives and children surrendered throughout Borno state (coded to Maiduguri).",0.085,Military Forces of Nigeria (2015-2023),,0.3566492057114248,0.5305308699607849,,,,,,
conflibert,NIG31252,V,B,0.5142183899879456,"[0.5142183899879456, 0.48578158020973206]","On 3 May 2023, policemen beat up a man at Oko-Oba abattoir, coded to Agege (Agege, Lagos) over his refusal to submit his phone for a search. The policemen were attached to the Agege Abattoir police station.",0.084,Police Forces of Nigeria (2015-2023),,0.34153794810701343,0.5142183899879456,,,,,,
conflibert,NIG30262,E,B,0.5618682503700256,"[0.5618682503700256, 0.43813174962997437]","On 5 March 2023, NAF killed three civilians in an airstrike that was targeted at a Kaduna militia in Sabon Gida village of Fatika district (Giwa, Kaduna). The militiamen ran into the village from a nearby bush, the victims included a pregnant woman and two teenagers, five other villagers sustained injuries.",0.085,Military Forces of Nigeria (2015-2023),,0.3962264150943396,0.5618682503700256,,,,,,
conflibert,NIG17267,E,B,0.5390201807022095,"[0.5390201807022095, 0.4609798789024353]","On 30 May 2020, Nigerian Air Force conducted air strikes against a camp of Zamfara militias 5km north of Birnin Kogo in Faskari LGA of Katsina State. 4 militiamen were killed.",0.085,Military Forces of Nigeria (2015-2023),,0.3921311588938775,0.5390201807022095,,,,,,
conflibert,NIG17354,V,B,0.5758410096168518,"[0.5758410096168518, 0.4241590201854706]","On 11 June 2020, security officials shot at a presidential aide at Aso Rock, the presidential villa, in Abuja (Abuja LGA, FCT) over his refusal to isolate himself due to coronavirus.",0.085,Police Forces of Nigeria (2015-2023),,0.3962264150943396,0.5758410096168518,,,,,,
conflibert,NIG32116,V,B,0.5554452538490295,"[0.5554452538490295, 0.44455474615097046]","On 25 July 2023, a Zamfara militia abducted a woman and her son from their residence at Saminaka community, along Gusau-Sokoto road (Gusau, Zamfara).",0.085,Zamfara Communal Militia (Nigeria),,0.3962264150943396,0.5554452538490295,,,,,,
conflibert,NIG33620,E,B,0.5531819462776184,"[0.5531819462776184, 0.4468180239200592]","On 8 November 2023, the Nigerian Air Force of Operation Hadin Kai launched air strikes against the ISWAP position at Ajigin (Damboa, Borno). The air surveillance detected the gathering of the militants and launched the strikes, killing seventeen ISWAP fighters. Three of the militia's gun trucks were destroyed.",0.085,Military Forces of Nigeria (2023-),,0.3962264150943396,0.5531819462776184,,,,,,
conflibert,NIG29935,E,B,0.5440549254417419,"[0.5440549254417419, 0.45594507455825806]","On 10 February 2023, the Nigerian Air Force carried out air strikes with rockets and bombs that targeted hundreds of Boko Haram [JAS faction] fighters who were holding a meeting on the fringes of Sambisa Forest Reserve in Gaizuwa, Bama LGA (Borno). Scores of fighters including high-ranking ones were killed, dozens of others sustained critical injuries.",0.084,Military Forces of Nigeria (2015-2023),,0.3962264150943396,0.5440549254417419,,,,,,
conflibert,NIG22586,B,B,0.5475733280181885,"[0.5475733280181885, 0.45242664217948914]","On 9 November 2021, ISWAP claimed an ambush on a convoy on Nigerian army vehicles along the Ngamdu-Tasmakawa road (Kaga, Borno), coded as Ngamdu. Three soldiers were killed, an unspecified number were wounded and the rest fled.",0.086,Islamic State West Africa Province (ISWAP) - Lake Chad Faction,,0.3962264150943396,0.5475733280181885,,,,,,
conflibert,NIG38100,B,B,0.5484650731086731,"[0.5484650731086731, 0.4515349268913269]","On 14 August 2024, the Nigerian troops ambushed and killed two Kaduna militants during a firefight along Kwana Uri village in Giwa LGA, coded to Giwa (Kaduna). Other militants escaped with gunshot injuries. The troops recovered one AK-47 rifle, 288 rounds of RG55 ammunition, 40 rounds of CJ 95 ammunition, six rounds of 7.62mm special ammunition, a Baofeng communication radio, and a motorcycle.",0.085,Military Forces of Nigeria (2023-),,0.3962264150943396,0.548465073108673,,,,,,
conflibert,NIG17438,P,B,0.5914772152900696,"[0.5914772152900696, 0.4085227847099304]","On 18 June 2020, hundreds of mototaxi drivers demonstrated in Abeokuta (Abeokuta South LGA, Ogun) over the increase of levies imposed by the State Government.",0.089,Protesters (Nigeria),,0.40170790579334004,0.5914772152900696,,,,,,
conflibert,NIG27232,B,B,0.5098488926887512,"[0.5098488926887512, 0.4901511073112488]","On 6 July 2020, an unidentified armed group attacked a vehicle while on transit along Okene-Lokoja highway (Okene, Kogi). One presumed policeman was killed, two others were abducted.",0.085,Unidentified Armed Group (Nigeria),,0.32711259859575553,0.5098488926887512,,,,,,
conflibert,NIG35968,B,B,0.5569831132888794,"[0.5569831132888794, 0.443016916513443]","On 9 April 2024, the Nigerian troops of Operation Hadin Kai engaged Boko Haram (JAS) in a firefight and killed four at Ngauru Forest in Bama (Bama, Borno). The troops arrested seventeen Boko Haram family members and profiled them for rehabilitation. There were four fatalities.",0.085,Military Forces of Nigeria (2023-),,0.3962264150943396,0.5569831132888794,,,,,,
conflibert,NIG31678,B,B,0.5308278799057007,"[0.5308278799057007, 0.46917209029197693]","On 18 June 2023, policemen in the Katsina state command, led by the command's OC anti-kidnapping unit and OC SIB engaged a Katsina militia led by Audu Lankai in an armed clash at their camp in Jibia LGA (Katsina) and Batsari LGA [coded separately]. 5 militiamen were killed, one was arrested, 38 cows, 40 sheep and 65 goats were recovered. 5 fatalities split across 2 events coded as 2.",0.085,Police Forces of Nigeria (2023-),,0.3578905895270508,0.5308278799057007,,,,,,
conflibert,NIG31148,V,B,0.5233383178710938,"[0.5233383178710938, 0.47666165232658386]","Around 6 May 2023, (sometime between 1 and 8 May), special task force operatives presumed to comprise of soldiers and policemen killed a Jengere youth leader in Jos (Jos North, Plateau) where he was tortured following his arrest. The victim was released from custody on 1 May and dies on 8 May, residents of the town claim that he died from injuries he sustained while in custody.",0.085,Military Forces of Nigeria (2015-2023),,0.35443037974683544,0.5233383178710938,,,,,,
conflibert,NIG18129,V,B,0.5468319058418274,"[0.5468319058418274, 0.4531680643558502]","On 6 September 2020, Boko Haram militants raided the village of Kurmari and another village near Maiduguri (Maiduguri LGA, Borno), killing 8 residents.",0.085,Islamic State West Africa Province (ISWAP) - Lake Chad Faction and/or Boko Haram - Jamaatu Ahli is-Sunnah lid-Dawati wal-Jihad,,0.3962264150943396,0.5468319058418274,,,,,,
conflibert,NIG18583,P,B,0.5423364639282227,"[0.5423364639282227, 0.45766356587409973]","On 16 October 2020, thousands of supporters of the #EndSARS movement staged demonstrations at Airport Road and along other connecting roads in Abuja (Abuja Municipal LGA, FCT) to protest against police brutality across the country.",0.085,Protesters (Nigeria),,0.3962264150943396,0.5423364639282227,,,,,,
conflibert,NIG21933,B,B,0.6372449994087219,"[0.6372449994087219, 0.36275503039360046]","On 11 September 2021, police forces of Nigeria engaged IPOB militants in an armed clash in Amaifeke (Orlu, Imo) coded to Amike; three militants were killed, two were arrested and an unspecified number escaped with gunshot wounds.",0.086,Police Forces of Nigeria (2015-2023),,0.5128205128205127,0.6372449994087219,,,,,,
conflibert,NIG25519,B,B,0.5513512492179871,"[0.5513512492179871, 0.44864875078201294]","On 5 July 2022, an unidentified armed group killed a policeman during an attempt to assassinate the deputy governorship candidate of the APC at the GRA axis of Port Harcourt (Port Harcourt, Rivers).",0.085,Unidentified Armed Group (Nigeria),,0.3962264150943396,0.5513512492179871,,,,,,
conflibert,NIG24877,V,B,0.5640710592269897,"[0.5640710592269897, 0.43592894077301025]","On 17 May 2022, armed individuals attacked the house of the Ikwo Local Government Chairman at Ekpa Omaka (Ikwo, Ebonyi) and killed four person. Three of the victims were relatives of the chairman who was not at home at the time, the fourth person was the gate keeper, the assailants set the house ablaze. The Chairman's life had been under threat since he assumed office and there had been attempts to burn his house on several occasions but were prevented by security operatives.",0.086,Unidentified Armed Group (Nigeria),,0.3962264150943396,0.5640710592269897,,,,,,
conflibert,NIG23685,B,B,0.5985910892486572,"[0.5985910892486572, 0.4014089107513428]","On 12 February 2022, Nigerian police and military forces, together with local vigilantes, engaged Niger militiamen in a clash in Nasko (Magama, Niger), after the militiamen attacked civilians at villages around Nasko (coded separately). Scores of militiamen were killed; 20 abductees were rescued, large herds of cattle, weapons and ammunition were recovered. Scores of fatalities coded as 20.",0.086,Police Forces of Nigeria (2015-2023),,0.4281052997277219,0.5985910892486572,,,,,,
conflibert,NIG22254,P,B,0.6175126433372498,"[0.6175126433372498, 0.38248735666275024]","On 11 October 2021, locals from Ovwor community protested against the alleged illegal collection of levies by the principal of a government-owned school in Ovwor (Ughelli South, Delta), coded as Okwagbe. A majority of the protesters were women.",0.085,Protesters (Nigeria),,0.5128205128205127,0.6175126433372498,,,,,,
conflibert,NIG23702,V,B,0.5294283032417297,"[0.5294283032417297, 0.47057169675827026]","Around 13 February 2022 (as reported), a security operative, presumed police, beat up a truck driver to a coma at the Joita checkpoint on the Wukari-Zaki Biam highway (Wukari, Taraba). The victim was attacked over his refusal to pay an extra 1000 naira to the security operatives at the checkpoint.",0.089,Police Forces of Nigeria (2015-2023),,0.35443037974683544,0.5294283032417297,,,,,,
conflibert,NIG18063,B,B,0.5413864850997925,"[0.5413864850997925, 0.45861348509788513]","On 30 August 2020, Boko Haram or ISWAP clashed with military forces along Dikwa-Ngala road in Missini (Ngala LGA, Borno). Material damage reported",0.085,Islamic State West Africa Province (ISWAP) - Lake Chad Faction and/or Boko Haram - Jamaatu Ahli is-Sunnah lid-Dawati wal-Jihad,,0.3962264150943396,0.5413864850997926,,,,,,
conflibert,NIG34880,S,B,0.5622628927230835,"[0.5622628927230835, 0.4377371370792389]","Security measures: On 30 January 2024, the Osun State Government imposed a 12-hour curfew in Ilobu and Ifon, coded to Ifon (Orolu, Osun), over communal clashes between the two communities.",0.085,Government of Nigeria (2023-),,0.3962264150943396,0.5622628927230835,,,,,,
conflibert,NIG22492,V,B,0.559625506401062,"[0.559625506401062, 0.440374493598938]","On 30 October 2021, a Katsina militia attacked and killed an unidentified number of civilians in Ungwan Dudu (Faskari, Katsina), coded as Faskari. The group looted shops during the attack and wounded an unspecified number of individuals. Unknown fatalities coded as 3.",0.089,Katsina Communal Militia (Nigeria),,0.3962264150943396,0.559625506401062,,,,,,
conflibert,NIG31710,V,B,0.5303938984870911,"[0.5303938984870911, 0.46960607171058655]","On 15 June 2023, an unidentified armed group killed one person and abducted three others at Yimi community, Gwagwalada Area Council (FCT).",0.085,Unidentified Armed Group (Nigeria),,0.35607671925581397,0.5303938984870911,,,,,,
llama3.2:3b,NIG17300,V,V,1.0,"{""V"": 1.0, ""B"": 0.0, ""E"": 0.0, ""P"": 0.0, ""R"": 0.0, ""S"": 0.0}","On 6 June 2020, unidentified gunmen attacked Maigoge (Bali LGA, Taraba) and killed 4 residents. The attack is believed to be related to the ongoing Tiv-Jukun conflict in the area.",1.16,Unidentified Communal Militia (Nigeria),,0.8641390205371248,0.9999999999989999,0.3521874283516274,0.12956251432960408,0.12956251432960408,0.12956251432960408,0.12956251432960408,0.12956251432960408
llama3.2:3b,NIG31066,B,B,1.0,"{""V"": 0.0, ""B"": 1.0, ""E"": 0.0, ""P"": 0.0, ""R"": 0.0, ""S"": 0.0}","On 20 April 2023, troops of 21 Armored Brigade of Operation Hadin Kai, 199 Special Forces Battalion and Civilian JTF clashed with dozens of Boko Haram [JAS] militants at Ukuba and Garin Glucose in Bama LGA (Borno). 9 militants were killed others escaped with bullet wounds, one truck and two 122 artillery guns were recovered by the troops, some women who were held by captive were rescued during the operations which lasted three days.",1.17,Military Forces of Nigeria (2015-2023),,0.8641390205371248,0.9999999999989999,0.12956251432960408,0.3521874283516274,0.12956251432960408,0.12956251432960408,0.12956251432960408,0.12956251432960408
llama3.2:3b,NIG21935,B,B,0.9,"{""V"": 0.05, ""B"": 0.95, ""E"": 0.0, ""P"": 0.0, ""R"": 0.0, ""S"": 0.0}","On 11 September 2021, a Zamfara militias attacked a security forces base in Dan Sadau (Maru, Zamfara). Twelve security personnel, including military and police officers, were killed.",1.17,Zamfara Communal Militia (Nigeria),,0.7579617834394905,0.8999999999999999,0.13765532872295794,0.33857747479431993,0.1309417991205959,0.1309417991205959,0.1309417991205959,0.1309417991205959
llama3.2:3b,NIG34842,B,B,0.9,"{""V"": 0.2, ""B"": 0.8, ""E"": 0.0, ""P"": 0.0, ""R"": 0.0, ""S"": 0.0}","On 6 February 2024, soldiers attacked policemen at their camp in Sabon Gari area of Mangu (Mangu, Plateau). An unspecified number of policemen were wounded, and they claimed that the attack was unprovoked.",1.17,Military Forces of Nigeria (2023-),,0.7579617834394905,0.8999999999999999,0.16401396459448975,0.29885292841420313,0.13428327674775206,0.13428327674775206,0.13428327674775206,0.13428327674775206
llama3.2:3b,NIG38559,P,P,1.0,"{""V"": 0.0, ""B"": 0.0, ""E"": 0.0, ""P"": 1.0, ""R"": 0.0, ""S"": 0.0}","Around 15 September 2024 (as reported), the Otulu community people protested in Asaba (Oshimili South, Delta) over the alleged seizure of their land by the Ogwashi-Uku people. They displayed placards with various inscriptions calling on the government to intervene and stop the seizure of their land.",1.17,Protesters (Nigeria),,0.8641390205371248,0.9999999999989999,0.12956251432960408,0.12956251432960408,0.12956251432960408,0.3521874283516274,0.12956251432960408,0.12956251432960408
llama3.2:3b,NIG16585,R,R,0.9,"{""V"": 0.2, ""B"": 0.1, ""E"": 0.0, ""P"": 0.0, ""R"": 0.7, ""S"": 0.0}","On 20 March 2020, youths clashed with police in Amakohia (Owerri North LGA, Imo), after they refused a police demand to move on when they blocked a local bank during a burial procession. One person was shot and injured by a police officer who fired warning shots to disperse the crowd.",1.17,Rioters (Nigeria),,0.7579617834394905,0.8999999999999999,0.16639624647632106,0.15056155003250946,0.13623372418690782,0.13623372418690782,0.27434103093017176,0.13623372418690782
llama3.2:3b,NIG27104,V,V,1.0,"{""V"": 1.0, ""B"": 0.0, ""E"": 0.0, ""P"": 0.0, ""R"": 0.0, ""S"": 0.0}","On 4 September 2021, a soldier opened fire while trying to disperse a crowd during local elections in Gwanki (Makarfi LGA, Kaduna). A girl was killed by a stray bullet.",1.8,Military Forces of Nigeria (2015-2023),,0.8641390205371248,0.9999999999989999,0.3521874283516274,0.12956251432960408,0.12956251432960408,0.12956251432960408,0.12956251432960408,0.12956251432960408
llama3.2:3b,NIG26316,V,V,1.0,"{""V"": 1.0, ""B"": 0.0, ""E"": 0.0, ""P"": 0.0, ""R"": 0.0, ""S"": 0.0}","On 15 September 2022, officials of Yakurr LGA task force beat up a civilian and caused him some burns on his body in Ugep (Yakurr, Cross River) following the victim's refusal to hand over his car keys to the officials who were dressed in mufti. The assailants fled after the victim was wounded.",1.16,Police Forces of Nigeria (2015-2023),,0.8641390205371248,0.9999999999989999,0.3521874283516274,0.12956251432960408,0.12956251432960408,0.12956251432960408,0.12956251432960408,0.12956251432960408
llama3.2:3b,NIG30329,B,V,1.0,"{""V"": 1.0, ""B"": 0.0, ""E"": 0.0, ""P"": 0.0, ""R"": 0.0, ""S"": 0.0}","Around 30 September 2021 (week of), an unidentified cult group killed four suspected members of a rival group in Kuchibena, near the Life Camp, Abuja (Abuja Municipal, FCT). The assailants dismembered the body of one of their victims, chopped off his head and hung it on a stick. The community had been in palpable fear over the incessant cult clashes and killing in the area, prompting the police to request that the slums in the area be demolished. 4 fatalities reported.",1.82,Unidentified Cult Militia (Nigeria),,0.8641390205371248,0.9999999999989999,0.3521874283516274,0.12956251432960408,0.12956251432960408,0.12956251432960408,0.12956251432960408,0.12956251432960408
llama3.2:3b,NIG21980,B,B,1.0,"{""V"": 0.0, ""B"": 1.0, ""E"": 0.0, ""P"": 0.0, ""R"": 0.0, ""S"": 0.0}","Around 16 September 2021 (as reported), military forces clashed with militia members fleeing from Zamfara state in Maiha (Maiha, Adamawa). Some militia members were killed by the soldiers, eleven rocket launchers and three grenades were recovered. Unknown fatalities coded as 10.",1.17,Military Forces of Nigeria (2015-2023),,0.8641390205371248,0.9999999999989999,0.12956251432960408,0.3521874283516274,0.12956251432960408,0.12956251432960408,0.12956251432960408,0.12956251432960408
llama3.2:3b,NIG34255,B,B,1.0,"{""V"": 0.0, ""B"": 1.0, ""E"": 0.0, ""P"": 0.0, ""R"": 0.0, ""S"": 0.0}","On 14 December 2023, policemen engaged an unidentified armed group in an armed clash at their hideout in a forest in Emohua LGA (Rivers) and rescued four abductees. Two members of the group were killed.",1.29,Police Forces of Nigeria (2023-),,0.8641390205371248,0.9999999999989999,0.12956251432960408,0.3521874283516274,0.12956251432960408,0.12956251432960408,0.12956251432960408,0.12956251432960408
llama3.2:3b,NIG21852,V,E,0.8,"{""E"": 0.8, ""P"": 0.2}","On 30 August 2021, ISWAP claimed an attack on a Christian town in Borno (location coded to Maiduguri, Maiduguri Metro). A church and school were burnt. No reported injuries or fatalities.",0.68,Islamic State West Africa Province (ISWAP) - Lake Chad Faction,,0.3,0.8,0.13428327674775206,0.13428327674775206,0.29885292841420313,0.16401396459448975,0.13428327674775206,0.13428327674775206
llama3.2:3b,NIG18752,V,V,1.0,"{""V"": 1.0, ""B"": 0.0, ""E"": 0.0, ""P"": 0.0, ""R"": 0.0, ""S"": 0.0}","On 23 October 2020, Nigerian police forces attacked a journalist in Udu LGA, Delta over the enforcement of the state-wide curfew despite the journalist being on an official assignment. No reported fatalities.",1.16,Police Forces of Nigeria (2015-2023),,0.8641390205371248,0.9999999999989999,0.3521874283516274,0.12956251432960408,0.12956251432960408,0.12956251432960408,0.12956251432960408,0.12956251432960408
llama3.2:3b,NIG38445,B,V,1.0,"{""V"": 1.0, ""B"": 0.0, ""E"": 0.0, ""P"": 0.0, ""R"": 0.0, ""S"": 0.0}","On 5 August 2024, the Buccaneers and Eiye clashed and killed one person in Ake Junction, Abeokuta (Abeokuta South, Ogun).",1.16,SEC: Supreme Eiye Confraternity (Nigeria),,0.8641390205371248,0.9999999999989999,0.3521874283516274,0.12956251432960408,0.12956251432960408,0.12956251432960408,0.12956251432960408,0.12956251432960408
llama3.2:3b,NIG35617,B,B,1.0,"{""V"": 0.0, ""B"": 1.0, ""E"": 0.0, ""P"": 0.0, ""R"": 0.0, ""S"": 0.0}","On 15 March 2024, Nigerian troops raided the hideout of a Katsina militia and engaged them in an armed clash at Dutsen Kura in Batsari LGA (Batsari, Katsina). Two militia members were killed, one 81mm mortar bomb among other items were recovered by the troops.",1.18,Military Forces of Nigeria (2023-),,0.8641390205371248,0.9999999999989999,0.12956251432960408,0.3521874283516274,0.12956251432960408,0.12956251432960408,0.12956251432960408,0.12956251432960408
llama3.2:3b,NIG34375,S,V,1.0,"{""V"": 1.0, ""B"": 0.0, ""E"": 0.0, ""P"": 0.0, ""R"": 0.0, ""S"": 0.0}","Looting: On 26 December 2023, ISWAP raided and looted drugs from a Primary Health Care center in Mainok (Kaga, Borno).",1.18,Islamic State West Africa Province (ISWAP),,0.8641390205371248,0.9999999999989999,0.3521874283516274,0.12956251432960408,0.12956251432960408,0.12956251432960408,0.12956251432960408,0.12956251432960408
llama3.2:3b,NIG26000,V,V,1.0,"{""V"": 1.0, ""B"": 0.0, ""E"": 0.0, ""P"": 0.0, ""R"": 0.0, ""S"": 0.0}","On 5 September 2022, a presumed faction of Igbide communal militia killed one person and wounded the vice president of a faction of the community at Igbide (Isoko South, Delta). The two victims were driving together when they were shot by the assailants, soldiers were deployed to the area to restore calm.",1.18,Igbide Communal Militia (Nigeria),,0.8641390205371248,0.9999999999989999,0.3521874283516274,0.12956251432960408,0.12956251432960408,0.12956251432960408,0.12956251432960408,0.12956251432960408
llama3.2:3b,NIG30514,B,B,1.0,"{""V"": 0.0, ""B"": 1.0, ""E"": 0.0, ""P"": 0.0, ""R"": 0.0, ""S"": 0.0}","On 13 March 2023, policemen attached to Operation Whirl Punch engaged a Kaduna militia in an armed clash, after the militia blocked the Galadimawa-Tumbruku road (Giwa, Kaduna). One militia member was killed, others fled with bullet wounds and the policemen recovered one rifle and two live rounds of ammunition.",1.17,Police Forces of Nigeria (2015-2023),,0.8641390205371248,0.9999999999989999,0.12956251432960408,0.3521874283516274,0.12956251432960408,0.12956251432960408,0.12956251432960408,0.12956251432960408
llama3.2:3b,NIG36992,V,V,1.0,"{""V"": 1.0, ""B"": 0.0, ""E"": 0.0, ""P"": 0.0, ""R"": 0.0, ""S"": 0.0}","On 19 May 2024, ISWAP fighters abducted a man and later killed him along the Banki-Kumshe Road near Kumshe (Bama, Borno). They also stole an unspecified number of bicycles belonging to IDPs.",1.16,Islamic State West Africa Province (ISWAP),,0.8641390205371248,0.9999999999989999,0.3521874283516274,0.12956251432960408,0.12956251432960408,0.12956251432960408,0.12956251432960408,0.12956251432960408
llama3.2:3b,NIG29598,B,B,1.0,"{""V"": 0.0, ""B"": 1.0, ""E"": 0.0, ""P"": 0.0, ""R"": 0.0, ""S"": 0.0}","On 7 January 2023, the police and the local hunters attacked an unidentified armed group in their enclave in Mansur forest, Mansur (Alkaleri, Bauchi). The police shot and killed two members of the group during a gun battle and recovered a fabricated SMG rifle and three operational motorcycles (Honda Bajaj). 2 fatalities reported.",1.16,Police Forces of Nigeria (2015-2023),,0.8641390205371248,0.9999999999989999,0.12956251432960408,0.3521874283516274,0.12956251432960408,0.12956251432960408,0.12956251432960408,0.12956251432960408
llama3.2:3b,NIG29112,B,B,1.0,"{""V"": 0.0, ""B"": 1.0, ""E"": 0.0, ""P"": 0.0, ""R"": 0.0, ""S"": 0.0}","On 19 December 2022, Nigerian troops in collaboration with the police and DSS clashed with IPOB militants when they raided their camp at Umuleje Amaeze in Ishielu LGA (Ebonyi). Four militants were killed, weapons, ammunition, 13 military hand grenades and other items were recovered.",1.15,Military Forces of Nigeria (2015-2023),,0.8641390205371248,0.9999999999989999,0.12956251432960408,0.3521874283516274,0.12956251432960408,0.12956251432960408,0.12956251432960408,0.12956251432960408
llama3.2:3b,NIG34705,S,B,0.9,"{""V"": 0.2, ""B"": 0.8, ""E"": 0.0, ""P"": 0.0, ""R"": 0.0, ""S"": 0.0}","Security measures: On 23 January 2024, the governor of Plateau state imposed a 24 hour curfew on Mangu LGA (Plateau) following violence which broke out in different parts of the town [coded separately].",1.16,Government of Nigeria (2023-),,0.7579617834394905,0.8999999999999999,0.16401396459448975,0.29885292841420313,0.13428327674775206,0.13428327674775206,0.13428327674775206,0.13428327674775206
llama3.2:3b,NIG29332,V,V,1.0,"{""V"": 1.0, ""B"": 0.0, ""E"": 0.0, ""P"": 0.0, ""R"": 0.0, ""S"": 0.0}","On 25 December 2022, a Kaduna militia on motorcycles attacked civilians at Anguwan Aku in Kajuru LGA (Kaduna) and conducted a house to house search. One person was killed; 53 person were abducted, 7 persons among the abductees escaped and 45 others were taken away.",1.17,Kaduna Communal Militia (Nigeria),,0.8641390205371248,0.9999999999989999,0.3521874283516274,0.12956251432960408,0.12956251432960408,0.12956251432960408,0.12956251432960408,0.12956251432960408
llama3.2:3b,NIG21210,B,B,0.9,"{""V"": 0.02, ""B"": 0.95, ""E"": 0.01, ""P"": 0.001, ""R"": 0.0005, ""S"": 0.0001}","On 26 June 2021, military and police members of the Task Force killed two kidnappers in Koton-Karfe (Kogi LGA, Kogi).",1.21,Military Forces of Nigeria (2015-2023),,0.7579617834394905,0.8999999999999999,0.13392754365049245,0.3394405885179889,0.1325949423256045,0.13140694186573573,0.1313412548179333,0.13128872882190568
llama3.2:3b,NIG21090,B,B,1.0,"{""B"": 1.0, ""E"": 0.0, ""P"": 0.0, ""R"": 0.0, ""S"": 0.0}","On 17 June 2021, ISWAP fighters clashed with Nigerian police operatives following an attack on Gujba town (Gujba LGA, Yobe). At least three policemen were killed. ISWAP fighters also looted medical supplies and set properties and houses ablaze.",1.03,Police Forces of Nigeria (2015-2023),,0.8641390205371248,0.9999999999989999,0.12956251432960408,0.3521874283516274,0.12956251432960408,0.12956251432960408,0.12956251432960408,0.12956251432960408
llama3.2:3b,NIG35108,V,V,1.0,"{""V"": 1.0, ""B"": 0.0, ""E"": 0.0, ""P"": 0.0, ""R"": 0.0, ""S"": 0.0}","On 15 February 2024, a Naval officer shot and killed a man at a military checkpoint at Owerri-Nta (Isiala Ngwa South, Abia) after he refused to stop at the checkpoint. The Navy claimed that the victim was shot because he was struggling for a gun with the soldier after he was invited over an allegation of theft levelled against him.",1.2,Military Forces of Nigeria (2023-),,0.8641390205371248,0.9999999999989999,0.3521874283516274,0.12956251432960408,0.12956251432960408,0.12956251432960408,0.12956251432960408,0.12956251432960408
llama3.2:3b,NIG19404,B,B,1.0,"{""B"": 1.0, ""E"": 0.0, ""P"": 0.0, ""R"": 0.0, ""S"": 0.0}","On 9 January 2021, Nigerian military troops clashed with Boko Haram elements at Gonan Kaji Village along Damaturu-Buni Yadi Road (Gujba LGA, Yobe), killing 30 militants and recovering weapons and ammunition.",1.03,Military Forces of Nigeria (2015-2023),,0.8641390205371248,0.9999999999989999,0.12956251432960408,0.3521874283516274,0.12956251432960408,0.12956251432960408,0.12956251432960408,0.12956251432960408
llama3.2:3b,NIG36383,S,S,1.0,"{""V"": 0.0, ""B"": 0.0, ""E"": 0.0, ""P"": 0.0, ""R"": 0.0, ""S"": 1.0}","On 12 January 2024, the Nigerian police arrested a Kaduna militia's kingpin around the Abuja-Kaduna Road flyover by Rido Junction, coded to Rido (Chikun, Kaduna). The kingpin was responsible for many high-profile attacks and abductions in the area. The police recovered forty- eight AK-47 rifles from him.",1.17,Police Forces of Nigeria (2023-),,0.8641390205371248,0.9999999999989999,0.12956251432960408,0.12956251432960408,0.12956251432960408,0.12956251432960408,0.12956251432960408,0.3521874283516274
llama3.2:3b,NIG38569,B,B,1.0,"{""V"": 0.0, ""B"": 1.0, ""E"": 0.0, ""P"": 0.0, ""R"": 0.0, ""S"": 0.0}","On 17 September 2024, the Nigerian troops clashed with a Kaduna militia, killing two in an ambush at Hayin Nakwakina village in Giwa LGA, coded to Hayin Kanwa (Giwa, Kaduna). The troops recovered two motorcycles, a mobile phone, and machetes.",1.18,Military Forces of Nigeria (2023-),,0.8641390205371248,0.9999999999989999,0.12956251432960408,0.3521874283516274,0.12956251432960408,0.12956251432960408,0.12956251432960408,0.12956251432960408
llama3.2:3b,NIG20519,P,P,1.0,"{""V"": 0.0, ""B"": 0.0, ""E"": 0.0, ""P"": 1.0, ""R"": 0.0, ""S"": 0.0}","On 22 April 2021, the Osun Chapter of the Nigerian Bar Association with the Judiciary Staff Union of Nigeria staged protest marches on major roads and at the Governor's Office in Oshogbo (Osogbo LGA, Ogun) to demand for the autonomy of the judiciary and legislature.",1.18,Protesters (Nigeria),,0.8641390205371248,0.9999999999989999,0.12956251432960408,0.12956251432960408,0.12956251432960408,0.3521874283516274,0.12956251432960408,0.12956251432960408
llama3.2:3b,NIG22612,V,V,1.0,"{""V"": 1.0, ""B"": 0.0, ""E"": 0.0, ""P"": 0.0, ""R"": 0.0, ""S"": 0.0}","On 14 November 2021, members of a Zamfara militia numbering up to a hundred attacked Kwarin Mai Saje (Tsafe, Gusau), coded as Tsafe, raped an unspecified number of women, abducted six persons and looted valuables. The attack was a punitive measure on the village over its failure to pay a levy imposed by the militia.",1.16,Zamfara Communal Militia (Nigeria),,0.8641390205371248,0.9999999999989999,0.3521874283516274,0.12956251432960408,0.12956251432960408,0.12956251432960408,0.12956251432960408,0.12956251432960408
llama3.2:3b,NIG36868,B,B,0.9,"{""V"": 0.05, ""B"": 0.95, ""E"": 0.0, ""P"": 0.0, ""R"": 0.0, ""S"": 0.0}","Around 21 June 2024 (as reported), Nigerian troops, hunters and KSVS clashed with a Kogi militia at a ransom collection point in the Okunran Okoloke area, coded to Okoloke (Yagba West, Kogi). The troops killed one of the militiamen and recovered an AK-47 rifle with a magazine containing 15 rounds of 7.62 mm (Special) ammunition and one motorcycle.",1.24,Military Forces of Nigeria (2023-),,0.7579617834394905,0.8999999999999999,0.13765532872295794,0.33857747479431993,0.1309417991205959,0.1309417991205959,0.1309417991205959,0.1309417991205959
llama3.2:3b,NIG35481,B,B,1.0,"{""V"": 0.0, ""B"": 1.0, ""E"": 0.0, ""P"": 0.0, ""R"": 0.0, ""S"": 0.0}","On 10 March 2024, military forces together with hybrid forces, coded as Civilian JTF engaged Boko Haram/ ISWAP militants in an armed clash at their enclave at Ukuba in Sambisa Forest Reserve (Gwoza, Borno). 8 militants were killed, 5 locally fabricated guns, two motorcycles and assorted food items were recovered by the troops.",1.19,Military Forces of Nigeria (2023-),,0.8641390205371248,0.9999999999989999,0.12956251432960408,0.3521874283516274,0.12956251432960408,0.12956251432960408,0.12956251432960408,0.12956251432960408
llama3.2:3b,NIG29019,P,P,1.0,"{""V"": 0.0, ""B"": 0.0, ""E"": 0.0, ""P"": 1.0, ""R"": 0.0, ""S"": 0.0}","On 7 December 2022, members of the Kaduna state chapter of ARPON protested at the Kaduna state police command (Kaduna North, Kaduna) to demand that the National Assembly urgently pass the two police bills that are before the house in order to address the challenges faced by its members.",1.17,Protesters (Nigeria),,0.8641390205371248,0.9999999999989999,0.12956251432960408,0.12956251432960408,0.12956251432960408,0.3521874283516274,0.12956251432960408,0.12956251432960408
llama3.2:3b,NIG16121,B,B,1.0,"{""V"": 0.0, ""B"": 1.0, ""E"": 0.0, ""P"": 0.0, ""R"": 0.0, ""S"": 0.0}","On 20 January 2020, Nigerian Armed Forces, Cameroon Armed Forces and Civilian JTF clashed with Boko Haram (JAS) at Abbaram. Other villages include Nguzuwa and Cina (Bama LGA, Borno, no locations found coded as Bama (Borno, Bama)). 5 BH fighters were killed and abducted civilians rescued. Fatalities split between 2 events.",1.17,Military Forces of Nigeria (2015-2023),,0.8641390205371248,0.9999999999989999,0.12956251432960408,0.3521874283516274,0.12956251432960408,0.12956251432960408,0.12956251432960408,0.12956251432960408
llama3.2:3b,NIG38088,V,V,1.0,"{""V"": 1.0, ""B"": 0.0, ""E"": 0.0, ""P"": 0.0, ""R"": 0.0, ""S"": 0.0}","On 24 July 2024, a Katsina militia attacked and killed two people in Godiya village, coded as Ruwan Godiya (Faskari, Katsina). An unspecified number of others were injured and abducted.",1.46,Katsina Communal Militia (Nigeria),,0.8641390205371248,0.9999999999989999,0.3521874283516274,0.12956251432960408,0.12956251432960408,0.12956251432960408,0.12956251432960408,0.12956251432960408
llama3.2:3b,NIG22187,V,V,1.0,"{""V"": 1.0, ""B"": 0.0, ""E"": 0.0, ""P"": 0.0, ""R"": 0.0, ""S"": 0.0}","On 4 October 2021, unidentified armed men shot sporadically while enforcing a sit at home order in Owerri (Owerri Municipal, Imo). Casualties unknown. Police sources denied reports of the attack.",1.8,Unidentified Armed Group (Nigeria),,0.8641390205371248,0.9999999999989999,0.3521874283516274,0.12956251432960408,0.12956251432960408,0.12956251432960408,0.12956251432960408,0.12956251432960408
llama3.2:3b,NIG34305,B,V,1.0,"{""V"": 1.0, ""B"": 0.0, ""E"": 0.0, ""P"": 0.0, ""R"": 0.0, ""S"": 0.0}","On 18 December 2023, an unidentified armed group killed the police orderly of a high court judge, then proceeded to abduct the judge and her driver as they were traveling along Okobo axis of Oron-Uyo road (Oron, Akwa Ibom). The assailants had posed as a local defense militia on the road. The abductees were released on 23 December, there are no reports on ransom payment.",1.19,Unidentified Armed Group (Nigeria),,0.8641390205371248,0.9999999999989999,0.3521874283516274,0.12956251432960408,0.12956251432960408,0.12956251432960408,0.12956251432960408,0.12956251432960408
llama3.2:3b,NIG38025,P,P,1.0,"{""V"": 0.0, ""B"": 0.0, ""E"": 0.0, ""P"": 1.0, ""R"": 0.0, ""S"": 0.0}","On 6 August 2024, protesters marched, in their large number, to the residence of the former Governor of Rivers State and Minister of the Federal Capital Territory in Port Harcourt (Port Harcourt, Rivers). They displayed placards with various inscriptions decrying the high cost of living and alleged bad governance in Nigeria.",1.8,Protesters (Nigeria),,0.8641390205371248,0.9999999999989999,0.12956251432960408,0.12956251432960408,0.12956251432960408,0.3521874283516274,0.12956251432960408,0.12956251432960408
llama3.2:3b,NIG34649,E,E,0.8,"{""V"": 0.2, ""B"": 0.1, ""E"": 0.7, ""P"": 0.0, ""R"": 0.0, ""S"": 0.0}","On 14 January 2024, ISWAP claimed to have fired two mortal shells at the Nigerian Army's position in Nduva (Damboa, Borno). There were no fatalities.",1.16,Islamic State West Africa Province (ISWAP),,0.3,0.8,0.16639624647632106,0.15056155003250946,0.27434103093017176,0.13623372418690782,0.13623372418690782,0.13623372418690782
llama3.2:3b,NIG25857,V,V,1.0,"{""V"": 1.0, ""B"": 0.0, ""E"": 0.0, ""P"": 0.0, ""R"": 0.0, ""S"": 0.0}","On 29 July 2022, an unidentified armed group abducted a gold miner and his driver along Ilesa-Oshogbo (Osogbo, Osun). A ransom of 100 million naira was demanded for the miner, the victims were released around 8 August after 20 million naira was paid as ransom.",1.38,Unidentified Armed Group (Nigeria),,0.8641390205371248,0.9999999999989999,0.3521874283516274,0.12956251432960408,0.12956251432960408,0.12956251432960408,0.12956251432960408,0.12956251432960408
llama3.2:3b,NIG21924,B,B,1.0,"{""V"": 0.0, ""B"": 1.0, ""E"": 0.0, ""P"": 0.0, ""R"": 0.0, ""S"": 0.0}","On 9 September 2021, gunmen engaged police officers in an armed clash that led to the killing of three police officers and the abduction of an unspecified number of expatriates in Akukutoru LGA (Rivers) coded as Abonnema. The abducted expatriates were released around 4 October.",1.19,Unidentified Armed Group (Nigeria),,0.8641390205371248,0.9999999999989999,0.12956251432960408,0.3521874283516274,0.12956251432960408,0.12956251432960408,0.12956251432960408,0.12956251432960408
llama3.2:3b,NIG35468,V,V,1.0,"{""V"": 1.0, ""B"": 0.0, ""E"": 0.0, ""P"": 0.0, ""R"": 0.0, ""S"": 0.0}","On 10 March 2024, an unidentified armed group numbering six abducted a Chinese national from a guest house around Eyenkorin in Ilorin (Ilorin West, Kwara) where he was lodged. The police claimed to have arrested three suspects in connection with the abduction. The abductee was rescued on 19 March by operatives of the state police command (there are no further details on ransom payment or a clash).",1.18,Unidentified Armed Group (Nigeria),,0.8641390205371248,0.9999999999989999,0.3521874283516274,0.12956251432960408,0.12956251432960408,0.12956251432960408,0.12956251432960408,0.12956251432960408
llama3.2:3b,NIG23775,E,E,1.0,"{""V"": 0.0, ""B"": 0.0, ""E"": 1.0, ""P"": 0.0, ""R"": 0.0, ""S"": 0.0}","Around 13 February 2022 (as reported), Nigerian troops carried out airstrikes against ISWAP camps in Tumbun Kaiyowa (Abadan, Borno), Tumbun Madayi, Tumbun Allura, Parisu and Njimia [coded separately]. Five militant leaders were killed in the strikes across the locations, five fatalities split across five events, coded as 1.",1.18,Military Forces of Nigeria (2015-2023),,0.8641390205371248,0.9999999999989999,0.12956251432960408,0.12956251432960408,0.3521874283516274,0.12956251432960408,0.12956251432960408,0.12956251432960408
llama3.2:3b,NIG27039,B,V,1.0,"{""V"": 1.0, ""B"": 0.0, ""E"": 0.0, ""P"": 0.0, ""R"": 0.0, ""S"": 0.0}","On 13 May 2021, an unidentified armed group attacked Moniokoro police station Rumuola (Obio, Rivers). Casualties unknown.",1.72,Police Forces of Nigeria (2015-2023),,0.8641390205371248,0.9999999999989999,0.3521874283516274,0.12956251432960408,0.12956251432960408,0.12956251432960408,0.12956251432960408,0.12956251432960408
llama3.2:3b,NIG32699,V,V,1.0,"{""V"": 1.0, ""B"": 0.0, ""E"": 0.0, ""P"": 0.0, ""R"": 0.0, ""S"": 0.0}","On 9 September 2023, a Zamfara militia abducted over 50 civilians around Darita forest while they were on transit to Bagega (Anka, Zamfara) for the weekly market. One of the abductees who escaped claimed that the militiamen were followers of Halilu Buzu and that the abduction was a response to the government's closure of the Bagega cattle market.",1.18,Zamfara Communal Militia (Nigeria),,0.8641390205371248,0.9999999999989999,0.3521874283516274,0.12956251432960408,0.12956251432960408,0.12956251432960408,0.12956251432960408,0.12956251432960408
llama3.2:3b,NIG29483,E,V,1.0,"{""V"": 1.0, ""B"": 0.0, ""E"": 0.0, ""P"": 0.0, ""R"": 0.0, ""S"": 0.0}","On 7 July 2022, the Nigerian Airforce accidentally killed one person and injured 13 others in an air strike targeting some camps of militiamen in Kunkuna (Safana, Katsina). 1 fatality reported.",1.18,Military Forces of Nigeria (2015-2023),,0.8641390205371248,0.9999999999989999,0.3521874283516274,0.12956251432960408,0.12956251432960408,0.12956251432960408,0.12956251432960408,0.12956251432960408
llama3.2:3b,NIG25991,B,B,1.0,"{""V"": 0.0, ""B"": 1.0, ""E"": 0.0, ""P"": 0.0, ""R"": 0.0, ""S"": 0.0}","On 3 September 2022, Nigerian troops on a fighting patrol clashed with a Kaduna militia at Farin-Ruwa (Birnin Gwari, Kaduna), Dogon Dawa-Kuyelo and Sabon Birni [coded separately]. Three militiamen were killed, two rifles, nine magazines, seven Boafeng communication radio and other items were recovered by the troops. 3 fatalities split across 3 events coded as 1.",1.17,Military Forces of Nigeria (2015-2023),,0.8641390205371248,0.9999999999989999,0.12956251432960408,0.3521874283516274,0.12956251432960408,0.12956251432960408,0.12956251432960408,0.12956251432960408
llama3.2:3b,NIG26004,V,V,1.0,"{""V"": 1.0, ""B"": 0.0, ""E"": 0.0, ""P"": 0.0, ""R"": 0.0, ""S"": 0.0}","On 6 September 2022, a Kaduna militia attacked civilians when they invaded Katun Gida in Idon (Kajuru, Kaduna) and shot sporadically. Two persons who were siblings were killed, 13 others were abducted; three of whom escaped, one other man was released by the abductors to tend to his sick wife.",1.16,Kaduna Communal Militia (Nigeria),,0.8641390205371248,0.9999999999989999,0.3521874283516274,0.12956251432960408,0.12956251432960408,0.12956251432960408,0.12956251432960408,0.12956251432960408
llama3.2:3b,NIG19278,P,P,1.0,"{""V"": 0.0, ""B"": 0.0, ""E"": 0.0, ""P"": 1.0, ""R"": 0.0, ""S"": 0.0}","On 17 December 2020, members of the Coalition of Northern Groups (CNG) staged a demonstration in Katsina State to demand that the government rescue hundreds of male schoolboys kidnapped from Government Science Secondary School in Kankara.",1.18,Protesters (Nigeria),,0.8641390205371248,0.9999999999989999,0.12956251432960408,0.12956251432960408,0.12956251432960408,0.3521874283516274,0.12956251432960408,0.12956251432960408
llama3.2:3b,NIG28692,B,B,1.0,"{""V"": 0.0, ""B"": 1.0, ""E"": 0.0, ""P"": 0.0, ""R"": 0.0, ""S"": 0.0}","On 10 November 2022, Nigerian troops clashed with a Zamfara militia that had come to evacuate the remains of their colleagues that were killed the previous day [coded separately] at Gando forest, coded to Bukuyum (Bukkuyum, Zamfara). Hundreds of militia members were killed, coded as 100.",1.19,Military Forces of Nigeria (2015-2023),,0.8641390205371248,0.9999999999989999,0.12956251432960408,0.3521874283516274,0.12956251432960408,0.12956251432960408,0.12956251432960408,0.12956251432960408
llama3.2:3b,NIG34229,B,B,1.0,"{""V"": 0.0, ""B"": 1.0, ""E"": 0.0, ""P"": 0.0, ""R"": 0.0, ""S"": 0.0}","On 15 December 2023, Nigerian troops engaged a Kaduna militia in an armed clash along Dende - Buruku road (Chikun, Kaduna). Several militiamen fled with gunshot wounds, one loaded rifle was recovered by the troops.",1.17,Military Forces of Nigeria (2023-),,0.8641390205371248,0.9999999999989999,0.12956251432960408,0.3521874283516274,0.12956251432960408,0.12956251432960408,0.12956251432960408,0.12956251432960408
llama3.2:3b,NIG33741,S,R,0.9,"{""V"": 0.05, ""B"": 0.01, ""E"": 0.0, ""P"": 0.0, ""R"": 0.92, ""S"": 0.02}","Around 17 November 2023, the Security Joint Task Force, including the police, the military and NSCDC, arrested 135 people at various locations in Abuja (Abuja Municipal, Federal Capital Territory). They raided various locations in a clearance operation to get the hoodlums off the city. The suspects were arrested for various offences.",1.83,Military Forces of Nigeria (2023-),,0.7579617834394905,0.8999999999999999,0.13849255636866672,0.13306218556022278,0.13173819469219952,0.13173819469219952,0.3305693859286932,0.1343994827576876
llama3.2:3b,NIG36519,E,E,0.9,"{""V"": 0.01, ""B"": 0.02, ""E"": 0.95, ""P"": 0.0, ""R"": 0.0, ""S"": 0.02}","On 3 May 2024, the air component of Operation Hadin Kai conducted an airstrike which targeted Boko Haram/ ISWAP militants at Chinine (Gwoza, Borno). Seven gun trucks which were observed at the location were targeted, several militants were killed and logistics were destroyed. Fatalities coded as 10.",1.17,Military Forces of Nigeria (2023-),,0.7579617834394905,0.8999999999999999,0.13227195809808992,0.1336013133775258,0.3386137548971382,0.13095583012469084,0.13095583012469084,0.1336013133775258
llama3.2:3b,NIG22019,V,V,1.0,"{""V"": 1.0, ""B"": 0.0, ""E"": 0.0, ""P"": 0.0, ""R"": 0.0, ""S"": 0.0}","On 19 September 2021, a Sokoto miltia attacked civilians including women and children in Saminaka village, along the Bale-Tangaza road (Tangaza, Sokoto), coded to Gidan Madi. Six people were killed in the attack, which was reportedly a reprisal for the armed group members that were killed by residents of Tangaza LGA (coded separately).",1.17,Sokoto Communal Militia (Nigeria),,0.8641390205371248,0.9999999999989999,0.3521874283516274,0.12956251432960408,0.12956251432960408,0.12956251432960408,0.12956251432960408,0.12956251432960408
llama3.2:3b,NIG31180,B,B,1.0,"{""V"": 0.0, ""B"": 1.0, ""E"": 0.0, ""P"": 0.0, ""R"": 0.0, ""S"": 0.0}","On 21 April 2023, Nigerian troops clashed with suspected IPOB militants when they raided their camps within 9th Mile (Udi, Enugu) and Nkanu East LGA [coded separately]. One militant was killed, 7 others were arrested, the makeshift camps were destroyed and other items were recovered. Fatality split across 2 events, coded to 0.",1.17,Military Forces of Nigeria (2015-2023),,0.8641390205371248,0.9999999999989999,0.12956251432960408,0.3521874283516274,0.12956251432960408,0.12956251432960408,0.12956251432960408,0.12956251432960408
llama3.2:3b,NIG21998,V,V,1.0,"{""V"": 1.0, ""B"": 0.0, ""E"": 0.0, ""P"": 0.0, ""R"": 0.0, ""S"": 0.0}","On 1 August 2021, suspected Fulani pastoralists attacked and killed seven persons, while nine others were wounded in Kpachudu (Bassa, Plateau), coded as Bassa. The police claims four people were killed and fifty houses burnt.",1.16,Fulani Ethnic Militia (Nigeria),,0.8641390205371248,0.9999999999989999,0.3521874283516274,0.12956251432960408,0.12956251432960408,0.12956251432960408,0.12956251432960408,0.12956251432960408
llama3.2:3b,NIG38655,B,V,1.0,"{""V"": 1.0, ""B"": 0.0, ""E"": 0.0, ""P"": 0.0, ""R"": 0.0, ""S"": 0.0}","On 14 August 2024, the Aye (Black Axe) and the Eiye clashed and killed one person at Oki Olodo (Lagelu, Oyo).",1.2,Black Axe (Nigeria),,0.8641390205371248,0.9999999999989999,0.3521874283516274,0.12956251432960408,0.12956251432960408,0.12956251432960408,0.12956251432960408,0.12956251432960408
llama3.2:3b,NIG17122,B,B,0.9,"{""V"": 0.05, ""B"": 0.95, ""E"": 0.0, ""P"": 0.0, ""R"": 0.0, ""S"": 0.0}","On 27 May 2020, communal militias from Urum and Achalla clashed over a parcel of land in Urum (Awka North LGA, Anambra). 1 person was killed and several were reported injured.",1.16,Urum Communal Militia (Nigeria),,0.7579617834394905,0.8999999999999999,0.13765532872295794,0.33857747479431993,0.1309417991205959,0.1309417991205959,0.1309417991205959,0.1309417991205959
llama3.2:3b,NIG25126,B,B,1.0,"{""V"": 0.0, ""B"": 1.0, ""E"": 0.0, ""P"": 0.0, ""R"": 0.0, ""S"": 0.0}","On 6 June 2022, Nigerian troops clashed with ISWAP militants at Goniri (Gujba, Yobe). One of the militants' gun trucks was destroyed, casualties are unknown. ISWAP claimed to have launched the attack and succeeded.",1.17,Military Forces of Nigeria (2015-2023),,0.8641390205371248,0.9999999999989999,0.12956251432960408,0.3521874283516274,0.12956251432960408,0.12956251432960408,0.12956251432960408,0.12956251432960408
llama3.2:3b,NIG17096,R,V,1.0,"{""V"": 1.0, ""B"": 0.0, ""E"": 0.0, ""P"": 0.0, ""R"": 0.0, ""S"": 0.0}","Around 24 May 2020 (as reported), three local chiefs and women were burnt by a mob in Oku (Boki LGA, Cross River) over witchcraft allegations. 1 victim died.",1.15,Rioters (Nigeria),,0.8641390205371248,0.9999999999989999,0.3521874283516274,0.12956251432960408,0.12956251432960408,0.12956251432960408,0.12956251432960408,0.12956251432960408
llama3.2:3b,NIG22555,V,V,1.0,"{""V"": 1.0, ""B"": 0.0, ""E"": 0.0, ""P"": 0.0, ""R"": 0.0, ""S"": 0.0}","On 10 November 2021, a NSCDC officer shot and wounded a man for urinating within the corps' premises in Calabar (Calabar Municipal, Cross River). The victim was taken to the hospital and is in critical condition.",1.18,Police Forces of Nigeria (2015-2023) NSCDC: Nigeria Security and Civil Defence Corps,,0.8641390205371248,0.9999999999989999,0.3521874283516274,0.12956251432960408,0.12956251432960408,0.12956251432960408,0.12956251432960408,0.12956251432960408
llama3.2:3b,NIG35200,B,B,1.0,"{""V"": 0.0, ""B"": 1.0, ""E"": 0.0, ""P"": 0.0, ""R"": 0.0, ""S"": 0.0}","On 15 February 2024, the Nigerian police clashed with a Kaduna militia trying to abduct some commuters along the Tumburku-Galadimawa Road, coded to Galadimawa (Giwa, Kaduna). The militiamen in large numbers, had blocked the road before the police engaged them. They fled into the bush with gun wounds. The police recovered an AK47 rifle, three AK47 magazines, five rounds of 7.62 x 39mm live ammunition, a Techno mobile phone and two Bajaj motorcycles. There were no fatalities.",1.17,Police Forces of Nigeria (2023-),,0.8641390205371248,0.9999999999989999,0.12956251432960408,0.3521874283516274,0.12956251432960408,0.12956251432960408,0.12956251432960408,0.12956251432960408
llama3.2:3b,NIG35561,P,P,1.0,"{""V"": 0.0, ""B"": 0.0, ""E"": 0.0, ""P"": 1.0, ""R"": 0.0, ""S"": 0.0}","On 12 March 2024, IMN members protested at the US Embassy, AMAC, Abuja (Abuja Municipal, FCT), over the Israeli-Palestinian conflict. They submitted a petition demanding the US government intervene in the crisis.",1.17,Protesters (Nigeria),,0.8641390205371248,0.9999999999989999,0.12956251432960408,0.12956251432960408,0.12956251432960408,0.3521874283516274,0.12956251432960408,0.12956251432960408
llama3.2:3b,NIG24460,V,V,1.0,"{""V"": 1.0, ""B"": 0.0, ""E"": 0.0, ""P"": 0.0, ""R"": 0.0, ""S"": 0.0}","On 10 April 2022, armed individuals attacked civilians in Gyambawu / Gyambar (Kanam, Plateau), Wanka, Shuwaka, Dadin Kowa, Kukawa, Gwammadaji, Dungur, Kyaram, Dadda and Wase [coded separately]. At least 106 people were killed in the attacks; over 70 persons, including women and children, were abducted and over 100 houses were burnt. Fatalities split across two events and coded as 53",1.75,Unidentified Armed Group (Nigeria),,0.8641390205371248,0.9999999999989999,0.3521874283516274,0.12956251432960408,0.12956251432960408,0.12956251432960408,0.12956251432960408,0.12956251432960408
llama3.2:3b,NIG33963,V,V,1.0,"{""V"": 1.0, ""B"": 0.0, ""E"": 0.0, ""P"": 0.0, ""R"": 0.0, ""S"": 0.0}","On 28 November 2023, an unidentified armed group killed two farmers on their farms in Kwambai, also called Kpombal (Takum, Taraba).",1.16,Unidentified Armed Group (Nigeria),,0.8641390205371248,0.9999999999989999,0.3521874283516274,0.12956251432960408,0.12956251432960408,0.12956251432960408,0.12956251432960408,0.12956251432960408
llama3.2:3b,NIG25204,S,V,1.0,"{""V"": 1.0, ""B"": 0.0, ""E"": 0.0, ""P"": 0.0, ""R"": 0.0, ""S"": 0.0}","Property destruction: On 9 June 2022, Bassa Kwomu militiamen set eight houses ablaze including the palace of the traditional ruler when they invaded Mozum (Bassa, Kogi). The militiamen were suspected to have been hired from Agatu in Benue state, the attack was a reprisal for the murder of a palm wine tapper [coded separately].",1.16,Bassa Kwomu Communal Militia (Nigeria),,0.8641390205371248,0.9999999999989999,0.3521874283516274,0.12956251432960408,0.12956251432960408,0.12956251432960408,0.12956251432960408,0.12956251432960408
llama3.2:3b,NIG36572,S,S,0.9,"{""V"": 0.02, ""B"": 0.01, ""E"": 0.0, ""P"": 0.0, ""R"": 0.0, ""S"": 0.97}","Weapons seizure: Around 9 May 2024 (as reported), the Nigerian troops intercepted weapons from three gunrunners in the Sukuk community, coded to Kirsinga (Madagali, Adamawa). A locally fabricated Gun, a pistol, 59 rounds of 7.62 mm x 39 ammunition, two locally fabricated guns and 29 cartridges were recovered.",1.18,Military Forces of Nigeria (2023-),,0.7579617834394905,0.8999999999999999,0.1330432013589635,0.13171939938689892,0.13040876946453953,0.13040876946453953,0.13040876946453953,0.344011090860175
llama3.2:3b,NIG33950,B,S,0.9,"{""V"": 0.05, ""B"": 0.01, ""E"": 0.0, ""P"": 0.0, ""R"": 0.0, ""S"": 0.94}","On 26 November 2023, troops of the Nigerian army responded to a distress call and raided the hideout of an unidentified armed group in Jalingo (Jalingo, Taraba). Two abductees were rescued, two members of the group were arrested and others fled. It is not clear if a clash occurred, casualties are unknown.",1.16,Military Forces of Nigeria (2023-),,0.7579617834394905,0.8999999999999999,0.13793850477656597,0.13252985864178687,0.13121116451510184,0.13121116451510184,0.13121116451510184,0.3358981430360058
llama3.2:3b,NIG36315,S,S,1.0,"{""V"": 0.0, ""B"": 0.0, ""E"": 0.0, ""P"": 0.0, ""R"": 0.0, ""S"": 1.0}","Property destruction: Around 24 April 2024 (as reported), Nigerian troops and Katsina state Civilian JTF cleared suspected hideouts of Katsina militias at Shawu, Dugun Fakwu and Tafki villages in Faskari LGA (Katsina). One fabricated gun and other weapons were recovered.",1.18,Military Forces of Nigeria (2023-),,0.8641390205371248,0.9999999999989999,0.12956251432960408,0.12956251432960408,0.12956251432960408,0.12956251432960408,0.12956251432960408,0.3521874283516274
llama3.2:3b,NIG23414,R,B,1.0,"{""V"": 0.0, ""B"": 1.0, ""E"": 0.0, ""P"": 0.0, ""R"": 0.0, ""S"": 0.0}","On 27 January 2022, a group of motorists tried to attack a soldier at a checkpoint at the Onitsha Bridgehead (Onisha North, Anambra) after a revenue collector was killed by a stray bullet. Reinforcement of soldiers were deployed to dispel the motorists, and the soldier was unharmed.",1.16,Rioters (Nigeria),,0.8641390205371248,0.9999999999989999,0.12956251432960408,0.3521874283516274,0.12956251432960408,0.12956251432960408,0.12956251432960408,0.12956251432960408
llama3.2:3b,NIG20977,B,B,1.0,"{""V"": 0.0, ""B"": 1.0, ""E"": 0.0, ""P"": 0.0, ""R"": 0.0, ""S"": 0.0}","On 7 June 2021, Nigerian police clashed with a Kaduna communal militia along the Jagindi-Godo-Godo Road (Jemaa LGA, Kaduna) following a distress call about their kidnapping activities in the area. Three kidnapped victims were rescued. No reported fatalities.",1.61,Police Forces of Nigeria (2015-2023),,0.8641390205371248,0.9999999999989999,0.12956251432960408,0.3521874283516274,0.12956251432960408,0.12956251432960408,0.12956251432960408,0.12956251432960408
llama3.2:3b,NIG37659,B,B,1.0,"{""B"": 1.0, ""E"": 0.0, ""P"": 0.0, ""R"": 0.0, ""S"": 0.0}","On 11 July 2024, Nigerian troops of Operation Whirl Stroke clashed with a Taraba militia in Geshi village, Damisa Ward (Donga, Taraba). The troops, acting on intelligence that the militia was attacking Geshi village, responded and confronted the militiamen. The militia escaped with gunshot wounds. The troops trailed them and arrested two and two motorcycles. There were no fatalities.",1.05,Military Forces of Nigeria (2023-),,0.8641390205371248,0.9999999999989999,0.12956251432960408,0.3521874283516274,0.12956251432960408,0.12956251432960408,0.12956251432960408,0.12956251432960408
llama3.2:3b,NIG16810,B,B,0.9,"{""V"": 0.2, ""B"": 0.8, ""E"": 0.0, ""P"": 0.0, ""R"": 0.0, ""S"": 0.0}","On 17 April 2020, communal militias from Agudama and Akenfa neighborhoods of Yenagoa (Yenagoa LGA, Bayelsa) clashed over land. 3 people were killed in the clashes.",1.18,Agudama Communal Militia (Nigeria),,0.7579617834394905,0.8999999999999999,0.16401396459448975,0.29885292841420313,0.13428327674775206,0.13428327674775206,0.13428327674775206,0.13428327674775206
llama3.2:3b,NIG27221,V,V,1.0,"{""V"": 1.0, ""B"": 0.0, ""E"": 0.0, ""P"": 0.0, ""R"": 0.0, ""S"": 0.0}","On 27 June 2020, a Katsina militia attacked civilians in Mara Zamfarawa (Dan-Musa, Katsina), three locals were killed and three others were wounded.",1.16,Katsina Communal Militia (Nigeria),,0.8641390205371248,0.9999999999989999,0.3521874283516274,0.12956251432960408,0.12956251432960408,0.12956251432960408,0.12956251432960408,0.12956251432960408
llama3.2:3b,NIG20782,R,R,0.9,"{""V"": 0.2, ""B"": 0.4, ""E"": 0.0, ""P"": 0.0, ""R"": 0.8, ""S"": 0.6}","On 22 May 2021, youth residents clashed with Nigerian custom operatives at Eruwa (Ibarapa East LGA, Oyo) over smuggled election materials in light of the local government elections. Two reported fatalities.",1.17,Rioters (Nigeria),,0.7579617834394905,0.8999999999999999,0.1394154190565412,0.17028237736571536,0.11414369103484441,0.11414369103484441,0.254031456127245,0.2079833653805556
llama3.2:3b,NIG20932,P,P,1.0,"{""V"": 0.0, ""B"": 0.0, ""E"": 0.0, ""P"": 1.0, ""R"": 0.0, ""S"": 0.0}","On 3 June 2021, thousands of Urhobo youth led by the Urhobo Progress Union - Youth Wing shut down the Delta State Office of the Niger Delta Development Commission in Warri (Warri South LGA, Delta) in a demonstration against the president's refusal to constitute a new board for the Commission.",1.19,Protesters (Nigeria),,0.8641390205371248,0.9999999999989999,0.12956251432960408,0.12956251432960408,0.12956251432960408,0.3521874283516274,0.12956251432960408,0.12956251432960408
llama3.2:3b,NIG34685,B,B,1.0,"{""V"": 0.0, ""B"": 1.0, ""E"": 0.0, ""P"": 0.0, ""R"": 0.0, ""S"": 0.0}","On 21 January 2024, Nigerian troops ambushed and killed a Boko Haram (JAS) fighter in Luskori, coded to Konduga (Konduga, Borno). Another one escaped with gun wounds. The military recovered an AK 47 rifle. There was one fatality.",1.48,Military Forces of Nigeria (2023-),,0.8641390205371248,0.9999999999989999,0.12956251432960408,0.3521874283516274,0.12956251432960408,0.12956251432960408,0.12956251432960408,0.12956251432960408
llama3.2:3b,NIG20554,B,B,1.0,"{""V"": 0.0, ""B"": 1.0, ""E"": 0.0, ""P"": 0.0, ""R"": 0.0, ""S"": 0.0}","On 26 April 2021, Nigerian military clashed with ISWAP fighters following an attack on Gwoza LGA (Borno). No reported fatalities.",1.45,Military Forces of Nigeria (2015-2023),,0.8641390205371248,0.9999999999989999,0.12956251432960408,0.3521874283516274,0.12956251432960408,0.12956251432960408,0.12956251432960408,0.12956251432960408
llama3.2:3b,NIG24442,V,V,1.0,"{""V"": 1.0, ""B"": 0.0, ""E"": 0.0, ""P"": 0.0, ""R"": 0.0, ""S"": 0.0}","On 7 April 2022, suspected armed pastoralists attacked the Odiguetue community (Ovia North East, Edo) and killed 5 persons. The community leader claimed the assailants had repeatedly invaded the community and destroyed the locals' crops to feed their cattle.",1.19,Fulani Ethnic Militia (Nigeria),,0.8641390205371248,0.9999999999989999,0.3521874283516274,0.12956251432960408,0.12956251432960408,0.12956251432960408,0.12956251432960408,0.12956251432960408
llama3.2:3b,NIG19921,B,B,1.0,"{""V"": 0.0, ""B"": 1.0, ""E"": 0.0, ""P"": 0.0, ""R"": 0.0, ""S"": 0.0}","On 25 February 2021, unidentified gunmen clashed with a police patrol team at Akai Effa roundabout in Calabar (Calabar-Municipal LGA, Cross River), Killing some policemen and seizing their weapons and ammunition. Unknown fatalities coded as 3.",1.17,Police Forces of Nigeria (2015-2023),,0.8641390205371248,0.9999999999989999,0.12956251432960408,0.3521874283516274,0.12956251432960408,0.12956251432960408,0.12956251432960408,0.12956251432960408
llama3.2:3b,NIG24883,V,V,1.0,"{""V"": 1.0, ""B"": 0.0, ""E"": 0.0, ""P"": 0.0, ""R"": 0.0, ""S"": 0.0}","On 18 May 2022, armed individuals enforcing a sit in order killed a woman at PRODA junction along Enugu-Abakaliki highway, coded to Amorji-Nike (Enugu East, Enugu).",1.17,Unidentified Armed Group (Nigeria),,0.8641390205371248,0.9999999999989999,0.3521874283516274,0.12956251432960408,0.12956251432960408,0.12956251432960408,0.12956251432960408,0.12956251432960408
llama3.2:3b,NIG17107,V,R,0.9,"{""V"": 0.05, ""B"": 0.15, ""E"": 0.01, ""P"": 0.0, ""R"": 0.65, ""S"": 0.14}","On 26 May 2020, Police officers attacked and detained a group of officers from Lagos State Building Control Agency during an inspection in Aja (Eti-Osa LGA, Lagos). They also shot in the air. No fatalities and/or injuries reported.",1.17,Police Forces of Nigeria (2015-2023),,0.7579617834394905,0.8999999999999999,0.14422765864596038,0.15939621391765715,0.138572411260705,0.13719359273088233,0.2627999283551091,0.1578101950894233
llama3.2:3b,NIG25091,P,P,0.9,"{""V"": 0.01, ""B"": 0.02, ""E"": 0.03, ""P"": 0.85, ""R"": 0.07, ""S"": 0.11}","On 3 June 2022, scores of supporters of former president Goodluck Jonathan protested at the national secretariat of the APC in Abuja (Abuja Municipal, FCT) to demand that the party chose the former president as its presidential candidate for the 2023 elections.",1.17,Protesters (Nigeria),,0.7579617834394905,0.8999999999999999,0.13309153354880487,0.1344291256984585,0.13578016087270664,0.30828883320160433,0.14132145435788881,0.1470888923202285
llama3.2:3b,NIG31049,B,B,1.0,"{""V"": 0.0, ""B"": 1.0, ""E"": 0.0, ""P"": 0.0, ""R"": 0.0, ""S"": 0.0}","On 24 April 2023, Gbagyi and Hausa ethnic militias clashed in Gwarinpa (Abuja Municipal, FCT). The clash started the previous day and was temporarily brought under control [coded separately]; three persons were killed, several others were wounded and cars were vandalized. Some sources report that the clash resulted from an attempt by the Gbagyi militia to retaliate the robbery of a local politician by a group of Hausa persons. 3 fatalities split across 2 events coded as 1.",1.16,Gbagyi Ethnic Militia (Nigeria),,0.8641390205371248,0.9999999999989999,0.12956251432960408,0.3521874283516274,0.12956251432960408,0.12956251432960408,0.12956251432960408,0.12956251432960408
llama3.2:3b,NIG33543,V,V,1.0,"{""V"": 1.0, ""B"": 0.0, ""E"": 0.0, ""P"": 0.0, ""R"": 0.0, ""S"": 0.0}","On 22 October 2023, an unidentified armed group shot and killed one person at Alu Oko, Ebge Egume, Aja-Odi, coded to Agojeju (Ofu, Kogi). No further details.",1.56,Unidentified Armed Group (Nigeria),,0.8641390205371248,0.9999999999989999,0.3521874283516274,0.12956251432960408,0.12956251432960408,0.12956251432960408,0.12956251432960408,0.12956251432960408
llama3.2:3b,NIG29194,E,E,0.9,"{""E"": 0.8, ""P"": 0.1, ""R"": 0.01, ""S"": 0.005}","Around 12 December 2022 (as reported), the Nigerian Air Force targeted and destroyed camps of Kaduna militias with rockets at Kufita and Kuyanbana forest (Birnin Gwari, Kaduna) and other locations in Igabi LGA, Chikun LGA and Giwa LGA. Several militiamen were killed, and their camps were destroyed, unknown fatalities coded as 3.",0.91,Military Forces of Nigeria (2015-2023),,0.7579617834394905,0.8999999999999999,0.13613268353140012,0.13613268353140012,0.3029688589046435,0.15044988283849905,0.13750083974650687,0.1368150514472475
llama3.2:3b,NIG32631,B,B,1.0,"{""V"": 0.0, ""B"": 1.0, ""E"": 0.0, ""P"": 0.0, ""R"": 0.0, ""S"": 0.0}","On 23 August 2023, the Nigerian military shot and killed four ISWAP fighters in Pulka (Gwoza, Borno) and Firgi, coded separately. Fatalities split across two locations, 2 coded.",1.73,Military Forces of Nigeria (2023-),,0.8641390205371248,0.9999999999989999,0.12956251432960408,0.3521874283516274,0.12956251432960408,0.12956251432960408,0.12956251432960408,0.12956251432960408
llama3.2:3b,NIG19811,E,E,1.0,"{""E"": 1.0, ""P"": 0.0, ""R"": 0.0, ""S"": 0.0}","On 14 February 2021, Nigerian military forces conducted airstrikes against Boko Haram fighters in Egiri, Zira 1 and 2 villages in Biu LGA (Borno), following an attack in the area by BH. No reported fatalities.",0.91,Military Forces of Nigeria (2015-2023),,0.8641390205371248,0.9999999999989999,0.12956251432960408,0.12956251432960408,0.3521874283516274,0.12956251432960408,0.12956251432960408,0.12956251432960408
llama3.2:3b,NIG31867,S,S,1.0,"{""V"": 0.0, ""B"": 0.0, ""E"": 0.0, ""P"": 0.0, ""R"": 0.0, ""S"": 1.0}","Property destruction: Around 26 June 2023 (between 15 June - 6 July), troops of the joint task force of Operation Delta Safe destroyed 30 illegal refining sites across Delta coded to Asaba (Oshimili South, Delta), Bayelsa, Cross River and Rivers states [coded separately]. 125 storage tanks, 227 ovens, 11 dugout pits and 21 wooden boats were recovered, 42 suspected saboteurs were arrested.",1.16,Military Forces of Nigeria (2023-),,0.8641390205371248,0.9999999999989999,0.12956251432960408,0.12956251432960408,0.12956251432960408,0.12956251432960408,0.12956251432960408,0.3521874283516274
llama3.2:3b,NIG29618,B,V,1.0,"{""V"": 1.0, ""B"": 0.0, ""E"": 0.0, ""P"": 0.0, ""R"": 0.0, ""S"": 0.0}","On 17 January 2023, an unidentified armed group shot and killed an inspector of police while patrolling Iheorji Ohanku Road, Aba (Aba South, Abia). The police shot and killed two militiamen and others escaped with gun wounds. The militiamen carted away an AK-47 rifle belonging to the deceased officer. 3 fatalities reported.",1.17,Unidentified Armed Group (Nigeria),,0.8641390205371248,0.9999999999989999,0.3521874283516274,0.12956251432960408,0.12956251432960408,0.12956251432960408,0.12956251432960408,0.12956251432960408
llama3.2:3b,NIG34042,P,P,1.0,"{""V"": 0.0, ""B"": 0.0, ""E"": 0.0, ""P"": 1.0, ""R"": 0.0, ""S"": 0.0}","On 4 December 2023, students from four nursing schools in Abia state protested at an examination center in Umuahia (Umuahia North, Abia) against their exclusion from taking the rescheduled examination.",1.16,Protesters (Nigeria),,0.8641390205371248,0.9999999999989999,0.12956251432960408,0.12956251432960408,0.12956251432960408,0.3521874283516274,0.12956251432960408,0.12956251432960408
llama3.2:3b,NIG19433,P,P,1.0,"{""V"": 0.0, ""B"": 0.0, ""E"": 0.0, ""P"": 1.0, ""R"": 0.0, ""S"": 0.0}","On 12 January 2021, members of the Abubakar Tafawa Balewa University chapter of the Senior Staff Association of Nigerian Universities and Non-academic Staff Union of Universities staged protests in Bauchi State over unfair labor practices, the non-payment of salaries, and the failure of the federal government to implement the Memorandum of Understanding it entered with the Unions.",1.18,Protesters (Nigeria),,0.8641390205371248,0.9999999999989999,0.12956251432960408,0.12956251432960408,0.12956251432960408,0.3521874283516274,0.12956251432960408,0.12956251432960408
llama3.2:3b,NIG24644,P,P,1.0,"{""V"": 0.0, ""B"": 0.0, ""E"": 0.0, ""P"": 1.0, ""R"": 0.0, ""S"": 0.0}","On 3 May 2022, members of the PDP in Ogun State protested at the state secretariat of the party in Abeokuta (Abeokuta South, Ogun) against the imposition of ward ad-hoc delegates who the protesters claimed were loyal to the governorship aspirant.",1.17,Protesters (Nigeria),,0.8641390205371248,0.9999999999989999,0.12956251432960408,0.12956251432960408,0.12956251432960408,0.3521874283516274,0.12956251432960408,0.12956251432960408
llama3.2:3b,NIG34589,E,E,1.0,"{""E"": 1.0, ""P"": 0.0, ""R"": 0.0, ""S"": 0.0}","On 16 January 2024, an IED suspected to have been planted by IS/BH triggered and killed two CJTF members in Mafa (Mafa, Borno). The CJTF drove over the explosive device while on routine operations along Mafa/Konduga LGA areas. Eight CJTF members sustained injuries from the explosive. There were two fatalities.",0.93,Islamic State West Africa Province (ISWAP) and/or Boko Haram - Jamaatu Ahli is-Sunnah lid-Dawati wal-Jihad,,0.8641390205371248,0.9999999999989999,0.12956251432960408,0.12956251432960408,0.3521874283516274,0.12956251432960408,0.12956251432960408,0.12956251432960408
llama3.2:3b,NIG24528,B,B,1.0,"{""V"": 0.0, ""B"": 1.0, ""E"": 0.0, ""P"": 0.0, ""R"": 0.0, ""S"": 0.0}","On 19 April 2022, Nigerian troops clashed with an armed group in Chito (Ukum, Benue) and killed three armed individuals. An undisclosed number of weapons, two motorcycles and three phones were recovered.",1.19,Military Forces of Nigeria (2015-2023),,0.8641390205371248,0.9999999999989999,0.12956251432960408,0.3521874283516274,0.12956251432960408,0.12956251432960408,0.12956251432960408,0.12956251432960408
llama3.2:3b,NIG27484,V,V,1.0,"{""V"": 1.0, ""B"": 0.0, ""E"": 0.0, ""P"": 0.0, ""R"": 0.0, ""S"": 0.0}","On 12 November 2020, an armed group attacked and killed a commercial motorcyclist at the Ologede junction in Akure (Akure South, Ondo).",1.18,Unidentified Armed Group (Nigeria),,0.8641390205371248,0.9999999999989999,0.3521874283516274,0.12956251432960408,0.12956251432960408,0.12956251432960408,0.12956251432960408,0.12956251432960408
llama3.2:3b,NIG23779,B,B,1.0,"{""V"": 0.0, ""B"": 1.0, ""E"": 0.0, ""P"": 0.0, ""R"": 0.0, ""S"": 0.0}","Around 13 February 2022 (between 12 - 15 February), the Nigerien contingent of MNJTF carried out a combined air-ground operation involving air and artillery strikes and ground assaults against Boko Haram (JAS or ISWAP Lake Chad faction) in the areas of Jabulam (Mobbar, Borno) and Abadam (Abadan, Borno) in Nigeria, and Bague Kiessa [Bague Kiessa Koura], Dagaya, Boulayi, and Boula Gana (Bosso, Diffa) in Niger. About twenty militants were killed and weapons and ammo seized. Fatalities are split across six events.",1.18,Military Forces of Niger (2021-2023),,0.8641390205371248,0.9999999999989999,0.12956251432960408,0.3521874283516274,0.12956251432960408,0.12956251432960408,0.12956251432960408,0.12956251432960408
llama3.2:3b,NIG22565,B,B,1.0,"{""V"": 0.0, ""B"": 1.0, ""E"": 0.0, ""P"": 0.0, ""R"": 0.0, ""S"": 0.0}","On 10 November 2021, the Nigerian army claimed an ambush against Boko Haram/ISWAP militants in Pulka (Gwoza, Borno). The soldiers collaborated with the CJTF and local militia members. Four militants were killed, weapons were recovered and several others fled with gunshot wounds.",1.18,Military Forces of Nigeria (2015-2023),,0.8641390205371248,0.9999999999989999,0.12956251432960408,0.3521874283516274,0.12956251432960408,0.12956251432960408,0.12956251432960408,0.12956251432960408
llama3.2:3b,NIG34268,P,P,1.0,"{""V"": 0.0, ""B"": 0.0, ""E"": 0.0, ""P"": 1.0, ""R"": 0.0, ""S"": 0.0}","On 20 December 2023, members of SSANIP and NASU at Rfus Giwa polytechnic Owo (Owo, Ondo) protested and blocked the school's entrance over the non-payment of their salaries for over 10 months.",1.83,Protesters (Nigeria),,0.8641390205371248,0.9999999999989999,0.12956251432960408,0.12956251432960408,0.12956251432960408,0.3521874283516274,0.12956251432960408,0.12956251432960408
llama3.2:3b,NIG35732,B,B,1.0,"{""V"": 0.0, ""B"": 1.0, ""E"": 0.0, ""P"": 0.0, ""R"": 0.0, ""S"": 0.0}","On 25 March 2024, police forces engaged a leader of Greenlanders cult militia in an armed clash at the forest in Anambra, coded to Akinima (Ahoada West, Rivers). The militia leader who was declared wanted by the police since 2016 was killed.",1.17,Police Forces of Nigeria (2023-),,0.8641390205371248,0.9999999999989999,0.12956251432960408,0.3521874283516274,0.12956251432960408,0.12956251432960408,0.12956251432960408,0.12956251432960408
llama3.2:3b,NIG18956,B,B,1.0,"{""V"": 0, ""B"": 1, ""E"": 0, ""P"": 0, ""R"": 0, ""S"": 0}","On 19 November 2020, Nigerian military troops clashed with a Benue communal militia at Tor Donga (Katsina-Ala LGA, Benue), killing three and injuring others.",0.96,Military Forces of Nigeria (2015-2023),,0.8641390205371248,0.9999999999989999,0.12956251432960408,0.3521874283516274,0.12956251432960408,0.12956251432960408,0.12956251432960408,0.12956251432960408
llama3.2:3b,NIG16543,V,V,1.0,"{""V"": 1.0, ""B"": 0.0, ""E"": 0.0, ""P"": 0.0, ""R"": 0.0, ""S"": 0.0}","On 11 March 2020, militias from Alla attacked Egba in the Agatu LGA (Benue) over the ownership of a fish pond in the community. 5 people were killed.",1.19,Alla Communal Militia (Nigeria),,0.8641390205371248,0.9999999999989999,0.3521874283516274,0.12956251432960408,0.12956251432960408,0.12956251432960408,0.12956251432960408,0.12956251432960408
llama3.2:3b,NIG22075,V,V,1.0,"{""V"": 1.0, ""B"": 0.0, ""E"": 0.0, ""P"": 0.0, ""R"": 0.0, ""S"": 0.0}","On 24 September 2021, pastoralists from a Fulani ethnic militia attacked farmers in Gbajimba (Guma, Benue). One farmer was killed, four others fled.",1.82,Fulani Ethnic Militia (Nigeria),,0.8641390205371248,0.9999999999989999,0.3521874283516274,0.12956251432960408,0.12956251432960408,0.12956251432960408,0.12956251432960408,0.12956251432960408
llama3.2:3b,NIG35002,B,B,1.0,"{""V"": 0.0, ""B"": 1.0, ""E"": 0.0, ""P"": 0.0, ""R"": 0.0, ""S"": 0.0}","On 15 February 2024, the Nigerian police engaged in a firefight with an unidentified armed group while raiding their hideouts between Nasarawa State and the Kuje LGA, coded to Kuje (Kuje, FCT). The police arrested one member of the group and rescued two hostages. There were no fatalities.",1.19,Police Forces of Nigeria (2023-),,0.8641390205371248,0.9999999999989999,0.12956251432960408,0.3521874283516274,0.12956251432960408,0.12956251432960408,0.12956251432960408,0.12956251432960408
llama3.2:3b,NIG16365,E,E,1.0,"{""V"": 0.0, ""B"": 0.0, ""E"": 1.0, ""P"": 0.0, ""R"": 0.0, ""S"": 0.0}","On 16 February 2020, Nigerian Air Force conducted air strikes against an ISWAP camp at Tumbin Zarami at Lake Chad (coded as Monguno, Borno) and destroyed structures.",1.19,Military Forces of Nigeria (2015-2023),,0.8641390205371248,0.9999999999989999,0.12956251432960408,0.12956251432960408,0.3521874283516274,0.12956251432960408,0.12956251432960408,0.12956251432960408
llama3.2:3b,NIG37606,P,P,1.0,"{""V"": 0.0, ""B"": 0.0, ""E"": 0.0, ""P"": 1.0, ""R"": 0.0, ""S"": 0.0}","On 6 July 2024, FCT women protested and marched from Unity fountain Maitama to the presidential villa in Abuja (Abuja Municipal, FCT) to denounce the rift between the FCT minister and senator representing the FCT.",1.18,Protesters (Nigeria),,0.8641390205371248,0.9999999999989999,0.12956251432960408,0.12956251432960408,0.12956251432960408,0.3521874283516274,0.12956251432960408,0.12956251432960408
llama3.2:3b,NIG36225,V,V,1.0,"{""V"": 1.0, ""B"": 0.0, ""E"": 0.0, ""P"": 0.0, ""R"": 0.0, ""S"": 0.0}","On 24 August 2021, police attacked a man in Amagu (Abakaliki, Ebonyi). He was killed in police custody after he had been arrested. The victim was to return to South Africa after visiting family in Nigeria. He was arrested in Orie-Nempi Market.",1.18,Police Forces of Nigeria (2015-2023),,0.8641390205371248,0.9999999999989999,0.3521874283516274,0.12956251432960408,0.12956251432960408,0.12956251432960408,0.12956251432960408,0.12956251432960408
llama3.2:3b,NIG26709,B,B,0.9,"{""V"": 0.05, ""B"": 0.95, ""E"": 0.0, ""P"": 0.0, ""R"": 0.0, ""S"": 0.0}","On 7 May 2021, Nigerian military troops clashed with a Kaduna communal militia around the Rigachikun (Rigacikun) axis (Igabi LGA, Kaduna), killing one militiaman and one civilian.",1.16,Military Forces of Nigeria (2015-2023),,0.7579617834394905,0.8999999999999999,0.13765532872295794,0.33857747479431993,0.1309417991205959,0.1309417991205959,0.1309417991205959,0.1309417991205959
llama3.2:3b,NIG20879,S,R,1.0,"{""V"": 0.0, ""B"": 0.0, ""E"": 0.0, ""P"": 0.0, ""R"": 1.0, ""S"": 0.0}","Property destruction: On 29 May 2021, armed individuals set the Police Criminal Investigation Department on fire in Umuahia (Umuahia North LGA, Abia). No reports on injuries or fatalities.",1.19,Unidentified Armed Group (Nigeria),,0.8641390205371248,0.9999999999989999,0.12956251432960408,0.12956251432960408,0.12956251432960408,0.12956251432960408,0.3521874283516274,0.12956251432960408
llama3.2:3b,NIG19363,V,V,1.0,"{""V"": 1.0, ""B"": 0.0, ""E"": 0.0, ""P"": 0.0, ""R"": 0.0, ""S"": 0.0}","On 28 December 2020, unidentified armed men attacked Runka Community (Safana LGA, Katsina), killing a relative of a lawmaker representing Safana and abducting a newly-wedded couple.",1.17,Unidentified Armed Group (Nigeria),,0.8641390205371248,0.9999999999989999,0.3521874283516274,0.12956251432960408,0.12956251432960408,0.12956251432960408,0.12956251432960408,0.12956251432960408
llama3.2:3b,NIG19480,V,V,1.0,"{""V"": 1.0, ""B"": 0.0, ""E"": 0.0, ""P"": 0.0, ""R"": 0.0, ""S"": 0.0}","On 12 January 2021, Yansakai Militia attacked and killed a Fulani Pastoralist at Talata Mafara LGA (Zamfara). Unknown reason for attack.",1.18,Yansakai Militia,,0.8641390205371248,0.9999999999989999,0.3521874283516274,0.12956251432960408,0.12956251432960408,0.12956251432960408,0.12956251432960408,0.12956251432960408
llama3.2:3b,NIG29018,B,B,1.0,"{""V"": 0.0, ""B"": 1.0, ""E"": 0.0, ""P"": 0.0, ""R"": 0.0, ""S"": 0.0}","On 6 December 2022, police forces repelled a Katsina militia when they blocked a cattle route along Tashar Maje in Kankara LGA (Katsina). Abductees and rustled cattle that were taken away from their village by the militia members [coded separately] were recovered.",1.19,Police Forces of Nigeria (2015-2023),,0.8641390205371248,0.9999999999989999,0.12956251432960408,0.3521874283516274,0.12956251432960408,0.12956251432960408,0.12956251432960408,0.12956251432960408
llama3.2:3b,NIG24014,R,R,0.9,"{""V"": 0.2, ""B"": 0.1, ""E"": 0.0, ""P"": 0.0, ""R"": 0.7, ""S"": 0.0}","On 5 March 2022, supporters of the incumbent and past chairman of Langtang South LGA clashed in Sabon Gida (Langtang South, Plateau) after the incumbent from the APC slapped the past chairman who belongs to the PDP. An unspecified number of persons were wounded, including the incumbent chairman.",1.18,Rioters (Nigeria),,0.7579617834394905,0.8999999999999999,0.16639624647632106,0.15056155003250946,0.13623372418690782,0.13623372418690782,0.27434103093017176,0.13623372418690782
llama3.2:3b,NIG31886,S,S,1.0,"{""V"": 0.0, ""B"": 0.0, ""E"": 0.0, ""P"": 0.0, ""R"": 0.0, ""S"": 1.0}","On 9 July 2023, a Boko Haram [JAS Faction] commander and one of his lieutenants surrendered to Nigerian troops in Borno, coded to Maiduguri (Maiduguri Metro, Borno).",1.18,Boko Haram - Jamaatu Ahli is-Sunnah lid-Dawati wal-Jihad,,0.8641390205371248,0.9999999999989999,0.12956251432960408,0.12956251432960408,0.12956251432960408,0.12956251432960408,0.12956251432960408,0.3521874283516274
llama3.2:3b,NIG37851,B,B,1.0,"{""V"": 0.0, ""B"": 1.0, ""E"": 0.0, ""P"": 0.0, ""R"": 0.0, ""S"": 0.0}","On 27 July 2024, the Nigerian police engaged a Benue militia in a firefight, killing six while raiding their enclave in Mbavuur Ward (Logo, Benue). The police recovered an AK-47 rifle and two locally fabricated short guns loaded with ammunition.",1.18,Police Forces of Nigeria (2023-),,0.8641390205371248,0.9999999999989999,0.12956251432960408,0.3521874283516274,0.12956251432960408,0.12956251432960408,0.12956251432960408,0.12956251432960408
llama3.2:3b,NIG39769,P,P,1.0,"{""V"": 0.0, ""B"": 0.0, ""E"": 0.0, ""P"": 1.0, ""R"": 0.0, ""S"": 0.0}","On 4 August 2024, youth protested at Agho junction along Ekenhuan Road in Benin City (Oredo, Edo). The protesters conducted church service at the protest ground while the police monitored their activities.",1.16,Protesters (Nigeria),,0.8641390205371248,0.9999999999989999,0.12956251432960408,0.12956251432960408,0.12956251432960408,0.3521874283516274,0.12956251432960408,0.12956251432960408
llama3.2:3b,NIG32802,B,B,1.0,"{""V"": 0.0, ""B"": 1.0, ""E"": 0.0, ""P"": 0.0, ""R"": 0.0, ""S"": 0.0}","On 17 September 2023, a joint task force of security operatives presumed to have comprised of soldiers and policemen engaged a Niger militia in an armed clash in a village near Pan Dongari (Rafi, Niger). 52 militiamen including six informants who lived in the community were killed.",1.18,Military Forces of Nigeria (2023-),,0.8641390205371248,0.9999999999989999,0.12956251432960408,0.3521874283516274,0.12956251432960408,0.12956251432960408,0.12956251432960408,0.12956251432960408
llama3.2:3b,NIG22047,P,P,1.0,"{""V"": 0.0, ""B"": 0.0, ""E"": 0.0, ""P"": 1.0, ""R"": 0.0, ""S"": 0.0}","On 22 September 2021, about 49 former workers of Total E&P protested against their alleged forceful retrenchment in Port Harcourt (Port Harcourt, Rivers).",1.16,Protesters (Nigeria),,0.8641390205371248,0.9999999999989999,0.12956251432960408,0.12956251432960408,0.12956251432960408,0.3521874283516274,0.12956251432960408,0.12956251432960408
llama3.2:3b,NIG36760,B,B,1.0,"{""V"": 0.0, ""B"": 1.0, ""E"": 0.0, ""P"": 0.0, ""R"": 0.0, ""S"": 0.0}","On 19 May 2024, military forces engaged a Kaduna militia in an armed clash at Baka general area (Igabi, Kaduna). The militia fled, some of them with gunshot wounds and the troops recovered one rifle and two motorcycles.",1.19,Military Forces of Nigeria (2023-),,0.8641390205371248,0.9999999999989999,0.12956251432960408,0.3521874283516274,0.12956251432960408,0.12956251432960408,0.12956251432960408,0.12956251432960408
llama3.2:3b,NIG37618,B,V,1.0,"{""V"": 1.0, ""B"": 0.0, ""E"": 0.0, ""P"": 0.0, ""R"": 0.0, ""S"": 0.0}","On 10 July 2024, an unidentified armed group shot and killed an OSPAC member in the Igwuruta community (Ikwerre, Rivers). The group was responding to a distress call concerning an abduction case when its members were ambushed, and one got shot and killed.",1.2,Unidentified Armed Group (Nigeria),,0.8641390205371248,0.9999999999989999,0.3521874283516274,0.12956251432960408,0.12956251432960408,0.12956251432960408,0.12956251432960408,0.12956251432960408
llama3.2:3b,NIG36319,B,B,1.0,"{""V"": 0.0, ""B"": 1.0, ""E"": 0.0, ""P"": 0.0, ""R"": 0.0, ""S"": 0.0}","Around 25 April 2024 (as reported), the Nigerian troops engaged a Taraba militia in a firefight, killing two in Kweerti, also spelt as Kwesati village (Ussa, Taraba). Other militiamen fled, and the troops recovered one AK-47 magazine along with seven rounds of 7.62mm special ammunition.",1.17,Military Forces of Nigeria (2023-),,0.8641390205371248,0.9999999999989999,0.12956251432960408,0.3521874283516274,0.12956251432960408,0.12956251432960408,0.12956251432960408,0.12956251432960408
llama3.2:3b,NIG30420,S,V,0.9,"{""V"": 0.8, ""B"": 0.05, ""E"": 0.01, ""P"": 0.005, ""R"": 0.002, ""S"": 0.008}","Around 8 August 2021 (between 7 August - 8 August), the Nigerian police arrested over 20 unidentified cult militias in various locations within Oshogbo (Osogbo, Osun). The cultists were picked up when the police raided some black spots.",1.19,Police Forces of Nigeria (2015-2023),,0.7579617834394905,0.8999999999999999,0.3047889243150179,0.14397209349232704,0.13832686696007873,0.13763695883290428,0.13722466670381825,0.13805048969554887
llama3.2:3b,NIG25680,B,B,1.0,"{""V"": 0.0, ""B"": 1.0, ""E"": 0.0, ""P"": 0.0, ""R"": 0.0, ""S"": 0.0}","On 21 July 2022, a Katsina militia led by Bauche attacked Ansaru militants and engaged them in an armed clash in Damari forest (Sabuwa, Katsina). The clash lasted for several hours, three persons were killed including a top Ansaru commander.",1.17,Katsina Communal Militia (Nigeria),,0.8641390205371248,0.9999999999989999,0.12956251432960408,0.3521874283516274,0.12956251432960408,0.12956251432960408,0.12956251432960408,0.12956251432960408
llama3.2:3b,NIG33592,R,P,0.9,"{""V"": 0.05, ""B"": 0.01, ""E"": 0.0, ""P"": 0.85, ""R"": 0.03, ""S"": 0.06}","On 1 November 2023, members of NUPENG who were demonstrating at the union's office in Utako (Abuja Municipal, FCT) over claims that the newly elected leaders of the union were imposed on them beat up the newly elected chairman. The victim was rescued by policemen and taken to a hospital.",1.19,Rioters (Nigeria),,0.7579617834394905,0.8999999999999999,0.1402955735139929,0.13479450539206278,0.1334532776537131,0.312233540941715,0.1375175350292262,0.14170556746897772
llama3.2:3b,NIG20827,B,B,0.9,"{""V"": 0.05, ""B"": 0.95, ""E"": 0.0, ""P"": 0.0, ""R"": 0.0, ""S"": 0.0}","Around 26 May 2021 (as reported), Nigerian police operatives clashed with a Katsina communal militia at Kafur, Danja, Dutsinma, Safana, Batsari and Funtua Local Government Areas in Katsina State, killing five militiamen and recovered 69 rustled cows. 16 suspects were also arrested. Fatalities split across 6 events.",1.17,Police Forces of Nigeria (2015-2023),,0.7579617834394905,0.8999999999999999,0.13765532872295794,0.33857747479431993,0.1309417991205959,0.1309417991205959,0.1309417991205959,0.1309417991205959
llama3.2:3b,NIG29044,B,V,1.0,"{""V"": 1.0, ""B"": 0.0, ""E"": 0.0, ""P"": 0.0, ""R"": 0.0, ""S"": 0.0}","On 5 December 2022, a Sokoto militia numbering about 90 killed three policemen guarding a market and three civilians when they attacked Yar Bulutu market in Sabon Birni LGA (Sokoto) and shot sporadically. The assailants set one of the policemen's vehicle ablaze and threw the body of one policeman into the fire, several other civilians sustained varying bullet wounds.",1.17,Sokoto Communal Militia (Nigeria),,0.8641390205371248,0.9999999999989999,0.3521874283516274,0.12956251432960408,0.12956251432960408,0.12956251432960408,0.12956251432960408,0.12956251432960408
llama3.2:3b,NIG32771,V,V,1.0,"{""V"": 1.0, ""B"": 0.0, ""E"": 0.0, ""P"": 0.0, ""R"": 0.0, ""S"": 0.0}","On 9 September 2023, a Katsina militia abducted two persons from Marke village (Dutsinma, Katsina) coded to Dutsin Ma. There are no reports on ransom demands.",1.19,Katsina Communal Militia (Nigeria),,0.8641390205371248,0.9999999999989999,0.3521874283516274,0.12956251432960408,0.12956251432960408,0.12956251432960408,0.12956251432960408,0.12956251432960408
llama3.2:3b,NIG26442,B,B,1.0,"{""V"": 0.0, ""B"": 1.0, ""E"": 0.0, ""P"": 0.0, ""R"": 0.0, ""S"": 0.0}","On 25 September 2022, policemen invaded the camp of an unidentified armed group that had abducted one person from Kara bridge and engaged them in an armed clash. Location coded to Mowe (Obafemi, Ogun), one of the assailants was arrested, others fled with bullet wounds and the abductee was rescued.",1.21,Police Forces of Nigeria (2015-2023),,0.8641390205371248,0.9999999999989999,0.12956251432960408,0.3521874283516274,0.12956251432960408,0.12956251432960408,0.12956251432960408,0.12956251432960408
llama3.2:3b,NIG33348,V,V,1.0,"{""V"": 1.0, ""B"": 0.0, ""E"": 0.0, ""P"": 0.0, ""R"": 0.0, ""S"": 0.0}","Around 27 October 2023 (as reported), an unidentified armed group abducted a soldier (presumed to be off duty) at the Akparata axis of Effium (Ohaukwu, Ebonyi). The soldier was part of the contingent deployed to manage inter-communal clashes in the area. The State government issued an ultimatum to the warring communities to provide the soldier alive by 26 October 2023.",1.18,Unidentified Armed Group (Nigeria),,0.8641390205371248,0.9999999999989999,0.3521874283516274,0.12956251432960408,0.12956251432960408,0.12956251432960408,0.12956251432960408,0.12956251432960408
llama3.2:3b,NIG26080,B,B,0.9,"{""V"": 0.2, ""B"": 0.8, ""E"": 0.0, ""P"": 0.0, ""R"": 0.0, ""S"": 0.0}","Around 15 August 2022 (as reported), an unidentified armed group attacked a police squad, wounded three policemen and stole their rifles along Ozoro/ Kwale (Ndokwa West, Delta).",1.18,Unidentified Armed Group (Nigeria),,0.7579617834394905,0.8999999999999999,0.16401396459448975,0.29885292841420313,0.13428327674775206,0.13428327674775206,0.13428327674775206,0.13428327674775206
llama3.2:3b,NIG16392,V,V,1.0,"{""V"": 1.0, ""B"": 0.0, ""E"": 0.0, ""P"": 0.0, ""R"": 0.0, ""S"": 0.0}","On 20 February 2020, officers of SARS forces shot and injured 2 street traders on a market in Abeokuta (Abeokuta South LGA, Ogun) when they stormed the location.",1.18,Police Forces of Nigeria (2015-2023) Special Anti-Robbery Squad,,0.8641390205371248,0.9999999999989999,0.3521874283516274,0.12956251432960408,0.12956251432960408,0.12956251432960408,0.12956251432960408,0.12956251432960408
llama3.2:3b,NIG26718,P,P,1.0,"{""V"": 0.0, ""B"": 0.0, ""E"": 0.0, ""P"": 1.0, ""R"": 0.0, ""S"": 0.0}","On 16 May 2021, members of the Ijaw Youth Marches staged protest marches along major streets and at Isaac Boro Park in Port Harcourt (Port-Harcourt LGA, Rivers) in remembrance of Late Major Isaac Jasper Adaka Boro.",1.17,Protesters (Nigeria),,0.8641390205371248,0.9999999999989999,0.12956251432960408,0.12956251432960408,0.12956251432960408,0.3521874283516274,0.12956251432960408,0.12956251432960408
llama3.2:3b,NIG16027,B,B,1.0,"{""B"": 1.0, ""E"": 0.0, ""P"": 0.0, ""R"": 0.0, ""S"": 0.0}","On 8 January 2020, Nigerian Armed Forces battled with presumed ISWAP fighters in Mafa LGA (Borno) and killed an unreported number of fighters. Unknown number of fatalities coded as 10.",1.04,Military Forces of Nigeria (2015-2023),,0.8641390205371248,0.9999999999989999,0.12956251432960408,0.3521874283516274,0.12956251432960408,0.12956251432960408,0.12956251432960408,0.12956251432960408
llama3.2:3b,NIG38277,B,B,1.0,"{""V"": 0, ""B"": 1, ""E"": 0, ""P"": 0, ""R"": 0, ""S"": 0}","On 27 August 2024, the Nigerian troops ambushed some fleeing Jimmu Sumoli-led Zamfara militiamen and shot ten dead in Magamin Diddi village in Maradun LGA, coded to Faru Magami (Maradun, Zamfara). The militiamen escaped from a clash with the troops in Matusgi, coded separately.",0.95,Military Forces of Nigeria (2023-),,0.8641390205371248,0.9999999999989999,0.12956251432960408,0.3521874283516274,0.12956251432960408,0.12956251432960408,0.12956251432960408,0.12956251432960408
llama3.2:3b,NIG27958,V,V,1.0,"{""V"": 1.0, ""B"": 0.0, ""E"": 0.0, ""P"": 0.0, ""R"": 0.0, ""S"": 0.0}","On 19 February 2021, a soldier shot and wounded a truck driver at an army checkpoint in Omagwa (Ikwerre, Rivers) over the driver's refusal to pay a bribe of 200 naira. The association of tanker drivers staged a protest [coded separately].",1.16,Military Forces of Nigeria (2015-2023),,0.8641390205371248,0.9999999999989999,0.3521874283516274,0.12956251432960408,0.12956251432960408,0.12956251432960408,0.12956251432960408,0.12956251432960408
llama3.2:3b,NIG33835,P,P,1.0,"{""V"": 0.0, ""B"": 0.0, ""E"": 0.0, ""P"": 1.0, ""R"": 0.0, ""S"": 0.0}","On 13 November 2023, some political party supporters (unspecified) protested at the INEC office in Yenagoa (Yenagoa, Bayelsa) over the delay in releasing election results.",1.81,Protesters (Nigeria),,0.8641390205371248,0.9999999999989999,0.12956251432960408,0.12956251432960408,0.12956251432960408,0.3521874283516274,0.12956251432960408,0.12956251432960408
llama3.2:3b,NIG20679,B,B,1.0,"{""V"": 0.0, ""B"": 1.0, ""E"": 0.0, ""P"": 0.0, ""R"": 0.0, ""S"": 0.0}","On 10 May 2021, Nigerian police operatives clashed with suspected kidnappers at Ahor community (Ehor) (Uhunmwode LGA, Edo), killing three and rescuing seven kidnapped victims.",1.18,Police Forces of Nigeria (2015-2023),,0.8641390205371248,0.9999999999989999,0.12956251432960408,0.3521874283516274,0.12956251432960408,0.12956251432960408,0.12956251432960408,0.12956251432960408
llama3.2:3b,NIG26073,B,B,1.0,"{""V"": 0.0, ""B"": 1.0, ""E"": 0.0, ""P"": 0.0, ""R"": 0.0, ""S"": 0.0}","On 13 August 2022, Nigerian troops during a clearance operation intercepted and clashed with Boko Haram/ ISWAP militants at Ngwom (Mafa, Borno). The militants were enroute to rustle cattle from pastoralists in the general area, three militants were killed.",1.16,Military Forces of Nigeria (2015-2023),,0.8641390205371248,0.9999999999989999,0.12956251432960408,0.3521874283516274,0.12956251432960408,0.12956251432960408,0.12956251432960408,0.12956251432960408
llama3.2:3b,NIG17363,V,V,1.0,"{""V"": 1.0, ""B"": 0.0, ""E"": 0.0, ""P"": 0.0, ""R"": 0.0, ""S"": 0.0}","On 12 June 2020, Boko Haram executed a police officer and a soldier in Borno (coded as Maiduguri LGA, Borno) who were abducted earlier.",1.59,Islamic State West Africa Province (ISWAP) - Lake Chad Faction and/or Boko Haram - Jamaatu Ahli is-Sunnah lid-Dawati wal-Jihad,,0.8641390205371248,0.9999999999989999,0.3521874283516274,0.12956251432960408,0.12956251432960408,0.12956251432960408,0.12956251432960408,0.12956251432960408
llama3.2:3b,NIG24682,B,B,1.0,"{""V"": 0.0, ""B"": 1.0, ""E"": 0.0, ""P"": 0.0, ""R"": 0.0, ""S"": 0.0}","On 26 April 2022, Nigerian troops in conjunction with the Civilian JTF clashed with ISWAP/ Boko Haram fighters during a clearance operation at Kasha in Mafa LGA (Borno). Six militants were killed, weapons and ammunition, amongst others items were recovered.",1.18,Military Forces of Nigeria (2015-2023),,0.8641390205371248,0.9999999999989999,0.12956251432960408,0.3521874283516274,0.12956251432960408,0.12956251432960408,0.12956251432960408,0.12956251432960408
llama3.2:3b,NIG22760,B,B,1.0,"{""V"": 0.0, ""B"": 1.0, ""E"": 0.0, ""P"": 0.0, ""R"": 0.0, ""S"": 0.0}","On 29 November 2021, troops of security forces on patrol clashed with members of a Kaduna militia at an identified hideout in Idasu (Giwa, Kaduna) and Birnin Gwari [coded separately]. Three militia members were killed, weapons and three motorcycles were recovered.",1.75,Military Forces of Nigeria (2015-2023),,0.8641390205371248,0.9999999999989999,0.12956251432960408,0.3521874283516274,0.12956251432960408,0.12956251432960408,0.12956251432960408,0.12956251432960408
llama3.2:3b,NIG29602,B,B,1.0,"{""V"": 0.0, ""B"": 1.0, ""E"": 0.0, ""P"": 0.0, ""R"": 0.0, ""S"": 0.0}","On 20 January 2023, the Nigerian police clashed with an unidentified armed group in Shere (Jos East, Plateau). The armed group abducted the paramount traditional ruler of Izere, Plateau State, and opened fire on the police attempting to rescue the monarch. A civilian guard was shot dead, and a police officer sustained a gun injury during the rescue operation. 1 fatality reported.",1.17,Police Forces of Nigeria (2015-2023),,0.8641390205371248,0.9999999999989999,0.12956251432960408,0.3521874283516274,0.12956251432960408,0.12956251432960408,0.12956251432960408,0.12956251432960408
llama3.2:3b,NIG31171,B,B,0.9,"{""V"": 0.2, ""B"": 0.8, ""E"": 0.0, ""P"": 0.0, ""R"": 0.0, ""S"": 0.0}","On 1 May 2023, a Kaduna militia were engaged in an armed clash with security operatives at Dorayi village in Zaria LGA (Kaduna) where they abducted about 20 persons and rustled cattle. The assailants abandoned the abductees, burnt down one house and two motorcycles before they fled.",1.17,Kaduna Communal Militia (Nigeria),,0.7579617834394905,0.8999999999999999,0.16401396459448975,0.29885292841420313,0.13428327674775206,0.13428327674775206,0.13428327674775206,0.13428327674775206
llama3.2:3b,NIG19588,B,B,1.0,"{""V"": 0.0, ""B"": 1.0, ""E"": 0.0, ""P"": 0.0, ""R"": 0.0, ""S"": 0.0}","On 25 January 2021, Nigerian military troops with MNJTF forces clashed with Boko Haram militants at Mayankari in Borno State, killing three militiamen and destroying their hideout. Nigerian military also recovered weapons and ammunition including one improvised explosive device making equipment.",1.16,Military Forces of Nigeria (2015-2023),,0.8641390205371248,0.9999999999989999,0.12956251432960408,0.3521874283516274,0.12956251432960408,0.12956251432960408,0.12956251432960408,0.12956251432960408
llama3.2:3b,NIG21894,E,E,0.9,"{""V"": 0.2, ""B"": 0.1, ""E"": 0.7, ""P"": 0.0, ""R"": 0.0, ""S"": 0.0}","Around 6 September 2021 (as reported), military forces of Nigeria killed the leader of an armed militia in an air strike at Shinkafi (Shinkafi, Zamfara).",1.17,Military Forces of Nigeria (2015-2023),,0.7579617834394905,0.8999999999999999,0.16639624647632106,0.15056155003250946,0.27434103093017176,0.13623372418690782,0.13623372418690782,0.13623372418690782
llama3.2:3b,NIG29062,V,V,1.0,"{""V"": 1.0, ""B"": 0.0, ""E"": 0.0, ""P"": 0.0, ""R"": 0.0, ""S"": 0.0}","On 3 December 2022, an unidentified armed group abducted 8 residents of Anguwan Hausawa in Kwakwu community, coded to Kuje (Kuje, FCT). The abductors shot sporadically to scare of policemen from a police outpost, a ransom of 25 million naira was demanded.",1.18,Unidentified Armed Group (Nigeria),,0.8641390205371248,0.9999999999989999,0.3521874283516274,0.12956251432960408,0.12956251432960408,0.12956251432960408,0.12956251432960408,0.12956251432960408
llama3.2:3b,NIG29902,B,B,1.0,"{""V"": 0.0, ""B"": 1.0, ""E"": 0.0, ""P"": 0.0, ""R"": 0.0, ""S"": 0.0}","On 4 February 2023, Nigerian troops raided the hideouts of ISWAP/ Boko Haram militants and engaged them in an armed clash at Balange village, on the fringes of the Sambisa Forest Reserve (Gwoza, Borno). Five militants were killed and 55 abductees were rescued.",1.18,Military Forces of Nigeria (2015-2023),,0.8641390205371248,0.9999999999989999,0.12956251432960408,0.3521874283516274,0.12956251432960408,0.12956251432960408,0.12956251432960408,0.12956251432960408
llama3.2:3b,NIG26789,V,V,0.9,"{""V"": 0.8, ""B"": 0.05, ""E"": 0.01, ""P"": 0.005, ""R"": 0.002, ""S"": 0.008}","On 12 August 2021, Amagba and Obazagbon militias attacked Oke-Oroma (Ikpoba Okha, Edo) coded as Oka, shooting sporadically. Unspecified number of buildings were burnt. Security operatives were deployed but no clashes reported",1.21,Amagba Communal Militia (Nigeria),,0.7579617834394905,0.8999999999999999,0.3047889243150179,0.14397209349232704,0.13832686696007873,0.13763695883290428,0.13722466670381825,0.13805048969554887
llama3.2:3b,NIG25905,B,B,1.0,"{""V"": 0.0, ""B"": 1.0, ""E"": 0.0, ""P"": 0.0, ""R"": 0.0, ""S"": 0.0}","On 8 August 2022, Nigerian troops on clearance operations clashed with ISWAP/ Boko Haram militants at an iilegal market established by the militants at Dambia, also called Markas (Bama, Borno). Four militants were killed, others fled and four women suspected to be the wives of the militants were wounded and evacuated to the hospital for treatment.",1.18,Military Forces of Nigeria (2015-2023),,0.8641390205371248,0.9999999999989999,0.12956251432960408,0.3521874283516274,0.12956251432960408,0.12956251432960408,0.12956251432960408,0.12956251432960408
llama3.2:3b,NIG33181,R,V,1.0,"{""V"": 1.0, ""B"": 0.0, ""E"": 0.0, ""P"": 0.0, ""R"": 0.9, ""S"": 0.0}","On 20 October 2023, mobs lynched a man in the A. A Koto area of Akwanga (Akwanga, Nasarawa) over the allegation of motorcycle theft. They had beaten the victim to death before the soldiers intervened to calm the situation.",1.16,Rioters (Nigeria),,0.8641390205371248,0.9999999999989999,0.296177370531731,0.10895756555884041,0.10895756555884041,0.10895756555884041,0.26799236723261116,0.10895756555884041
llama3.2:3b,NIG23107,B,B,1.0,"{""V"": 0.0, ""B"": 1.0, ""E"": 0.0, ""P"": 0.0, ""R"": 0.0, ""S"": 0.0}","On 31 December 2021, police forces, together with member of Igabi communal militia, clashed with Kaduna militia members at the Sabon Birni forest (Igabi, Kaduna) while the group was raiding one of the militia camps. One militiaman was killed, others fled with gunshot wounds; two others were arrested and nine abducted victims were rescued including one who sustained a bullet injury.",1.17,Police Forces of Nigeria (2015-2023),,0.8641390205371248,0.9999999999989999,0.12956251432960408,0.3521874283516274,0.12956251432960408,0.12956251432960408,0.12956251432960408,0.12956251432960408
llama3.2:3b,NIG27386,B,B,1.0,"{""V"": 0.0, ""B"": 1.0, ""E"": 0.0, ""P"": 0.0, ""R"": 0.0, ""S"": 0.0}","On 16 October 2020, the Supreme Vikings cult militias clashed with one another in Ugbomoro community (Uvwie, Delta) coded as Effurun. One person was killed.",1.16,SVC: Supreme Vikings Confraternity (Nigeria),,0.8641390205371248,0.9999999999989999,0.12956251432960408,0.3521874283516274,0.12956251432960408,0.12956251432960408,0.12956251432960408,0.12956251432960408
llama3.2:3b,NIG24261,B,B,1.0,"{""V"": 0.0, ""B"": 1.0, ""E"": 0.0, ""P"": 0.0, ""R"": 0.0, ""S"": 0.0}","Around 1 April 2022 (as reported), soldiers on a clearance operation engaged over 400 Niger militiamen in an armed clash near Zuma Barrack, coded to nearby Suleja (Suleja, Niger). 14 soldiers and several militiamen were killed, several other soldiers were wounded. Several militia men deaths coded as 3. Fatalities coded as 17.",1.2,Military Forces of Nigeria (2015-2023),,0.8641390205371248,0.9999999999989999,0.12956251432960408,0.3521874283516274,0.12956251432960408,0.12956251432960408,0.12956251432960408,0.12956251432960408
llama3.2:3b,NIG26184,S,S,1.0,"{""V"": 0.0, ""B"": 0.0, ""E"": 0.0, ""P"": 0.0, ""R"": 0.0, ""S"": 1.0}","Movement of forces: Around 18 August 2022 (as reported), a militia from a neighboring state were moving in their hundreds to Illela LGA (Sokoto), Silame, Gudu, Tangaza, Gwadabawa, Binji and Gada [coded separately].",1.18,Unidentified Armed Group (Nigeria),,0.8641390205371248,0.9999999999989999,0.12956251432960408,0.12956251432960408,0.12956251432960408,0.12956251432960408,0.12956251432960408,0.3521874283516274
llama3.2:3b,NIG21295,V,V,1.0,"{""V"": 1.0, ""B"": 0.0, ""E"": 0.0, ""P"": 0.0, ""R"": 0.0, ""S"": 0.0}","On 8 July 2021, an APC member and vice chairman of the NURTW was shot and killed by unidentified armed individuals during a political rally in Agboju (Ijebu Ode, Ogun). According to reports, the victim was protecting another politician from harassment when he was shot.",1.17,Unidentified Armed Group (Nigeria),,0.8641390205371248,0.9999999999989999,0.3521874283516274,0.12956251432960408,0.12956251432960408,0.12956251432960408,0.12956251432960408,0.12956251432960408
llama3.2:3b,NIG16878,V,V,1.0,"{""V"": 1.0, ""B"": 0.0, ""E"": 0.0, ""P"": 0.0, ""R"": 0.0, ""S"": 0.0}","On 25 April 2020 (or around), suspected Fulani militias attacked Kikwari in Kajuru LGA (Kaduna), killed 3 residents and looted and burnt down the village.",1.18,Fulani Ethnic Militia (Nigeria),,0.8641390205371248,0.9999999999989999,0.3521874283516274,0.12956251432960408,0.12956251432960408,0.12956251432960408,0.12956251432960408,0.12956251432960408
llama3.2:3b,NIG34780,B,B,1.0,"{""V"": 0.0, ""B"": 1.0, ""E"": 0.0, ""P"": 0.0, ""R"": 0.0, ""S"": 0.0}","On 30 January 2024, troops of 114 battalion of the Nigerian Army trailed an unidentified armed group and engaged them in an armed clash at Apawa village (Lau, Taraba), reported as Yorro LGA. The group fled and abandoned three abductees who had previously been abducted from Ardo Kola LGA. Casualties are unknown.",1.17,Military Forces of Nigeria (2023-),,0.8641390205371248,0.9999999999989999,0.12956251432960408,0.3521874283516274,0.12956251432960408,0.12956251432960408,0.12956251432960408,0.12956251432960408
llama3.2:3b,NIG29313,B,B,1.0,"{""V"": 0.0, ""B"": 1.0, ""E"": 0.0, ""P"": 0.0, ""R"": 0.0, ""S"": 0.0}","On 23 December 2022, troops of Operation Forest Sanity on an ambush patrol clashed with a Kaduna militia at Buruku (Chikun, Kaduna), Birnin Gwari general area and Giwa LGA [coded separately]. 8 militiamen were killed; split across two events and coded as 4, four motorcycles and three mobile phones were recovered.",1.18,Military Forces of Nigeria (2015-2023),,0.8641390205371248,0.9999999999989999,0.12956251432960408,0.3521874283516274,0.12956251432960408,0.12956251432960408,0.12956251432960408,0.12956251432960408
llama3.2:3b,NIG38658,B,B,1.0,"{""V"": 0, ""B"": 1, ""E"": 0, ""P"": 0, ""R"": 0, ""S"": 0}","On 11 August 2024, the Aye (Black Axe) and the Vikings clashed and killed one person in the Orji area of Owerri (Owerri Municipal, Imo).",0.96,Black Axe (Nigeria),,0.8641390205371248,0.9999999999989999,0.12956251432960408,0.3521874283516274,0.12956251432960408,0.12956251432960408,0.12956251432960408,0.12956251432960408
llama3.2:3b,NIG19965,B,B,0.9,"{""V"": 0.2, ""B"": 0.8, ""E"": 0.05, ""P"": 0.01, ""R"": 0.002, ""S"": 0.003}","Around 1 March 2021 (between 1 - 2 March), Nigerian military troops clashed with ISWAP fighters at Dikwa town (Dikwa LGA, Borno). Community resources report that at least six civilians were killed and four UN humanitarian aid workers abducted. Property damage also reported. Military sources deny abduction reports alleging the safety of all UN workers in the area. ISWAP sources report that eight soldiers were killed.",1.41,Military Forces of Nigeria (2015-2023),,0.7579617834394905,0.8999999999999999,0.16256603602316358,0.2962146305427671,0.13992188390094018,0.13443546835832082,0.13336427509752208,0.13349770607699005
llama3.2:3b,NIG22722,S,S,1.0,"{""V"": 0.0, ""B"": 0.0, ""E"": 0.0, ""P"": 0.0, ""R"": 0.0, ""S"": 1.0}","Around 26 November 2021, a Zamfara militia agreed on a peace deal with Dan Sadau emirate (Maru, Zamfara) to allow farmers carry on with their activities and for other residents to go about their business.",1.18,Zamfara Communal Militia (Nigeria),,0.8641390205371248,0.9999999999989999,0.12956251432960408,0.12956251432960408,0.12956251432960408,0.12956251432960408,0.12956251432960408,0.3521874283516274
llama3.2:3b,NIG17898,P,P,1.0,"{""V"": 0.0, ""B"": 0.0, ""E"": 0.0, ""P"": 1.0, ""R"": 0.0, ""S"": 0.0}","On 10 August 2020, commercial drivers operating between Eleme and Igbo-Etche LGAs took to the streets in Rivers State to protest against harassment and extortion by the police.",1.18,Protesters (Nigeria),,0.8641390205371248,0.9999999999989999,0.12956251432960408,0.12956251432960408,0.12956251432960408,0.3521874283516274,0.12956251432960408,0.12956251432960408
llama3.2:3b,NIG31996,B,B,1.0,"{""V"": 0.0, ""B"": 1.0, ""E"": 0.0, ""P"": 0.0, ""R"": 0.0, ""S"": 0.0}","On 20 July 2023, troops of Operation Hadarin Daji in collaboration with Civilian JTF operatives invaded the hideouts of Boko Haram [JAS faction] militants and engaged them in an armed clash at Bula Daloye, Bulongu Dina and Mairamiri Dina in Bama LGA (Borno). Eight militants were killed, others fled, women and children were rescued by the troops.",1.17,Military Forces of Nigeria (2023-),,0.8641390205371248,0.9999999999989999,0.12956251432960408,0.3521874283516274,0.12956251432960408,0.12956251432960408,0.12956251432960408,0.12956251432960408
llama3.2:3b,NIG23065,V,V,1.0,"{""V"": 1.0, ""B"": 0.0, ""E"": 0.0, ""P"": 0.0, ""R"": 0.0, ""S"": 0.0}","On 25 December 2021, unidentified armed men attacked and killed a man in Ayangba (Dekina, Kogi). The reason for the attack is unknown.",1.17,Unidentified Armed Group (Nigeria),,0.8641390205371248,0.9999999999989999,0.3521874283516274,0.12956251432960408,0.12956251432960408,0.12956251432960408,0.12956251432960408,0.12956251432960408
llama3.2:3b,NIG20707,E,B,1.0,"{""V"": 0, ""B"": 1, ""E"": 0, ""P"": 0, ""R"": 0, ""S"": 0}","Around 14 May 2021 (as reported), Nigerian Airforce conducted air strikes against a Kaduna communal militia in Jan Birni (Birnin Gwari LGA, Kaduna), killing several militiamen and destroying their structures. Several fatalities coded as 3.",0.95,Military Forces of Nigeria (2015-2023),,0.8641390205371248,0.9999999999989999,0.12956251432960408,0.3521874283516274,0.12956251432960408,0.12956251432960408,0.12956251432960408,0.12956251432960408
llama3.2:3b,NIG31771,V,V,1.0,"{""V"": 1.0, ""B"": 0.0, ""E"": 0.0, ""P"": 0.0, ""R"": 0.0, ""S"": 0.0}","On 30 June 2023, policemen in a minivan ran over a civilian who was in handcuffs at Ekpoma (Esan West, Edo). The victim was seriously wounded.",1.16,Police Forces of Nigeria (2023-),,0.8641390205371248,0.9999999999989999,0.3521874283516274,0.12956251432960408,0.12956251432960408,0.12956251432960408,0.12956251432960408,0.12956251432960408
llama3.2:3b,NIG26086,B,B,1.0,"{""V"": 0.0, ""B"": 1.0, ""E"": 0.0, ""P"": 0.0, ""R"": 0.0, ""S"": 0.0}","On 16 August 2022, Nigerian troops of Operation Forest Sanity clashed with a Kaduna militia when they raided their camps in Manini (Chikun, Kaduna) and Kuriga [coded separately] area. The camps were cleared and six abductees including a baby were rescued, there are no further details.",1.17,Military Forces of Nigeria (2015-2023),,0.8641390205371248,0.9999999999989999,0.12956251432960408,0.3521874283516274,0.12956251432960408,0.12956251432960408,0.12956251432960408,0.12956251432960408
llama3.2:3b,NIG16458,E,E,0.8,"{""V"": 0.2, ""B"": 0.1, ""E"": 0.7, ""P"": 0.0, ""R"": 0.0, ""S"": 0.0}","On 27 February 2020, Nigerian Air Force conducted air strikes against a camp of Boko Haram (JAS) in Sambisa Forest (Gwoza, Borno) resulting in some fatalities. Unknown number of fatalities coded as 10.",1.17,Military Forces of Nigeria (2015-2023),,0.3,0.8,0.16639624647632106,0.15056155003250946,0.27434103093017176,0.13623372418690782,0.13623372418690782,0.13623372418690782
llama3.2:3b,NIG30412,V,V,1.0,"{""V"": 1.0, ""B"": 0.0, ""E"": 0.0, ""P"": 0.0, ""R"": 0.0, ""S"": 0.0}","On 12 January 2021, seven unidentified cult militias attacked and assaulted a man in Port Harcourt (Port Harcourt, Rivers) after having an altercation with one of their members while queuing for national identity card registration. The armed militia dispossessed him of his phone and money, and the ensuing commotion disrupted the registration exercise.",1.17,Unidentified Cult Militia (Nigeria),,0.8641390205371248,0.9999999999989999,0.3521874283516274,0.12956251432960408,0.12956251432960408,0.12956251432960408,0.12956251432960408,0.12956251432960408
llama3.2:3b,NIG18723,V,V,1.0,"{""V"": 1.0, ""B"": 0.0, ""E"": 0.0, ""P"": 0.0, ""R"": 0.0, ""S"": 0.0}","On 20 October 2020, unidentified gunmen abducted two Christian pastors and a worshipper along Ubulu-Unor/Ogwashi-Uku road (Aniocha South LGA, Delta). Victims released after paying ransom.",1.17,Unidentified Armed Group (Nigeria),,0.8641390205371248,0.9999999999989999,0.3521874283516274,0.12956251432960408,0.12956251432960408,0.12956251432960408,0.12956251432960408,0.12956251432960408
llama3.2:3b,NIG31632,V,V,1.0,"{""V"": 1.0, ""B"": 0.0, ""E"": 0.0, ""P"": 0.0, ""R"": 0.0, ""S"": 0.0}","On 11 June 2023, an unidentified armed group wounded an unspecified number of travelers when they shot at their bus along Ajaokuta-Itobe road (Ajaokuta, Kogi). The assailants had fired several shots at the direction of the bus driver in an attempt to abduct them.",1.17,Unidentified Armed Group (Nigeria),,0.8641390205371248,0.9999999999989999,0.3521874283516274,0.12956251432960408,0.12956251432960408,0.12956251432960408,0.12956251432960408,0.12956251432960408
llama3.2:3b,NIG35786,V,V,1.0,"{""V"": 1.0, ""B"": 0.0, ""E"": 0.0, ""P"": 0.0, ""R"": 0.0, ""S"": 0.0}","On 31 March 2024, a Kaduna militia abducted 10 civilians from Azzara community, coded to Gidan Azara (Kachia, Kaduna). The abductees included a 5 day old baby and its mother who were abducted after her husband who was the target was not found by the militia.",1.17,Kaduna Communal Militia (Nigeria),,0.8641390205371248,0.9999999999989999,0.3521874283516274,0.12956251432960408,0.12956251432960408,0.12956251432960408,0.12956251432960408,0.12956251432960408
llama3.2:3b,NIG21759,S,S,1.0,"{""V"": 0.0, ""B"": 0.0, ""E"": 0.0, ""P"": 0.0, ""R"": 0.0, ""S"": 1.0}","Around 17 August 2021 (as reported), the Nigerian military claimed hundreds of Boko Haram militants together with their wives and children surrendered throughout Borno state (coded to Maiduguri).",1.47,Military Forces of Nigeria (2015-2023),,0.8641390205371248,0.9999999999989999,0.12956251432960408,0.12956251432960408,0.12956251432960408,0.12956251432960408,0.12956251432960408,0.3521874283516274
llama3.2:3b,NIG31252,V,V,1.0,"{""V"": 1.0, ""B"": 0.0, ""E"": 0.0, ""P"": 0.0, ""R"": 0.0, ""S"": 0.0}","On 3 May 2023, policemen beat up a man at Oko-Oba abattoir, coded to Agege (Agege, Lagos) over his refusal to submit his phone for a search. The policemen were attached to the Agege Abattoir police station.",1.39,Police Forces of Nigeria (2015-2023),,0.8641390205371248,0.9999999999989999,0.3521874283516274,0.12956251432960408,0.12956251432960408,0.12956251432960408,0.12956251432960408,0.12956251432960408
llama3.2:3b,NIG30262,E,V,1.0,"{""V"": 1.0, ""B"": 0.0, ""E"": 0.0, ""P"": 0.0, ""R"": 0.0, ""S"": 0.0}","On 5 March 2023, NAF killed three civilians in an airstrike that was targeted at a Kaduna militia in Sabon Gida village of Fatika district (Giwa, Kaduna). The militiamen ran into the village from a nearby bush, the victims included a pregnant woman and two teenagers, five other villagers sustained injuries.",1.18,Military Forces of Nigeria (2015-2023),,0.8641390205371248,0.9999999999989999,0.3521874283516274,0.12956251432960408,0.12956251432960408,0.12956251432960408,0.12956251432960408,0.12956251432960408
llama3.2:3b,NIG17267,E,E,1.0,"{""E"": 1.0, ""P"": 0.0, ""R"": 0.0, ""S"": 0.0}","On 30 May 2020, Nigerian Air Force conducted air strikes against a camp of Zamfara militias 5km north of Birnin Kogo in Faskari LGA of Katsina State. 4 militiamen were killed.",0.91,Military Forces of Nigeria (2015-2023),,0.8641390205371248,0.9999999999989999,0.12956251432960408,0.12956251432960408,0.3521874283516274,0.12956251432960408,0.12956251432960408,0.12956251432960408
llama3.2:3b,NIG17354,V,V,1.0,"{""V"": 1.0, ""B"": 0.0, ""E"": 0.0, ""P"": 0.0, ""R"": 0.0, ""S"": 0.0}","On 11 June 2020, security officials shot at a presidential aide at Aso Rock, the presidential villa, in Abuja (Abuja LGA, FCT) over his refusal to isolate himself due to coronavirus.",1.17,Police Forces of Nigeria (2015-2023),,0.8641390205371248,0.9999999999989999,0.3521874283516274,0.12956251432960408,0.12956251432960408,0.12956251432960408,0.12956251432960408,0.12956251432960408
llama3.2:3b,NIG32116,V,V,1.0,"{""V"": 1.0, ""B"": 0.0, ""E"": 0.0, ""P"": 0.0, ""R"": 0.0, ""S"": 0.0}","On 25 July 2023, a Zamfara militia abducted a woman and her son from their residence at Saminaka community, along Gusau-Sokoto road (Gusau, Zamfara).",1.18,Zamfara Communal Militia (Nigeria),,0.8641390205371248,0.9999999999989999,0.3521874283516274,0.12956251432960408,0.12956251432960408,0.12956251432960408,0.12956251432960408,0.12956251432960408
llama3.2:3b,NIG33620,E,E,1.0,"{""E"": 1.0, ""P"": 0.0, ""R"": 0.0, ""S"": 0.0}","On 8 November 2023, the Nigerian Air Force of Operation Hadin Kai launched air strikes against the ISWAP position at Ajigin (Damboa, Borno). The air surveillance detected the gathering of the militants and launched the strikes, killing seventeen ISWAP fighters. Three of the militia's gun trucks were destroyed.",0.93,Military Forces of Nigeria (2023-),,0.8641390205371248,0.9999999999989999,0.12956251432960408,0.12956251432960408,0.3521874283516274,0.12956251432960408,0.12956251432960408,0.12956251432960408
llama3.2:3b,NIG29935,E,E,1.0,"{""E"": 1.0, ""P"": 0.0, ""R"": 0.0, ""S"": 0.0}","On 10 February 2023, the Nigerian Air Force carried out air strikes with rockets and bombs that targeted hundreds of Boko Haram [JAS faction] fighters who were holding a meeting on the fringes of Sambisa Forest Reserve in Gaizuwa, Bama LGA (Borno). Scores of fighters including high-ranking ones were killed, dozens of others sustained critical injuries.",0.91,Military Forces of Nigeria (2015-2023),,0.8641390205371248,0.9999999999989999,0.12956251432960408,0.12956251432960408,0.3521874283516274,0.12956251432960408,0.12956251432960408,0.12956251432960408
llama3.2:3b,NIG22586,B,B,1.0,"{""V"": 0.0, ""B"": 1.0, ""E"": 0.0, ""P"": 0.0, ""R"": 0.0, ""S"": 0.0}","On 9 November 2021, ISWAP claimed an ambush on a convoy on Nigerian army vehicles along the Ngamdu-Tasmakawa road (Kaga, Borno), coded as Ngamdu. Three soldiers were killed, an unspecified number were wounded and the rest fled.",1.18,Islamic State West Africa Province (ISWAP) - Lake Chad Faction,,0.8641390205371248,0.9999999999989999,0.12956251432960408,0.3521874283516274,0.12956251432960408,0.12956251432960408,0.12956251432960408,0.12956251432960408
llama3.2:3b,NIG38100,B,B,1.0,"{""V"": 0.0, ""B"": 1.0, ""E"": 0.0, ""P"": 0.0, ""R"": 0.0, ""S"": 0.0}","On 14 August 2024, the Nigerian troops ambushed and killed two Kaduna militants during a firefight along Kwana Uri village in Giwa LGA, coded to Giwa (Kaduna). Other militants escaped with gunshot injuries. The troops recovered one AK-47 rifle, 288 rounds of RG55 ammunition, 40 rounds of CJ 95 ammunition, six rounds of 7.62mm special ammunition, a Baofeng communication radio, and a motorcycle.",1.17,Military Forces of Nigeria (2023-),,0.8641390205371248,0.9999999999989999,0.12956251432960408,0.3521874283516274,0.12956251432960408,0.12956251432960408,0.12956251432960408,0.12956251432960408
llama3.2:3b,NIG17438,P,P,1.0,"{""V"": 0.0, ""B"": 0.0, ""E"": 0.0, ""P"": 1.0, ""R"": 0.0, ""S"": 0.0}","On 18 June 2020, hundreds of mototaxi drivers demonstrated in Abeokuta (Abeokuta South LGA, Ogun) over the increase of levies imposed by the State Government.",1.29,Protesters (Nigeria),,0.8641390205371248,0.9999999999989999,0.12956251432960408,0.12956251432960408,0.12956251432960408,0.3521874283516274,0.12956251432960408,0.12956251432960408
llama3.2:3b,NIG27232,B,V,1.0,"{""V"": 1.0, ""B"": 0.0, ""E"": 0.0, ""P"": 0.0, ""R"": 0.0, ""S"": 0.0}","On 6 July 2020, an unidentified armed group attacked a vehicle while on transit along Okene-Lokoja highway (Okene, Kogi). One presumed policeman was killed, two others were abducted.",1.17,Unidentified Armed Group (Nigeria),,0.8641390205371248,0.9999999999989999,0.3521874283516274,0.12956251432960408,0.12956251432960408,0.12956251432960408,0.12956251432960408,0.12956251432960408
llama3.2:3b,NIG35968,B,B,1.0,"{""V"": 0.0, ""B"": 1.0, ""E"": 0.0, ""P"": 0.0, ""R"": 0.0, ""S"": 0.0}","On 9 April 2024, the Nigerian troops of Operation Hadin Kai engaged Boko Haram (JAS) in a firefight and killed four at Ngauru Forest in Bama (Bama, Borno). The troops arrested seventeen Boko Haram family members and profiled them for rehabilitation. There were four fatalities.",1.72,Military Forces of Nigeria (2023-),,0.8641390205371248,0.9999999999989999,0.12956251432960408,0.3521874283516274,0.12956251432960408,0.12956251432960408,0.12956251432960408,0.12956251432960408
llama3.2:3b,NIG31678,B,B,1.0,"{""V"": 0.0, ""B"": 1.0, ""E"": 0.0, ""P"": 0.0, ""R"": 0.0, ""S"": 0.0}","On 18 June 2023, policemen in the Katsina state command, led by the command's OC anti-kidnapping unit and OC SIB engaged a Katsina militia led by Audu Lankai in an armed clash at their camp in Jibia LGA (Katsina) and Batsari LGA [coded separately]. 5 militiamen were killed, one was arrested, 38 cows, 40 sheep and 65 goats were recovered. 5 fatalities split across 2 events coded as 2.",1.19,Police Forces of Nigeria (2023-),,0.8641390205371248,0.9999999999989999,0.12956251432960408,0.3521874283516274,0.12956251432960408,0.12956251432960408,0.12956251432960408,0.12956251432960408
llama3.2:3b,NIG31148,V,V,1.0,"{""V"": 1.0, ""B"": 0.0, ""E"": 0.0, ""P"": 0.0, ""R"": 0.0, ""S"": 0.0}","Around 6 May 2023, (sometime between 1 and 8 May), special task force operatives presumed to comprise of soldiers and policemen killed a Jengere youth leader in Jos (Jos North, Plateau) where he was tortured following his arrest. The victim was released from custody on 1 May and dies on 8 May, residents of the town claim that he died from injuries he sustained while in custody.",1.17,Military Forces of Nigeria (2015-2023),,0.8641390205371248,0.9999999999989999,0.3521874283516274,0.12956251432960408,0.12956251432960408,0.12956251432960408,0.12956251432960408,0.12956251432960408
llama3.2:3b,NIG18129,V,V,1.0,"{""V"": 1.0, ""B"": 0.0, ""E"": 0.0, ""P"": 0.0, ""R"": 0.0, ""S"": 0.0}","On 6 September 2020, Boko Haram militants raided the village of Kurmari and another village near Maiduguri (Maiduguri LGA, Borno), killing 8 residents.",1.18,Islamic State West Africa Province (ISWAP) - Lake Chad Faction and/or Boko Haram - Jamaatu Ahli is-Sunnah lid-Dawati wal-Jihad,,0.8641390205371248,0.9999999999989999,0.3521874283516274,0.12956251432960408,0.12956251432960408,0.12956251432960408,0.12956251432960408,0.12956251432960408
llama3.2:3b,NIG18583,P,P,1.0,"{""V"": 0.0, ""B"": 0.0, ""E"": 0.0, ""P"": 1.0, ""R"": 0.0, ""S"": 0.0}","On 16 October 2020, thousands of supporters of the #EndSARS movement staged demonstrations at Airport Road and along other connecting roads in Abuja (Abuja Municipal LGA, FCT) to protest against police brutality across the country.",1.19,Protesters (Nigeria),,0.8641390205371248,0.9999999999989999,0.12956251432960408,0.12956251432960408,0.12956251432960408,0.3521874283516274,0.12956251432960408,0.12956251432960408
llama3.2:3b,NIG21933,B,B,1.0,"{""V"": 0.0, ""B"": 1.0, ""E"": 0.0, ""P"": 0.0, ""R"": 0.0, ""S"": 0.0}","On 11 September 2021, police forces of Nigeria engaged IPOB militants in an armed clash in Amaifeke (Orlu, Imo) coded to Amike; three militants were killed, two were arrested and an unspecified number escaped with gunshot wounds.",1.18,Police Forces of Nigeria (2015-2023),,0.8641390205371248,0.9999999999989999,0.12956251432960408,0.3521874283516274,0.12956251432960408,0.12956251432960408,0.12956251432960408,0.12956251432960408
llama3.2:3b,NIG25519,B,V,1.0,"{""V"": 1.0, ""B"": 0.0, ""E"": 0.0, ""P"": 0.0, ""R"": 0.0, ""S"": 0.0}","On 5 July 2022, an unidentified armed group killed a policeman during an attempt to assassinate the deputy governorship candidate of the APC at the GRA axis of Port Harcourt (Port Harcourt, Rivers).",1.19,Unidentified Armed Group (Nigeria),,0.8641390205371248,0.9999999999989999,0.3521874283516274,0.12956251432960408,0.12956251432960408,0.12956251432960408,0.12956251432960408,0.12956251432960408
llama3.2:3b,NIG24877,V,V,1.0,"{""V"": 1.0, ""B"": 0.0, ""E"": 0.0, ""P"": 0.0, ""R"": 0.0, ""S"": 0.0}","On 17 May 2022, armed individuals attacked the house of the Ikwo Local Government Chairman at Ekpa Omaka (Ikwo, Ebonyi) and killed four person. Three of the victims were relatives of the chairman who was not at home at the time, the fourth person was the gate keeper, the assailants set the house ablaze. The Chairman's life had been under threat since he assumed office and there had been attempts to burn his house on several occasions but were prevented by security operatives.",1.18,Unidentified Armed Group (Nigeria),,0.8641390205371248,0.9999999999989999,0.3521874283516274,0.12956251432960408,0.12956251432960408,0.12956251432960408,0.12956251432960408,0.12956251432960408
llama3.2:3b,NIG23685,B,B,1.0,"{""V"": 0.0, ""B"": 1.0, ""E"": 0.0, ""P"": 0.0, ""R"": 0.0, ""S"": 0.0}","On 12 February 2022, Nigerian police and military forces, together with local vigilantes, engaged Niger militiamen in a clash in Nasko (Magama, Niger), after the militiamen attacked civilians at villages around Nasko (coded separately). Scores of militiamen were killed; 20 abductees were rescued, large herds of cattle, weapons and ammunition were recovered. Scores of fatalities coded as 20.",1.19,Police Forces of Nigeria (2015-2023),,0.8641390205371248,0.9999999999989999,0.12956251432960408,0.3521874283516274,0.12956251432960408,0.12956251432960408,0.12956251432960408,0.12956251432960408
llama3.2:3b,NIG22254,P,P,1.0,"{""V"": 0.0, ""B"": 0.0, ""E"": 0.0, ""P"": 1.0, ""R"": 0.0, ""S"": 0.0}","On 11 October 2021, locals from Ovwor community protested against the alleged illegal collection of levies by the principal of a government-owned school in Ovwor (Ughelli South, Delta), coded as Okwagbe. A majority of the protesters were women.",1.17,Protesters (Nigeria),,0.8641390205371248,0.9999999999989999,0.12956251432960408,0.12956251432960408,0.12956251432960408,0.3521874283516274,0.12956251432960408,0.12956251432960408
llama3.2:3b,NIG23702,V,V,1.0,"{""V"": 1.0, ""B"": 0.0, ""E"": 0.0, ""P"": 0.0, ""R"": 0.0, ""S"": 0.0}","Around 13 February 2022 (as reported), a security operative, presumed police, beat up a truck driver to a coma at the Joita checkpoint on the Wukari-Zaki Biam highway (Wukari, Taraba). The victim was attacked over his refusal to pay an extra 1000 naira to the security operatives at the checkpoint.",1.17,Police Forces of Nigeria (2015-2023),,0.8641390205371248,0.9999999999989999,0.3521874283516274,0.12956251432960408,0.12956251432960408,0.12956251432960408,0.12956251432960408,0.12956251432960408
llama3.2:3b,NIG18063,B,B,0.9,"{""V"": 0.05, ""B"": 0.95, ""E"": 0.0, ""P"": 0.0, ""R"": 0.0, ""S"": 0.0}","On 30 August 2020, Boko Haram or ISWAP clashed with military forces along Dikwa-Ngala road in Missini (Ngala LGA, Borno). Material damage reported",1.16,Islamic State West Africa Province (ISWAP) - Lake Chad Faction and/or Boko Haram - Jamaatu Ahli is-Sunnah lid-Dawati wal-Jihad,,0.7579617834394905,0.8999999999999999,0.13765532872295794,0.33857747479431993,0.1309417991205959,0.1309417991205959,0.1309417991205959,0.1309417991205959
llama3.2:3b,NIG34880,S,V,0.9,"{""V"": 0.8, ""B"": 0.05, ""E"": 0.01, ""P"": 0.005, ""R"": 0.002, ""S"": 0.008}","Security measures: On 30 January 2024, the Osun State Government imposed a 12-hour curfew in Ilobu and Ifon, coded to Ifon (Orolu, Osun), over communal clashes between the two communities.",1.18,Government of Nigeria (2023-),,0.7579617834394905,0.8999999999999999,0.3047889243150179,0.14397209349232704,0.13832686696007873,0.13763695883290428,0.13722466670381825,0.13805048969554887
llama3.2:3b,NIG22492,V,V,1.0,"{""V"": 1.0, ""B"": 0.0, ""E"": 0.0, ""P"": 0.0, ""R"": 0.0, ""S"": 0.0}","On 30 October 2021, a Katsina militia attacked and killed an unidentified number of civilians in Ungwan Dudu (Faskari, Katsina), coded as Faskari. The group looted shops during the attack and wounded an unspecified number of individuals. Unknown fatalities coded as 3.",1.19,Katsina Communal Militia (Nigeria),,0.8641390205371248,0.9999999999989999,0.3521874283516274,0.12956251432960408,0.12956251432960408,0.12956251432960408,0.12956251432960408,0.12956251432960408
llama3.2:3b,NIG31710,V,V,1.0,"{""V"": 1.0, ""B"": 0.0, ""E"": 0.0, ""P"": 0.0, ""R"": 0.0, ""S"": 0.0}","On 15 June 2023, an unidentified armed group killed one person and abducted three others at Yimi community, Gwagwalada Area Council (FCT).",1.16,Unidentified Armed Group (Nigeria),,0.8641390205371248,0.9999999999989999,0.3521874283516274,0.12956251432960408,0.12956251432960408,0.12956251432960408,0.12956251432960408,0.12956251432960408
gemma3:4b,NIG17300,V,V,0.95,"{""V"": 0.95, ""B"": 0.01, ""E"": 0.01, ""P"": 0.01, ""R"": 0.0, ""S"": 0.0}","On 6 June 2020, unidentified gunmen attacked Maigoge (Bali LGA, Taraba) and killed 4 residents. The attack is believed to be related to the ongoing Tiv-Jukun conflict in the area.",0.68,Unidentified Communal Militia (Nigeria),,0.7410562180579212,0.9499999999999998,0.3395164308166609,0.13262456843856332,0.13262456843856332,0.13262456843856332,0.13130493193365478,0.13130493193365478
gemma3:4b,NIG31066,B,B,0.95,"{""V"": 0.05, ""B"": 0.85, ""E"": 0.02, ""P"": 0.01, ""R"": 0.01, ""S"": 0.01}","On 20 April 2023, troops of 21 Armored Brigade of Operation Hadin Kai, 199 Special Forces Battalion and Civilian JTF clashed with dozens of Boko Haram [JAS] militants at Ukuba and Garin Glucose in Bama LGA (Borno). 9 militants were killed others escaped with bullet wounds, one truck and two 122 artillery guns were recovered by the troops, some women who were held by captive were rescued during the operations which lasted three days.",0.77,Military Forces of Nigeria (2015-2023),,0.7410562180579212,0.9499999999999998,0.1412757669191899,0.31441500148281926,0.13710043700536792,0.13573626486410278,0.13573626486410278,0.13573626486410278
gemma3:4b,NIG21935,B,V,0.95,"{""V"": 0.9, ""B"": 0.02, ""E"": 0.02, ""P"": 0.01, ""R"": 0.01, ""S"": 0.01}","On 11 September 2021, a Zamfara militias attacked a security forces base in Dan Sadau (Maru, Zamfara). Twelve security personnel, including military and police officers, were killed.",0.73,Zamfara Communal Militia (Nigeria),,0.7410562180579212,0.9499999999999998,0.3266337398093577,0.13548209365156946,0.13548209365156946,0.13413402429572555,0.13413402429572555,0.13413402429572555
gemma3:4b,NIG34842,B,V,0.95,"{""V"": 0.95, ""B"": 0.01, ""E"": 0.01, ""P"": 0.01, ""R"": 0.0, ""S"": 0.0}","On 6 February 2024, soldiers attacked policemen at their camp in Sabon Gari area of Mangu (Mangu, Plateau). An unspecified number of policemen were wounded, and they claimed that the attack was unprovoked.",0.69,Military Forces of Nigeria (2023-),,0.7410562180579212,0.9499999999999998,0.3395164308166609,0.13262456843856332,0.13262456843856332,0.13262456843856332,0.13130493193365478,0.13130493193365478
gemma3:4b,NIG38559,P,P,0.95,"{""V"": 0.01, ""B"": 0.02, ""E"": 0.01, ""P"": 0.85, ""R"": 0.03, ""S"": 0.02}","Around 15 September 2024 (as reported), the Otulu community people protested in Asaba (Oshimili South, Delta) over the alleged seizure of their land by the Ogwashi-Uku people. They displayed placards with various inscriptions calling on the government to intervene and stop the seizure of their land.",0.7,Protesters (Nigeria),,0.7410562180579212,0.9499999999999998,0.13593109156370548,0.13729722174585404,0.13593109156370548,0.3148662916159742,0.13867708176459195,0.13729722174585404
gemma3:4b,NIG16585,R,V,0.85,"{""V"": 0.75, ""B"": 0.05, ""E"": 0.02, ""P"": 0.02, ""R"": 0.01, ""S"": 0.01}","On 20 March 2020, youths clashed with police in Amakohia (Owerri North LGA, Imo), after they refused a police demand to move on when they blocked a local bank during a burial procession. One person was shot and injured by a police officer who fired warning shots to disperse the crowd.",0.7,Rioters (Nigeria),,0.3943661971830987,0.85,0.2928574028400258,0.1454286823568774,0.1411306152430764,0.1411306152430764,0.1397263421583256,0.1397263421583256
gemma3:4b,NIG27104,V,V,0.95,"{""V"": 0.95, ""B"": 0.01, ""E"": 0.01, ""P"": 0.01, ""R"": 0.0, ""S"": 0.0}","On 4 September 2021, a soldier opened fire while trying to disperse a crowd during local elections in Gwanki (Makarfi LGA, Kaduna). A girl was killed by a stray bullet.",0.67,Military Forces of Nigeria (2015-2023),,0.7410562180579212,0.9499999999999998,0.3395164308166609,0.13262456843856332,0.13262456843856332,0.13262456843856332,0.13130493193365478,0.13130493193365478
gemma3:4b,NIG26316,V,V,0.95,"{""V"": 0.95, ""B"": 0.01, ""E"": 0.01, ""P"": 0.01, ""R"": 0.0, ""S"": 0.0}","On 15 September 2022, officials of Yakurr LGA task force beat up a civilian and caused him some burns on his body in Ugep (Yakurr, Cross River) following the victim's refusal to hand over his car keys to the officials who were dressed in mufti. The assailants fled after the victim was wounded.",0.71,Police Forces of Nigeria (2015-2023),,0.7410562180579212,0.9499999999999998,0.3395164308166609,0.13262456843856332,0.13262456843856332,0.13262456843856332,0.13130493193365478,0.13130493193365478
gemma3:4b,NIG30329,B,V,0.95,"{""V"": 1.0, ""B"": 0.02, ""E"": 0.01, ""P"": 0.01, ""R"": 0.01, ""S"": 0.01}","Around 30 September 2021 (week of), an unidentified cult group killed four suspected members of a rival group in Kuchibena, near the Life Camp, Abuja (Abuja Municipal, FCT). The assailants dismembered the body of one of their victims, chopped off his head and hung it on a stick. The community had been in palpable fear over the incessant cult clashes and killing in the area, prompting the police to request that the slums in the area be demolished. 4 fatalities reported.",0.7,Unidentified Cult Militia (Nigeria),,0.7410562180579212,0.9499999999999998,0.3494526690479928,0.13115346521695664,0.12984846643367523,0.12984846643367523,0.12984846643367523,0.12984846643367523
gemma3:4b,NIG21980,B,B,0.85,"{""V"": 0.05, ""B"": 0.65, ""E"": 0.03, ""P"": 0.02, ""R"": 0.03, ""S"": 0.02}","Around 16 September 2021 (as reported), military forces clashed with militia members fleeing from Zamfara state in Maiha (Maiha, Adamawa). Some militia members were killed by the soldiers, eleven rocket launchers and three grenades were recovered. Unknown fatalities coded as 10.",0.74,Military Forces of Nigeria (2015-2023),,0.3943661971830987,0.85,0.14873411176143306,0.27101122129989036,0.14578897902401536,0.14433835444518736,0.14578897902401536,0.14433835444518736
gemma3:4b,NIG34255,B,V,0.85,"{""V"": 0.75, ""B"": 0.05, ""E"": 0.02, ""P"": 0.01, ""R"": 0.01, ""S"": 0.01}","On 14 December 2023, policemen engaged an unidentified armed group in an armed clash at their hideout in a forest in Emohua LGA (Rivers) and rescued four abductees. Two members of the group were killed.",0.68,Police Forces of Nigeria (2023-),,0.3943661971830987,0.85,0.2932692329304155,0.14563319112742404,0.1413290798660249,0.13992283202528083,0.13992283202528083,0.13992283202528083
gemma3:4b,NIG21852,V,V,0.95,"{""V"": 0.95, ""B"": 0.01, ""E"": 0.01, ""P"": 0.0, ""R"": 0.0, ""S"": 0.0}","On 30 August 2021, ISWAP claimed an attack on a Christian town in Borno (location coded to Maiduguri, Maiduguri Metro). A church and school were burnt. No reported injuries or fatalities.",0.67,Islamic State West Africa Province (ISWAP) - Lake Chad Faction,,0.7410562180579212,0.9499999999999998,0.33996506112171054,0.13279981592350112,0.13279981592350112,0.13147843567698242,0.13147843567698242,0.13147843567698242
gemma3:4b,NIG18752,V,V,0.95,"{""V"": 0.95, ""B"": 0.01, ""E"": 0.01, ""P"": 0.01, ""R"": 0.0, ""S"": 0.0}","On 23 October 2020, Nigerian police forces attacked a journalist in Udu LGA, Delta over the enforcement of the state-wide curfew despite the journalist being on an official assignment. No reported fatalities.",0.68,Police Forces of Nigeria (2015-2023),,0.7410562180579212,0.9499999999999998,0.3395164308166609,0.13262456843856332,0.13262456843856332,0.13262456843856332,0.13130493193365478,0.13130493193365478
gemma3:4b,NIG38445,B,V,0.95,"{""V"": 0.95, ""B"": 0.01, ""E"": 0.01, ""P"": 0.01, ""R"": 0.0, ""S"": 0.0}","On 5 August 2024, the Buccaneers and Eiye clashed and killed one person in Ake Junction, Abeokuta (Abeokuta South, Ogun).",0.7,SEC: Supreme Eiye Confraternity (Nigeria),,0.7410562180579212,0.9499999999999998,0.3395164308166609,0.13262456843856332,0.13262456843856332,0.13262456843856332,0.13130493193365478,0.13130493193365478
gemma3:4b,NIG35617,B,B,0.85,"{""V"": 0.05, ""B"": 0.65, ""E"": 0.05, ""P"": 0.05, ""R"": 0.05, ""S"": 0.05}","On 15 March 2024, Nigerian troops raided the hideout of a Katsina militia and engaged them in an armed clash at Dutsen Kura in Batsari LGA (Batsari, Katsina). Two militia members were killed, one 81mm mortar bomb among other items were recovered by the troops.",0.77,Military Forces of Nigeria (2023-),,0.3943661971830987,0.85,0.14658202667805947,0.26708986660943534,0.14658202667805947,0.14658202667805947,0.14658202667805947,0.14658202667805947
gemma3:4b,NIG34375,S,V,0.95,"{""V"": 0.95, ""B"": 0.01, ""E"": 0.01, ""P"": 0.0, ""R"": 0.0, ""S"": 0.0}","Looting: On 26 December 2023, ISWAP raided and looted drugs from a Primary Health Care center in Mainok (Kaga, Borno).",0.7,Islamic State West Africa Province (ISWAP),,0.7410562180579212,0.9499999999999998,0.33996506112171054,0.13279981592350112,0.13279981592350112,0.13147843567698242,0.13147843567698242,0.13147843567698242
gemma3:4b,NIG26000,V,V,0.95,"{""V"": 0.95, ""B"": 0.01, ""E"": 0.01, ""P"": 0.01, ""R"": 0.0, ""S"": 0.0}","On 5 September 2022, a presumed faction of Igbide communal militia killed one person and wounded the vice president of a faction of the community at Igbide (Isoko South, Delta). The two victims were driving together when they were shot by the assailants, soldiers were deployed to the area to restore calm.",0.73,Igbide Communal Militia (Nigeria),,0.7410562180579212,0.9499999999999998,0.3395164308166609,0.13262456843856332,0.13262456843856332,0.13262456843856332,0.13130493193365478,0.13130493193365478
gemma3:4b,NIG30514,B,V,0.85,"{""V"": 0.75, ""B"": 0.05, ""E"": 0.02, ""P"": 0.01, ""R"": 0.02, ""S"": 0.01}","On 13 March 2023, policemen attached to Operation Whirl Punch engaged a Kaduna militia in an armed clash, after the militia blocked the Galadimawa-Tumbruku road (Giwa, Kaduna). One militia member was killed, others fled with bullet wounds and the policemen recovered one rifle and two live rounds of ammunition.",0.74,Police Forces of Nigeria (2015-2023),,0.3943661971830987,0.85,0.2928574028400258,0.1454286823568774,0.1411306152430764,0.1397263421583256,0.1411306152430764,0.1397263421583256
gemma3:4b,NIG36992,V,V,0.95,"{""V"": 0.95, ""B"": 0.01, ""E"": 0.01, ""P"": 0.0, ""R"": 0.0, ""S"": 0.0}","On 19 May 2024, ISWAP fighters abducted a man and later killed him along the Banki-Kumshe Road near Kumshe (Bama, Borno). They also stole an unspecified number of bicycles belonging to IDPs.",0.68,Islamic State West Africa Province (ISWAP),,0.7410562180579212,0.9499999999999998,0.33996506112171054,0.13279981592350112,0.13279981592350112,0.13147843567698242,0.13147843567698242,0.13147843567698242
gemma3:4b,NIG29598,B,B,0.85,"{""V"": 0.05, ""B"": 0.65, ""E"": 0.02, ""P"": 0.03, ""R"": 0.02, ""S"": 0.03}","On 7 January 2023, the police and the local hunters attacked an unidentified armed group in their enclave in Mansur forest, Mansur (Alkaleri, Bauchi). The police shot and killed two members of the group during a gun battle and recovered a fabricated SMG rifle and three operational motorcycles (Honda Bajaj). 2 fatalities reported.",0.71,Police Forces of Nigeria (2015-2023),,0.3943661971830987,0.85,0.14873411176143306,0.27101122129989036,0.14433835444518736,0.14578897902401536,0.14433835444518736,0.14578897902401536
gemma3:4b,NIG29112,B,B,0.85,"{""V"": 0.05, ""B"": 0.65, ""E"": 0.03, ""P"": 0.02, ""R"": 0.03, ""S"": 0.02}","On 19 December 2022, Nigerian troops in collaboration with the police and DSS clashed with IPOB militants when they raided their camp at Umuleje Amaeze in Ishielu LGA (Ebonyi). Four militants were killed, weapons, ammunition, 13 military hand grenades and other items were recovered.",0.7,Military Forces of Nigeria (2015-2023),,0.3943661971830987,0.85,0.14873411176143306,0.27101122129989036,0.14578897902401536,0.14433835444518736,0.14578897902401536,0.14433835444518736
gemma3:4b,NIG34705,S,V,0.95,"{""V"": 0.95, ""B"": 0.01, ""E"": 0.01, ""P"": 0.01, ""R"": 0.0, ""S"": 0.0}","Security measures: On 23 January 2024, the governor of Plateau state imposed a 24 hour curfew on Mangu LGA (Plateau) following violence which broke out in different parts of the town [coded separately].",0.68,Government of Nigeria (2023-),,0.7410562180579212,0.9499999999999998,0.3395164308166609,0.13262456843856332,0.13262456843856332,0.13262456843856332,0.13130493193365478,0.13130493193365478
gemma3:4b,NIG29332,V,V,0.95,"{""V"": 0.95, ""B"": 0.01, ""E"": 0.01, ""P"": 0.01, ""R"": 0.0, ""S"": 0.0}","On 25 December 2022, a Kaduna militia on motorcycles attacked civilians at Anguwan Aku in Kajuru LGA (Kaduna) and conducted a house to house search. One person was killed; 53 person were abducted, 7 persons among the abductees escaped and 45 others were taken away.",0.68,Kaduna Communal Militia (Nigeria),,0.7410562180579212,0.9499999999999998,0.3395164308166609,0.13262456843856332,0.13262456843856332,0.13262456843856332,0.13130493193365478,0.13130493193365478
gemma3:4b,NIG21210,B,V,0.95,"{""V"": 0.95, ""B"": 0.01, ""E"": 0.01, ""P"": 0.01, ""R"": 0.0, ""S"": 0.0}","On 26 June 2021, military and police members of the Task Force killed two kidnappers in Koton-Karfe (Kogi LGA, Kogi).",0.73,Military Forces of Nigeria (2015-2023),,0.7410562180579212,0.9499999999999998,0.3395164308166609,0.13262456843856332,0.13262456843856332,0.13262456843856332,0.13130493193365478,0.13130493193365478
gemma3:4b,NIG21090,B,B,0.85,"{""V"": 0.05, ""B"": 0.65, ""E"": 0.05, ""P"": 0.05, ""R"": 0.05, ""S"": 0.05}","On 17 June 2021, ISWAP fighters clashed with Nigerian police operatives following an attack on Gujba town (Gujba LGA, Yobe). At least three policemen were killed. ISWAP fighters also looted medical supplies and set properties and houses ablaze.",0.73,Police Forces of Nigeria (2015-2023),,0.3943661971830987,0.85,0.14658202667805947,0.26708986660943534,0.14658202667805947,0.14658202667805947,0.14658202667805947,0.14658202667805947
gemma3:4b,NIG35108,V,V,0.95,"{""V"": 0.95, ""B"": 0.01, ""E"": 0.01, ""P"": 0.01, ""R"": 0.0, ""S"": 0.0}","On 15 February 2024, a Naval officer shot and killed a man at a military checkpoint at Owerri-Nta (Isiala Ngwa South, Abia) after he refused to stop at the checkpoint. The Navy claimed that the victim was shot because he was struggling for a gun with the soldier after he was invited over an allegation of theft levelled against him.",0.76,Military Forces of Nigeria (2023-),,0.7410562180579212,0.9499999999999998,0.3395164308166609,0.13262456843856332,0.13262456843856332,0.13262456843856332,0.13130493193365478,0.13130493193365478
gemma3:4b,NIG19404,B,B,0.95,"{""V"": 0.05, ""B"": 0.85, ""E"": 0.01, ""P"": 0.01, ""R"": 0.0, ""S"": 0.03}","On 9 January 2021, Nigerian military troops clashed with Boko Haram elements at Gonan Kaji Village along Damaturu-Buni Yadi Road (Gujba LGA, Yobe), killing 30 militants and recovering weapons and ammunition.",0.72,Military Forces of Nigeria (2015-2023),,0.7410562180579212,0.9499999999999998,0.14127191247080312,0.31440642325017776,0.13573256155079902,0.13573256155079902,0.1343819999977173,0.1384745411793893
gemma3:4b,NIG36383,S,V,0.95,"{""V"": 0.95, ""B"": 0.01, ""E"": 0.01, ""P"": 0.01, ""R"": 0.0, ""S"": 0.0}","On 12 January 2024, the Nigerian police arrested a Kaduna militia's kingpin around the Abuja-Kaduna Road flyover by Rido Junction, coded to Rido (Chikun, Kaduna). The kingpin was responsible for many high-profile attacks and abductions in the area. The police recovered forty- eight AK-47 rifles from him.",0.69,Police Forces of Nigeria (2023-),,0.7410562180579212,0.9499999999999998,0.3395164308166609,0.13262456843856332,0.13262456843856332,0.13262456843856332,0.13130493193365478,0.13130493193365478
gemma3:4b,NIG38569,B,V,0.85,"{""V"": 0.75, ""B"": 0.05, ""E"": 0.02, ""P"": 0.01, ""R"": 0.01, ""S"": 0.01}","On 17 September 2024, the Nigerian troops clashed with a Kaduna militia, killing two in an ambush at Hayin Nakwakina village in Giwa LGA, coded to Hayin Kanwa (Giwa, Kaduna). The troops recovered two motorcycles, a mobile phone, and machetes.",0.7,Military Forces of Nigeria (2023-),,0.3943661971830987,0.85,0.2932692329304155,0.14563319112742404,0.1413290798660249,0.13992283202528083,0.13992283202528083,0.13992283202528083
gemma3:4b,NIG20519,P,P,0.95,"{""V"": 0.01, ""B"": 0.02, ""E"": 0.01, ""P"": 0.8, ""R"": 0.02, ""S"": 0.04}","On 22 April 2021, the Osun Chapter of the Nigerian Bar Association with the Judiciary Staff Union of Nigeria staged protest marches on major roads and at the Governor's Office in Oshogbo (Osogbo LGA, Ogun) to demand for the autonomy of the judiciary and legislature.",0.7,Protesters (Nigeria),,0.7410562180579212,0.9499999999999998,0.13785590217220664,0.13924137702257602,0.13785590217220664,0.3037512021845281,0.13924137702257602,0.1420542394256028
gemma3:4b,NIG22612,V,V,0.95,"{""V"": 0.95, ""B"": 0.01, ""E"": 0.01, ""P"": 0.0, ""R"": 0.0, ""S"": 0.0}","On 14 November 2021, members of a Zamfara militia numbering up to a hundred attacked Kwarin Mai Saje (Tsafe, Gusau), coded as Tsafe, raped an unspecified number of women, abducted six persons and looted valuables. The attack was a punitive measure on the village over its failure to pay a levy imposed by the militia.",0.67,Zamfara Communal Militia (Nigeria),,0.7410562180579212,0.9499999999999998,0.33996506112171054,0.13279981592350112,0.13279981592350112,0.13147843567698242,0.13147843567698242,0.13147843567698242
gemma3:4b,NIG36868,B,V,0.95,"{""V"": 0.95, ""B"": 0.01, ""E"": 0.01, ""P"": 0.01, ""R"": 0.0, ""S"": 0.0}","Around 21 June 2024 (as reported), Nigerian troops, hunters and KSVS clashed with a Kogi militia at a ransom collection point in the Okunran Okoloke area, coded to Okoloke (Yagba West, Kogi). The troops killed one of the militiamen and recovered an AK-47 rifle with a magazine containing 15 rounds of 7.62 mm (Special) ammunition and one motorcycle.",0.7,Military Forces of Nigeria (2023-),,0.7410562180579212,0.9499999999999998,0.3395164308166609,0.13262456843856332,0.13262456843856332,0.13262456843856332,0.13130493193365478,0.13130493193365478
gemma3:4b,NIG35481,B,B,0.95,"{""V"": 0.05, ""B"": 0.85, ""E"": 0.01, ""P"": 0.01, ""R"": 0.01, ""S"": 0.01}","On 10 March 2024, military forces together with hybrid forces, coded as Civilian JTF engaged Boko Haram/ ISWAP militants in an armed clash at their enclave at Ukuba in Sambisa Forest Reserve (Gwoza, Borno). 8 militants were killed, 5 locally fabricated guns, two motorcycles and assorted food items were recovered by the troops.",0.69,Military Forces of Nigeria (2023-),,0.7410562180579212,0.9499999999999998,0.14146875465314718,0.3148445035834383,0.1359216854407749,0.1359216854407749,0.1359216854407749,0.1359216854407749
gemma3:4b,NIG29019,P,P,0.95,"{""V"": 0.01, ""B"": 0.02, ""E"": 0.01, ""P"": 0.85, ""R"": 0.03, ""S"": 0.02}","On 7 December 2022, members of the Kaduna state chapter of ARPON protested at the Kaduna state police command (Kaduna North, Kaduna) to demand that the National Assembly urgently pass the two police bills that are before the house in order to address the challenges faced by its members.",0.82,Protesters (Nigeria),,0.7410562180579212,0.9499999999999998,0.13593109156370548,0.13729722174585404,0.13593109156370548,0.3148662916159742,0.13867708176459195,0.13729722174585404
gemma3:4b,NIG16121,B,B,0.85,"{""V"": 0.05, ""B"": 0.65, ""E"": 0.05, ""P"": 0.05, ""R"": 0.05, ""S"": 0.05}","On 20 January 2020, Nigerian Armed Forces, Cameroon Armed Forces and Civilian JTF clashed with Boko Haram (JAS) at Abbaram. Other villages include Nguzuwa and Cina (Bama LGA, Borno, no locations found coded as Bama (Borno, Bama)). 5 BH fighters were killed and abducted civilians rescued. Fatalities split between 2 events.",0.71,Military Forces of Nigeria (2015-2023),,0.3943661971830987,0.85,0.14658202667805947,0.26708986660943534,0.14658202667805947,0.14658202667805947,0.14658202667805947,0.14658202667805947
gemma3:4b,NIG38088,V,V,0.95,"{""V"": 0.95, ""B"": 0.01, ""E"": 0.01, ""P"": 0.0, ""R"": 0.0, ""S"": 0.0}","On 24 July 2024, a Katsina militia attacked and killed two people in Godiya village, coded as Ruwan Godiya (Faskari, Katsina). An unspecified number of others were injured and abducted.",0.67,Katsina Communal Militia (Nigeria),,0.7410562180579212,0.9499999999999998,0.33996506112171054,0.13279981592350112,0.13279981592350112,0.13147843567698242,0.13147843567698242,0.13147843567698242
gemma3:4b,NIG22187,V,V,0.95,"{""V"": 0.95, ""B"": 0.01, ""E"": 0.01, ""P"": 0.01, ""R"": 0.0, ""S"": 0.0}","On 4 October 2021, unidentified armed men shot sporadically while enforcing a sit at home order in Owerri (Owerri Municipal, Imo). Casualties unknown. Police sources denied reports of the attack.",0.7,Unidentified Armed Group (Nigeria),,0.7410562180579212,0.9499999999999998,0.3395164308166609,0.13262456843856332,0.13262456843856332,0.13262456843856332,0.13130493193365478,0.13130493193365478
gemma3:4b,NIG34305,B,V,0.95,"{""V"": 0.9, ""B"": 0.02, ""E"": 0.01, ""P"": 0.01, ""R"": 0.01, ""S"": 0.01}","On 18 December 2023, an unidentified armed group killed the police orderly of a high court judge, then proceeded to abduct the judge and her driver as they were traveling along Okobo axis of Oron-Uyo road (Oron, Akwa Ibom). The assailants had posed as a local defense militia on the road. The abductees were released on 23 December, there are no reports on ransom payment.",0.69,Unidentified Armed Group (Nigeria),,0.7410562180579212,0.9499999999999998,0.3270746591344099,0.1356649794530313,0.13431509035305791,0.13431509035305791,0.13431509035305791,0.13431509035305791
gemma3:4b,NIG38025,P,P,0.95,"{""V"": 0.05, ""B"": 0.02, ""E"": 0.03, ""P"": 0.8, ""R"": 0.01, ""S"": 0.03}","On 6 August 2024, protesters marched, in their large number, to the residence of the former Governor of Rivers State and Minister of the Federal Capital Territory in Port Harcourt (Port Harcourt, Rivers). They displayed placards with various inscriptions decrying the high cost of living and alleged bad governance in Nigeria.",0.72,Protesters (Nigeria),,0.7410562180579212,0.9499999999999998,0.14268118971993846,0.13846432328510158,0.13985591286931312,0.30205608100742587,0.1370865802486059,0.13985591286931312
gemma3:4b,NIG34649,E,E,0.95,"{""V"": 0.05, ""B"": 0.1, ""E"": 0.7, ""P"": 0.03, ""R"": 0.02, ""S"": 0.0}","On 14 January 2024, ISWAP claimed to have fired two mortal shells at the Nigerian Army's position in Nduva (Damboa, Borno). There were no fatalities.",0.74,Islamic State West Africa Province (ISWAP),,0.7410562180579212,0.9499999999999998,0.14558826310189693,0.15305273297061223,0.2788802621969009,0.14270542234151423,0.14128547966432098,0.13848783972447595
gemma3:4b,NIG25857,V,V,0.95,"{""V"": 0.95, ""B"": 0.01, ""E"": 0.01, ""P"": 0.01, ""R"": 0.0, ""S"": 0.0}","On 29 July 2022, an unidentified armed group abducted a gold miner and his driver along Ilesa-Oshogbo (Osogbo, Osun). A ransom of 100 million naira was demanded for the miner, the victims were released around 8 August after 20 million naira was paid as ransom.",0.69,Unidentified Armed Group (Nigeria),,0.7410562180579212,0.9499999999999998,0.3395164308166609,0.13262456843856332,0.13262456843856332,0.13262456843856332,0.13130493193365478,0.13130493193365478
gemma3:4b,NIG21924,B,V,0.95,"{""V"": 0.95, ""B"": 0.01, ""E"": 0.01, ""P"": 0.01, ""R"": 0.0, ""S"": 0.0}","On 9 September 2021, gunmen engaged police officers in an armed clash that led to the killing of three police officers and the abduction of an unspecified number of expatriates in Akukutoru LGA (Rivers) coded as Abonnema. The abducted expatriates were released around 4 October.",0.68,Unidentified Armed Group (Nigeria),,0.7410562180579212,0.9499999999999998,0.3395164308166609,0.13262456843856332,0.13262456843856332,0.13262456843856332,0.13130493193365478,0.13130493193365478
gemma3:4b,NIG35468,V,V,0.95,"{""V"": 0.95, ""B"": 0.01, ""E"": 0.01, ""P"": 0.01, ""R"": 0.0, ""S"": 0.0}","On 10 March 2024, an unidentified armed group numbering six abducted a Chinese national from a guest house around Eyenkorin in Ilorin (Ilorin West, Kwara) where he was lodged. The police claimed to have arrested three suspects in connection with the abduction. The abductee was rescued on 19 March by operatives of the state police command (there are no further details on ransom payment or a clash).",0.71,Unidentified Armed Group (Nigeria),,0.7410562180579212,0.9499999999999998,0.3395164308166609,0.13262456843856332,0.13262456843856332,0.13262456843856332,0.13130493193365478,0.13130493193365478
gemma3:4b,NIG23775,E,B,0.85,"{""V"": 0.05, ""B"": 0.65, ""E"": 0.05, ""P"": 0.05, ""R"": 0.05, ""S"": 0.05}","Around 13 February 2022 (as reported), Nigerian troops carried out airstrikes against ISWAP camps in Tumbun Kaiyowa (Abadan, Borno), Tumbun Madayi, Tumbun Allura, Parisu and Njimia [coded separately]. Five militant leaders were killed in the strikes across the locations, five fatalities split across five events, coded as 1.",0.69,Military Forces of Nigeria (2015-2023),,0.3943661971830987,0.85,0.14658202667805947,0.26708986660943534,0.14658202667805947,0.14658202667805947,0.14658202667805947,0.14658202667805947
gemma3:4b,NIG27039,B,V,0.95,"{""V"": 1.0, ""B"": 0.0, ""E"": 0.0, ""P"": 0.0, ""R"": 0.0, ""S"": 0.0}","On 13 May 2021, an unidentified armed group attacked Moniokoro police station Rumuola (Obio, Rivers). Casualties unknown.",0.68,Police Forces of Nigeria (2015-2023),,0.7410562180579212,0.9499999999999998,0.3521874283516274,0.12956251432960408,0.12956251432960408,0.12956251432960408,0.12956251432960408,0.12956251432960408
gemma3:4b,NIG32699,V,V,0.95,"{""V"": 0.9, ""B"": 0.02, ""E"": 0.01, ""P"": 0.01, ""R"": 0.01, ""S"": 0.01}","On 9 September 2023, a Zamfara militia abducted over 50 civilians around Darita forest while they were on transit to Bagega (Anka, Zamfara) for the weekly market. One of the abductees who escaped claimed that the militiamen were followers of Halilu Buzu and that the abduction was a response to the government's closure of the Bagega cattle market.",0.69,Zamfara Communal Militia (Nigeria),,0.7410562180579212,0.9499999999999998,0.3270746591344099,0.1356649794530313,0.13431509035305791,0.13431509035305791,0.13431509035305791,0.13431509035305791
gemma3:4b,NIG29483,E,V,0.95,"{""V"": 0.95, ""B"": 0.01, ""E"": 0.02, ""P"": 0.0, ""R"": 0.0, ""S"": 0.02}","On 7 July 2022, the Nigerian Airforce accidentally killed one person and injured 13 others in an air strike targeting some camps of militiamen in Kunkuna (Safana, Katsina). 1 fatality reported.",0.69,Military Forces of Nigeria (2015-2023),,0.7410562180579212,0.9499999999999998,0.3386137548971382,0.13227195809808992,0.1336013133775258,0.13095583012469084,0.13095583012469084,0.1336013133775258
gemma3:4b,NIG25991,B,B,0.95,"{""V"": 0.01, ""B"": 0.85, ""E"": 0.02, ""P"": 0.01, ""R"": 0.0, ""S"": 0.01}","On 3 September 2022, Nigerian troops on a fighting patrol clashed with a Kaduna militia at Farin-Ruwa (Birnin Gwari, Kaduna), Dogon Dawa-Kuyelo and Sabon Birni [coded separately]. Three militiamen were killed, two rifles, nine magazines, seven Boafeng communication radio and other items were recovered by the troops. 3 fatalities split across 3 events coded as 1.",0.68,Military Forces of Nigeria (2015-2023),,0.7410562180579212,0.9499999999999998,0.13667798994505112,0.3165963823615345,0.13805162658072712,0.13667798994505112,0.13531802122226833,0.13667798994505112
gemma3:4b,NIG26004,V,V,0.95,"{""V"": 0.95, ""B"": 0.01, ""E"": 0.01, ""P"": 0.01, ""R"": 0.0, ""S"": 0.0}","On 6 September 2022, a Kaduna militia attacked civilians when they invaded Katun Gida in Idon (Kajuru, Kaduna) and shot sporadically. Two persons who were siblings were killed, 13 others were abducted; three of whom escaped, one other man was released by the abductors to tend to his sick wife.",0.7,Kaduna Communal Militia (Nigeria),,0.7410562180579212,0.9499999999999998,0.3395164308166609,0.13262456843856332,0.13262456843856332,0.13262456843856332,0.13130493193365478,0.13130493193365478
gemma3:4b,NIG19278,P,P,0.95,"{""V"": 0.05, ""B"": 0.02, ""E"": 0.01, ""P"": 0.8, ""R"": 0.01, ""S"": 0.01}","On 17 December 2020, members of the Coalition of Northern Groups (CNG) staged a demonstration in Katsina State to demand that the government rescue hundreds of male schoolboys kidnapped from Government Science Secondary School in Kankara.",0.7,Protesters (Nigeria),,0.7410562180579212,0.9499999999999998,0.14347585444795155,0.13923550212107044,0.13785008572694774,0.3037383862498311,0.13785008572694774,0.13785008572694774
gemma3:4b,NIG28692,B,B,0.85,"{""V"": 0.05, ""B"": 0.65, ""E"": 0.05, ""P"": 0.05, ""R"": 0.05, ""S"": 0.05}","On 10 November 2022, Nigerian troops clashed with a Zamfara militia that had come to evacuate the remains of their colleagues that were killed the previous day [coded separately] at Gando forest, coded to Bukuyum (Bukkuyum, Zamfara). Hundreds of militia members were killed, coded as 100.",0.7,Military Forces of Nigeria (2015-2023),,0.3943661971830987,0.85,0.14658202667805947,0.26708986660943534,0.14658202667805947,0.14658202667805947,0.14658202667805947,0.14658202667805947
gemma3:4b,NIG34229,B,B,0.85,"{""V"": 0.05, ""B"": 0.65, ""E"": 0.05, ""P"": 0.05, ""R"": 0.05, ""S"": 0.05}","On 15 December 2023, Nigerian troops engaged a Kaduna militia in an armed clash along Dende - Buruku road (Chikun, Kaduna). Several militiamen fled with gunshot wounds, one loaded rifle was recovered by the troops.",0.7,Military Forces of Nigeria (2023-),,0.3943661971830987,0.85,0.14658202667805947,0.26708986660943534,0.14658202667805947,0.14658202667805947,0.14658202667805947,0.14658202667805947
gemma3:4b,NIG33741,S,R,0.85,"{""V"": 0.05, ""B"": 0.05, ""E"": 0.02, ""P"": 0.03, ""R"": 0.7, ""S"": 0.05}","Around 17 November 2023, the Security Joint Task Force, including the police, the military and NSCDC, arrested 135 people at various locations in Abuja (Abuja Municipal, Federal Capital Territory). They raided various locations in a clearance operation to get the hoodlums off the city. The suspects were arrested for various offences.",0.69,Military Forces of Nigeria (2023-),,0.3943661971830987,0.85,0.14564128330006992,0.14564128330006992,0.14133693287882582,0.14275739266942186,0.27898182455126364,0.14564128330006992
gemma3:4b,NIG36519,E,B,0.95,"{""V"": 0.05, ""B"": 0.85, ""E"": 0.01, ""P"": 0.01, ""R"": 0.0, ""S"": 0.0}","On 3 May 2024, the air component of Operation Hadin Kai conducted an airstrike which targeted Boko Haram/ ISWAP militants at Chinine (Gwoza, Borno). Seven gun trucks which were observed at the location were targeted, several militants were killed and logistics were destroyed. Fatalities coded as 10.",0.73,Military Forces of Nigeria (2023-),,0.7410562180579212,0.9499999999999998,0.1418524494619472,0.31569843208447274,0.13629033536092752,0.13629033536092752,0.13493422386570464,0.13493422386570464
gemma3:4b,NIG22019,V,V,0.95,"{""V"": 0.95, ""B"": 0.01, ""E"": 0.01, ""P"": 0.01, ""R"": 0.0, ""S"": 0.0}","On 19 September 2021, a Sokoto miltia attacked civilians including women and children in Saminaka village, along the Bale-Tangaza road (Tangaza, Sokoto), coded to Gidan Madi. Six people were killed in the attack, which was reportedly a reprisal for the armed group members that were killed by residents of Tangaza LGA (coded separately).",0.73,Sokoto Communal Militia (Nigeria),,0.7410562180579212,0.9499999999999998,0.3395164308166609,0.13262456843856332,0.13262456843856332,0.13262456843856332,0.13130493193365478,0.13130493193365478
gemma3:4b,NIG31180,B,V,0.85,"{""V"": 0.75, ""B"": 0.05, ""E"": 0.02, ""P"": 0.01, ""R"": 0.01, ""S"": 0.01}","On 21 April 2023, Nigerian troops clashed with suspected IPOB militants when they raided their camps within 9th Mile (Udi, Enugu) and Nkanu East LGA [coded separately]. One militant was killed, 7 others were arrested, the makeshift camps were destroyed and other items were recovered. Fatality split across 2 events, coded to 0.",0.75,Military Forces of Nigeria (2015-2023),,0.3943661971830987,0.85,0.2932692329304155,0.14563319112742404,0.1413290798660249,0.13992283202528083,0.13992283202528083,0.13992283202528083
gemma3:4b,NIG21998,V,V,0.95,"{""V"": 1.0, ""B"": 0.0, ""E"": 0.0, ""P"": 0.0, ""R"": 0.0, ""S"": 0.0}","On 1 August 2021, suspected Fulani pastoralists attacked and killed seven persons, while nine others were wounded in Kpachudu (Bassa, Plateau), coded as Bassa. The police claims four people were killed and fifty houses burnt.",0.65,Fulani Ethnic Militia (Nigeria),,0.7410562180579212,0.9499999999999998,0.3521874283516274,0.12956251432960408,0.12956251432960408,0.12956251432960408,0.12956251432960408,0.12956251432960408
gemma3:4b,NIG38655,B,V,0.95,"{""V"": 0.95, ""B"": 0.01, ""E"": 0.01, ""P"": 0.01, ""R"": 0.0, ""S"": 0.0}","On 14 August 2024, the Aye (Black Axe) and the Eiye clashed and killed one person at Oki Olodo (Lagelu, Oyo).",0.68,Black Axe (Nigeria),,0.7410562180579212,0.9499999999999998,0.3395164308166609,0.13262456843856332,0.13262456843856332,0.13262456843856332,0.13130493193365478,0.13130493193365478
gemma3:4b,NIG17122,B,V,0.95,"{""V"": 0.95, ""B"": 0.01, ""E"": 0.01, ""P"": 0.01, ""R"": 0.0, ""S"": 0.0}","On 27 May 2020, communal militias from Urum and Achalla clashed over a parcel of land in Urum (Awka North LGA, Anambra). 1 person was killed and several were reported injured.",0.68,Urum Communal Militia (Nigeria),,0.7410562180579212,0.9499999999999998,0.3395164308166609,0.13262456843856332,0.13262456843856332,0.13262456843856332,0.13130493193365478,0.13130493193365478
gemma3:4b,NIG25126,B,B,0.95,"{""V"": 0.05, ""B"": 0.85, ""E"": 0.01, ""P"": 0.01, ""R"": 0.01, ""S"": 0.01}","On 6 June 2022, Nigerian troops clashed with ISWAP militants at Goniri (Gujba, Yobe). One of the militants' gun trucks was destroyed, casualties are unknown. ISWAP claimed to have launched the attack and succeeded.",0.7,Military Forces of Nigeria (2015-2023),,0.7410562180579212,0.9499999999999998,0.14146875465314718,0.3148445035834383,0.1359216854407749,0.1359216854407749,0.1359216854407749,0.1359216854407749
gemma3:4b,NIG17096,R,V,0.95,"{""V"": 0.95, ""B"": 0.01, ""E"": 0.01, ""P"": 0.01, ""R"": 0.0, ""S"": 0.0}","Around 24 May 2020 (as reported), three local chiefs and women were burnt by a mob in Oku (Boki LGA, Cross River) over witchcraft allegations. 1 victim died.",0.68,Rioters (Nigeria),,0.7410562180579212,0.9499999999999998,0.3395164308166609,0.13262456843856332,0.13262456843856332,0.13262456843856332,0.13130493193365478,0.13130493193365478
gemma3:4b,NIG22555,V,V,0.95,"{""V"": 0.95, ""B"": 0.01, ""E"": 0.01, ""P"": 0.01, ""R"": 0.0, ""S"": 0.0}","On 10 November 2021, a NSCDC officer shot and wounded a man for urinating within the corps' premises in Calabar (Calabar Municipal, Cross River). The victim was taken to the hospital and is in critical condition.",0.75,Police Forces of Nigeria (2015-2023) NSCDC: Nigeria Security and Civil Defence Corps,,0.7410562180579212,0.9499999999999998,0.3395164308166609,0.13262456843856332,0.13262456843856332,0.13262456843856332,0.13130493193365478,0.13130493193365478
gemma3:4b,NIG35200,B,V,0.85,"{""V"": 0.85, ""B"": 0.05, ""E"": 0.02, ""P"": 0.01, ""R"": 0.01, ""S"": 0.01}","On 15 February 2024, the Nigerian police clashed with a Kaduna militia trying to abduct some commuters along the Tumburku-Galadimawa Road, coded to Galadimawa (Giwa, Kaduna). The militiamen in large numbers, had blocked the road before the police engaged them. They fled into the bush with gun wounds. The police recovered an AK47 rifle, three AK47 magazines, five rounds of 7.62 x 39mm live ammunition, a Techno mobile phone and two Bajaj motorcycles. There were no fatalities.",0.83,Police Forces of Nigeria (2023-),,0.3943661971830987,0.85,0.31441500148281926,0.1412757669191899,0.13710043700536792,0.13573626486410278,0.13573626486410278,0.13573626486410278
gemma3:4b,NIG35561,P,P,0.95,"{""V"": 0.01, ""B"": 0.02, ""E"": 0.01, ""P"": 0.85, ""R"": 0.05, ""S"": 0.01}","On 12 March 2024, IMN members protested at the US Embassy, AMAC, Abuja (Abuja Municipal, FCT), over the Israeli-Palestinian conflict. They submitted a petition demanding the US government intervene in the crisis.",0.68,Protesters (Nigeria),,0.7410562180579212,0.9499999999999998,0.1357362648641028,0.13710043700536792,0.1357362648641028,0.3144150014828193,0.14127576691918992,0.1357362648641028
gemma3:4b,NIG24460,V,V,0.95,"{""V"": 1.0, ""B"": 0.0, ""E"": 0.0, ""P"": 0.0, ""R"": 0.0, ""S"": 0.0}","On 10 April 2022, armed individuals attacked civilians in Gyambawu / Gyambar (Kanam, Plateau), Wanka, Shuwaka, Dadin Kowa, Kukawa, Gwammadaji, Dungur, Kyaram, Dadda and Wase [coded separately]. At least 106 people were killed in the attacks; over 70 persons, including women and children, were abducted and over 100 houses were burnt. Fatalities split across two events and coded as 53",0.66,Unidentified Armed Group (Nigeria),,0.7410562180579212,0.9499999999999998,0.3521874283516274,0.12956251432960408,0.12956251432960408,0.12956251432960408,0.12956251432960408,0.12956251432960408
gemma3:4b,NIG33963,V,V,0.95,"{""V"": 0.95, ""B"": 0.01, ""E"": 0.01, ""P"": 0.0, ""R"": 0.0, ""S"": 0.03}","On 28 November 2023, an unidentified armed group killed two farmers on their farms in Kwambai, also called Kpombal (Takum, Taraba).",0.72,Unidentified Armed Group (Nigeria),,0.7410562180579212,0.9499999999999998,0.3386092309956409,0.13227019093624068,0.13227019093624068,0.1309540805463958,0.1309540805463958,0.13494222603874756
gemma3:4b,NIG25204,S,V,0.95,"{""V"": 0.85, ""B"": 0.02, ""E"": 0.03, ""P"": 0.01, ""R"": 0.01, ""S"": 0.01}","Property destruction: On 9 June 2022, Bassa Kwomu militiamen set eight houses ablaze including the palace of the traditional ruler when they invaded Mozum (Bassa, Kogi). The militiamen were suspected to have been hired from Agatu in Benue state, the attack was a reprisal for the murder of a palm wine tapper [coded separately].",0.69,Bassa Kwomu Communal Militia (Nigeria),,0.7410562180579212,0.9499999999999998,0.3152970284028169,0.13748504421434926,0.13886679188027773,0.13611704516741352,0.13611704516741352,0.13611704516741352
gemma3:4b,NIG36572,S,S,0.95,"{""V"": 0.01, ""B"": 0.02, ""E"": 0.01, ""P"": 0.02, ""R"": 0.01, ""S"": 0.83}","Weapons seizure: Around 9 May 2024 (as reported), the Nigerian troops intercepted weapons from three gunrunners in the Sukuk community, coded to Kirsinga (Madagali, Adamawa). A locally fabricated Gun, a pistol, 59 rounds of 7.62 mm x 39 ammunition, two locally fabricated guns and 29 cartridges were recovered.",0.69,Military Forces of Nigeria (2023-),,0.7410562180579212,0.9499999999999998,0.13716291888852958,0.13854142914111148,0.13716291888852958,0.13854142914111148,0.13716291888852958,0.3114283850518769
gemma3:4b,NIG33950,B,V,0.85,"{""V"": 0.75, ""B"": 0.05, ""E"": 0.02, ""P"": 0.01, ""R"": 0.01, ""S"": 0.01}","On 26 November 2023, troops of the Nigerian army responded to a distress call and raided the hideout of an unidentified armed group in Jalingo (Jalingo, Taraba). Two abductees were rescued, two members of the group were arrested and others fled. It is not clear if a clash occurred, casualties are unknown.",0.69,Military Forces of Nigeria (2023-),,0.3943661971830987,0.85,0.2932692329304155,0.14563319112742404,0.1413290798660249,0.13992283202528083,0.13992283202528083,0.13992283202528083
gemma3:4b,NIG36315,S,V,0.85,"{""V"": 0.75, ""B"": 0.05, ""E"": 0.02, ""P"": 0.01, ""R"": 0.01, ""S"": 0.01}","Property destruction: Around 24 April 2024 (as reported), Nigerian troops and Katsina state Civilian JTF cleared suspected hideouts of Katsina militias at Shawu, Dugun Fakwu and Tafki villages in Faskari LGA (Katsina). One fabricated gun and other weapons were recovered.",0.73,Military Forces of Nigeria (2023-),,0.3943661971830987,0.85,0.2932692329304155,0.14563319112742404,0.1413290798660249,0.13992283202528083,0.13992283202528083,0.13992283202528083
gemma3:4b,NIG23414,R,V,0.85,"{""V"": 0.75, ""B"": 0.05, ""E"": 0.03, ""P"": 0.02, ""R"": 0.02, ""S"": 0.03}","On 27 January 2022, a group of motorists tried to attack a soldier at a checkpoint at the Onitsha Bridgehead (Onisha North, Anambra) after a revenue collector was killed by a stray bullet. Reinforcement of soldiers were deployed to dispel the motorists, and the soldier was unharmed.",0.74,Rioters (Nigeria),,0.3943661971830987,0.85,0.29121341032979514,0.14461229983675372,0.14174878444382472,0.1403383604727553,0.1403383604727553,0.14174878444382472
gemma3:4b,NIG20977,B,V,0.85,"{""V"": 0.75, ""B"": 0.05, ""E"": 0.02, ""P"": 0.01, ""R"": 0.02, ""S"": 0.01}","On 7 June 2021, Nigerian police clashed with a Kaduna communal militia along the Jagindi-Godo-Godo Road (Jemaa LGA, Kaduna) following a distress call about their kidnapping activities in the area. Three kidnapped victims were rescued. No reported fatalities.",0.69,Police Forces of Nigeria (2015-2023),,0.3943661971830987,0.85,0.2928574028400258,0.1454286823568774,0.1411306152430764,0.1397263421583256,0.1411306152430764,0.1397263421583256
gemma3:4b,NIG37659,B,B,0.85,"{""V"": 0.05, ""B"": 0.65, ""E"": 0.02, ""P"": 0.03, ""R"": 0.02, ""S"": 0.03}","On 11 July 2024, Nigerian troops of Operation Whirl Stroke clashed with a Taraba militia in Geshi village, Damisa Ward (Donga, Taraba). The troops, acting on intelligence that the militia was attacking Geshi village, responded and confronted the militiamen. The militia escaped with gunshot wounds. The troops trailed them and arrested two and two motorcycles. There were no fatalities.",0.7,Military Forces of Nigeria (2023-),,0.3943661971830987,0.85,0.14873411176143306,0.27101122129989036,0.14433835444518736,0.14578897902401536,0.14433835444518736,0.14578897902401536
gemma3:4b,NIG16810,B,R,0.95,"{""V"": 0.05, ""B"": 0.1, ""E"": 0.02, ""P"": 0.03, ""R"": 0.7, ""S"": 0.05}","On 17 April 2020, communal militias from Agudama and Akenfa neighborhoods of Yenagoa (Yenagoa LGA, Bayelsa) clashed over land. 3 people were killed in the clashes.",0.7,Agudama Communal Militia (Nigeria),,0.7410562180579212,0.9499999999999998,0.14456181302521037,0.15197365567311868,0.14028936577198997,0.14169929733813044,0.2769140551660633,0.14456181302521037
gemma3:4b,NIG27221,V,V,0.95,"{""V"": 0.95, ""B"": 0.01, ""E"": 0.01, ""P"": 0.0, ""R"": 0.0, ""S"": 0.0}","On 27 June 2020, a Katsina militia attacked civilians in Mara Zamfarawa (Dan-Musa, Katsina), three locals were killed and three others were wounded.",0.67,Katsina Communal Militia (Nigeria),,0.7410562180579212,0.9499999999999998,0.33996506112171054,0.13279981592350112,0.13279981592350112,0.13147843567698242,0.13147843567698242,0.13147843567698242
gemma3:4b,NIG20782,R,P,0.85,"{""V"": 0.05, ""B"": 0.05, ""E"": 0.05, ""P"": 0.7, ""R"": 0.05, ""S"": 0.05}","On 22 May 2021, youth residents clashed with Nigerian custom operatives at Eruwa (Ibarapa East LGA, Oyo) over smuggled election materials in light of the local government elections. Two reported fatalities.",0.73,Rioters (Nigeria),,0.3943661971830987,0.85,0.14460185034325299,0.14460185034325299,0.14460185034325299,0.27699074828345815,0.14460185034325299,0.14460185034325299
gemma3:4b,NIG20932,P,P,0.95,"{""V"": 0.01, ""B"": 0.02, ""E"": 0.01, ""P"": 0.8, ""R"": 0.03, ""S"": 0.01}","On 3 June 2021, thousands of Urhobo youth led by the Urhobo Progress Union - Youth Wing shut down the Delta State Office of the Niger Delta Development Commission in Warri (Warri South LGA, Delta) in a demonstration against the president's refusal to constitute a new board for the Commission.",0.71,Protesters (Nigeria),,0.7410562180579212,0.9499999999999998,0.13824283531784373,0.13963219891097717,0.13824283531784373,0.30460376929482486,0.14103552584036227,0.13824283531784373
gemma3:4b,NIG34685,B,B,0.95,"{""V"": 0.05, ""B"": 0.85, ""E"": 0.01, ""P"": 0.01, ""R"": 0.01, ""S"": 0.01}","On 21 January 2024, Nigerian troops ambushed and killed a Boko Haram (JAS) fighter in Luskori, coded to Konduga (Konduga, Borno). Another one escaped with gun wounds. The military recovered an AK 47 rifle. There was one fatality.",0.7,Military Forces of Nigeria (2023-),,0.7410562180579212,0.9499999999999998,0.14146875465314718,0.3148445035834383,0.1359216854407749,0.1359216854407749,0.1359216854407749,0.1359216854407749
gemma3:4b,NIG20554,B,B,0.95,"{""V"": 0.05, ""B"": 0.85, ""E"": 0.01, ""P"": 0.01, ""R"": 0.01, ""S"": 0.01}","On 26 April 2021, Nigerian military clashed with ISWAP fighters following an attack on Gwoza LGA (Borno). No reported fatalities.",0.7,Military Forces of Nigeria (2015-2023),,0.7410562180579212,0.9499999999999998,0.14146875465314718,0.3148445035834383,0.1359216854407749,0.1359216854407749,0.1359216854407749,0.1359216854407749
gemma3:4b,NIG24442,V,V,0.95,"{""V"": 0.95, ""B"": 0.01, ""E"": 0.01, ""P"": 0.01, ""R"": 0.0, ""S"": 0.0}","On 7 April 2022, suspected armed pastoralists attacked the Odiguetue community (Ovia North East, Edo) and killed 5 persons. The community leader claimed the assailants had repeatedly invaded the community and destroyed the locals' crops to feed their cattle.",0.69,Fulani Ethnic Militia (Nigeria),,0.7410562180579212,0.9499999999999998,0.3395164308166609,0.13262456843856332,0.13262456843856332,0.13262456843856332,0.13130493193365478,0.13130493193365478
gemma3:4b,NIG19921,B,V,0.95,"{""V"": 0.85, ""B"": 0.05, ""E"": 0.02, ""P"": 0.01, ""R"": 0.01, ""S"": 0.01}","On 25 February 2021, unidentified gunmen clashed with a police patrol team at Akai Effa roundabout in Calabar (Calabar-Municipal LGA, Cross River), Killing some policemen and seizing their weapons and ammunition. Unknown fatalities coded as 3.",0.74,Police Forces of Nigeria (2015-2023),,0.7410562180579212,0.9499999999999998,0.31441500148281926,0.1412757669191899,0.13710043700536792,0.13573626486410278,0.13573626486410278,0.13573626486410278
gemma3:4b,NIG24883,V,V,0.95,"{""V"": 0.95, ""B"": 0.01, ""E"": 0.01, ""P"": 0.01, ""R"": 0.0, ""S"": 0.0}","On 18 May 2022, armed individuals enforcing a sit in order killed a woman at PRODA junction along Enugu-Abakaliki highway, coded to Amorji-Nike (Enugu East, Enugu).",0.67,Unidentified Armed Group (Nigeria),,0.7410562180579212,0.9499999999999998,0.3395164308166609,0.13262456843856332,0.13262456843856332,0.13262456843856332,0.13130493193365478,0.13130493193365478
gemma3:4b,NIG17107,V,V,0.95,"{""V"": 0.95, ""B"": 0.01, ""E"": 0.01, ""P"": 0.01, ""R"": 0.0, ""S"": 0.0}","On 26 May 2020, Police officers attacked and detained a group of officers from Lagos State Building Control Agency during an inspection in Aja (Eti-Osa LGA, Lagos). They also shot in the air. No fatalities and/or injuries reported.",0.7,Police Forces of Nigeria (2015-2023),,0.7410562180579212,0.9499999999999998,0.3395164308166609,0.13262456843856332,0.13262456843856332,0.13262456843856332,0.13130493193365478,0.13130493193365478
gemma3:4b,NIG25091,P,P,0.95,"{""V"": 0.01, ""B"": 0.02, ""E"": 0.01, ""P"": 0.85, ""R"": 0.05, ""S"": 0.02}","On 3 June 2022, scores of supporters of former president Goodluck Jonathan protested at the national secretariat of the APC in Abuja (Abuja Municipal, FCT) to demand that the party chose the former president as its presidential candidate for the 2023 elections.",0.71,Protesters (Nigeria),,0.7410562180579212,0.9499999999999998,0.13555134948941847,0.13691366320027157,0.13555134948941847,0.3139866696154014,0.14108330500490462,0.13691366320027157
gemma3:4b,NIG31049,B,V,0.85,"{""V"": 0.75, ""B"": 0.05, ""E"": 0.02, ""P"": 0.01, ""R"": 0.02, ""S"": 0.01}","On 24 April 2023, Gbagyi and Hausa ethnic militias clashed in Gwarinpa (Abuja Municipal, FCT). The clash started the previous day and was temporarily brought under control [coded separately]; three persons were killed, several others were wounded and cars were vandalized. Some sources report that the clash resulted from an attempt by the Gbagyi militia to retaliate the robbery of a local politician by a group of Hausa persons. 3 fatalities split across 2 events coded as 1.",0.7,Gbagyi Ethnic Militia (Nigeria),,0.3943661971830987,0.85,0.2928574028400258,0.1454286823568774,0.1411306152430764,0.1397263421583256,0.1411306152430764,0.1397263421583256
gemma3:4b,NIG33543,V,V,0.95,"{""V"": 0.95, ""B"": 0.01, ""E"": 0.01, ""P"": 0.0, ""R"": 0.0, ""S"": 0.0}","On 22 October 2023, an unidentified armed group shot and killed one person at Alu Oko, Ebge Egume, Aja-Odi, coded to Agojeju (Ofu, Kogi). No further details.",0.68,Unidentified Armed Group (Nigeria),,0.7410562180579212,0.9499999999999998,0.33996506112171054,0.13279981592350112,0.13279981592350112,0.13147843567698242,0.13147843567698242,0.13147843567698242
gemma3:4b,NIG29194,E,V,0.85,"{""V"": 0.75, ""B"": 0.05, ""E"": 0.05, ""P"": 0.02, ""R"": 0.02, ""S"": 0.01}","Around 12 December 2022 (as reported), the Nigerian Air Force targeted and destroyed camps of Kaduna militias with rockets at Kufita and Kuyanbana forest (Birnin Gwari, Kaduna) and other locations in Igabi LGA, Chikun LGA and Giwa LGA. Several militiamen were killed, and their camps were destroyed, unknown fatalities coded as 3.",0.79,Military Forces of Nigeria (2015-2023),,0.3943661971830987,0.85,0.2911968990568403,0.14460410058125747,0.14460410058125747,0.14033040354188053,0.14033040354188053,0.1389340926965925
gemma3:4b,NIG32631,B,B,0.85,"{""V"": 0.05, ""B"": 0.65, ""E"": 0.05, ""P"": 0.05, ""R"": 0.05, ""S"": 0.05}","On 23 August 2023, the Nigerian military shot and killed four ISWAP fighters in Pulka (Gwoza, Borno) and Firgi, coded separately. Fatalities split across two locations, 2 coded.",0.68,Military Forces of Nigeria (2023-),,0.3943661971830987,0.85,0.14658202667805947,0.26708986660943534,0.14658202667805947,0.14658202667805947,0.14658202667805947,0.14658202667805947
gemma3:4b,NIG19811,E,B,0.95,"{""V"": 0.05, ""B"": 0.85, ""E"": 0.02, ""P"": 0.01, ""R"": 0.01, ""S"": 0.01}","On 14 February 2021, Nigerian military forces conducted airstrikes against Boko Haram fighters in Egiri, Zira 1 and 2 villages in Biu LGA (Borno), following an attack in the area by BH. No reported fatalities.",0.74,Military Forces of Nigeria (2015-2023),,0.7410562180579212,0.9499999999999998,0.1412757669191899,0.31441500148281926,0.13710043700536792,0.13573626486410278,0.13573626486410278,0.13573626486410278
gemma3:4b,NIG31867,S,R,0.85,"{""V"": 0.05, ""B"": 0.1, ""E"": 0.02, ""P"": 0.03, ""R"": 0.6, ""S"": 0.15}","Property destruction: Around 26 June 2023 (between 15 June - 6 July), troops of the joint task force of Operation Delta Safe destroyed 30 illegal refining sites across Delta coded to Asaba (Oshimili South, Delta), Bayelsa, Cross River and Rivers states [coded separately]. 125 storage tanks, 227 ovens, 11 dugout pits and 21 wooden boats were recovered, 42 suspected saboteurs were arrested.",0.7,Military Forces of Nigeria (2023-),,0.3943661971830987,0.85,0.14619157983755973,0.15368698241677445,0.14187096569575997,0.14329679260539463,0.25338699694025263,0.16156668250400522
gemma3:4b,NIG29618,B,V,0.95,"{""V"": 0.95, ""B"": 0.01, ""E"": 0.01, ""P"": 0.01, ""R"": 0.0, ""S"": 0.0}","On 17 January 2023, an unidentified armed group shot and killed an inspector of police while patrolling Iheorji Ohanku Road, Aba (Aba South, Abia). The police shot and killed two militiamen and others escaped with gun wounds. The militiamen carted away an AK-47 rifle belonging to the deceased officer. 3 fatalities reported.",0.68,Unidentified Armed Group (Nigeria),,0.7410562180579212,0.9499999999999998,0.3395164308166609,0.13262456843856332,0.13262456843856332,0.13262456843856332,0.13130493193365478,0.13130493193365478
gemma3:4b,NIG34042,P,P,0.95,"{""V"": 0.01, ""B"": 0.02, ""E"": 0.01, ""P"": 0.85, ""R"": 0.03, ""S"": 0.02}","On 4 December 2023, students from four nursing schools in Abia state protested at an examination center in Umuahia (Umuahia North, Abia) against their exclusion from taking the rescheduled examination.",0.68,Protesters (Nigeria),,0.7410562180579212,0.9499999999999998,0.13593109156370548,0.13729722174585404,0.13593109156370548,0.3148662916159742,0.13867708176459195,0.13729722174585404
gemma3:4b,NIG19433,P,P,0.95,"{""V"": 0.01, ""B"": 0.02, ""E"": 0.01, ""P"": 0.85, ""R"": 0.03, ""S"": 0.02}","On 12 January 2021, members of the Abubakar Tafawa Balewa University chapter of the Senior Staff Association of Nigerian Universities and Non-academic Staff Union of Universities staged protests in Bauchi State over unfair labor practices, the non-payment of salaries, and the failure of the federal government to implement the Memorandum of Understanding it entered with the Unions.",0.69,Protesters (Nigeria),,0.7410562180579212,0.9499999999999998,0.13593109156370548,0.13729722174585404,0.13593109156370548,0.3148662916159742,0.13867708176459195,0.13729722174585404
gemma3:4b,NIG24644,P,P,0.95,"{""V"": 0.01, ""B"": 0.02, ""E"": 0.01, ""P"": 0.85, ""R"": 0.01, ""S"": 0.01}","On 3 May 2022, members of the PDP in Ogun State protested at the state secretariat of the party in Abeokuta (Abeokuta South, Ogun) against the imposition of ward ad-hoc delegates who the protesters claimed were loyal to the governorship aspirant.",0.69,Protesters (Nigeria),,0.7410562180579212,0.9499999999999998,0.13649236459829878,0.13786413566822486,0.13649236459829878,0.31616640593826384,0.13649236459829878,0.13649236459829878
gemma3:4b,NIG34589,E,E,0.95,"{""V"": 0.05, ""B"": 0.05, ""E"": 0.8, ""P"": 0.02, ""R"": 0.01, ""S"": 0.01}","On 16 January 2024, an IED suspected to have been planted by IS/BH triggered and killed two CJTF members in Mafa (Mafa, Borno). The CJTF drove over the explosive device while on routine operations along Mafa/Konduga LGA areas. Eight CJTF members sustained injuries from the explosive. There were two fatalities.",0.75,Islamic State West Africa Province (ISWAP) and/or Boko Haram - Jamaatu Ahli is-Sunnah lid-Dawati wal-Jihad,,0.7410562180579212,0.9499999999999998,0.14267320797718822,0.14267320797718822,0.302039183657891,0.13845657743849968,0.13707891147446544,0.13707891147446544
gemma3:4b,NIG24528,B,B,0.85,"{""V"": 0.05, ""B"": 0.65, ""E"": 0.05, ""P"": 0.05, ""R"": 0.05, ""S"": 0.05}","On 19 April 2022, Nigerian troops clashed with an armed group in Chito (Ukum, Benue) and killed three armed individuals. An undisclosed number of weapons, two motorcycles and three phones were recovered.",0.69,Military Forces of Nigeria (2015-2023),,0.3943661971830987,0.85,0.14658202667805947,0.26708986660943534,0.14658202667805947,0.14658202667805947,0.14658202667805947,0.14658202667805947
gemma3:4b,NIG27484,V,V,0.95,"{""V"": 0.95, ""B"": 0.01, ""E"": 0.01, ""P"": 0.0, ""R"": 0.0, ""S"": 0.03}","On 12 November 2020, an armed group attacked and killed a commercial motorcyclist at the Ologede junction in Akure (Akure South, Ondo).",0.71,Unidentified Armed Group (Nigeria),,0.7410562180579212,0.9499999999999998,0.3386092309956409,0.13227019093624068,0.13227019093624068,0.1309540805463958,0.1309540805463958,0.13494222603874756
gemma3:4b,NIG23779,B,B,0.95,"{""V"": 0.05, ""B"": 0.85, ""E"": 0.01, ""P"": 0.01, ""R"": 0.01, ""S"": 0.01}","Around 13 February 2022 (between 12 - 15 February), the Nigerien contingent of MNJTF carried out a combined air-ground operation involving air and artillery strikes and ground assaults against Boko Haram (JAS or ISWAP Lake Chad faction) in the areas of Jabulam (Mobbar, Borno) and Abadam (Abadan, Borno) in Nigeria, and Bague Kiessa [Bague Kiessa Koura], Dagaya, Boulayi, and Boula Gana (Bosso, Diffa) in Niger. About twenty militants were killed and weapons and ammo seized. Fatalities are split across six events.",0.71,Military Forces of Niger (2021-2023),,0.7410562180579212,0.9499999999999998,0.14146875465314718,0.3148445035834383,0.1359216854407749,0.1359216854407749,0.1359216854407749,0.1359216854407749
gemma3:4b,NIG22565,B,B,0.85,"{""V"": 0.05, ""B"": 0.65, ""E"": 0.05, ""P"": 0.05, ""R"": 0.05, ""S"": 0.05}","On 10 November 2021, the Nigerian army claimed an ambush against Boko Haram/ISWAP militants in Pulka (Gwoza, Borno). The soldiers collaborated with the CJTF and local militia members. Four militants were killed, weapons were recovered and several others fled with gunshot wounds.",0.76,Military Forces of Nigeria (2015-2023),,0.3943661971830987,0.85,0.14658202667805947,0.26708986660943534,0.14658202667805947,0.14658202667805947,0.14658202667805947,0.14658202667805947
gemma3:4b,NIG34268,P,P,0.95,"{""V"": 0.01, ""B"": 0.02, ""E"": 0.01, ""P"": 0.85, ""R"": 0.03, ""S"": 0.02}","On 20 December 2023, members of SSANIP and NASU at Rfus Giwa polytechnic Owo (Owo, Ondo) protested and blocked the school's entrance over the non-payment of their salaries for over 10 months.",0.69,Protesters (Nigeria),,0.7410562180579212,0.9499999999999998,0.13593109156370548,0.13729722174585404,0.13593109156370548,0.3148662916159742,0.13867708176459195,0.13729722174585404
gemma3:4b,NIG35732,B,V,0.95,"{""V"": 0.9, ""B"": 0.02, ""E"": 0.01, ""P"": 0.01, ""R"": 0.01, ""S"": 0.01}","On 25 March 2024, police forces engaged a leader of Greenlanders cult militia in an armed clash at the forest in Anambra, coded to Akinima (Ahoada West, Rivers). The militia leader who was declared wanted by the police since 2016 was killed.",0.69,Police Forces of Nigeria (2023-),,0.7410562180579212,0.9499999999999998,0.3270746591344099,0.1356649794530313,0.13431509035305791,0.13431509035305791,0.13431509035305791,0.13431509035305791
gemma3:4b,NIG18956,B,V,0.95,"{""V"": 0.95, ""B"": 0.01, ""E"": 0.01, ""P"": 0.0, ""R"": 0.0, ""S"": 0.03}","On 19 November 2020, Nigerian military troops clashed with a Benue communal militia at Tor Donga (Katsina-Ala LGA, Benue), killing three and injuring others.",0.69,Military Forces of Nigeria (2015-2023),,0.7410562180579212,0.9499999999999998,0.3386092309956409,0.13227019093624068,0.13227019093624068,0.1309540805463958,0.1309540805463958,0.13494222603874756
gemma3:4b,NIG16543,V,V,0.95,"{""V"": 1.0, ""B"": 0.0, ""E"": 0.0, ""P"": 0.0, ""R"": 0.0, ""S"": 0.0}","On 11 March 2020, militias from Alla attacked Egba in the Agatu LGA (Benue) over the ownership of a fish pond in the community. 5 people were killed.",0.67,Alla Communal Militia (Nigeria),,0.7410562180579212,0.9499999999999998,0.3521874283516274,0.12956251432960408,0.12956251432960408,0.12956251432960408,0.12956251432960408,0.12956251432960408
gemma3:4b,NIG22075,V,V,0.95,"{""V"": 0.95, ""B"": 0.01, ""E"": 0.01, ""P"": 0.01, ""R"": 0.0, ""S"": 0.0}","On 24 September 2021, pastoralists from a Fulani ethnic militia attacked farmers in Gbajimba (Guma, Benue). One farmer was killed, four others fled.",0.67,Fulani Ethnic Militia (Nigeria),,0.7410562180579212,0.9499999999999998,0.3395164308166609,0.13262456843856332,0.13262456843856332,0.13262456843856332,0.13130493193365478,0.13130493193365478
gemma3:4b,NIG35002,B,B,0.85,"{""V"": 0.05, ""B"": 0.65, ""E"": 0.05, ""P"": 0.05, ""R"": 0.05, ""S"": 0.05}","On 15 February 2024, the Nigerian police engaged in a firefight with an unidentified armed group while raiding their hideouts between Nasarawa State and the Kuje LGA, coded to Kuje (Kuje, FCT). The police arrested one member of the group and rescued two hostages. There were no fatalities.",0.68,Police Forces of Nigeria (2023-),,0.3943661971830987,0.85,0.14658202667805947,0.26708986660943534,0.14658202667805947,0.14658202667805947,0.14658202667805947,0.14658202667805947
gemma3:4b,NIG16365,E,E,0.85,"{""V"": 0.05, ""B"": 0.1, ""E"": 0.6, ""P"": 0.05, ""R"": 0.05, ""S"": 0.1}","On 16 February 2020, Nigerian Air Force conducted air strikes against an ISWAP camp at Tumbin Zarami at Lake Chad (coded as Monguno, Borno) and destroyed structures.",0.69,Military Forces of Nigeria (2015-2023),,0.3943661971830987,0.85,0.14628875927210946,0.15378914434747876,0.2535554334884606,0.14628875927210946,0.14628875927210946,0.15378914434747876
gemma3:4b,NIG37606,P,P,0.95,"{""V"": 0.01, ""B"": 0.02, ""E"": 0.01, ""P"": 0.85, ""R"": 0.03, ""S"": 0.02}","On 6 July 2024, FCT women protested and marched from Unity fountain Maitama to the presidential villa in Abuja (Abuja Municipal, FCT) to denounce the rift between the FCT minister and senator representing the FCT.",0.69,Protesters (Nigeria),,0.7410562180579212,0.9499999999999998,0.13593109156370548,0.13729722174585404,0.13593109156370548,0.3148662916159742,0.13867708176459195,0.13729722174585404
gemma3:4b,NIG36225,V,V,0.95,"{""V"": 0.95, ""B"": 0.01, ""E"": 0.01, ""P"": 0.01, ""R"": 0.0, ""S"": 0.0}","On 24 August 2021, police attacked a man in Amagu (Abakaliki, Ebonyi). He was killed in police custody after he had been arrested. The victim was to return to South Africa after visiting family in Nigeria. He was arrested in Orie-Nempi Market.",0.71,Police Forces of Nigeria (2015-2023),,0.7410562180579212,0.9499999999999998,0.3395164308166609,0.13262456843856332,0.13262456843856332,0.13262456843856332,0.13130493193365478,0.13130493193365478
gemma3:4b,NIG26709,B,V,0.95,"{""V"": 0.95, ""B"": 0.01, ""E"": 0.01, ""P"": 0.0, ""R"": 0.0, ""S"": 0.03}","On 7 May 2021, Nigerian military troops clashed with a Kaduna communal militia around the Rigachikun (Rigacikun) axis (Igabi LGA, Kaduna), killing one militiaman and one civilian.",0.69,Military Forces of Nigeria (2015-2023),,0.7410562180579212,0.9499999999999998,0.3386092309956409,0.13227019093624068,0.13227019093624068,0.1309540805463958,0.1309540805463958,0.13494222603874756
gemma3:4b,NIG20879,S,R,0.95,"{""V"": 0.05, ""B"": 0.05, ""E"": 0.05, ""P"": 0.1, ""R"": 0.6, ""S"": 0.1}","Property destruction: On 29 May 2021, armed individuals set the Police Criminal Investigation Department on fire in Umuahia (Umuahia North LGA, Abia). No reports on injuries or fatalities.",0.7,Unidentified Armed Group (Nigeria),,0.7410562180579212,0.9499999999999998,0.14628875927210946,0.14628875927210946,0.14628875927210946,0.15378914434747876,0.2535554334884606,0.15378914434747876
gemma3:4b,NIG19363,V,V,0.95,"{""V"": 0.95, ""B"": 0.01, ""E"": 0.01, ""P"": 0.0, ""R"": 0.0, ""S"": 0.0}","On 28 December 2020, unidentified armed men attacked Runka Community (Safana LGA, Katsina), killing a relative of a lawmaker representing Safana and abducting a newly-wedded couple.",0.67,Unidentified Armed Group (Nigeria),,0.7410562180579212,0.9499999999999998,0.33996506112171054,0.13279981592350112,0.13279981592350112,0.13147843567698242,0.13147843567698242,0.13147843567698242
gemma3:4b,NIG19480,V,V,0.95,"{""V"": 0.95, ""B"": 0.01, ""E"": 0.01, ""P"": 0.01, ""R"": 0.0, ""S"": 0.0}","On 12 January 2021, Yansakai Militia attacked and killed a Fulani Pastoralist at Talata Mafara LGA (Zamfara). Unknown reason for attack.",0.68,Yansakai Militia,,0.7410562180579212,0.9499999999999998,0.3395164308166609,0.13262456843856332,0.13262456843856332,0.13262456843856332,0.13130493193365478,0.13130493193365478
gemma3:4b,NIG29018,B,V,0.95,"{""V"": 0.95, ""B"": 0.01, ""E"": 0.01, ""P"": 0.0, ""R"": 0.0, ""S"": 0.0}","On 6 December 2022, police forces repelled a Katsina militia when they blocked a cattle route along Tashar Maje in Kankara LGA (Katsina). Abductees and rustled cattle that were taken away from their village by the militia members [coded separately] were recovered.",0.67,Police Forces of Nigeria (2015-2023),,0.7410562180579212,0.9499999999999998,0.33996506112171054,0.13279981592350112,0.13279981592350112,0.13147843567698242,0.13147843567698242,0.13147843567698242
gemma3:4b,NIG24014,R,V,0.95,"{""V"": 0.9, ""B"": 0.02, ""E"": 0.01, ""P"": 0.01, ""R"": 0.01, ""S"": 0.01}","On 5 March 2022, supporters of the incumbent and past chairman of Langtang South LGA clashed in Sabon Gida (Langtang South, Plateau) after the incumbent from the APC slapped the past chairman who belongs to the PDP. An unspecified number of persons were wounded, including the incumbent chairman.",0.69,Rioters (Nigeria),,0.7410562180579212,0.9499999999999998,0.3270746591344099,0.1356649794530313,0.13431509035305791,0.13431509035305791,0.13431509035305791,0.13431509035305791
gemma3:4b,NIG31886,S,S,0.95,"{""V"": 0.01, ""B"": 0.02, ""E"": 0.01, ""P"": 0.02, ""R"": 0.01, ""S"": 0.83}","On 9 July 2023, a Boko Haram [JAS Faction] commander and one of his lieutenants surrendered to Nigerian troops in Borno, coded to Maiduguri (Maiduguri Metro, Borno).",0.77,Boko Haram - Jamaatu Ahli is-Sunnah lid-Dawati wal-Jihad,,0.7410562180579212,0.9499999999999998,0.13716291888852958,0.13854142914111148,0.13716291888852958,0.13854142914111148,0.13716291888852958,0.3114283850518769
gemma3:4b,NIG37851,B,V,0.85,"{""V"": 0.85, ""B"": 0.05, ""E"": 0.02, ""P"": 0.01, ""R"": 0.01, ""S"": 0.01}","On 27 July 2024, the Nigerian police engaged a Benue militia in a firefight, killing six while raiding their enclave in Mbavuur Ward (Logo, Benue). The police recovered an AK-47 rifle and two locally fabricated short guns loaded with ammunition.",0.7,Police Forces of Nigeria (2023-),,0.3943661971830987,0.85,0.31441500148281926,0.1412757669191899,0.13710043700536792,0.13573626486410278,0.13573626486410278,0.13573626486410278
gemma3:4b,NIG39769,P,P,0.95,"{""V"": 0.01, ""B"": 0.02, ""E"": 0.01, ""P"": 0.8, ""R"": 0.02, ""S"": 0.02}","On 4 August 2024, youth protested at Agho junction along Ekenhuan Road in Benin City (Oredo, Edo). The protesters conducted church service at the protest ground while the police monitored their activities.",0.74,Protesters (Nigeria),,0.7410562180579212,0.9499999999999998,0.13824476567599187,0.13963414866954724,0.13824476567599187,0.3046080226390699,0.13963414866954724,0.13963414866954724
gemma3:4b,NIG32802,B,V,0.95,"{""V"": 1.0, ""B"": 0.0, ""E"": 0.0, ""P"": 0.0, ""R"": 0.0, ""S"": 0.0}","On 17 September 2023, a joint task force of security operatives presumed to have comprised of soldiers and policemen engaged a Niger militia in an armed clash in a village near Pan Dongari (Rafi, Niger). 52 militiamen including six informants who lived in the community were killed.",0.66,Military Forces of Nigeria (2023-),,0.7410562180579212,0.9499999999999998,0.3521874283516274,0.12956251432960408,0.12956251432960408,0.12956251432960408,0.12956251432960408,0.12956251432960408
gemma3:4b,NIG22047,P,P,0.95,"{""V"": 0.01, ""B"": 0.02, ""E"": 0.01, ""P"": 0.85, ""R"": 0.03, ""S"": 0.02}","On 22 September 2021, about 49 former workers of Total E&P protested against their alleged forceful retrenchment in Port Harcourt (Port Harcourt, Rivers).",0.69,Protesters (Nigeria),,0.7410562180579212,0.9499999999999998,0.13593109156370548,0.13729722174585404,0.13593109156370548,0.3148662916159742,0.13867708176459195,0.13729722174585404
gemma3:4b,NIG36760,B,B,0.85,"{""V"": 0.05, ""B"": 0.65, ""E"": 0.05, ""P"": 0.05, ""R"": 0.05, ""S"": 0.05}","On 19 May 2024, military forces engaged a Kaduna militia in an armed clash at Baka general area (Igabi, Kaduna). The militia fled, some of them with gunshot wounds and the troops recovered one rifle and two motorcycles.",0.74,Military Forces of Nigeria (2023-),,0.3943661971830987,0.85,0.14658202667805947,0.26708986660943534,0.14658202667805947,0.14658202667805947,0.14658202667805947,0.14658202667805947
gemma3:4b,NIG37618,B,V,0.95,"{""V"": 0.95, ""B"": 0.01, ""E"": 0.01, ""P"": 0.0, ""R"": 0.0, ""S"": 0.03}","On 10 July 2024, an unidentified armed group shot and killed an OSPAC member in the Igwuruta community (Ikwerre, Rivers). The group was responding to a distress call concerning an abduction case when its members were ambushed, and one got shot and killed.",0.72,Unidentified Armed Group (Nigeria),,0.7410562180579212,0.9499999999999998,0.3386092309956409,0.13227019093624068,0.13227019093624068,0.1309540805463958,0.1309540805463958,0.13494222603874756
gemma3:4b,NIG36319,B,B,0.85,"{""V"": 0.05, ""B"": 0.65, ""E"": 0.05, ""P"": 0.05, ""R"": 0.05, ""S"": 0.05}","Around 25 April 2024 (as reported), the Nigerian troops engaged a Taraba militia in a firefight, killing two in Kweerti, also spelt as Kwesati village (Ussa, Taraba). Other militiamen fled, and the troops recovered one AK-47 magazine along with seven rounds of 7.62mm special ammunition.",0.81,Military Forces of Nigeria (2023-),,0.3943661971830987,0.85,0.14658202667805947,0.26708986660943534,0.14658202667805947,0.14658202667805947,0.14658202667805947,0.14658202667805947
gemma3:4b,NIG30420,S,R,0.85,"{""V"": 0.05, ""B"": 0.1, ""E"": 0.02, ""P"": 0.03, ""R"": 0.6, ""S"": 0.15}","Around 8 August 2021 (between 7 August - 8 August), the Nigerian police arrested over 20 unidentified cult militias in various locations within Oshogbo (Osogbo, Osun). The cultists were picked up when the police raided some black spots.",0.69,Police Forces of Nigeria (2015-2023),,0.3943661971830987,0.85,0.14619157983755973,0.15368698241677445,0.14187096569575997,0.14329679260539463,0.25338699694025263,0.16156668250400522
gemma3:4b,NIG25680,B,B,0.95,"{""V"": 0.05, ""B"": 0.85, ""E"": 0.01, ""P"": 0.01, ""R"": 0.01, ""S"": 0.01}","On 21 July 2022, a Katsina militia led by Bauche attacked Ansaru militants and engaged them in an armed clash in Damari forest (Sabuwa, Katsina). The clash lasted for several hours, three persons were killed including a top Ansaru commander.",0.73,Katsina Communal Militia (Nigeria),,0.7410562180579212,0.9499999999999998,0.14146875465314718,0.3148445035834383,0.1359216854407749,0.1359216854407749,0.1359216854407749,0.1359216854407749
gemma3:4b,NIG33592,R,P,0.95,"{""V"": 0.05, ""B"": 0.02, ""E"": 0.01, ""P"": 0.8, ""R"": 0.01, ""S"": 0.01}","On 1 November 2023, members of NUPENG who were demonstrating at the union's office in Utako (Abuja Municipal, FCT) over claims that the newly elected leaders of the union were imposed on them beat up the newly elected chairman. The victim was rescued by policemen and taken to a hospital.",0.7,Rioters (Nigeria),,0.7410562180579212,0.9499999999999998,0.14347585444795155,0.13923550212107044,0.13785008572694774,0.3037383862498311,0.13785008572694774,0.13785008572694774
gemma3:4b,NIG20827,B,V,0.85,"{""V"": 0.75, ""B"": 0.05, ""E"": 0.02, ""P"": 0.01, ""R"": 0.02, ""S"": 0.01}","Around 26 May 2021 (as reported), Nigerian police operatives clashed with a Katsina communal militia at Kafur, Danja, Dutsinma, Safana, Batsari and Funtua Local Government Areas in Katsina State, killing five militiamen and recovered 69 rustled cows. 16 suspects were also arrested. Fatalities split across 6 events.",0.69,Police Forces of Nigeria (2015-2023),,0.3943661971830987,0.85,0.2928574028400258,0.1454286823568774,0.1411306152430764,0.1397263421583256,0.1411306152430764,0.1397263421583256
gemma3:4b,NIG29044,B,V,0.95,"{""V"": 0.95, ""B"": 0.01, ""E"": 0.01, ""P"": 0.01, ""R"": 0.0, ""S"": 0.0}","On 5 December 2022, a Sokoto militia numbering about 90 killed three policemen guarding a market and three civilians when they attacked Yar Bulutu market in Sabon Birni LGA (Sokoto) and shot sporadically. The assailants set one of the policemen's vehicle ablaze and threw the body of one policeman into the fire, several other civilians sustained varying bullet wounds.",0.75,Sokoto Communal Militia (Nigeria),,0.7410562180579212,0.9499999999999998,0.3395164308166609,0.13262456843856332,0.13262456843856332,0.13262456843856332,0.13130493193365478,0.13130493193365478
gemma3:4b,NIG32771,V,V,0.95,"{""V"": 0.95, ""B"": 0.01, ""E"": 0.01, ""P"": 0.0, ""R"": 0.0, ""S"": 0.0}","On 9 September 2023, a Katsina militia abducted two persons from Marke village (Dutsinma, Katsina) coded to Dutsin Ma. There are no reports on ransom demands.",0.68,Katsina Communal Militia (Nigeria),,0.7410562180579212,0.9499999999999998,0.33996506112171054,0.13279981592350112,0.13279981592350112,0.13147843567698242,0.13147843567698242,0.13147843567698242
gemma3:4b,NIG26442,B,B,0.85,"{""V"": 0.05, ""B"": 0.65, ""E"": 0.05, ""P"": 0.05, ""R"": 0.05, ""S"": 0.05}","On 25 September 2022, policemen invaded the camp of an unidentified armed group that had abducted one person from Kara bridge and engaged them in an armed clash. Location coded to Mowe (Obafemi, Ogun), one of the assailants was arrested, others fled with bullet wounds and the abductee was rescued.",0.69,Police Forces of Nigeria (2015-2023),,0.3943661971830987,0.85,0.14658202667805947,0.26708986660943534,0.14658202667805947,0.14658202667805947,0.14658202667805947,0.14658202667805947
gemma3:4b,NIG33348,V,V,0.85,"{""V"": 0.75, ""B"": 0.05, ""E"": 0.02, ""P"": 0.01, ""R"": 0.02, ""S"": 0.01}","Around 27 October 2023 (as reported), an unidentified armed group abducted a soldier (presumed to be off duty) at the Akparata axis of Effium (Ohaukwu, Ebonyi). The soldier was part of the contingent deployed to manage inter-communal clashes in the area. The State government issued an ultimatum to the warring communities to provide the soldier alive by 26 October 2023.",0.71,Unidentified Armed Group (Nigeria),,0.3943661971830987,0.85,0.2928574028400258,0.1454286823568774,0.1411306152430764,0.1397263421583256,0.1411306152430764,0.1397263421583256
gemma3:4b,NIG26080,B,V,0.95,"{""V"": 0.95, ""B"": 0.01, ""E"": 0.01, ""P"": 0.0, ""R"": 0.0, ""S"": 0.03}","Around 15 August 2022 (as reported), an unidentified armed group attacked a police squad, wounded three policemen and stole their rifles along Ozoro/ Kwale (Ndokwa West, Delta).",0.69,Unidentified Armed Group (Nigeria),,0.7410562180579212,0.9499999999999998,0.3386092309956409,0.13227019093624068,0.13227019093624068,0.1309540805463958,0.1309540805463958,0.13494222603874756
gemma3:4b,NIG16392,V,V,0.95,"{""V"": 0.95, ""B"": 0.01, ""E"": 0.01, ""P"": 0.01, ""R"": 0.0, ""S"": 0.0}","On 20 February 2020, officers of SARS forces shot and injured 2 street traders on a market in Abeokuta (Abeokuta South LGA, Ogun) when they stormed the location.",0.68,Police Forces of Nigeria (2015-2023) Special Anti-Robbery Squad,,0.7410562180579212,0.9499999999999998,0.3395164308166609,0.13262456843856332,0.13262456843856332,0.13262456843856332,0.13130493193365478,0.13130493193365478
gemma3:4b,NIG26718,P,P,0.95,"{""V"": 0.01, ""B"": 0.02, ""E"": 0.01, ""P"": 0.85, ""R"": 0.03, ""S"": 0.02}","On 16 May 2021, members of the Ijaw Youth Marches staged protest marches along major streets and at Isaac Boro Park in Port Harcourt (Port-Harcourt LGA, Rivers) in remembrance of Late Major Isaac Jasper Adaka Boro.",0.69,Protesters (Nigeria),,0.7410562180579212,0.9499999999999998,0.13593109156370548,0.13729722174585404,0.13593109156370548,0.3148662916159742,0.13867708176459195,0.13729722174585404
gemma3:4b,NIG16027,B,B,0.95,"{""V"": 0.05, ""B"": 0.85, ""E"": 0.0, ""P"": 0.0, ""R"": 0.0, ""S"": 0.0}","On 8 January 2020, Nigerian Armed Forces battled with presumed ISWAP fighters in Mafa LGA (Borno) and killed an unreported number of fighters. Unknown number of fatalities coded as 10.",0.69,Military Forces of Nigeria (2015-2023),,0.7410562180579212,0.9499999999999998,0.14223823126289875,0.31655700527195796,0.13530119086620665,0.13530119086620665,0.13530119086620665,0.13530119086620665
gemma3:4b,NIG38277,B,V,0.95,"{""V"": 0.95, ""B"": 0.01, ""E"": 0.01, ""P"": 0.0, ""R"": 0.0, ""S"": 0.03}","On 27 August 2024, the Nigerian troops ambushed some fleeing Jimmu Sumoli-led Zamfara militiamen and shot ten dead in Magamin Diddi village in Maradun LGA, coded to Faru Magami (Maradun, Zamfara). The militiamen escaped from a clash with the troops in Matusgi, coded separately.",0.69,Military Forces of Nigeria (2023-),,0.7410562180579212,0.9499999999999998,0.3386092309956409,0.13227019093624068,0.13227019093624068,0.1309540805463958,0.1309540805463958,0.13494222603874756
gemma3:4b,NIG27958,V,V,0.95,"{""V"": 0.95, ""B"": 0.01, ""E"": 0.01, ""P"": 0.01, ""R"": 0.0, ""S"": 0.0}","On 19 February 2021, a soldier shot and wounded a truck driver at an army checkpoint in Omagwa (Ikwerre, Rivers) over the driver's refusal to pay a bribe of 200 naira. The association of tanker drivers staged a protest [coded separately].",0.67,Military Forces of Nigeria (2015-2023),,0.7410562180579212,0.9499999999999998,0.3395164308166609,0.13262456843856332,0.13262456843856332,0.13262456843856332,0.13130493193365478,0.13130493193365478
gemma3:4b,NIG33835,P,P,0.95,"{""V"": 0.05, ""B"": 0.02, ""E"": 0.01, ""P"": 0.8, ""R"": 0.01, ""S"": 0.01}","On 13 November 2023, some political party supporters (unspecified) protested at the INEC office in Yenagoa (Yenagoa, Bayelsa) over the delay in releasing election results.",0.74,Protesters (Nigeria),,0.7410562180579212,0.9499999999999998,0.14347585444795155,0.13923550212107044,0.13785008572694774,0.3037383862498311,0.13785008572694774,0.13785008572694774
gemma3:4b,NIG20679,B,V,0.95,"{""V"": 0.95, ""B"": 0.01, ""E"": 0.01, ""P"": 0.01, ""R"": 0.0, ""S"": 0.0}","On 10 May 2021, Nigerian police operatives clashed with suspected kidnappers at Ahor community (Ehor) (Uhunmwode LGA, Edo), killing three and rescuing seven kidnapped victims.",0.69,Police Forces of Nigeria (2015-2023),,0.7410562180579212,0.9499999999999998,0.3395164308166609,0.13262456843856332,0.13262456843856332,0.13262456843856332,0.13130493193365478,0.13130493193365478
gemma3:4b,NIG26073,B,B,0.95,"{""V"": 0.05, ""B"": 0.85, ""E"": 0.01, ""P"": 0.01, ""R"": 0.0, ""S"": 0.0}","On 13 August 2022, Nigerian troops during a clearance operation intercepted and clashed with Boko Haram/ ISWAP militants at Ngwom (Mafa, Borno). The militants were enroute to rustle cattle from pastoralists in the general area, three militants were killed.",0.72,Military Forces of Nigeria (2015-2023),,0.7410562180579212,0.9499999999999998,0.1418524494619472,0.31569843208447274,0.13629033536092752,0.13629033536092752,0.13493422386570464,0.13493422386570464
gemma3:4b,NIG17363,V,V,0.95,"{""V"": 0.95, ""B"": 0.01, ""E"": 0.01, ""P"": 0.0, ""R"": 0.0, ""S"": 0.0}","On 12 June 2020, Boko Haram executed a police officer and a soldier in Borno (coded as Maiduguri LGA, Borno) who were abducted earlier.",0.66,Islamic State West Africa Province (ISWAP) - Lake Chad Faction and/or Boko Haram - Jamaatu Ahli is-Sunnah lid-Dawati wal-Jihad,,0.7410562180579212,0.9499999999999998,0.33996506112171054,0.13279981592350112,0.13279981592350112,0.13147843567698242,0.13147843567698242,0.13147843567698242
gemma3:4b,NIG24682,B,B,0.95,"{""V"": 0.05, ""B"": 0.85, ""E"": 0.01, ""P"": 0.01, ""R"": 0.01, ""S"": 0.01}","On 26 April 2022, Nigerian troops in conjunction with the Civilian JTF clashed with ISWAP/ Boko Haram fighters during a clearance operation at Kasha in Mafa LGA (Borno). Six militants were killed, weapons and ammunition, amongst others items were recovered.",0.74,Military Forces of Nigeria (2015-2023),,0.7410562180579212,0.9499999999999998,0.14146875465314718,0.3148445035834383,0.1359216854407749,0.1359216854407749,0.1359216854407749,0.1359216854407749
gemma3:4b,NIG22760,B,B,0.85,"{""V"": 0.05, ""B"": 0.65, ""E"": 0.05, ""P"": 0.05, ""R"": 0.05, ""S"": 0.05}","On 29 November 2021, troops of security forces on patrol clashed with members of a Kaduna militia at an identified hideout in Idasu (Giwa, Kaduna) and Birnin Gwari [coded separately]. Three militia members were killed, weapons and three motorcycles were recovered.",0.71,Military Forces of Nigeria (2015-2023),,0.3943661971830987,0.85,0.14658202667805947,0.26708986660943534,0.14658202667805947,0.14658202667805947,0.14658202667805947,0.14658202667805947
gemma3:4b,NIG29602,B,V,0.85,"{""V"": 0.75, ""B"": 0.05, ""E"": 0.02, ""P"": 0.01, ""R"": 0.02, ""S"": 0.01}","On 20 January 2023, the Nigerian police clashed with an unidentified armed group in Shere (Jos East, Plateau). The armed group abducted the paramount traditional ruler of Izere, Plateau State, and opened fire on the police attempting to rescue the monarch. A civilian guard was shot dead, and a police officer sustained a gun injury during the rescue operation. 1 fatality reported.",0.69,Police Forces of Nigeria (2015-2023),,0.3943661971830987,0.85,0.2928574028400258,0.1454286823568774,0.1411306152430764,0.1397263421583256,0.1411306152430764,0.1397263421583256
gemma3:4b,NIG31171,B,V,0.95,"{""V"": 0.85, ""B"": 0.05, ""E"": 0.02, ""P"": 0.01, ""R"": 0.01, ""S"": 0.01}","On 1 May 2023, a Kaduna militia were engaged in an armed clash with security operatives at Dorayi village in Zaria LGA (Kaduna) where they abducted about 20 persons and rustled cattle. The assailants abandoned the abductees, burnt down one house and two motorcycles before they fled.",0.7,Kaduna Communal Militia (Nigeria),,0.7410562180579212,0.9499999999999998,0.31441500148281926,0.1412757669191899,0.13710043700536792,0.13573626486410278,0.13573626486410278,0.13573626486410278
gemma3:4b,NIG19588,B,B,0.95,"{""V"": 0.05, ""B"": 0.85, ""E"": 0.02, ""P"": 0.01, ""R"": 0.01, ""S"": 0.01}","On 25 January 2021, Nigerian military troops with MNJTF forces clashed with Boko Haram militants at Mayankari in Borno State, killing three militiamen and destroying their hideout. Nigerian military also recovered weapons and ammunition including one improvised explosive device making equipment.",0.69,Military Forces of Nigeria (2015-2023),,0.7410562180579212,0.9499999999999998,0.1412757669191899,0.31441500148281926,0.13710043700536792,0.13573626486410278,0.13573626486410278,0.13573626486410278
gemma3:4b,NIG21894,E,V,0.85,"{""V"": 0.85, ""B"": 0.05, ""E"": 0.03, ""P"": 0.02, ""R"": 0.01, ""S"": 0.04}","Around 6 September 2021 (as reported), military forces of Nigeria killed the leader of an armed militia in an air strike at Shinkafi (Shinkafi, Zamfara).",0.76,Military Forces of Nigeria (2015-2023),,0.3943661971830987,0.85,0.31226789765386587,0.14031101097987414,0.1375326668128022,0.13616419391309453,0.13480933754624874,0.1389148930938021
gemma3:4b,NIG29062,V,V,0.95,"{""V"": 0.95, ""B"": 0.01, ""E"": 0.01, ""P"": 0.0, ""R"": 0.0, ""S"": 0.0}","On 3 December 2022, an unidentified armed group abducted 8 residents of Anguwan Hausawa in Kwakwu community, coded to Kuje (Kuje, FCT). The abductors shot sporadically to scare of policemen from a police outpost, a ransom of 25 million naira was demanded.",0.68,Unidentified Armed Group (Nigeria),,0.7410562180579212,0.9499999999999998,0.33996506112171054,0.13279981592350112,0.13279981592350112,0.13147843567698242,0.13147843567698242,0.13147843567698242
gemma3:4b,NIG29902,B,B,0.95,"{""V"": 0.05, ""B"": 0.85, ""E"": 0.01, ""P"": 0.01, ""R"": 0.01, ""S"": 0.01}","On 4 February 2023, Nigerian troops raided the hideouts of ISWAP/ Boko Haram militants and engaged them in an armed clash at Balange village, on the fringes of the Sambisa Forest Reserve (Gwoza, Borno). Five militants were killed and 55 abductees were rescued.",0.69,Military Forces of Nigeria (2015-2023),,0.7410562180579212,0.9499999999999998,0.14146875465314718,0.3148445035834383,0.1359216854407749,0.1359216854407749,0.1359216854407749,0.1359216854407749
gemma3:4b,NIG26789,V,V,0.85,"{""V"": 0.9, ""B"": 0.02, ""E"": 0.01, ""P"": 0.01, ""R"": 0.01, ""S"": 0.01}","On 12 August 2021, Amagba and Obazagbon militias attacked Oke-Oroma (Ikpoba Okha, Edo) coded as Oka, shooting sporadically. Unspecified number of buildings were burnt. Security operatives were deployed but no clashes reported",0.71,Amagba Communal Militia (Nigeria),,0.3943661971830987,0.85,0.3270746591344099,0.1356649794530313,0.13431509035305791,0.13431509035305791,0.13431509035305791,0.13431509035305791
gemma3:4b,NIG25905,B,B,0.95,"{""V"": 0.05, ""B"": 0.85, ""E"": 0.01, ""P"": 0.01, ""R"": 0.01, ""S"": 0.01}","On 8 August 2022, Nigerian troops on clearance operations clashed with ISWAP/ Boko Haram militants at an iilegal market established by the militants at Dambia, also called Markas (Bama, Borno). Four militants were killed, others fled and four women suspected to be the wives of the militants were wounded and evacuated to the hospital for treatment.",0.7,Military Forces of Nigeria (2015-2023),,0.7410562180579212,0.9499999999999998,0.14146875465314718,0.3148445035834383,0.1359216854407749,0.1359216854407749,0.1359216854407749,0.1359216854407749
gemma3:4b,NIG33181,R,R,0.95,"{""V"": 0.05, ""B"": 0.02, ""E"": 0.01, ""P"": 0.1, ""R"": 0.7, ""S"": 0.02}","On 20 October 2023, mobs lynched a man in the A. A Koto area of Akwanga (Akwanga, Nasarawa) over the allegation of motorcycle theft. They had beaten the victim to death before the soldiers intervened to calm the situation.",0.7,Rioters (Nigeria),,0.7410562180579212,0.9499999999999998,0.1455923566856224,0.14128945226436354,0.13988359872484415,0.1530570364368634,0.27888810362366395,0.14128945226436354
gemma3:4b,NIG23107,B,V,0.85,"{""V"": 0.75, ""B"": 0.05, ""E"": 0.02, ""P"": 0.01, ""R"": 0.02, ""S"": 0.01}","On 31 December 2021, police forces, together with member of Igabi communal militia, clashed with Kaduna militia members at the Sabon Birni forest (Igabi, Kaduna) while the group was raiding one of the militia camps. One militiaman was killed, others fled with gunshot wounds; two others were arrested and nine abducted victims were rescued including one who sustained a bullet injury.",0.68,Police Forces of Nigeria (2015-2023),,0.3943661971830987,0.85,0.2928574028400258,0.1454286823568774,0.1411306152430764,0.1397263421583256,0.1411306152430764,0.1397263421583256
gemma3:4b,NIG27386,B,V,0.95,"{""V"": 0.95, ""B"": 0.01, ""E"": 0.01, ""P"": 0.0, ""R"": 0.0, ""S"": 0.03}","On 16 October 2020, the Supreme Vikings cult militias clashed with one another in Ugbomoro community (Uvwie, Delta) coded as Effurun. One person was killed.",0.7,SVC: Supreme Vikings Confraternity (Nigeria),,0.7410562180579212,0.9499999999999998,0.3386092309956409,0.13227019093624068,0.13227019093624068,0.1309540805463958,0.1309540805463958,0.13494222603874756
gemma3:4b,NIG24261,B,B,0.95,"{""V"": 0.05, ""B"": 0.85, ""E"": 0.01, ""P"": 0.01, ""R"": 0.01, ""S"": 0.01}","Around 1 April 2022 (as reported), soldiers on a clearance operation engaged over 400 Niger militiamen in an armed clash near Zuma Barrack, coded to nearby Suleja (Suleja, Niger). 14 soldiers and several militiamen were killed, several other soldiers were wounded. Several militia men deaths coded as 3. Fatalities coded as 17.",0.71,Military Forces of Nigeria (2015-2023),,0.7410562180579212,0.9499999999999998,0.14146875465314718,0.3148445035834383,0.1359216854407749,0.1359216854407749,0.1359216854407749,0.1359216854407749
gemma3:4b,NIG26184,S,S,0.85,"{""V"": 0.05, ""B"": 0.1, ""E"": 0.02, ""P"": 0.03, ""R"": 0.02, ""S"": 0.78}","Movement of forces: Around 18 August 2022 (as reported), a militia from a neighboring state were moving in their hundreds to Illela LGA (Sokoto), Silame, Gudu, Tangaza, Gwadabawa, Binji and Gada [coded separately].",0.69,Unidentified Armed Group (Nigeria),,0.3943661971830987,0.85,0.14189546772136283,0.1491706039222258,0.13770182288097307,0.13908574920872135,0.13770182288097307,0.29444453338544946
gemma3:4b,NIG21295,V,V,0.95,"{""V"": 0.95, ""B"": 0.01, ""E"": 0.01, ""P"": 0.01, ""R"": 0.0, ""S"": 0.0}","On 8 July 2021, an APC member and vice chairman of the NURTW was shot and killed by unidentified armed individuals during a political rally in Agboju (Ijebu Ode, Ogun). According to reports, the victim was protecting another politician from harassment when he was shot.",0.75,Unidentified Armed Group (Nigeria),,0.7410562180579212,0.9499999999999998,0.3395164308166609,0.13262456843856332,0.13262456843856332,0.13262456843856332,0.13130493193365478,0.13130493193365478
gemma3:4b,NIG16878,V,V,0.95,"{""V"": 0.95, ""B"": 0.01, ""E"": 0.01, ""P"": 0.0, ""R"": 0.0, ""S"": 0.03}","On 25 April 2020 (or around), suspected Fulani militias attacked Kikwari in Kajuru LGA (Kaduna), killed 3 residents and looted and burnt down the village.",0.69,Fulani Ethnic Militia (Nigeria),,0.7410562180579212,0.9499999999999998,0.3386092309956409,0.13227019093624068,0.13227019093624068,0.1309540805463958,0.1309540805463958,0.13494222603874756
gemma3:4b,NIG34780,B,B,0.85,"{""V"": 0.05, ""B"": 0.65, ""E"": 0.02, ""P"": 0.03, ""R"": 0.02, ""S"": 0.03}","On 30 January 2024, troops of 114 battalion of the Nigerian Army trailed an unidentified armed group and engaged them in an armed clash at Apawa village (Lau, Taraba), reported as Yorro LGA. The group fled and abandoned three abductees who had previously been abducted from Ardo Kola LGA. Casualties are unknown.",0.7,Military Forces of Nigeria (2023-),,0.3943661971830987,0.85,0.14873411176143306,0.27101122129989036,0.14433835444518736,0.14578897902401536,0.14433835444518736,0.14578897902401536
gemma3:4b,NIG29313,B,B,0.85,"{""V"": 0.05, ""B"": 0.65, ""E"": 0.05, ""P"": 0.05, ""R"": 0.05, ""S"": 0.05}","On 23 December 2022, troops of Operation Forest Sanity on an ambush patrol clashed with a Kaduna militia at Buruku (Chikun, Kaduna), Birnin Gwari general area and Giwa LGA [coded separately]. 8 militiamen were killed; split across two events and coded as 4, four motorcycles and three mobile phones were recovered.",0.7,Military Forces of Nigeria (2015-2023),,0.3943661971830987,0.85,0.14658202667805947,0.26708986660943534,0.14658202667805947,0.14658202667805947,0.14658202667805947,0.14658202667805947
gemma3:4b,NIG38658,B,V,0.95,"{""V"": 0.95, ""B"": 0.01, ""E"": 0.01, ""P"": 0.0, ""R"": 0.0, ""S"": 0.03}","On 11 August 2024, the Aye (Black Axe) and the Vikings clashed and killed one person in the Orji area of Owerri (Owerri Municipal, Imo).",0.69,Black Axe (Nigeria),,0.7410562180579212,0.9499999999999998,0.3386092309956409,0.13227019093624068,0.13227019093624068,0.1309540805463958,0.1309540805463958,0.13494222603874756
gemma3:4b,NIG19965,B,B,0.85,"{""V"": 0.1, ""B"": 0.6, ""E"": 0.05, ""P"": 0.02, ""R"": 0.03, ""S"": 0.1}","Around 1 March 2021 (between 1 - 2 March), Nigerian military troops clashed with ISWAP fighters at Dikwa town (Dikwa LGA, Borno). Community resources report that at least six civilians were killed and four UN humanitarian aid workers abducted. Property damage also reported. Military sources deny abduction reports alleging the safety of all UN workers in the area. ISWAP sources report that eight soldiers were killed.",0.68,Military Forces of Nigeria (2015-2023),,0.3943661971830987,0.85,0.15490760790832234,0.2553994681517264,0.14735267472141575,0.14299774503982404,0.14443489627013353,0.15490760790832234
gemma3:4b,NIG22722,S,S,0.95,"{""V"": 0.01, ""B"": 0.02, ""E"": 0.01, ""P"": 0.03, ""R"": 0.02, ""S"": 0.89}","Around 26 November 2021, a Zamfara militia agreed on a peace deal with Dan Sadau emirate (Maru, Zamfara) to allow farmers carry on with their activities and for other residents to go about their business.",0.69,Zamfara Communal Militia (Nigeria),,0.7410562180579212,0.9499999999999998,0.13420654588689987,0.13555534409685227,0.13420654588689987,0.13691769795417755,0.13555534409685227,0.3235585220779947
gemma3:4b,NIG17898,P,P,0.95,"{""V"": 0.05, ""B"": 0.02, ""E"": 0.01, ""P"": 0.8, ""R"": 0.01, ""S"": 0.01}","On 10 August 2020, commercial drivers operating between Eleme and Igbo-Etche LGAs took to the streets in Rivers State to protest against harassment and extortion by the police.",0.7,Protesters (Nigeria),,0.7410562180579212,0.9499999999999998,0.14347585444795155,0.13923550212107044,0.13785008572694774,0.3037383862498311,0.13785008572694774,0.13785008572694774
gemma3:4b,NIG31996,B,B,0.95,"{""V"": 0.05, ""B"": 0.85, ""E"": 0.02, ""P"": 0.01, ""R"": 0.01, ""S"": 0.01}","On 20 July 2023, troops of Operation Hadarin Daji in collaboration with Civilian JTF operatives invaded the hideouts of Boko Haram [JAS faction] militants and engaged them in an armed clash at Bula Daloye, Bulongu Dina and Mairamiri Dina in Bama LGA (Borno). Eight militants were killed, others fled, women and children were rescued by the troops.",0.7,Military Forces of Nigeria (2023-),,0.7410562180579212,0.9499999999999998,0.1412757669191899,0.31441500148281926,0.13710043700536792,0.13573626486410278,0.13573626486410278,0.13573626486410278
gemma3:4b,NIG23065,V,V,0.95,"{""V"": 0.95, ""B"": 0.01, ""E"": 0.01, ""P"": 0.0, ""R"": 0.0, ""S"": 0.03}","On 25 December 2021, unidentified armed men attacked and killed a man in Ayangba (Dekina, Kogi). The reason for the attack is unknown.",0.7,Unidentified Armed Group (Nigeria),,0.7410562180579212,0.9499999999999998,0.3386092309956409,0.13227019093624068,0.13227019093624068,0.1309540805463958,0.1309540805463958,0.13494222603874756
gemma3:4b,NIG20707,E,V,0.95,"{""V"": 0.9, ""B"": 0.02, ""E"": 0.02, ""P"": 0.01, ""R"": 0.01, ""S"": 0.01}","Around 14 May 2021 (as reported), Nigerian Airforce conducted air strikes against a Kaduna communal militia in Jan Birni (Birnin Gwari LGA, Kaduna), killing several militiamen and destroying their structures. Several fatalities coded as 3.",0.72,Military Forces of Nigeria (2015-2023),,0.7410562180579212,0.9499999999999998,0.3266337398093577,0.13548209365156946,0.13548209365156946,0.13413402429572555,0.13413402429572555,0.13413402429572555
gemma3:4b,NIG31771,V,V,0.95,"{""V"": 0.95, ""B"": 0.01, ""E"": 0.01, ""P"": 0.01, ""R"": 0.0, ""S"": 0.0}","On 30 June 2023, policemen in a minivan ran over a civilian who was in handcuffs at Ekpoma (Esan West, Edo). The victim was seriously wounded.",0.68,Police Forces of Nigeria (2023-),,0.7410562180579212,0.9499999999999998,0.3395164308166609,0.13262456843856332,0.13262456843856332,0.13262456843856332,0.13130493193365478,0.13130493193365478
gemma3:4b,NIG26086,B,V,0.95,"{""V"": 0.85, ""B"": 0.05, ""E"": 0.02, ""P"": 0.01, ""R"": 0.01, ""S"": 0.01}","On 16 August 2022, Nigerian troops of Operation Forest Sanity clashed with a Kaduna militia when they raided their camps in Manini (Chikun, Kaduna) and Kuriga [coded separately] area. The camps were cleared and six abductees including a baby were rescued, there are no further details.",0.82,Military Forces of Nigeria (2015-2023),,0.7410562180579212,0.9499999999999998,0.31441500148281926,0.1412757669191899,0.13710043700536792,0.13573626486410278,0.13573626486410278,0.13573626486410278
gemma3:4b,NIG16458,E,B,0.85,"{""V"": 0.05, ""B"": 0.65, ""E"": 0.05, ""P"": 0.05, ""R"": 0.05, ""S"": 0.05}","On 27 February 2020, Nigerian Air Force conducted air strikes against a camp of Boko Haram (JAS) in Sambisa Forest (Gwoza, Borno) resulting in some fatalities. Unknown number of fatalities coded as 10.",0.7,Military Forces of Nigeria (2015-2023),,0.3943661971830987,0.85,0.14658202667805947,0.26708986660943534,0.14658202667805947,0.14658202667805947,0.14658202667805947,0.14658202667805947
gemma3:4b,NIG30412,V,V,0.95,"{""V"": 0.95, ""B"": 0.01, ""E"": 0.01, ""P"": 0.01, ""R"": 0.0, ""S"": 0.0}","On 12 January 2021, seven unidentified cult militias attacked and assaulted a man in Port Harcourt (Port Harcourt, Rivers) after having an altercation with one of their members while queuing for national identity card registration. The armed militia dispossessed him of his phone and money, and the ensuing commotion disrupted the registration exercise.",0.68,Unidentified Cult Militia (Nigeria),,0.7410562180579212,0.9499999999999998,0.3395164308166609,0.13262456843856332,0.13262456843856332,0.13262456843856332,0.13130493193365478,0.13130493193365478
gemma3:4b,NIG18723,V,V,0.95,"{""V"": 0.95, ""B"": 0.01, ""E"": 0.01, ""P"": 0.01, ""R"": 0.0, ""S"": 0.0}","On 20 October 2020, unidentified gunmen abducted two Christian pastors and a worshipper along Ubulu-Unor/Ogwashi-Uku road (Aniocha South LGA, Delta). Victims released after paying ransom.",0.68,Unidentified Armed Group (Nigeria),,0.7410562180579212,0.9499999999999998,0.3395164308166609,0.13262456843856332,0.13262456843856332,0.13262456843856332,0.13130493193365478,0.13130493193365478
gemma3:4b,NIG31632,V,V,0.95,"{""V"": 0.95, ""B"": 0.01, ""E"": 0.01, ""P"": 0.0, ""R"": 0.0, ""S"": 0.03}","On 11 June 2023, an unidentified armed group wounded an unspecified number of travelers when they shot at their bus along Ajaokuta-Itobe road (Ajaokuta, Kogi). The assailants had fired several shots at the direction of the bus driver in an attempt to abduct them.",0.69,Unidentified Armed Group (Nigeria),,0.7410562180579212,0.9499999999999998,0.3386092309956409,0.13227019093624068,0.13227019093624068,0.1309540805463958,0.1309540805463958,0.13494222603874756
gemma3:4b,NIG35786,V,V,0.95,"{""V"": 0.95, ""B"": 0.01, ""E"": 0.01, ""P"": 0.0, ""R"": 0.0, ""S"": 0.03}","On 31 March 2024, a Kaduna militia abducted 10 civilians from Azzara community, coded to Gidan Azara (Kachia, Kaduna). The abductees included a 5 day old baby and its mother who were abducted after her husband who was the target was not found by the militia.",0.74,Kaduna Communal Militia (Nigeria),,0.7410562180579212,0.9499999999999998,0.3386092309956409,0.13227019093624068,0.13227019093624068,0.1309540805463958,0.1309540805463958,0.13494222603874756
gemma3:4b,NIG21759,S,S,0.95,"{""V"": 0.05, ""B"": 0.1, ""E"": 0.02, ""P"": 0.01, ""R"": 0.01, ""S"": 0.81}","Around 17 August 2021 (as reported), the Nigerian military claimed hundreds of Boko Haram militants together with their wives and children surrendered throughout Borno state (coded to Maiduguri).",0.72,Military Forces of Nigeria (2015-2023),,0.7410562180579212,0.9499999999999998,0.14121158950395918,0.1484516625188282,0.13703815631940258,0.13567460388131702,0.13567460388131702,0.301949383894874
gemma3:4b,NIG31252,V,V,0.95,"{""V"": 0.95, ""B"": 0.01, ""E"": 0.01, ""P"": 0.01, ""R"": 0.0, ""S"": 0.0}","On 3 May 2023, policemen beat up a man at Oko-Oba abattoir, coded to Agege (Agege, Lagos) over his refusal to submit his phone for a search. The policemen were attached to the Agege Abattoir police station.",0.68,Police Forces of Nigeria (2015-2023),,0.7410562180579212,0.9499999999999998,0.3395164308166609,0.13262456843856332,0.13262456843856332,0.13262456843856332,0.13130493193365478,0.13130493193365478
gemma3:4b,NIG30262,E,V,0.95,"{""V"": 0.95, ""B"": 0.01, ""E"": 0.02, ""P"": 0.0, ""R"": 0.0, ""S"": 0.02}","On 5 March 2023, NAF killed three civilians in an airstrike that was targeted at a Kaduna militia in Sabon Gida village of Fatika district (Giwa, Kaduna). The militiamen ran into the village from a nearby bush, the victims included a pregnant woman and two teenagers, five other villagers sustained injuries.",0.68,Military Forces of Nigeria (2015-2023),,0.7410562180579212,0.9499999999999998,0.3386137548971382,0.13227195809808992,0.1336013133775258,0.13095583012469084,0.13095583012469084,0.1336013133775258
gemma3:4b,NIG17267,E,V,0.95,"{""V"": 0.95, ""B"": 0.01, ""E"": 0.02, ""P"": 0.0, ""R"": 0.0, ""S"": 0.02}","On 30 May 2020, Nigerian Air Force conducted air strikes against a camp of Zamfara militias 5km north of Birnin Kogo in Faskari LGA of Katsina State. 4 militiamen were killed.",0.74,Military Forces of Nigeria (2015-2023),,0.7410562180579212,0.9499999999999998,0.3386137548971382,0.13227195809808992,0.1336013133775258,0.13095583012469084,0.13095583012469084,0.1336013133775258
gemma3:4b,NIG17354,V,V,0.95,"{""V"": 0.85, ""B"": 0.02, ""E"": 0.03, ""P"": 0.01, ""R"": 0.01, ""S"": 0.01}","On 11 June 2020, security officials shot at a presidential aide at Aso Rock, the presidential villa, in Abuja (Abuja LGA, FCT) over his refusal to isolate himself due to coronavirus.",0.75,Police Forces of Nigeria (2015-2023),,0.7410562180579212,0.9499999999999998,0.3152970284028169,0.13748504421434926,0.13886679188027773,0.13611704516741352,0.13611704516741352,0.13611704516741352
gemma3:4b,NIG32116,V,V,0.95,"{""V"": 0.95, ""B"": 0.01, ""E"": 0.01, ""P"": 0.0, ""R"": 0.0, ""S"": 0.03}","On 25 July 2023, a Zamfara militia abducted a woman and her son from their residence at Saminaka community, along Gusau-Sokoto road (Gusau, Zamfara).",0.7,Zamfara Communal Militia (Nigeria),,0.7410562180579212,0.9499999999999998,0.3386092309956409,0.13227019093624068,0.13227019093624068,0.1309540805463958,0.1309540805463958,0.13494222603874756
gemma3:4b,NIG33620,E,B,0.95,"{""V"": 0.05, ""B"": 0.85, ""E"": 0.01, ""P"": 0.01, ""R"": 0.01, ""S"": 0.01}","On 8 November 2023, the Nigerian Air Force of Operation Hadin Kai launched air strikes against the ISWAP position at Ajigin (Damboa, Borno). The air surveillance detected the gathering of the militants and launched the strikes, killing seventeen ISWAP fighters. Three of the militia's gun trucks were destroyed.",0.73,Military Forces of Nigeria (2023-),,0.7410562180579212,0.9499999999999998,0.14146875465314718,0.3148445035834383,0.1359216854407749,0.1359216854407749,0.1359216854407749,0.1359216854407749
gemma3:4b,NIG29935,E,B,0.85,"{""V"": 0.05, ""B"": 0.65, ""E"": 0.08, ""P"": 0.02, ""R"": 0.03, ""S"": 0.05}","On 10 February 2023, the Nigerian Air Force carried out air strikes with rockets and bombs that targeted hundreds of Boko Haram [JAS faction] fighters who were holding a meeting on the fringes of Sambisa Forest Reserve in Gaizuwa, Bama LGA (Borno). Scores of fighters including high-ranking ones were killed, dozens of others sustained critical injuries.",0.69,Military Forces of Nigeria (2015-2023),,0.3943661971830987,0.85,0.1469892729350309,0.2678319176706516,0.15146576273843354,0.14264508339934334,0.14407869032124182,0.1469892729350309
gemma3:4b,NIG22586,B,B,0.95,"{""V"": 0.05, ""B"": 0.85, ""E"": 0.02, ""P"": 0.01, ""R"": 0.01, ""S"": 0.01}","On 9 November 2021, ISWAP claimed an ambush on a convoy on Nigerian army vehicles along the Ngamdu-Tasmakawa road (Kaga, Borno), coded as Ngamdu. Three soldiers were killed, an unspecified number were wounded and the rest fled.",0.77,Islamic State West Africa Province (ISWAP) - Lake Chad Faction,,0.7410562180579212,0.9499999999999998,0.1412757669191899,0.31441500148281926,0.13710043700536792,0.13573626486410278,0.13573626486410278,0.13573626486410278
gemma3:4b,NIG38100,B,B,0.95,"{""V"": 0.05, ""B"": 0.85, ""E"": 0.01, ""P"": 0.01, ""R"": 0.01, ""S"": 0.01}","On 14 August 2024, the Nigerian troops ambushed and killed two Kaduna militants during a firefight along Kwana Uri village in Giwa LGA, coded to Giwa (Kaduna). Other militants escaped with gunshot injuries. The troops recovered one AK-47 rifle, 288 rounds of RG55 ammunition, 40 rounds of CJ 95 ammunition, six rounds of 7.62mm special ammunition, a Baofeng communication radio, and a motorcycle.",0.71,Military Forces of Nigeria (2023-),,0.7410562180579212,0.9499999999999998,0.14146875465314718,0.3148445035834383,0.1359216854407749,0.1359216854407749,0.1359216854407749,0.1359216854407749
gemma3:4b,NIG17438,P,P,0.95,"{""V"": 0.05, ""B"": 0.1, ""E"": 0.02, ""P"": 0.7, ""R"": 0.03, ""S"": 0.05}","On 18 June 2020, hundreds of mototaxi drivers demonstrated in Abeokuta (Abeokuta South LGA, Ogun) over the increase of levies imposed by the State Government.",0.82,Protesters (Nigeria),,0.7410562180579212,0.9499999999999998,0.14456181302521037,0.15197365567311868,0.14028936577198997,0.2769140551660633,0.14169929733813044,0.14456181302521037
gemma3:4b,NIG27232,B,V,0.95,"{""V"": 0.95, ""B"": 0.01, ""E"": 0.01, ""P"": 0.01, ""R"": 0.0, ""S"": 0.0}","On 6 July 2020, an unidentified armed group attacked a vehicle while on transit along Okene-Lokoja highway (Okene, Kogi). One presumed policeman was killed, two others were abducted.",0.76,Unidentified Armed Group (Nigeria),,0.7410562180579212,0.9499999999999998,0.3395164308166609,0.13262456843856332,0.13262456843856332,0.13262456843856332,0.13130493193365478,0.13130493193365478
gemma3:4b,NIG35968,B,B,0.95,"{""V"": 0.05, ""B"": 0.85, ""E"": 0.01, ""P"": 0.01, ""R"": 0.01, ""S"": 0.01}","On 9 April 2024, the Nigerian troops of Operation Hadin Kai engaged Boko Haram (JAS) in a firefight and killed four at Ngauru Forest in Bama (Bama, Borno). The troops arrested seventeen Boko Haram family members and profiled them for rehabilitation. There were four fatalities.",0.7,Military Forces of Nigeria (2023-),,0.7410562180579212,0.9499999999999998,0.14146875465314718,0.3148445035834383,0.1359216854407749,0.1359216854407749,0.1359216854407749,0.1359216854407749
gemma3:4b,NIG31678,B,B,0.95,"{""V"": 0.05, ""B"": 0.85, ""E"": 0.01, ""P"": 0.01, ""R"": 0.01, ""S"": 0.01}","On 18 June 2023, policemen in the Katsina state command, led by the command's OC anti-kidnapping unit and OC SIB engaged a Katsina militia led by Audu Lankai in an armed clash at their camp in Jibia LGA (Katsina) and Batsari LGA [coded separately]. 5 militiamen were killed, one was arrested, 38 cows, 40 sheep and 65 goats were recovered. 5 fatalities split across 2 events coded as 2.",0.72,Police Forces of Nigeria (2023-),,0.7410562180579212,0.9499999999999998,0.14146875465314718,0.3148445035834383,0.1359216854407749,0.1359216854407749,0.1359216854407749,0.1359216854407749
gemma3:4b,NIG31148,V,V,0.95,"{""V"": 0.95, ""B"": 0.01, ""E"": 0.01, ""P"": 0.01, ""R"": 0.0, ""S"": 0.0}","Around 6 May 2023, (sometime between 1 and 8 May), special task force operatives presumed to comprise of soldiers and policemen killed a Jengere youth leader in Jos (Jos North, Plateau) where he was tortured following his arrest. The victim was released from custody on 1 May and dies on 8 May, residents of the town claim that he died from injuries he sustained while in custody.",0.69,Military Forces of Nigeria (2015-2023),,0.7410562180579212,0.9499999999999998,0.3395164308166609,0.13262456843856332,0.13262456843856332,0.13262456843856332,0.13130493193365478,0.13130493193365478
gemma3:4b,NIG18129,V,V,0.95,"{""V"": 0.95, ""B"": 0.01, ""E"": 0.01, ""P"": 0.0, ""R"": 0.0, ""S"": 0.0}","On 6 September 2020, Boko Haram militants raided the village of Kurmari and another village near Maiduguri (Maiduguri LGA, Borno), killing 8 residents.",0.68,Islamic State West Africa Province (ISWAP) - Lake Chad Faction and/or Boko Haram - Jamaatu Ahli is-Sunnah lid-Dawati wal-Jihad,,0.7410562180579212,0.9499999999999998,0.33996506112171054,0.13279981592350112,0.13279981592350112,0.13147843567698242,0.13147843567698242,0.13147843567698242
gemma3:4b,NIG18583,P,P,0.95,"{""V"": 0.05, ""B"": 0.02, ""E"": 0.01, ""P"": 0.8, ""R"": 0.01, ""S"": 0.01}","On 16 October 2020, thousands of supporters of the #EndSARS movement staged demonstrations at Airport Road and along other connecting roads in Abuja (Abuja Municipal LGA, FCT) to protest against police brutality across the country.",0.83,Protesters (Nigeria),,0.7410562180579212,0.9499999999999998,0.14347585444795155,0.13923550212107044,0.13785008572694774,0.3037383862498311,0.13785008572694774,0.13785008572694774
gemma3:4b,NIG21933,B,B,0.95,"{""V"": 0.05, ""B"": 0.85, ""E"": 0.01, ""P"": 0.02, ""R"": 0.01, ""S"": 0.01}","On 11 September 2021, police forces of Nigeria engaged IPOB militants in an armed clash in Amaifeke (Orlu, Imo) coded to Amike; three militants were killed, two were arrested and an unspecified number escaped with gunshot wounds.",0.72,Police Forces of Nigeria (2015-2023),,0.7410562180579212,0.9499999999999998,0.1412757669191899,0.31441500148281926,0.13573626486410278,0.13710043700536792,0.13573626486410278,0.13573626486410278
gemma3:4b,NIG25519,B,V,0.95,"{""V"": 0.95, ""B"": 0.01, ""E"": 0.01, ""P"": 0.0, ""R"": 0.0, ""S"": 0.03}","On 5 July 2022, an unidentified armed group killed a policeman during an attempt to assassinate the deputy governorship candidate of the APC at the GRA axis of Port Harcourt (Port Harcourt, Rivers).",0.7,Unidentified Armed Group (Nigeria),,0.7410562180579212,0.9499999999999998,0.3386092309956409,0.13227019093624068,0.13227019093624068,0.1309540805463958,0.1309540805463958,0.13494222603874756
gemma3:4b,NIG24877,V,V,0.95,"{""V"": 0.95, ""B"": 0.01, ""E"": 0.01, ""P"": 0.01, ""R"": 0.0, ""S"": 0.0}","On 17 May 2022, armed individuals attacked the house of the Ikwo Local Government Chairman at Ekpa Omaka (Ikwo, Ebonyi) and killed four person. Three of the victims were relatives of the chairman who was not at home at the time, the fourth person was the gate keeper, the assailants set the house ablaze. The Chairman's life had been under threat since he assumed office and there had been attempts to burn his house on several occasions but were prevented by security operatives.",0.74,Unidentified Armed Group (Nigeria),,0.7410562180579212,0.9499999999999998,0.3395164308166609,0.13262456843856332,0.13262456843856332,0.13262456843856332,0.13130493193365478,0.13130493193365478
gemma3:4b,NIG23685,B,V,0.95,"{""V"": 0.85, ""B"": 0.05, ""E"": 0.01, ""P"": 0.01, ""R"": 0.01, ""S"": 0.01}","On 12 February 2022, Nigerian police and military forces, together with local vigilantes, engaged Niger militiamen in a clash in Nasko (Magama, Niger), after the militiamen attacked civilians at villages around Nasko (coded separately). Scores of militiamen were killed; 20 abductees were rescued, large herds of cattle, weapons and ammunition were recovered. Scores of fatalities coded as 20.",0.7,Police Forces of Nigeria (2015-2023),,0.7410562180579212,0.9499999999999998,0.3148445035834383,0.14146875465314718,0.1359216854407749,0.1359216854407749,0.1359216854407749,0.1359216854407749
gemma3:4b,NIG22254,P,P,0.95,"{""V"": 0.05, ""B"": 0.02, ""E"": 0.01, ""P"": 0.8, ""R"": 0.01, ""S"": 0.01}","On 11 October 2021, locals from Ovwor community protested against the alleged illegal collection of levies by the principal of a government-owned school in Ovwor (Ughelli South, Delta), coded as Okwagbe. A majority of the protesters were women.",0.69,Protesters (Nigeria),,0.7410562180579212,0.9499999999999998,0.14347585444795155,0.13923550212107044,0.13785008572694774,0.3037383862498311,0.13785008572694774,0.13785008572694774
gemma3:4b,NIG23702,V,V,0.95,"{""V"": 0.95, ""B"": 0.01, ""E"": 0.01, ""P"": 0.01, ""R"": 0.0, ""S"": 0.0}","Around 13 February 2022 (as reported), a security operative, presumed police, beat up a truck driver to a coma at the Joita checkpoint on the Wukari-Zaki Biam highway (Wukari, Taraba). The victim was attacked over his refusal to pay an extra 1000 naira to the security operatives at the checkpoint.",0.7,Police Forces of Nigeria (2015-2023),,0.7410562180579212,0.9499999999999998,0.3395164308166609,0.13262456843856332,0.13262456843856332,0.13262456843856332,0.13130493193365478,0.13130493193365478
gemma3:4b,NIG18063,B,B,0.95,"{""V"": 0.05, ""B"": 0.85, ""E"": 0.01, ""P"": 0.01, ""R"": 0.01, ""S"": 0.01}","On 30 August 2020, Boko Haram or ISWAP clashed with military forces along Dikwa-Ngala road in Missini (Ngala LGA, Borno). Material damage reported",0.68,Islamic State West Africa Province (ISWAP) - Lake Chad Faction and/or Boko Haram - Jamaatu Ahli is-Sunnah lid-Dawati wal-Jihad,,0.7410562180579212,0.9499999999999998,0.14146875465314718,0.3148445035834383,0.1359216854407749,0.1359216854407749,0.1359216854407749,0.1359216854407749
gemma3:4b,NIG34880,S,R,0.95,"{""V"": 0.05, ""B"": 0.05, ""E"": 0.02, ""P"": 0.03, ""R"": 0.8, ""S"": 0.05}","Security measures: On 30 January 2024, the Osun State Government imposed a 12-hour curfew in Ilobu and Ifon, coded to Ifon (Orolu, Osun), over communal clashes between the two communities.",0.7,Government of Nigeria (2023-),,0.7410562180579212,0.9499999999999998,0.14148986117315088,0.14148986117315088,0.13730820381788275,0.1386881742082795,0.2995340384540855,0.14148986117315088
gemma3:4b,NIG22492,V,V,0.95,"{""V"": 0.95, ""B"": 0.01, ""E"": 0.01, ""P"": 0.0, ""R"": 0.0, ""S"": 0.0}","On 30 October 2021, a Katsina militia attacked and killed an unidentified number of civilians in Ungwan Dudu (Faskari, Katsina), coded as Faskari. The group looted shops during the attack and wounded an unspecified number of individuals. Unknown fatalities coded as 3.",0.69,Katsina Communal Militia (Nigeria),,0.7410562180579212,0.9499999999999998,0.33996506112171054,0.13279981592350112,0.13279981592350112,0.13147843567698242,0.13147843567698242,0.13147843567698242
gemma3:4b,NIG31710,V,V,0.95,"{""V"": 0.95, ""B"": 0.01, ""E"": 0.01, ""P"": 0.0, ""R"": 0.0, ""S"": 0.03}","On 15 June 2023, an unidentified armed group killed one person and abducted three others at Yimi community, Gwagwalada Area Council (FCT).",0.69,Unidentified Armed Group (Nigeria),,0.7410562180579212,0.9499999999999998,0.3386092309956409,0.13227019093624068,0.13227019093624068,0.1309540805463958,0.1309540805463958,0.13494222603874756
olmo2:7b,NIG17300,V,V,0.9,"{""V"": 0.8, ""B"": 0.05, ""E"": 0.05, ""P"": 0.02, ""R"": 0.02, ""S"": 0.02}","On 6 June 2020, unidentified gunmen attacked Maigoge (Bali LGA, Taraba) and killed 4 residents. The attack is believed to be related to the ongoing Tiv-Jukun conflict in the area.",1.06,Unidentified Communal Militia (Nigeria),,0.8328840970350404,0.8999999999999999,0.3012092521883069,0.14228117610988947,0.14228117610988947,0.13807613186387094,0.13807613186387094,0.13807613186387094
olmo2:7b,NIG31066,B,B,0.9,"{""B"": 0.8, ""E"": 0.05, ""P"": 0.02, ""R"": 0.03, ""S"": 0.04}","On 20 April 2023, troops of 21 Armored Brigade of Operation Hadin Kai, 199 Special Forces Battalion and Civilian JTF clashed with dozens of Boko Haram [JAS] militants at Ukuba and Garin Glucose in Bama LGA (Borno). 9 militants were killed others escaped with bullet wounds, one truck and two 122 artillery guns were recovered by the troops, some women who were held by captive were rescued during the operations which lasted three days.",0.94,Military Forces of Nigeria (2015-2023),,0.8328840970350404,0.8999999999999999,0.13571690816451737,0.30204353380858695,0.14267526284287635,0.13845857157372876,0.13985010335228,0.14125562025770858
olmo2:7b,NIG21935,B,B,0.85,"{""B"": 0.85, ""E"": 0.05, ""P"": 0.02, ""R"": 0.02, ""S"": 0.02}","On 11 September 2021, a Zamfara militias attacked a security forces base in Dan Sadau (Maru, Zamfara). Twelve security personnel, including military and police officers, were killed.",0.95,Zamfara Communal Militia (Nigeria),,0.7386759581881533,0.85,0.13420077190174146,0.31398241350594736,0.14108139261165245,0.13691180732678163,0.13691180732678163,0.13691180732678163
olmo2:7b,NIG34842,B,B,0.85,"{""B"": 0.8, ""E"": 0.05, ""P"": 0.02, ""R"": 0.03, ""S"": 0.0}","On 6 February 2024, soldiers attacked policemen at their camp in Sabon Gari area of Mangu (Mangu, Plateau). An unspecified number of policemen were wounded, and they claimed that the attack was unprovoked.",1.36,Military Forces of Nigeria (2023-),,0.7386759581881533,0.85,0.13647279166611,0.30372578347855356,0.1434699013203282,0.1392297249349577,0.14062900693363678,0.13647279166611
olmo2:7b,NIG38559,P,P,0.9,"{""P"": 0.8, ""R"": 0.1, ""S"": 0.1}","Around 15 September 2024 (as reported), the Otulu community people protested in Asaba (Oshimili South, Delta) over the alleged seizure of their land by the Ogwashi-Uku people. They displayed placards with various inscriptions calling on the government to intervene and stop the seizure of their land.",0.73,Protesters (Nigeria),,0.8328840970350404,0.8999999999999999,0.1344830239597798,0.1344830239597798,0.1344830239597798,0.29929747400992307,0.14862672705521915,0.14862672705521915
olmo2:7b,NIG16585,R,P,0.9,"{""P"": 0.8, ""R"": 0.1, ""S"": 0.1}","On 20 March 2020, youths clashed with police in Amakohia (Owerri North LGA, Imo), after they refused a police demand to move on when they blocked a local bank during a burial procession. One person was shot and injured by a police officer who fired warning shots to disperse the crowd.",0.69,Rioters (Nigeria),,0.8328840970350404,0.8999999999999999,0.1344830239597798,0.1344830239597798,0.1344830239597798,0.29929747400992307,0.14862672705521915,0.14862672705521915
olmo2:7b,NIG27104,V,P,0.8,"{""P"": 0.8, ""R"": 0.2}","On 4 September 2021, a soldier opened fire while trying to disperse a crowd during local elections in Gwanki (Makarfi LGA, Kaduna). A girl was killed by a stray bullet.",0.57,Military Forces of Nigeria (2015-2023),,0.272,0.8,0.13428327674775206,0.13428327674775206,0.13428327674775206,0.29885292841420313,0.16401396459448975,0.13428327674775206
olmo2:7b,NIG26316,V,V,0.9,"{""V"": 0.8, ""B"": 0.05, ""E"": 0.03, ""P"": 0.02, ""R"": 0.02, ""S"": 0.02}","On 15 September 2022, officials of Yakurr LGA task force beat up a civilian and caused him some burns on his body in Ugep (Yakurr, Cross River) following the victim's refusal to hand over his car keys to the officials who were dressed in mufti. The assailants fled after the victim was wounded.",1.43,Police Forces of Nigeria (2015-2023),,0.8328840970350404,0.8999999999999999,0.30206026349927745,0.14268316538919623,0.1398578494176985,0.13846624056450857,0.13846624056450857,0.13846624056450857
olmo2:7b,NIG30329,B,V,0.9,"{""V"": 0.8, ""B"": 0.05, ""E"": 0.05, ""P"": 0.02, ""R"": 0.02, ""S"": 0.02}","Around 30 September 2021 (week of), an unidentified cult group killed four suspected members of a rival group in Kuchibena, near the Life Camp, Abuja (Abuja Municipal, FCT). The assailants dismembered the body of one of their victims, chopped off his head and hung it on a stick. The community had been in palpable fear over the incessant cult clashes and killing in the area, prompting the police to request that the slums in the area be demolished. 4 fatalities reported.",1.16,Unidentified Cult Militia (Nigeria),,0.8328840970350404,0.8999999999999999,0.3012092521883069,0.14228117610988947,0.14228117610988947,0.13807613186387094,0.13807613186387094,0.13807613186387094
olmo2:7b,NIG21980,B,B,0.85,"{""B"": 0.85, ""E"": 0.05, ""P"": 0.02, ""R"": 0.02, ""S"": 0.02}","Around 16 September 2021 (as reported), military forces clashed with militia members fleeing from Zamfara state in Maiha (Maiha, Adamawa). Some militia members were killed by the soldiers, eleven rocket launchers and three grenades were recovered. Unknown fatalities coded as 10.",1.39,Military Forces of Nigeria (2015-2023),,0.7386759581881533,0.85,0.13420077190174146,0.31398241350594736,0.14108139261165245,0.13691180732678163,0.13691180732678163,0.13691180732678163
olmo2:7b,NIG34255,B,B,0.85,"{""B"": 0.8, ""E"": 0.05, ""P"": 0.02, ""R"": 0.03, ""S"": 0.0}","On 14 December 2023, policemen engaged an unidentified armed group in an armed clash at their hideout in a forest in Emohua LGA (Rivers) and rescued four abductees. Two members of the group were killed.",0.95,Police Forces of Nigeria (2023-),,0.7386759581881533,0.85,0.13647279166611,0.30372578347855356,0.1434699013203282,0.1392297249349577,0.14062900693363678,0.13647279166611
olmo2:7b,NIG21852,V,E,0.8,"{""E"": 0.7, ""P"": 0.1, ""R"": 0.05, ""S"": 0.05}","On 30 August 2021, ISWAP claimed an attack on a Christian town in Borno (location coded to Maiduguri, Maiduguri Metro). A church and school were burnt. No reported injuries or fatalities.",0.81,Islamic State West Africa Province (ISWAP) - Lake Chad Faction,,0.272,0.8,0.13847604145211942,0.13847604145211942,0.2788565033939994,0.15303969386312025,0.14557585991918132,0.14557585991918132
olmo2:7b,NIG18752,V,P,0.8,"{""P"": 0.8, ""R"": 0.2}","On 23 October 2020, Nigerian police forces attacked a journalist in Udu LGA, Delta over the enforcement of the state-wide curfew despite the journalist being on an official assignment. No reported fatalities.",0.82,Police Forces of Nigeria (2015-2023),,0.272,0.8,0.13428327674775206,0.13428327674775206,0.13428327674775206,0.29885292841420313,0.16401396459448975,0.13428327674775206
olmo2:7b,NIG38445,B,B,0.85,"{""B"": 0.8, ""E"": 0.05, ""P"": 0.02, ""R"": 0.03, ""S"": 0.0}","On 5 August 2024, the Buccaneers and Eiye clashed and killed one person in Ake Junction, Abeokuta (Abeokuta South, Ogun).",0.94,SEC: Supreme Eiye Confraternity (Nigeria),,0.7386759581881533,0.85,0.13647279166611,0.30372578347855356,0.1434699013203282,0.1392297249349577,0.14062900693363678,0.13647279166611
olmo2:7b,NIG35617,B,B,0.9,"{""B"": 0.8, ""E"": 0.05, ""P"": 0.02, ""R"": 0.03, ""S"": 0.04}","On 15 March 2024, Nigerian troops raided the hideout of a Katsina militia and engaged them in an armed clash at Dutsen Kura in Batsari LGA (Batsari, Katsina). Two militia members were killed, one 81mm mortar bomb among other items were recovered by the troops.",0.94,Military Forces of Nigeria (2023-),,0.8328840970350404,0.8999999999999999,0.13571690816451737,0.30204353380858695,0.14267526284287635,0.13845857157372876,0.13985010335228,0.14125562025770858
olmo2:7b,NIG34375,S,E,0.85,"{""E"": 0.85, ""P"": 0.05, ""R"": 0.05, ""S"": 0.05}","Looting: On 26 December 2023, ISWAP raided and looted drugs from a Primary Health Care center in Mainok (Kaga, Borno).",0.81,Islamic State West Africa Province (ISWAP),,0.7386759581881533,0.85,0.13344969896096937,0.13344969896096937,0.3122251680645031,0.14029181133774862,0.14029181133774862,0.14029181133774862
olmo2:7b,NIG26000,V,V,0.9,"{""V"": 0.8, ""B"": 0.05, ""E"": 0.05, ""P"": 0.02, ""R"": 0.02, ""S"": 0.02}","On 5 September 2022, a presumed faction of Igbide communal militia killed one person and wounded the vice president of a faction of the community at Igbide (Isoko South, Delta). The two victims were driving together when they were shot by the assailants, soldiers were deployed to the area to restore calm.",1.08,Igbide Communal Militia (Nigeria),,0.8328840970350404,0.8999999999999999,0.3012092521883069,0.14228117610988947,0.14228117610988947,0.13807613186387094,0.13807613186387094,0.13807613186387094
olmo2:7b,NIG30514,B,B,0.85,"{""B"": 0.8, ""E"": 0.05, ""P"": 0.05, ""R"": 0.05, ""S"": 0.05}","On 13 March 2023, policemen attached to Operation Whirl Punch engaged a Kaduna militia in an armed clash, after the militia blocked the Galadimawa-Tumbruku road (Giwa, Kaduna). One militia member was killed, others fled with bullet wounds and the policemen recovered one rifle and two live rounds of ammunition.",0.97,Police Forces of Nigeria (2015-2023),,0.7386759581881533,0.85,0.13457817582540035,0.29950923838128407,0.14147814644825396,0.14147814644825396,0.14147814644825396,0.14147814644825396
olmo2:7b,NIG36992,V,V,0.9,"{""V"": 0.8, ""B"": 0.05, ""E"": 0.05, ""P"": 0.02, ""R"": 0.02, ""S"": 0.02}","On 19 May 2024, ISWAP fighters abducted a man and later killed him along the Banki-Kumshe Road near Kumshe (Bama, Borno). They also stole an unspecified number of bicycles belonging to IDPs.",1.15,Islamic State West Africa Province (ISWAP),,0.8328840970350404,0.8999999999999999,0.3012092521883069,0.14228117610988947,0.14228117610988947,0.13807613186387094,0.13807613186387094,0.13807613186387094
olmo2:7b,NIG29598,B,B,0.85,"{""B"": 0.85, ""E"": 0.05, ""P"": 0.02, ""R"": 0.02, ""S"": 0.02}","On 7 January 2023, the police and the local hunters attacked an unidentified armed group in their enclave in Mansur forest, Mansur (Alkaleri, Bauchi). The police shot and killed two members of the group during a gun battle and recovered a fabricated SMG rifle and three operational motorcycles (Honda Bajaj). 2 fatalities reported.",0.94,Police Forces of Nigeria (2015-2023),,0.7386759581881533,0.85,0.13420077190174146,0.31398241350594736,0.14108139261165245,0.13691180732678163,0.13691180732678163,0.13691180732678163
olmo2:7b,NIG29112,B,B,0.85,"{""B"": 0.85, ""E"": 0.05, ""P"": 0.02, ""R"": 0.02, ""S"": 0.02}","On 19 December 2022, Nigerian troops in collaboration with the police and DSS clashed with IPOB militants when they raided their camp at Umuleje Amaeze in Ishielu LGA (Ebonyi). Four militants were killed, weapons, ammunition, 13 military hand grenades and other items were recovered.",1.25,Military Forces of Nigeria (2015-2023),,0.7386759581881533,0.85,0.13420077190174146,0.31398241350594736,0.14108139261165245,0.13691180732678163,0.13691180732678163,0.13691180732678163
olmo2:7b,NIG34705,S,S,0.95,"{""V"": 0.05, ""B"": 0.15, ""E"": 0.1, ""P"": 0.2, ""R"": 0.25, ""S"": 0.75}","Security measures: On 23 January 2024, the governor of Plateau state imposed a 24 hour curfew on Mangu LGA (Plateau) following violence which broke out in different parts of the town [coded separately].",1.09,Government of Nigeria (2023-),,0.8328840970350404,0.9499999999999998,0.13239015545474972,0.14631374964810345,0.13917794387430701,0.1538154160074488,0.16170170102568496,0.2666010339894395
olmo2:7b,NIG29332,V,V,0.9,"{""V"": 0.8, ""B"": 0.05, ""E"": 0.05, ""P"": 0.02, ""R"": 0.02, ""S"": 0.02}","On 25 December 2022, a Kaduna militia on motorcycles attacked civilians at Anguwan Aku in Kajuru LGA (Kaduna) and conducted a house to house search. One person was killed; 53 person were abducted, 7 persons among the abductees escaped and 45 others were taken away.",1.15,Kaduna Communal Militia (Nigeria),,0.8328840970350404,0.8999999999999999,0.3012092521883069,0.14228117610988947,0.14228117610988947,0.13807613186387094,0.13807613186387094,0.13807613186387094
olmo2:7b,NIG21210,B,B,0.85,"{""B"": 0.8, ""E"": 0.05, ""P"": 0.02, ""R"": 0.03, ""S"": 0.02}","On 26 June 2021, military and police members of the Task Force killed two kidnappers in Koton-Karfe (Kogi LGA, Kogi).",0.95,Military Forces of Nigeria (2015-2023),,0.7386759581881533,0.85,0.13609757972076816,0.30289073393733607,0.1430754518471753,0.1388469332055259,0.14024236808336576,0.1388469332055259
olmo2:7b,NIG21090,B,B,0.85,"{""B"": 0.8, ""E"": 0.05, ""P"": 0.02, ""R"": 0.03, ""S"": 0.02}","On 17 June 2021, ISWAP fighters clashed with Nigerian police operatives following an attack on Gujba town (Gujba LGA, Yobe). At least three policemen were killed. ISWAP fighters also looted medical supplies and set properties and houses ablaze.",0.93,Police Forces of Nigeria (2015-2023),,0.7386759581881533,0.85,0.13609757972076816,0.30289073393733607,0.1430754518471753,0.1388469332055259,0.14024236808336576,0.1388469332055259
olmo2:7b,NIG35108,V,P,0.8,"{""P"": 0.8, ""R"": 0.1, ""S"": 0.1}","On 15 February 2024, a Naval officer shot and killed a man at a military checkpoint at Owerri-Nta (Isiala Ngwa South, Abia) after he refused to stop at the checkpoint. The Navy claimed that the victim was shot because he was struggling for a gun with the soldier after he was invited over an allegation of theft levelled against him.",0.72,Military Forces of Nigeria (2023-),,0.272,0.8,0.1344830239597798,0.1344830239597798,0.1344830239597798,0.29929747400992307,0.14862672705521915,0.14862672705521915
olmo2:7b,NIG19404,B,B,0.95,"{""B"": 0.9, ""E"": 0.05, ""P"": 0.0, ""R"": 0.0, ""S"": 0.0}","On 9 January 2021, Nigerian military troops clashed with Boko Haram elements at Gonan Kaji Village along Damaturu-Buni Yadi Road (Gujba LGA, Yobe), killing 30 militants and recovering weapons and ammunition.",0.93,Military Forces of Nigeria (2015-2023),,0.8328840970350404,0.9499999999999998,0.1331402939749317,0.3274722812810929,0.13996654281885262,0.1331402939749317,0.1331402939749317,0.1331402939749317
olmo2:7b,NIG36383,S,B,0.85,"{""B"": 0.85, ""E"": 0.05, ""P"": 0.02, ""R"": 0.02, ""S"": 0.02}","On 12 January 2024, the Nigerian police arrested a Kaduna militia's kingpin around the Abuja-Kaduna Road flyover by Rido Junction, coded to Rido (Chikun, Kaduna). The kingpin was responsible for many high-profile attacks and abductions in the area. The police recovered forty- eight AK-47 rifles from him.",1.36,Police Forces of Nigeria (2023-),,0.7386759581881533,0.85,0.13420077190174146,0.31398241350594736,0.14108139261165245,0.13691180732678163,0.13691180732678163,0.13691180732678163
olmo2:7b,NIG38569,B,B,0.85,"{""B"": 0.8, ""E"": 0.05, ""P"": 0.02, ""R"": 0.03, ""S"": 0.0}","On 17 September 2024, the Nigerian troops clashed with a Kaduna militia, killing two in an ambush at Hayin Nakwakina village in Giwa LGA, coded to Hayin Kanwa (Giwa, Kaduna). The troops recovered two motorcycles, a mobile phone, and machetes.",0.94,Military Forces of Nigeria (2023-),,0.7386759581881533,0.85,0.13647279166611,0.30372578347855356,0.1434699013203282,0.1392297249349577,0.14062900693363678,0.13647279166611
olmo2:7b,NIG20519,P,P,0.9,"{""P"": 0.8, ""R"": 0.1, ""S"": 0.1}","On 22 April 2021, the Osun Chapter of the Nigerian Bar Association with the Judiciary Staff Union of Nigeria staged protest marches on major roads and at the Governor's Office in Oshogbo (Osogbo LGA, Ogun) to demand for the autonomy of the judiciary and legislature.",0.7,Protesters (Nigeria),,0.8328840970350404,0.8999999999999999,0.1344830239597798,0.1344830239597798,0.1344830239597798,0.29929747400992307,0.14862672705521915,0.14862672705521915
olmo2:7b,NIG22612,V,V,0.99,"{""V"": 0.99, ""B"": 0.0, ""E"": 0.0, ""P"": 0.0, ""R"": 0.0, ""S"": 0.0}","On 14 November 2021, members of a Zamfara militia numbering up to a hundred attacked Kwarin Mai Saje (Tsafe, Gusau), coded as Tsafe, raped an unspecified number of women, abducted six persons and looted valuables. The attack was a punitive measure on the village over its failure to pay a levy imposed by the militia.",1.07,Zamfara Communal Militia (Nigeria),,0.8333333333333334,0.99,0.3499093002590898,0.13001813994811204,0.13001813994811204,0.13001813994811204,0.13001813994811204,0.13001813994811204
olmo2:7b,NIG36868,B,B,0.85,"{""B"": 0.8, ""E"": 0.05, ""P"": 0.02, ""R"": 0.03, ""S"": 0.0}","Around 21 June 2024 (as reported), Nigerian troops, hunters and KSVS clashed with a Kogi militia at a ransom collection point in the Okunran Okoloke area, coded to Okoloke (Yagba West, Kogi). The troops killed one of the militiamen and recovered an AK-47 rifle with a magazine containing 15 rounds of 7.62 mm (Special) ammunition and one motorcycle.",0.94,Military Forces of Nigeria (2023-),,0.7386759581881533,0.85,0.13647279166611,0.30372578347855356,0.1434699013203282,0.1392297249349577,0.14062900693363678,0.13647279166611
olmo2:7b,NIG35481,B,B,0.95,"{""B"": 0.9, ""E"": 0.05, ""P"": 0.0, ""R"": 0.0, ""S"": 0.0}","On 10 March 2024, military forces together with hybrid forces, coded as Civilian JTF engaged Boko Haram/ ISWAP militants in an armed clash at their enclave at Ukuba in Sambisa Forest Reserve (Gwoza, Borno). 8 militants were killed, 5 locally fabricated guns, two motorcycles and assorted food items were recovered by the troops.",1.07,Military Forces of Nigeria (2023-),,0.8328840970350404,0.9499999999999998,0.1331402939749317,0.3274722812810929,0.13996654281885262,0.1331402939749317,0.1331402939749317,0.1331402939749317
olmo2:7b,NIG29019,P,P,0.9,"{""P"": 0.8, ""R"": 0.1, ""S"": 0.1}","On 7 December 2022, members of the Kaduna state chapter of ARPON protested at the Kaduna state police command (Kaduna North, Kaduna) to demand that the National Assembly urgently pass the two police bills that are before the house in order to address the challenges faced by its members.",0.7,Protesters (Nigeria),,0.8328840970350404,0.8999999999999999,0.1344830239597798,0.1344830239597798,0.1344830239597798,0.29929747400992307,0.14862672705521915,0.14862672705521915
olmo2:7b,NIG16121,B,B,0.9,"{""B"": 0.8, ""E"": 0.05, ""P"": 0.02, ""R"": 0.03, ""S"": 0.04}","On 20 January 2020, Nigerian Armed Forces, Cameroon Armed Forces and Civilian JTF clashed with Boko Haram (JAS) at Abbaram. Other villages include Nguzuwa and Cina (Bama LGA, Borno, no locations found coded as Bama (Borno, Bama)). 5 BH fighters were killed and abducted civilians rescued. Fatalities split between 2 events.",1.05,Military Forces of Nigeria (2015-2023),,0.8328840970350404,0.8999999999999999,0.13571690816451737,0.30204353380858695,0.14267526284287635,0.13845857157372876,0.13985010335228,0.14125562025770858
olmo2:7b,NIG38088,V,V,0.95,"{""V"": 0.95, ""B"": 0.0, ""E"": 0.0, ""P"": 0.0, ""R"": 0.0, ""S"": 0.0}","On 24 July 2024, a Katsina militia attacked and killed two people in Godiya village, coded as Ruwan Godiya (Faskari, Katsina). An unspecified number of others were injured and abducted.",1.52,Katsina Communal Militia (Nigeria),,0.8328840970350404,0.9499999999999998,0.3408658880240045,0.1318268223951309,0.1318268223951309,0.1318268223951309,0.1318268223951309,0.1318268223951309
olmo2:7b,NIG22187,V,P,0.8,"{""P"": 0.8, ""R"": 0.2}","On 4 October 2021, unidentified armed men shot sporadically while enforcing a sit at home order in Owerri (Owerri Municipal, Imo). Casualties unknown. Police sources denied reports of the attack.",0.59,Unidentified Armed Group (Nigeria),,0.272,0.8,0.13428327674775206,0.13428327674775206,0.13428327674775206,0.29885292841420313,0.16401396459448975,0.13428327674775206
olmo2:7b,NIG34305,B,P,0.8,"{""P"": 0.8, ""R"": 0.2}","On 18 December 2023, an unidentified armed group killed the police orderly of a high court judge, then proceeded to abduct the judge and her driver as they were traveling along Okobo axis of Oron-Uyo road (Oron, Akwa Ibom). The assailants had posed as a local defense militia on the road. The abductees were released on 23 December, there are no reports on ransom payment.",0.59,Unidentified Armed Group (Nigeria),,0.272,0.8,0.13428327674775206,0.13428327674775206,0.13428327674775206,0.29885292841420313,0.16401396459448975,0.13428327674775206
olmo2:7b,NIG38025,P,P,0.9,"{""P"": 0.8, ""R"": 0.1}","On 6 August 2024, protesters marched, in their large number, to the residence of the former Governor of Rivers State and Minister of the Federal Capital Territory in Port Harcourt (Port Harcourt, Rivers). They displayed placards with various inscriptions decrying the high cost of living and alleged bad governance in Nigeria.",0.58,Protesters (Nigeria),,0.8328840970350404,0.8999999999999999,0.1364124004502848,0.1364124004502848,0.1364124004502848,0.30359138035601313,0.1507590178425441,0.1364124004502848
olmo2:7b,NIG34649,E,B,0.85,"{""B"": 0.85, ""E"": 0.05, ""P"": 0.01, ""R"": 0.01, ""S"": 0.07}","On 14 January 2024, ISWAP claimed to have fired two mortal shells at the Nigerian Army's position in Nduva (Damboa, Borno). There were no fatalities.",1.35,Islamic State West Africa Province (ISWAP),,0.7386759581881533,0.85,0.13362684088137575,0.312639617600926,0.1404780355186284,0.1349698129591631,0.1349698129591631,0.14331588008043086
olmo2:7b,NIG25857,V,P,0.8,"{""P"": 0.8, ""R"": 0.2}","On 29 July 2022, an unidentified armed group abducted a gold miner and his driver along Ilesa-Oshogbo (Osogbo, Osun). A ransom of 100 million naira was demanded for the miner, the victims were released around 8 August after 20 million naira was paid as ransom.",0.58,Unidentified Armed Group (Nigeria),,0.272,0.8,0.13428327674775206,0.13428327674775206,0.13428327674775206,0.29885292841420313,0.16401396459448975,0.13428327674775206
olmo2:7b,NIG21924,B,B,0.85,"{""B"": 0.8, ""E"": 0.05, ""P"": 0.02, ""R"": 0.03, ""S"": 0.02}","On 9 September 2021, gunmen engaged police officers in an armed clash that led to the killing of three police officers and the abduction of an unspecified number of expatriates in Akukutoru LGA (Rivers) coded as Abonnema. The abducted expatriates were released around 4 October.",0.95,Unidentified Armed Group (Nigeria),,0.7386759581881533,0.85,0.13609757972076816,0.30289073393733607,0.1430754518471753,0.1388469332055259,0.14024236808336576,0.1388469332055259
olmo2:7b,NIG35468,V,P,0.8,"{""P"": 0.8, ""R"": 0.2}","On 10 March 2024, an unidentified armed group numbering six abducted a Chinese national from a guest house around Eyenkorin in Ilorin (Ilorin West, Kwara) where he was lodged. The police claimed to have arrested three suspects in connection with the abduction. The abductee was rescued on 19 March by operatives of the state police command (there are no further details on ransom payment or a clash).",0.59,Unidentified Armed Group (Nigeria),,0.272,0.8,0.13428327674775206,0.13428327674775206,0.13428327674775206,0.29885292841420313,0.16401396459448975,0.13428327674775206
olmo2:7b,NIG23775,E,B,0.85,"{""B"": 0.8, ""E"": 0.05, ""P"": 0.02, ""R"": 0.03, ""S"": 0.02}","Around 13 February 2022 (as reported), Nigerian troops carried out airstrikes against ISWAP camps in Tumbun Kaiyowa (Abadan, Borno), Tumbun Madayi, Tumbun Allura, Parisu and Njimia [coded separately]. Five militant leaders were killed in the strikes across the locations, five fatalities split across five events, coded as 1.",1.35,Military Forces of Nigeria (2015-2023),,0.7386759581881533,0.85,0.13609757972076816,0.30289073393733607,0.1430754518471753,0.1388469332055259,0.14024236808336576,0.1388469332055259
olmo2:7b,NIG27039,B,B,0.85,"{""B"": 0.8, ""E"": 0.05, ""P"": 0.05, ""R"": 0.05, ""S"": 0.05}","On 13 May 2021, an unidentified armed group attacked Moniokoro police station Rumuola (Obio, Rivers). Casualties unknown.",1.36,Police Forces of Nigeria (2015-2023),,0.7386759581881533,0.85,0.13457817582540035,0.29950923838128407,0.14147814644825396,0.14147814644825396,0.14147814644825396,0.14147814644825396
olmo2:7b,NIG32699,V,V,0.95,"{""V"": 0.9, ""B"": 0.05, ""E"": 0.03, ""P"": 0.02, ""R"": 0.01, ""S"": 0.01}","On 9 September 2023, a Zamfara militia abducted over 50 civilians around Darita forest while they were on transit to Bagega (Anka, Zamfara) for the weekly market. One of the abductees who escaped claimed that the militiamen were followers of Halilu Buzu and that the abduction was a response to the government's closure of the Bagega cattle market.",1.07,Zamfara Communal Militia (Nigeria),,0.8328840970350404,0.9499999999999998,0.32441611847351376,0.13866029320042694,0.13591463543538418,0.1345622622168809,0.13322334533673488,0.13322334533673488
olmo2:7b,NIG29483,E,E,0.8,"{""E"": 0.7, ""P"": 0.1, ""R"": 0.05, ""S"": 0.05}","On 7 July 2022, the Nigerian Airforce accidentally killed one person and injured 13 others in an air strike targeting some camps of militiamen in Kunkuna (Safana, Katsina). 1 fatality reported.",0.83,Military Forces of Nigeria (2015-2023),,0.272,0.8,0.13847604145211942,0.13847604145211942,0.2788565033939994,0.15303969386312025,0.14557585991918132,0.14557585991918132
olmo2:7b,NIG25991,B,B,0.9,"{""B"": 0.8, ""E"": 0.05, ""P"": 0.05, ""R"": 0.05, ""S"": 0.02}","On 3 September 2022, Nigerian troops on a fighting patrol clashed with a Kaduna militia at Farin-Ruwa (Birnin Gwari, Kaduna), Dogon Dawa-Kuyelo and Sabon Birni [coded separately]. Three militiamen were killed, two rifles, nine magazines, seven Boafeng communication radio and other items were recovered by the troops. 3 fatalities split across 3 events coded as 1.",0.94,Military Forces of Nigeria (2015-2023),,0.8328840970350404,0.8999999999999999,0.1351432518087142,0.30076683810985716,0.14207219449676808,0.14207219449676808,0.14207219449676808,0.13787332659082352
olmo2:7b,NIG26004,V,V,0.95,"{""V"": 0.95, ""B"": 0.0, ""E"": 0.0, ""P"": 0.0, ""R"": 0.0, ""S"": 0.0}","On 6 September 2022, a Kaduna militia attacked civilians when they invaded Katun Gida in Idon (Kajuru, Kaduna) and shot sporadically. Two persons who were siblings were killed, 13 others were abducted; three of whom escaped, one other man was released by the abductors to tend to his sick wife.",1.07,Kaduna Communal Militia (Nigeria),,0.8328840970350404,0.9499999999999998,0.3408658880240045,0.1318268223951309,0.1318268223951309,0.1318268223951309,0.1318268223951309,0.1318268223951309
olmo2:7b,NIG19278,P,P,0.9,"{""P"": 0.8, ""R"": 0.1, ""S"": 0.1}","On 17 December 2020, members of the Coalition of Northern Groups (CNG) staged a demonstration in Katsina State to demand that the government rescue hundreds of male schoolboys kidnapped from Government Science Secondary School in Kankara.",0.72,Protesters (Nigeria),,0.8328840970350404,0.8999999999999999,0.1344830239597798,0.1344830239597798,0.1344830239597798,0.29929747400992307,0.14862672705521915,0.14862672705521915
olmo2:7b,NIG28692,B,B,0.85,"{""B"": 0.85, ""E"": 0.05, ""P"": 0.02, ""R"": 0.02, ""S"": 0.02}","On 10 November 2022, Nigerian troops clashed with a Zamfara militia that had come to evacuate the remains of their colleagues that were killed the previous day [coded separately] at Gando forest, coded to Bukuyum (Bukkuyum, Zamfara). Hundreds of militia members were killed, coded as 100.",0.94,Military Forces of Nigeria (2015-2023),,0.7386759581881533,0.85,0.13420077190174146,0.31398241350594736,0.14108139261165245,0.13691180732678163,0.13691180732678163,0.13691180732678163
olmo2:7b,NIG34229,B,B,0.85,"{""B"": 0.8, ""E"": 0.05, ""P"": 0.02, ""R"": 0.03, ""S"": 0.02}","On 15 December 2023, Nigerian troops engaged a Kaduna militia in an armed clash along Dende - Buruku road (Chikun, Kaduna). Several militiamen fled with gunshot wounds, one loaded rifle was recovered by the troops.",0.94,Military Forces of Nigeria (2023-),,0.7386759581881533,0.85,0.13609757972076816,0.30289073393733607,0.1430754518471753,0.1388469332055259,0.14024236808336576,0.1388469332055259
olmo2:7b,NIG33741,S,P,0.8,"{""P"": 0.8, ""R"": 0.1, ""S"": 0.1}","Around 17 November 2023, the Security Joint Task Force, including the police, the military and NSCDC, arrested 135 people at various locations in Abuja (Abuja Municipal, Federal Capital Territory). They raided various locations in a clearance operation to get the hoodlums off the city. The suspects were arrested for various offences.",0.71,Military Forces of Nigeria (2023-),,0.272,0.8,0.1344830239597798,0.1344830239597798,0.1344830239597798,0.29929747400992307,0.14862672705521915,0.14862672705521915
olmo2:7b,NIG36519,E,B,0.95,"{""B"": 0.95, ""E"": 0.05, ""P"": 0.0, ""R"": 0.0, ""S"": 0.0}","On 3 May 2024, the air component of Operation Hadin Kai conducted an airstrike which targeted Boko Haram/ ISWAP militants at Chinine (Gwoza, Borno). Seven gun trucks which were observed at the location were targeted, several militants were killed and logistics were destroyed. Fatalities coded as 10.",0.94,Military Forces of Nigeria (2023-),,0.8328840970350404,0.9499999999999998,0.1309417991205959,0.33857747479431993,0.13765532872295794,0.1309417991205959,0.1309417991205959,0.1309417991205959
olmo2:7b,NIG22019,V,V,0.9,"{""V"": 0.8, ""B"": 0.05, ""E"": 0.05, ""P"": 0.02, ""R"": 0.02, ""S"": 0.02}","On 19 September 2021, a Sokoto miltia attacked civilians including women and children in Saminaka village, along the Bale-Tangaza road (Tangaza, Sokoto), coded to Gidan Madi. Six people were killed in the attack, which was reportedly a reprisal for the armed group members that were killed by residents of Tangaza LGA (coded separately).",1.06,Sokoto Communal Militia (Nigeria),,0.8328840970350404,0.8999999999999999,0.3012092521883069,0.14228117610988947,0.14228117610988947,0.13807613186387094,0.13807613186387094,0.13807613186387094
olmo2:7b,NIG31180,B,B,0.8,"{""B"": 0.9, ""E"": 0.05, ""P"": 0.03, ""R"": 0.02, ""S"": 0.01}","On 21 April 2023, Nigerian troops clashed with suspected IPOB militants when they raided their camps within 9th Mile (Udi, Enugu) and Nkanu East LGA [coded separately]. One militant was killed, 7 others were arrested, the makeshift camps were destroyed and other items were recovered. Fatality split across 2 events, coded to 0.",0.96,Military Forces of Nigeria (2015-2023),,0.272,0.8,0.1320728259051231,0.3248467334955309,0.1388443444907585,0.1360950422659876,0.134740873969527,0.13340017987274783
olmo2:7b,NIG21998,V,V,0.9,"{""V"": 0.8, ""B"": 0.05, ""E"": 0.05, ""P"": 0.02, ""R"": 0.02, ""S"": 0.02}","On 1 August 2021, suspected Fulani pastoralists attacked and killed seven persons, while nine others were wounded in Kpachudu (Bassa, Plateau), coded as Bassa. The police claims four people were killed and fifty houses burnt.",1.06,Fulani Ethnic Militia (Nigeria),,0.8328840970350404,0.8999999999999999,0.3012092521883069,0.14228117610988947,0.14228117610988947,0.13807613186387094,0.13807613186387094,0.13807613186387094
olmo2:7b,NIG38655,B,B,0.85,"{""B"": 0.8, ""E"": 0.05, ""P"": 0.05, ""R"": 0.05, ""S"": 0.05}","On 14 August 2024, the Aye (Black Axe) and the Eiye clashed and killed one person at Oki Olodo (Lagelu, Oyo).",0.93,Black Axe (Nigeria),,0.7386759581881533,0.85,0.13457817582540035,0.29950923838128407,0.14147814644825396,0.14147814644825396,0.14147814644825396,0.14147814644825396
olmo2:7b,NIG17122,B,B,0.85,"{""B"": 0.8, ""E"": 0.05, ""P"": 0.02, ""R"": 0.03, ""S"": 0.0}","On 27 May 2020, communal militias from Urum and Achalla clashed over a parcel of land in Urum (Awka North LGA, Anambra). 1 person was killed and several were reported injured.",0.98,Urum Communal Militia (Nigeria),,0.7386759581881533,0.85,0.13647279166611,0.30372578347855356,0.1434699013203282,0.1392297249349577,0.14062900693363678,0.13647279166611
olmo2:7b,NIG25126,B,B,0.85,"{""B"": 0.85, ""E"": 0.05, ""P"": 0.02, ""R"": 0.02, ""S"": 0.02}","On 6 June 2022, Nigerian troops clashed with ISWAP militants at Goniri (Gujba, Yobe). One of the militants' gun trucks was destroyed, casualties are unknown. ISWAP claimed to have launched the attack and succeeded.",0.95,Military Forces of Nigeria (2015-2023),,0.7386759581881533,0.85,0.13420077190174146,0.31398241350594736,0.14108139261165245,0.13691180732678163,0.13691180732678163,0.13691180732678163
olmo2:7b,NIG17096,R,V,0.9,"{""V"": 1.0, ""B"": 0.0, ""E"": 0.0, ""P"": 0.0, ""R"": 0.0, ""S"": 0.0}","Around 24 May 2020 (as reported), three local chiefs and women were burnt by a mob in Oku (Boki LGA, Cross River) over witchcraft allegations. 1 victim died.",1.54,Rioters (Nigeria),,0.8328840970350404,0.8999999999999999,0.3521874283516274,0.12956251432960408,0.12956251432960408,0.12956251432960408,0.12956251432960408,0.12956251432960408
olmo2:7b,NIG22555,V,V,0.9,"{""V"": 0.8, ""B"": 0.05, ""E"": 0.03, ""P"": 0.02, ""R"": 0.02, ""S"": 0.02}","On 10 November 2021, a NSCDC officer shot and wounded a man for urinating within the corps' premises in Calabar (Calabar Municipal, Cross River). The victim was taken to the hospital and is in critical condition.",1.08,Police Forces of Nigeria (2015-2023) NSCDC: Nigeria Security and Civil Defence Corps,,0.8328840970350404,0.8999999999999999,0.30206026349927745,0.14268316538919623,0.1398578494176985,0.13846624056450857,0.13846624056450857,0.13846624056450857
olmo2:7b,NIG35200,B,B,0.85,"{""B"": 0.8, ""E"": 0.05, ""P"": 0.02, ""R"": 0.03, ""S"": 0.02}","On 15 February 2024, the Nigerian police clashed with a Kaduna militia trying to abduct some commuters along the Tumburku-Galadimawa Road, coded to Galadimawa (Giwa, Kaduna). The militiamen in large numbers, had blocked the road before the police engaged them. They fled into the bush with gun wounds. The police recovered an AK47 rifle, three AK47 magazines, five rounds of 7.62 x 39mm live ammunition, a Techno mobile phone and two Bajaj motorcycles. There were no fatalities.",0.94,Police Forces of Nigeria (2023-),,0.7386759581881533,0.85,0.13609757972076816,0.30289073393733607,0.1430754518471753,0.1388469332055259,0.14024236808336576,0.1388469332055259
olmo2:7b,NIG35561,P,P,0.95,"{""P"": 0.95, ""R"": 0.05}","On 12 March 2024, IMN members protested at the US Embassy, AMAC, Abuja (Abuja Municipal, FCT), over the Israeli-Palestinian conflict. They submitted a petition demanding the US government intervene in the crisis.",0.58,Protesters (Nigeria),,0.8328840970350404,0.9499999999999998,0.1309417991205959,0.1309417991205959,0.1309417991205959,0.33857747479431993,0.13765532872295794,0.1309417991205959
olmo2:7b,NIG24460,V,V,0.9,"{""V"": 0.8, ""B"": 0.05, ""E"": 0.05, ""P"": 0.02, ""R"": 0.02, ""S"": 0.02}","On 10 April 2022, armed individuals attacked civilians in Gyambawu / Gyambar (Kanam, Plateau), Wanka, Shuwaka, Dadin Kowa, Kukawa, Gwammadaji, Dungur, Kyaram, Dadda and Wase [coded separately]. At least 106 people were killed in the attacks; over 70 persons, including women and children, were abducted and over 100 houses were burnt. Fatalities split across two events and coded as 53",1.07,Unidentified Armed Group (Nigeria),,0.8328840970350404,0.8999999999999999,0.3012092521883069,0.14228117610988947,0.14228117610988947,0.13807613186387094,0.13807613186387094,0.13807613186387094
olmo2:7b,NIG33963,V,V,0.95,"{""V"": 0.95, ""B"": 0.0, ""E"": 0.0, ""P"": 0.0, ""R"": 0.0, ""S"": 0.0}","On 28 November 2023, an unidentified armed group killed two farmers on their farms in Kwambai, also called Kpombal (Takum, Taraba).",1.06,Unidentified Armed Group (Nigeria),,0.8328840970350404,0.9499999999999998,0.3408658880240045,0.1318268223951309,0.1318268223951309,0.1318268223951309,0.1318268223951309,0.1318268223951309
olmo2:7b,NIG25204,S,P,0.8,"{""P"": 0.8, ""R"": 0.2}","Property destruction: On 9 June 2022, Bassa Kwomu militiamen set eight houses ablaze including the palace of the traditional ruler when they invaded Mozum (Bassa, Kogi). The militiamen were suspected to have been hired from Agatu in Benue state, the attack was a reprisal for the murder of a palm wine tapper [coded separately].",0.58,Bassa Kwomu Communal Militia (Nigeria),,0.272,0.8,0.13428327674775206,0.13428327674775206,0.13428327674775206,0.29885292841420313,0.16401396459448975,0.13428327674775206
olmo2:7b,NIG36572,S,S,0.9,"{""S"": 1.0}","Weapons seizure: Around 9 May 2024 (as reported), the Nigerian troops intercepted weapons from three gunrunners in the Sukuk community, coded to Kirsinga (Madagali, Adamawa). A locally fabricated Gun, a pistol, 59 rounds of 7.62 mm x 39 ammunition, two locally fabricated guns and 29 cartridges were recovered.",0.47,Military Forces of Nigeria (2023-),,0.8328840970350404,0.8999999999999999,0.12956251432960408,0.12956251432960408,0.12956251432960408,0.12956251432960408,0.12956251432960408,0.3521874283516274
olmo2:7b,NIG33950,B,B,0.75,"{""B"": 0.8, ""E"": 0.05, ""P"": 0.02, ""R"": 0.05, ""S"": 0.02}","On 26 November 2023, troops of the Nigerian army responded to a distress call and raided the hideout of an unidentified armed group in Jalingo (Jalingo, Taraba). Two abductees were rescued, two members of the group were arrested and others fled. It is not clear if a clash occurred, casualties are unknown.",0.96,Military Forces of Nigeria (2023-),,0.272,0.75,0.1357130931600002,0.3020350433598916,0.1426712522388949,0.13845467950100815,0.1426712522388949,0.13845467950100815
olmo2:7b,NIG36315,S,B,0.85,"{""B"": 0.85, ""E"": 0.05, ""P"": 0.05, ""R"": 0.05, ""S"": 0.05}","Property destruction: Around 24 April 2024 (as reported), Nigerian troops and Katsina state Civilian JTF cleared suspected hideouts of Katsina militias at Shawu, Dugun Fakwu and Tafki villages in Faskari LGA (Katsina). One fabricated gun and other weapons were recovered.",0.94,Military Forces of Nigeria (2023-),,0.7386759581881533,0.85,0.13254282605039666,0.3101034057141847,0.13933844205877713,0.13933844205877713,0.13933844205877713,0.13933844205877713
olmo2:7b,NIG23414,R,P,0.8,"{""P"": 0.8, ""R"": 0.2}","On 27 January 2022, a group of motorists tried to attack a soldier at a checkpoint at the Onitsha Bridgehead (Onisha North, Anambra) after a revenue collector was killed by a stray bullet. Reinforcement of soldiers were deployed to dispel the motorists, and the soldier was unharmed.",0.59,Rioters (Nigeria),,0.272,0.8,0.13428327674775206,0.13428327674775206,0.13428327674775206,0.29885292841420313,0.16401396459448975,0.13428327674775206
olmo2:7b,NIG20977,B,B,0.85,"{""B"": 0.8, ""E"": 0.05, ""P"": 0.02, ""R"": 0.03, ""S"": 0.02}","On 7 June 2021, Nigerian police clashed with a Kaduna communal militia along the Jagindi-Godo-Godo Road (Jemaa LGA, Kaduna) following a distress call about their kidnapping activities in the area. Three kidnapped victims were rescued. No reported fatalities.",0.95,Police Forces of Nigeria (2015-2023),,0.7386759581881533,0.85,0.13609757972076816,0.30289073393733607,0.1430754518471753,0.1388469332055259,0.14024236808336576,0.1388469332055259
olmo2:7b,NIG37659,B,B,0.9,"{""B"": 0.8, ""E"": 0.05, ""P"": 0.02, ""R"": 0.03, ""S"": 0.04}","On 11 July 2024, Nigerian troops of Operation Whirl Stroke clashed with a Taraba militia in Geshi village, Damisa Ward (Donga, Taraba). The troops, acting on intelligence that the militia was attacking Geshi village, responded and confronted the militiamen. The militia escaped with gunshot wounds. The troops trailed them and arrested two and two motorcycles. There were no fatalities.",0.95,Military Forces of Nigeria (2023-),,0.8328840970350404,0.8999999999999999,0.13571690816451737,0.30204353380858695,0.14267526284287635,0.13845857157372876,0.13985010335228,0.14125562025770858
olmo2:7b,NIG16810,B,B,0.85,"{""B"": 0.8, ""E"": 0.05, ""P"": 0.02, ""R"": 0.03, ""S"": 0.0}","On 17 April 2020, communal militias from Agudama and Akenfa neighborhoods of Yenagoa (Yenagoa LGA, Bayelsa) clashed over land. 3 people were killed in the clashes.",0.97,Agudama Communal Militia (Nigeria),,0.7386759581881533,0.85,0.13647279166611,0.30372578347855356,0.1434699013203282,0.1392297249349577,0.14062900693363678,0.13647279166611
olmo2:7b,NIG27221,V,V,0.9,"{""V"": 0.8, ""B"": 0.05, ""E"": 0.05, ""P"": 0.02, ""R"": 0.02, ""S"": 0.02}","On 27 June 2020, a Katsina militia attacked civilians in Mara Zamfarawa (Dan-Musa, Katsina), three locals were killed and three others were wounded.",1.1,Katsina Communal Militia (Nigeria),,0.8328840970350404,0.8999999999999999,0.3012092521883069,0.14228117610988947,0.14228117610988947,0.13807613186387094,0.13807613186387094,0.13807613186387094
olmo2:7b,NIG20782,R,P,0.8,"{""P"": 0.8, ""R"": 0.2}","On 22 May 2021, youth residents clashed with Nigerian custom operatives at Eruwa (Ibarapa East LGA, Oyo) over smuggled election materials in light of the local government elections. Two reported fatalities.",0.57,Rioters (Nigeria),,0.272,0.8,0.13428327674775206,0.13428327674775206,0.13428327674775206,0.29885292841420313,0.16401396459448975,0.13428327674775206
olmo2:7b,NIG20932,P,P,0.9,"{""P"": 0.8, ""R"": 0.1, ""S"": 0.1}","On 3 June 2021, thousands of Urhobo youth led by the Urhobo Progress Union - Youth Wing shut down the Delta State Office of the Niger Delta Development Commission in Warri (Warri South LGA, Delta) in a demonstration against the president's refusal to constitute a new board for the Commission.",0.7,Protesters (Nigeria),,0.8328840970350404,0.8999999999999999,0.1344830239597798,0.1344830239597798,0.1344830239597798,0.29929747400992307,0.14862672705521915,0.14862672705521915
olmo2:7b,NIG34685,B,B,0.95,"{""B"": 0.8, ""E"": 0.05, ""P"": 0.02, ""R"": 0.03, ""S"": 0.02}","On 21 January 2024, Nigerian troops ambushed and killed a Boko Haram (JAS) fighter in Luskori, coded to Konduga (Konduga, Borno). Another one escaped with gun wounds. The military recovered an AK 47 rifle. There was one fatality.",1.21,Military Forces of Nigeria (2023-),,0.8328840970350404,0.9499999999999998,0.13609757972076816,0.30289073393733607,0.1430754518471753,0.1388469332055259,0.14024236808336576,0.1388469332055259
olmo2:7b,NIG20554,B,B,0.85,"{""B"": 0.8, ""E"": 0.05, ""P"": 0.02, ""R"": 0.03, ""S"": 0.02}","On 26 April 2021, Nigerian military clashed with ISWAP fighters following an attack on Gwoza LGA (Borno). No reported fatalities.",0.99,Military Forces of Nigeria (2015-2023),,0.7386759581881533,0.85,0.13609757972076816,0.30289073393733607,0.1430754518471753,0.1388469332055259,0.14024236808336576,0.1388469332055259
olmo2:7b,NIG24442,V,V,0.95,"{""V"": 0.95, ""B"": 0.0, ""E"": 0.0, ""P"": 0.0, ""R"": 0.0, ""S"": 0.0}","On 7 April 2022, suspected armed pastoralists attacked the Odiguetue community (Ovia North East, Edo) and killed 5 persons. The community leader claimed the assailants had repeatedly invaded the community and destroyed the locals' crops to feed their cattle.",1.06,Fulani Ethnic Militia (Nigeria),,0.8328840970350404,0.9499999999999998,0.3408658880240045,0.1318268223951309,0.1318268223951309,0.1318268223951309,0.1318268223951309,0.1318268223951309
olmo2:7b,NIG19921,B,B,0.85,"{""B"": 0.85, ""E"": 0.05, ""P"": 0.05, ""R"": 0.05, ""S"": 0.05}","On 25 February 2021, unidentified gunmen clashed with a police patrol team at Akai Effa roundabout in Calabar (Calabar-Municipal LGA, Cross River), Killing some policemen and seizing their weapons and ammunition. Unknown fatalities coded as 3.",0.94,Police Forces of Nigeria (2015-2023),,0.7386759581881533,0.85,0.13254282605039666,0.3101034057141847,0.13933844205877713,0.13933844205877713,0.13933844205877713,0.13933844205877713
olmo2:7b,NIG24883,V,V,0.9,"{""V"": 0.8, ""B"": 0.05, ""E"": 0.05, ""P"": 0.02, ""R"": 0.02, ""S"": 0.02}","On 18 May 2022, armed individuals enforcing a sit in order killed a woman at PRODA junction along Enugu-Abakaliki highway, coded to Amorji-Nike (Enugu East, Enugu).",1.09,Unidentified Armed Group (Nigeria),,0.8328840970350404,0.8999999999999999,0.3012092521883069,0.14228117610988947,0.14228117610988947,0.13807613186387094,0.13807613186387094,0.13807613186387094
olmo2:7b,NIG17107,V,P,0.8,"{""P"": 0.8, ""R"": 0.2}","On 26 May 2020, Police officers attacked and detained a group of officers from Lagos State Building Control Agency during an inspection in Aja (Eti-Osa LGA, Lagos). They also shot in the air. No fatalities and/or injuries reported.",0.59,Police Forces of Nigeria (2015-2023),,0.272,0.8,0.13428327674775206,0.13428327674775206,0.13428327674775206,0.29885292841420313,0.16401396459448975,0.13428327674775206
olmo2:7b,NIG25091,P,P,0.9,"{""P"": 0.8, ""R"": 0.1, ""S"": 0.1}","On 3 June 2022, scores of supporters of former president Goodluck Jonathan protested at the national secretariat of the APC in Abuja (Abuja Municipal, FCT) to demand that the party chose the former president as its presidential candidate for the 2023 elections.",1.0,Protesters (Nigeria),,0.8328840970350404,0.8999999999999999,0.1344830239597798,0.1344830239597798,0.1344830239597798,0.29929747400992307,0.14862672705521915,0.14862672705521915
olmo2:7b,NIG31049,B,R,0.8,"{""R"": 0.8, ""S"": 0.2}","On 24 April 2023, Gbagyi and Hausa ethnic militias clashed in Gwarinpa (Abuja Municipal, FCT). The clash started the previous day and was temporarily brought under control [coded separately]; three persons were killed, several others were wounded and cars were vandalized. Some sources report that the clash resulted from an attempt by the Gbagyi militia to retaliate the robbery of a local politician by a group of Hausa persons. 3 fatalities split across 2 events coded as 1.",0.58,Gbagyi Ethnic Militia (Nigeria),,0.272,0.8,0.13428327674775206,0.13428327674775206,0.13428327674775206,0.13428327674775206,0.29885292841420313,0.16401396459448975
olmo2:7b,NIG33543,V,E,0.8,"{""E"": 0.7, ""P"": 0.1, ""R"": 0.05, ""S"": 0.05}","On 22 October 2023, an unidentified armed group shot and killed one person at Alu Oko, Ebge Egume, Aja-Odi, coded to Agojeju (Ofu, Kogi). No further details.",0.82,Unidentified Armed Group (Nigeria),,0.272,0.8,0.13847604145211942,0.13847604145211942,0.2788565033939994,0.15303969386312025,0.14557585991918132,0.14557585991918132
olmo2:7b,NIG29194,E,B,0.9,"{""B"": 0.8, ""E"": 0.05, ""P"": 0.02, ""R"": 0.03, ""S"": 0.04}","Around 12 December 2022 (as reported), the Nigerian Air Force targeted and destroyed camps of Kaduna militias with rockets at Kufita and Kuyanbana forest (Birnin Gwari, Kaduna) and other locations in Igabi LGA, Chikun LGA and Giwa LGA. Several militiamen were killed, and their camps were destroyed, unknown fatalities coded as 3.",0.94,Military Forces of Nigeria (2015-2023),,0.8328840970350404,0.8999999999999999,0.13571690816451737,0.30204353380858695,0.14267526284287635,0.13845857157372876,0.13985010335228,0.14125562025770858
olmo2:7b,NIG32631,B,B,0.85,"{""B"": 0.85, ""E"": 0.05, ""P"": 0.02, ""R"": 0.02, ""S"": 0.02}","On 23 August 2023, the Nigerian military shot and killed four ISWAP fighters in Pulka (Gwoza, Borno) and Firgi, coded separately. Fatalities split across two locations, 2 coded.",1.25,Military Forces of Nigeria (2023-),,0.7386759581881533,0.85,0.13420077190174146,0.31398241350594736,0.14108139261165245,0.13691180732678163,0.13691180732678163,0.13691180732678163
olmo2:7b,NIG19811,E,B,0.95,"{""B"": 0.8, ""E"": 0.05, ""P"": 0.02, ""R"": 0.03, ""S"": 0.02}","On 14 February 2021, Nigerian military forces conducted airstrikes against Boko Haram fighters in Egiri, Zira 1 and 2 villages in Biu LGA (Borno), following an attack in the area by BH. No reported fatalities.",1.02,Military Forces of Nigeria (2015-2023),,0.8328840970350404,0.9499999999999998,0.13609757972076816,0.30289073393733607,0.1430754518471753,0.1388469332055259,0.14024236808336576,0.1388469332055259
olmo2:7b,NIG31867,S,P,0.8,"{""P"": 0.8, ""R"": 0.2}","Property destruction: Around 26 June 2023 (between 15 June - 6 July), troops of the joint task force of Operation Delta Safe destroyed 30 illegal refining sites across Delta coded to Asaba (Oshimili South, Delta), Bayelsa, Cross River and Rivers states [coded separately]. 125 storage tanks, 227 ovens, 11 dugout pits and 21 wooden boats were recovered, 42 suspected saboteurs were arrested.",0.59,Military Forces of Nigeria (2023-),,0.272,0.8,0.13428327674775206,0.13428327674775206,0.13428327674775206,0.29885292841420313,0.16401396459448975,0.13428327674775206
olmo2:7b,NIG29618,B,B,0.85,"{""B"": 0.8, ""E"": 0.05, ""P"": 0.02, ""R"": 0.03, ""S"": 0.0}","On 17 January 2023, an unidentified armed group shot and killed an inspector of police while patrolling Iheorji Ohanku Road, Aba (Aba South, Abia). The police shot and killed two militiamen and others escaped with gun wounds. The militiamen carted away an AK-47 rifle belonging to the deceased officer. 3 fatalities reported.",0.97,Unidentified Armed Group (Nigeria),,0.7386759581881533,0.85,0.13647279166611,0.30372578347855356,0.1434699013203282,0.1392297249349577,0.14062900693363678,0.13647279166611
olmo2:7b,NIG34042,P,P,0.9,"{""P"": 0.8, ""R"": 0.1, ""S"": 0.1}","On 4 December 2023, students from four nursing schools in Abia state protested at an examination center in Umuahia (Umuahia North, Abia) against their exclusion from taking the rescheduled examination.",0.71,Protesters (Nigeria),,0.8328840970350404,0.8999999999999999,0.1344830239597798,0.1344830239597798,0.1344830239597798,0.29929747400992307,0.14862672705521915,0.14862672705521915
olmo2:7b,NIG19433,P,P,0.9,"{""P"": 0.8, ""R"": 0.1, ""S"": 0.1}","On 12 January 2021, members of the Abubakar Tafawa Balewa University chapter of the Senior Staff Association of Nigerian Universities and Non-academic Staff Union of Universities staged protests in Bauchi State over unfair labor practices, the non-payment of salaries, and the failure of the federal government to implement the Memorandum of Understanding it entered with the Unions.",0.69,Protesters (Nigeria),,0.8328840970350404,0.8999999999999999,0.1344830239597798,0.1344830239597798,0.1344830239597798,0.29929747400992307,0.14862672705521915,0.14862672705521915
olmo2:7b,NIG24644,P,P,0.9,"{""P"": 0.8, ""R"": 0.1, ""S"": 0.1}","On 3 May 2022, members of the PDP in Ogun State protested at the state secretariat of the party in Abeokuta (Abeokuta South, Ogun) against the imposition of ward ad-hoc delegates who the protesters claimed were loyal to the governorship aspirant.",1.0,Protesters (Nigeria),,0.8328840970350404,0.8999999999999999,0.1344830239597798,0.1344830239597798,0.1344830239597798,0.29929747400992307,0.14862672705521915,0.14862672705521915
olmo2:7b,NIG34589,E,E,0.9,"{""E"": 0.8, ""P"": 0.05, ""R"": 0.05, ""S"": 0.05}","On 16 January 2024, an IED suspected to have been planted by IS/BH triggered and killed two CJTF members in Mafa (Mafa, Borno). The CJTF drove over the explosive device while on routine operations along Mafa/Konduga LGA areas. Eight CJTF members sustained injuries from the explosive. There were two fatalities.",0.82,Islamic State West Africa Province (ISWAP) and/or Boko Haram - Jamaatu Ahli is-Sunnah lid-Dawati wal-Jihad,,0.8328840970350404,0.8999999999999999,0.1355132130142069,0.1355132130142069,0.3015902019146356,0.14246112401888297,0.14246112401888297,0.14246112401888297
olmo2:7b,NIG24528,B,B,0.85,"{""B"": 0.8, ""E"": 0.05, ""P"": 0.02, ""R"": 0.03, ""S"": 0.0}","On 19 April 2022, Nigerian troops clashed with an armed group in Chito (Ukum, Benue) and killed three armed individuals. An undisclosed number of weapons, two motorcycles and three phones were recovered.",0.95,Military Forces of Nigeria (2015-2023),,0.7386759581881533,0.85,0.13647279166611,0.30372578347855356,0.1434699013203282,0.1392297249349577,0.14062900693363678,0.13647279166611
olmo2:7b,NIG27484,V,V,0.95,"{""V"": 0.95, ""B"": 0.0, ""E"": 0.0, ""P"": 0.0, ""R"": 0.0, ""S"": 0.0}","On 12 November 2020, an armed group attacked and killed a commercial motorcyclist at the Ologede junction in Akure (Akure South, Ondo).",1.16,Unidentified Armed Group (Nigeria),,0.8328840970350404,0.9499999999999998,0.3408658880240045,0.1318268223951309,0.1318268223951309,0.1318268223951309,0.1318268223951309,0.1318268223951309
olmo2:7b,NIG23779,B,B,0.9,"{""B"": 0.8, ""E"": 0.05, ""P"": 0.02, ""R"": 0.03, ""S"": 0.04}","Around 13 February 2022 (between 12 - 15 February), the Nigerien contingent of MNJTF carried out a combined air-ground operation involving air and artillery strikes and ground assaults against Boko Haram (JAS or ISWAP Lake Chad faction) in the areas of Jabulam (Mobbar, Borno) and Abadam (Abadan, Borno) in Nigeria, and Bague Kiessa [Bague Kiessa Koura], Dagaya, Boulayi, and Boula Gana (Bosso, Diffa) in Niger. About twenty militants were killed and weapons and ammo seized. Fatalities are split across six events.",0.96,Military Forces of Niger (2021-2023),,0.8328840970350404,0.8999999999999999,0.13571690816451737,0.30204353380858695,0.14267526284287635,0.13845857157372876,0.13985010335228,0.14125562025770858
olmo2:7b,NIG22565,B,B,0.95,"{""B"": 0.9, ""E"": 0.05, ""P"": 0.0, ""R"": 0.0, ""S"": 0.0}","On 10 November 2021, the Nigerian army claimed an ambush against Boko Haram/ISWAP militants in Pulka (Gwoza, Borno). The soldiers collaborated with the CJTF and local militia members. Four militants were killed, weapons were recovered and several others fled with gunshot wounds.",0.98,Military Forces of Nigeria (2015-2023),,0.8328840970350404,0.9499999999999998,0.1331402939749317,0.3274722812810929,0.13996654281885262,0.1331402939749317,0.1331402939749317,0.1331402939749317
olmo2:7b,NIG34268,P,P,0.9,"{""P"": 0.8, ""R"": 0.1, ""S"": 0.1}","On 20 December 2023, members of SSANIP and NASU at Rfus Giwa polytechnic Owo (Owo, Ondo) protested and blocked the school's entrance over the non-payment of their salaries for over 10 months.",0.7,Protesters (Nigeria),,0.8328840970350404,0.8999999999999999,0.1344830239597798,0.1344830239597798,0.1344830239597798,0.29929747400992307,0.14862672705521915,0.14862672705521915
olmo2:7b,NIG35732,B,B,0.95,"{""B"": 0.8, ""E"": 0.05, ""P"": 0.02, ""R"": 0.03, ""S"": 0.02}","On 25 March 2024, police forces engaged a leader of Greenlanders cult militia in an armed clash at the forest in Anambra, coded to Akinima (Ahoada West, Rivers). The militia leader who was declared wanted by the police since 2016 was killed.",0.95,Police Forces of Nigeria (2023-),,0.8328840970350404,0.9499999999999998,0.13609757972076816,0.30289073393733607,0.1430754518471753,0.1388469332055259,0.14024236808336576,0.1388469332055259
olmo2:7b,NIG18956,B,B,0.85,"{""B"": 0.8, ""E"": 0.05, ""P"": 0.02, ""R"": 0.03, ""S"": 0.02}","On 19 November 2020, Nigerian military troops clashed with a Benue communal militia at Tor Donga (Katsina-Ala LGA, Benue), killing three and injuring others.",0.94,Military Forces of Nigeria (2015-2023),,0.7386759581881533,0.85,0.13609757972076816,0.30289073393733607,0.1430754518471753,0.1388469332055259,0.14024236808336576,0.1388469332055259
olmo2:7b,NIG16543,V,B,0.85,"{""B"": 0.8, ""E"": 0.05, ""P"": 0.05, ""R"": 0.05, ""S"": 0.05}","On 11 March 2020, militias from Alla attacked Egba in the Agatu LGA (Benue) over the ownership of a fish pond in the community. 5 people were killed.",0.94,Alla Communal Militia (Nigeria),,0.7386759581881533,0.85,0.13457817582540035,0.29950923838128407,0.14147814644825396,0.14147814644825396,0.14147814644825396,0.14147814644825396
olmo2:7b,NIG22075,V,V,0.9,"{""V"": 0.8, ""B"": 0.05, ""E"": 0.05, ""P"": 0.02, ""R"": 0.02, ""S"": 0.02}","On 24 September 2021, pastoralists from a Fulani ethnic militia attacked farmers in Gbajimba (Guma, Benue). One farmer was killed, four others fled.",1.11,Fulani Ethnic Militia (Nigeria),,0.8328840970350404,0.8999999999999999,0.3012092521883069,0.14228117610988947,0.14228117610988947,0.13807613186387094,0.13807613186387094,0.13807613186387094
olmo2:7b,NIG35002,B,B,0.85,"{""B"": 0.8, ""E"": 0.05, ""P"": 0.02, ""R"": 0.03, ""S"": 0.02}","On 15 February 2024, the Nigerian police engaged in a firefight with an unidentified armed group while raiding their hideouts between Nasarawa State and the Kuje LGA, coded to Kuje (Kuje, FCT). The police arrested one member of the group and rescued two hostages. There were no fatalities.",0.95,Police Forces of Nigeria (2023-),,0.7386759581881533,0.85,0.13609757972076816,0.30289073393733607,0.1430754518471753,0.1388469332055259,0.14024236808336576,0.1388469332055259
olmo2:7b,NIG16365,E,B,0.95,"{""B"": 0.9, ""E"": 0.05, ""P"": 0.0, ""R"": 0.0, ""S"": 0.0}","On 16 February 2020, Nigerian Air Force conducted air strikes against an ISWAP camp at Tumbin Zarami at Lake Chad (coded as Monguno, Borno) and destroyed structures.",1.35,Military Forces of Nigeria (2015-2023),,0.8328840970350404,0.9499999999999998,0.1331402939749317,0.3274722812810929,0.13996654281885262,0.1331402939749317,0.1331402939749317,0.1331402939749317
olmo2:7b,NIG37606,P,P,0.9,"{""P"": 0.8, ""R"": 0.1, ""S"": 0.1}","On 6 July 2024, FCT women protested and marched from Unity fountain Maitama to the presidential villa in Abuja (Abuja Municipal, FCT) to denounce the rift between the FCT minister and senator representing the FCT.",0.98,Protesters (Nigeria),,0.8328840970350404,0.8999999999999999,0.1344830239597798,0.1344830239597798,0.1344830239597798,0.29929747400992307,0.14862672705521915,0.14862672705521915
olmo2:7b,NIG36225,V,P,0.8,"{""P"": 0.8, ""R"": 0.1, ""S"": 0.1}","On 24 August 2021, police attacked a man in Amagu (Abakaliki, Ebonyi). He was killed in police custody after he had been arrested. The victim was to return to South Africa after visiting family in Nigeria. He was arrested in Orie-Nempi Market.",0.7,Police Forces of Nigeria (2015-2023),,0.272,0.8,0.1344830239597798,0.1344830239597798,0.1344830239597798,0.29929747400992307,0.14862672705521915,0.14862672705521915
olmo2:7b,NIG26709,B,B,0.85,"{""B"": 0.8, ""E"": 0.05, ""P"": 0.02, ""R"": 0.03, ""S"": 0.02}","On 7 May 2021, Nigerian military troops clashed with a Kaduna communal militia around the Rigachikun (Rigacikun) axis (Igabi LGA, Kaduna), killing one militiaman and one civilian.",0.94,Military Forces of Nigeria (2015-2023),,0.7386759581881533,0.85,0.13609757972076816,0.30289073393733607,0.1430754518471753,0.1388469332055259,0.14024236808336576,0.1388469332055259
olmo2:7b,NIG20879,S,P,0.8,"{""P"": 0.8, ""R"": 0.2}","Property destruction: On 29 May 2021, armed individuals set the Police Criminal Investigation Department on fire in Umuahia (Umuahia North LGA, Abia). No reports on injuries or fatalities.",0.6,Unidentified Armed Group (Nigeria),,0.272,0.8,0.13428327674775206,0.13428327674775206,0.13428327674775206,0.29885292841420313,0.16401396459448975,0.13428327674775206
olmo2:7b,NIG19363,V,V,0.95,"{""V"": 0.95, ""B"": 0.0, ""E"": 0.0, ""P"": 0.0, ""R"": 0.0, ""S"": 0.0}","On 28 December 2020, unidentified armed men attacked Runka Community (Safana LGA, Katsina), killing a relative of a lawmaker representing Safana and abducting a newly-wedded couple.",1.08,Unidentified Armed Group (Nigeria),,0.8328840970350404,0.9499999999999998,0.3408658880240045,0.1318268223951309,0.1318268223951309,0.1318268223951309,0.1318268223951309,0.1318268223951309
olmo2:7b,NIG19480,V,V,0.8,"{""V"": 0.9, ""B"": 0.05, ""E"": 0.03, ""P"": 0.02, ""R"": 0.01, ""S"": 0.01}","On 12 January 2021, Yansakai Militia attacked and killed a Fulani Pastoralist at Talata Mafara LGA (Zamfara). Unknown reason for attack.",1.06,Yansakai Militia,,0.272,0.8,0.32441611847351376,0.13866029320042694,0.13591463543538418,0.1345622622168809,0.13322334533673488,0.13322334533673488
olmo2:7b,NIG29018,B,B,0.85,"{""B"": 0.8, ""E"": 0.05, ""P"": 0.02, ""R"": 0.03, ""S"": 0.02}","On 6 December 2022, police forces repelled a Katsina militia when they blocked a cattle route along Tashar Maje in Kankara LGA (Katsina). Abductees and rustled cattle that were taken away from their village by the militia members [coded separately] were recovered.",0.96,Police Forces of Nigeria (2015-2023),,0.7386759581881533,0.85,0.13609757972076816,0.30289073393733607,0.1430754518471753,0.1388469332055259,0.14024236808336576,0.1388469332055259
olmo2:7b,NIG24014,R,R,0.8,"{""R"": 1.0, ""S"": 0.0}","On 5 March 2022, supporters of the incumbent and past chairman of Langtang South LGA clashed in Sabon Gida (Langtang South, Plateau) after the incumbent from the APC slapped the past chairman who belongs to the PDP. An unspecified number of persons were wounded, including the incumbent chairman.",0.58,Rioters (Nigeria),,0.272,0.8,0.12956251432960408,0.12956251432960408,0.12956251432960408,0.12956251432960408,0.3521874283516274,0.12956251432960408
olmo2:7b,NIG31886,S,B,0.85,"{""B"": 0.8, ""E"": 0.05, ""P"": 0.02, ""R"": 0.03, ""S"": 0.02}","On 9 July 2023, a Boko Haram [JAS Faction] commander and one of his lieutenants surrendered to Nigerian troops in Borno, coded to Maiduguri (Maiduguri Metro, Borno).",0.96,Boko Haram - Jamaatu Ahli is-Sunnah lid-Dawati wal-Jihad,,0.7386759581881533,0.85,0.13609757972076816,0.30289073393733607,0.1430754518471753,0.1388469332055259,0.14024236808336576,0.1388469332055259
olmo2:7b,NIG37851,B,B,0.9,"{""B"": 0.8, ""E"": 0.05, ""P"": 0.05, ""R"": 0.05, ""S"": 0.02}","On 27 July 2024, the Nigerian police engaged a Benue militia in a firefight, killing six while raiding their enclave in Mbavuur Ward (Logo, Benue). The police recovered an AK-47 rifle and two locally fabricated short guns loaded with ammunition.",0.94,Police Forces of Nigeria (2023-),,0.8328840970350404,0.8999999999999999,0.1351432518087142,0.30076683810985716,0.14207219449676808,0.14207219449676808,0.14207219449676808,0.13787332659082352
olmo2:7b,NIG39769,P,P,0.95,"{""P"": 0.95, ""R"": 0.05}","On 4 August 2024, youth protested at Agho junction along Ekenhuan Road in Benin City (Oredo, Edo). The protesters conducted church service at the protest ground while the police monitored their activities.",0.58,Protesters (Nigeria),,0.8328840970350404,0.9499999999999998,0.1309417991205959,0.1309417991205959,0.1309417991205959,0.33857747479431993,0.13765532872295794,0.1309417991205959
olmo2:7b,NIG32802,B,B,0.85,"{""B"": 0.85, ""E"": 0.05, ""P"": 0.02, ""R"": 0.02, ""S"": 0.02}","On 17 September 2023, a joint task force of security operatives presumed to have comprised of soldiers and policemen engaged a Niger militia in an armed clash in a village near Pan Dongari (Rafi, Niger). 52 militiamen including six informants who lived in the community were killed.",1.35,Military Forces of Nigeria (2023-),,0.7386759581881533,0.85,0.13420077190174146,0.31398241350594736,0.14108139261165245,0.13691180732678163,0.13691180732678163,0.13691180732678163
olmo2:7b,NIG22047,P,P,0.85,"{""P"": 0.85, ""R"": 0.05, ""S"": 0.05}","On 22 September 2021, about 49 former workers of Total E&P protested against their alleged forceful retrenchment in Port Harcourt (Port Harcourt, Rivers).",0.7,Protesters (Nigeria),,0.7386759581881533,0.85,0.1343690672188437,0.1343690672188437,0.1343690672188437,0.31437616511479954,0.1412583166141775,0.1412583166141775
olmo2:7b,NIG36760,B,B,0.85,"{""B"": 0.85, ""E"": 0.05, ""P"": 0.02, ""R"": 0.02, ""S"": 0.02}","On 19 May 2024, military forces engaged a Kaduna militia in an armed clash at Baka general area (Igabi, Kaduna). The militia fled, some of them with gunshot wounds and the troops recovered one rifle and two motorcycles.",0.95,Military Forces of Nigeria (2023-),,0.7386759581881533,0.85,0.13420077190174146,0.31398241350594736,0.14108139261165245,0.13691180732678163,0.13691180732678163,0.13691180732678163
olmo2:7b,NIG37618,B,V,0.9,"{""V"": 0.8, ""B"": 0.05, ""E"": 0.03, ""P"": 0.02, ""R"": 0.02, ""S"": 0.02}","On 10 July 2024, an unidentified armed group shot and killed an OSPAC member in the Igwuruta community (Ikwerre, Rivers). The group was responding to a distress call concerning an abduction case when its members were ambushed, and one got shot and killed.",1.08,Unidentified Armed Group (Nigeria),,0.8328840970350404,0.8999999999999999,0.30206026349927745,0.14268316538919623,0.1398578494176985,0.13846624056450857,0.13846624056450857,0.13846624056450857
olmo2:7b,NIG36319,B,B,0.85,"{""B"": 0.85, ""E"": 0.05, ""P"": 0.02, ""R"": 0.02, ""S"": 0.02}","Around 25 April 2024 (as reported), the Nigerian troops engaged a Taraba militia in a firefight, killing two in Kweerti, also spelt as Kwesati village (Ussa, Taraba). Other militiamen fled, and the troops recovered one AK-47 magazine along with seven rounds of 7.62mm special ammunition.",0.94,Military Forces of Nigeria (2023-),,0.7386759581881533,0.85,0.13420077190174146,0.31398241350594736,0.14108139261165245,0.13691180732678163,0.13691180732678163,0.13691180732678163
olmo2:7b,NIG30420,S,P,0.8,"{""P"": 0.8, ""R"": 0.1, ""S"": 0.1}","Around 8 August 2021 (between 7 August - 8 August), the Nigerian police arrested over 20 unidentified cult militias in various locations within Oshogbo (Osogbo, Osun). The cultists were picked up when the police raided some black spots.",0.93,Police Forces of Nigeria (2015-2023),,0.272,0.8,0.1344830239597798,0.1344830239597798,0.1344830239597798,0.29929747400992307,0.14862672705521915,0.14862672705521915
olmo2:7b,NIG25680,B,B,0.95,"{""B"": 0.9, ""E"": 0.05, ""P"": 0.0, ""R"": 0.0, ""S"": 0.0}","On 21 July 2022, a Katsina militia led by Bauche attacked Ansaru militants and engaged them in an armed clash in Damari forest (Sabuwa, Katsina). The clash lasted for several hours, three persons were killed including a top Ansaru commander.",0.93,Katsina Communal Militia (Nigeria),,0.8328840970350404,0.9499999999999998,0.1331402939749317,0.3274722812810929,0.13996654281885262,0.1331402939749317,0.1331402939749317,0.1331402939749317
olmo2:7b,NIG33592,R,P,0.9,"{""P"": 0.8, ""R"": 0.1, ""S"": 0.1}","On 1 November 2023, members of NUPENG who were demonstrating at the union's office in Utako (Abuja Municipal, FCT) over claims that the newly elected leaders of the union were imposed on them beat up the newly elected chairman. The victim was rescued by policemen and taken to a hospital.",0.73,Rioters (Nigeria),,0.8328840970350404,0.8999999999999999,0.1344830239597798,0.1344830239597798,0.1344830239597798,0.29929747400992307,0.14862672705521915,0.14862672705521915
olmo2:7b,NIG20827,B,B,0.8,"{""B"": 0.7, ""E"": 0.05, ""P"": 0.02, ""R"": 0.05, ""S"": 0.01}","Around 26 May 2021 (as reported), Nigerian police operatives clashed with a Katsina communal militia at Kafur, Danja, Dutsinma, Safana, Batsari and Funtua Local Government Areas in Katsina State, killing five militiamen and recovered 69 rustled cows. 16 suspects were also arrested. Fatalities split across 6 events.",0.94,Police Forces of Nigeria (2015-2023),,0.272,0.8,0.13992772774462997,0.28177984059594036,0.14710197575950296,0.14275445535197057,0.14710197575950296,0.1413340247881715
olmo2:7b,NIG29044,B,V,0.95,"{""V"": 0.95, ""B"": 0, ""E"": 0, ""P"": 0, ""R"": 0, ""S"": 0}","On 5 December 2022, a Sokoto militia numbering about 90 killed three policemen guarding a market and three civilians when they attacked Yar Bulutu market in Sabon Birni LGA (Sokoto) and shot sporadically. The assailants set one of the policemen's vehicle ablaze and threw the body of one policeman into the fire, several other civilians sustained varying bullet wounds.",0.93,Sokoto Communal Militia (Nigeria),,0.8328840970350404,0.9499999999999998,0.3408658880240045,0.1318268223951309,0.1318268223951309,0.1318268223951309,0.1318268223951309,0.1318268223951309
olmo2:7b,NIG32771,V,P,0.8,"{""P"": 0.8, ""R"": 0.2}","On 9 September 2023, a Katsina militia abducted two persons from Marke village (Dutsinma, Katsina) coded to Dutsin Ma. There are no reports on ransom demands.",0.58,Katsina Communal Militia (Nigeria),,0.272,0.8,0.13428327674775206,0.13428327674775206,0.13428327674775206,0.29885292841420313,0.16401396459448975,0.13428327674775206
olmo2:7b,NIG26442,B,B,0.85,"{""B"": 0.8, ""E"": 0.05, ""P"": 0.02, ""R"": 0.03, ""S"": 0.0}","On 25 September 2022, policemen invaded the camp of an unidentified armed group that had abducted one person from Kara bridge and engaged them in an armed clash. Location coded to Mowe (Obafemi, Ogun), one of the assailants was arrested, others fled with bullet wounds and the abductee was rescued.",0.94,Police Forces of Nigeria (2015-2023),,0.7386759581881533,0.85,0.13647279166611,0.30372578347855356,0.1434699013203282,0.1392297249349577,0.14062900693363678,0.13647279166611
olmo2:7b,NIG33348,V,B,0.85,"{""B"": 0.8, ""E"": 0.05, ""P"": 0.02, ""R"": 0.03, ""S"": 0.0}","Around 27 October 2023 (as reported), an unidentified armed group abducted a soldier (presumed to be off duty) at the Akparata axis of Effium (Ohaukwu, Ebonyi). The soldier was part of the contingent deployed to manage inter-communal clashes in the area. The State government issued an ultimatum to the warring communities to provide the soldier alive by 26 October 2023.",0.95,Unidentified Armed Group (Nigeria),,0.7386759581881533,0.85,0.13647279166611,0.30372578347855356,0.1434699013203282,0.1392297249349577,0.14062900693363678,0.13647279166611
olmo2:7b,NIG26080,B,B,0.85,"{""B"": 0.8, ""E"": 0.05, ""P"": 0.02, ""R"": 0.03, ""S"": 0.0}","Around 15 August 2022 (as reported), an unidentified armed group attacked a police squad, wounded three policemen and stole their rifles along Ozoro/ Kwale (Ndokwa West, Delta).",0.94,Unidentified Armed Group (Nigeria),,0.7386759581881533,0.85,0.13647279166611,0.30372578347855356,0.1434699013203282,0.1392297249349577,0.14062900693363678,0.13647279166611
olmo2:7b,NIG16392,V,P,0.8,"{""P"": 0.8, ""R"": 0.2}","On 20 February 2020, officers of SARS forces shot and injured 2 street traders on a market in Abeokuta (Abeokuta South LGA, Ogun) when they stormed the location.",0.58,Police Forces of Nigeria (2015-2023) Special Anti-Robbery Squad,,0.272,0.8,0.13428327674775206,0.13428327674775206,0.13428327674775206,0.29885292841420313,0.16401396459448975,0.13428327674775206
olmo2:7b,NIG26718,P,P,0.9,"{""P"": 0.8, ""R"": 0.2}","On 16 May 2021, members of the Ijaw Youth Marches staged protest marches along major streets and at Isaac Boro Park in Port Harcourt (Port-Harcourt LGA, Rivers) in remembrance of Late Major Isaac Jasper Adaka Boro.",0.58,Protesters (Nigeria),,0.8328840970350404,0.8999999999999999,0.13428327674775206,0.13428327674775206,0.13428327674775206,0.29885292841420313,0.16401396459448975,0.13428327674775206
olmo2:7b,NIG16027,B,B,0.85,"{""B"": 0.85, ""E"": 0.05, ""P"": 0.02, ""R"": 0.02, ""S"": 0.02}","On 8 January 2020, Nigerian Armed Forces battled with presumed ISWAP fighters in Mafa LGA (Borno) and killed an unreported number of fighters. Unknown number of fatalities coded as 10.",0.95,Military Forces of Nigeria (2015-2023),,0.7386759581881533,0.85,0.13420077190174146,0.31398241350594736,0.14108139261165245,0.13691180732678163,0.13691180732678163,0.13691180732678163
olmo2:7b,NIG38277,B,B,0.85,"{""B"": 0.8, ""E"": 0.05, ""P"": 0.02, ""R"": 0.03, ""S"": 0.02}","On 27 August 2024, the Nigerian troops ambushed some fleeing Jimmu Sumoli-led Zamfara militiamen and shot ten dead in Magamin Diddi village in Maradun LGA, coded to Faru Magami (Maradun, Zamfara). The militiamen escaped from a clash with the troops in Matusgi, coded separately.",0.94,Military Forces of Nigeria (2023-),,0.7386759581881533,0.85,0.13609757972076816,0.30289073393733607,0.1430754518471753,0.1388469332055259,0.14024236808336576,0.1388469332055259
olmo2:7b,NIG27958,V,P,0.8,"{""P"": 0.8, ""R"": 0.1, ""S"": 0.1}","On 19 February 2021, a soldier shot and wounded a truck driver at an army checkpoint in Omagwa (Ikwerre, Rivers) over the driver's refusal to pay a bribe of 200 naira. The association of tanker drivers staged a protest [coded separately].",0.71,Military Forces of Nigeria (2015-2023),,0.272,0.8,0.1344830239597798,0.1344830239597798,0.1344830239597798,0.29929747400992307,0.14862672705521915,0.14862672705521915
olmo2:7b,NIG33835,P,P,0.85,"{""P"": 0.85, ""R"": 0.05, ""S"": 0.05}","On 13 November 2023, some political party supporters (unspecified) protested at the INEC office in Yenagoa (Yenagoa, Bayelsa) over the delay in releasing election results.",0.69,Protesters (Nigeria),,0.7386759581881533,0.85,0.1343690672188437,0.1343690672188437,0.1343690672188437,0.31437616511479954,0.1412583166141775,0.1412583166141775
olmo2:7b,NIG20679,B,B,0.85,"{""B"": 0.8, ""E"": 0.05, ""P"": 0.02, ""R"": 0.03, ""S"": 0.0}","On 10 May 2021, Nigerian police operatives clashed with suspected kidnappers at Ahor community (Ehor) (Uhunmwode LGA, Edo), killing three and rescuing seven kidnapped victims.",0.94,Police Forces of Nigeria (2015-2023),,0.7386759581881533,0.85,0.13647279166611,0.30372578347855356,0.1434699013203282,0.1392297249349577,0.14062900693363678,0.13647279166611
olmo2:7b,NIG26073,B,B,0.95,"{""B"": 0.9, ""E"": 0.05, ""P"": 0.0, ""R"": 0.0, ""S"": 0.0}","On 13 August 2022, Nigerian troops during a clearance operation intercepted and clashed with Boko Haram/ ISWAP militants at Ngwom (Mafa, Borno). The militants were enroute to rustle cattle from pastoralists in the general area, three militants were killed.",0.94,Military Forces of Nigeria (2015-2023),,0.8328840970350404,0.9499999999999998,0.1331402939749317,0.3274722812810929,0.13996654281885262,0.1331402939749317,0.1331402939749317,0.1331402939749317
olmo2:7b,NIG17363,V,B,0.85,"{""B"": 0.8, ""E"": 0.05, ""P"": 0.02, ""R"": 0.03, ""S"": 0.02}","On 12 June 2020, Boko Haram executed a police officer and a soldier in Borno (coded as Maiduguri LGA, Borno) who were abducted earlier.",1.35,Islamic State West Africa Province (ISWAP) - Lake Chad Faction and/or Boko Haram - Jamaatu Ahli is-Sunnah lid-Dawati wal-Jihad,,0.7386759581881533,0.85,0.13609757972076816,0.30289073393733607,0.1430754518471753,0.1388469332055259,0.14024236808336576,0.1388469332055259
olmo2:7b,NIG24682,B,B,0.9,"{""B"": 0.8, ""E"": 0.05, ""P"": 0.02, ""R"": 0.03, ""S"": 0.04}","On 26 April 2022, Nigerian troops in conjunction with the Civilian JTF clashed with ISWAP/ Boko Haram fighters during a clearance operation at Kasha in Mafa LGA (Borno). Six militants were killed, weapons and ammunition, amongst others items were recovered.",0.93,Military Forces of Nigeria (2015-2023),,0.8328840970350404,0.8999999999999999,0.13571690816451737,0.30204353380858695,0.14267526284287635,0.13845857157372876,0.13985010335228,0.14125562025770858
olmo2:7b,NIG22760,B,B,0.85,"{""B"": 0.8, ""E"": 0.05, ""P"": 0.02, ""R"": 0.03, ""S"": 0.0}","On 29 November 2021, troops of security forces on patrol clashed with members of a Kaduna militia at an identified hideout in Idasu (Giwa, Kaduna) and Birnin Gwari [coded separately]. Three militia members were killed, weapons and three motorcycles were recovered.",0.94,Military Forces of Nigeria (2015-2023),,0.7386759581881533,0.85,0.13647279166611,0.30372578347855356,0.1434699013203282,0.1392297249349577,0.14062900693363678,0.13647279166611
olmo2:7b,NIG29602,B,B,0.85,"{""B"": 0.8, ""E"": 0.05, ""P"": 0.02, ""R"": 0.03, ""S"": 0.02}","On 20 January 2023, the Nigerian police clashed with an unidentified armed group in Shere (Jos East, Plateau). The armed group abducted the paramount traditional ruler of Izere, Plateau State, and opened fire on the police attempting to rescue the monarch. A civilian guard was shot dead, and a police officer sustained a gun injury during the rescue operation. 1 fatality reported.",0.95,Police Forces of Nigeria (2015-2023),,0.7386759581881533,0.85,0.13609757972076816,0.30289073393733607,0.1430754518471753,0.1388469332055259,0.14024236808336576,0.1388469332055259
olmo2:7b,NIG31171,B,B,0.85,"{""B"": 0.8, ""E"": 0.05, ""P"": 0.02, ""R"": 0.03, ""S"": 0.0}","On 1 May 2023, a Kaduna militia were engaged in an armed clash with security operatives at Dorayi village in Zaria LGA (Kaduna) where they abducted about 20 persons and rustled cattle. The assailants abandoned the abductees, burnt down one house and two motorcycles before they fled.",0.98,Kaduna Communal Militia (Nigeria),,0.7386759581881533,0.85,0.13647279166611,0.30372578347855356,0.1434699013203282,0.1392297249349577,0.14062900693363678,0.13647279166611
olmo2:7b,NIG19588,B,B,0.95,"{""B"": 0.9, ""E"": 0.05, ""P"": 0.0, ""R"": 0.0, ""S"": 0.0}","On 25 January 2021, Nigerian military troops with MNJTF forces clashed with Boko Haram militants at Mayankari in Borno State, killing three militiamen and destroying their hideout. Nigerian military also recovered weapons and ammunition including one improvised explosive device making equipment.",0.94,Military Forces of Nigeria (2015-2023),,0.8328840970350404,0.9499999999999998,0.1331402939749317,0.3274722812810929,0.13996654281885262,0.1331402939749317,0.1331402939749317,0.1331402939749317
olmo2:7b,NIG21894,E,B,0.85,"{""B"": 0.85, ""E"": 0.05, ""P"": 0.02, ""R"": 0.02, ""S"": 0.02}","Around 6 September 2021 (as reported), military forces of Nigeria killed the leader of an armed militia in an air strike at Shinkafi (Shinkafi, Zamfara).",0.94,Military Forces of Nigeria (2015-2023),,0.7386759581881533,0.85,0.13420077190174146,0.31398241350594736,0.14108139261165245,0.13691180732678163,0.13691180732678163,0.13691180732678163
olmo2:7b,NIG29062,V,V,0.9,"{""V"": 0.8, ""B"": 0.05, ""E"": 0.05, ""P"": 0.02, ""R"": 0.02, ""S"": 0.02}","On 3 December 2022, an unidentified armed group abducted 8 residents of Anguwan Hausawa in Kwakwu community, coded to Kuje (Kuje, FCT). The abductors shot sporadically to scare of policemen from a police outpost, a ransom of 25 million naira was demanded.",1.09,Unidentified Armed Group (Nigeria),,0.8328840970350404,0.8999999999999999,0.3012092521883069,0.14228117610988947,0.14228117610988947,0.13807613186387094,0.13807613186387094,0.13807613186387094
olmo2:7b,NIG29902,B,B,0.9,"{""B"": 0.8, ""E"": 0.05, ""P"": 0.02, ""R"": 0.03, ""S"": 0.04}","On 4 February 2023, Nigerian troops raided the hideouts of ISWAP/ Boko Haram militants and engaged them in an armed clash at Balange village, on the fringes of the Sambisa Forest Reserve (Gwoza, Borno). Five militants were killed and 55 abductees were rescued.",0.94,Military Forces of Nigeria (2015-2023),,0.8328840970350404,0.8999999999999999,0.13571690816451737,0.30204353380858695,0.14267526284287635,0.13845857157372876,0.13985010335228,0.14125562025770858
olmo2:7b,NIG26789,V,B,0.85,"{""B"": 0.8, ""E"": 0.05, ""P"": 0.02, ""R"": 0.03, ""S"": 0.0}","On 12 August 2021, Amagba and Obazagbon militias attacked Oke-Oroma (Ikpoba Okha, Edo) coded as Oka, shooting sporadically. Unspecified number of buildings were burnt. Security operatives were deployed but no clashes reported",0.94,Amagba Communal Militia (Nigeria),,0.7386759581881533,0.85,0.13647279166611,0.30372578347855356,0.1434699013203282,0.1392297249349577,0.14062900693363678,0.13647279166611
olmo2:7b,NIG25905,B,B,0.9,"{""B"": 0.8, ""E"": 0.05, ""P"": 0.02, ""R"": 0.03, ""S"": 0.04}","On 8 August 2022, Nigerian troops on clearance operations clashed with ISWAP/ Boko Haram militants at an iilegal market established by the militants at Dambia, also called Markas (Bama, Borno). Four militants were killed, others fled and four women suspected to be the wives of the militants were wounded and evacuated to the hospital for treatment.",0.94,Military Forces of Nigeria (2015-2023),,0.8328840970350404,0.8999999999999999,0.13571690816451737,0.30204353380858695,0.14267526284287635,0.13845857157372876,0.13985010335228,0.14125562025770858
olmo2:7b,NIG33181,R,V,0.99,"{""V"": 1.0, ""B"": 0.0, ""E"": 0.0, ""P"": 0.0, ""R"": 0.0, ""S"": 0.0}","On 20 October 2023, mobs lynched a man in the A. A Koto area of Akwanga (Akwanga, Nasarawa) over the allegation of motorcycle theft. They had beaten the victim to death before the soldiers intervened to calm the situation.",1.07,Rioters (Nigeria),,0.8333333333333334,0.99,0.3521874283516274,0.12956251432960408,0.12956251432960408,0.12956251432960408,0.12956251432960408,0.12956251432960408
olmo2:7b,NIG23107,B,B,0.85,"{""B"": 0.8, ""E"": 0.05, ""P"": 0.05, ""R"": 0.05, ""S"": 0.05}","On 31 December 2021, police forces, together with member of Igabi communal militia, clashed with Kaduna militia members at the Sabon Birni forest (Igabi, Kaduna) while the group was raiding one of the militia camps. One militiaman was killed, others fled with gunshot wounds; two others were arrested and nine abducted victims were rescued including one who sustained a bullet injury.",1.0,Police Forces of Nigeria (2015-2023),,0.7386759581881533,0.85,0.13457817582540035,0.29950923838128407,0.14147814644825396,0.14147814644825396,0.14147814644825396,0.14147814644825396
olmo2:7b,NIG27386,B,B,0.85,"{""B"": 0.8, ""E"": 0.05, ""P"": 0.02, ""R"": 0.03, ""S"": 0.0}","On 16 October 2020, the Supreme Vikings cult militias clashed with one another in Ugbomoro community (Uvwie, Delta) coded as Effurun. One person was killed.",0.95,SVC: Supreme Vikings Confraternity (Nigeria),,0.7386759581881533,0.85,0.13647279166611,0.30372578347855356,0.1434699013203282,0.1392297249349577,0.14062900693363678,0.13647279166611
olmo2:7b,NIG24261,B,B,0.9,"{""B"": 0.8, ""E"": 0.05, ""P"": 0.02, ""R"": 0.03, ""S"": 0.04}","Around 1 April 2022 (as reported), soldiers on a clearance operation engaged over 400 Niger militiamen in an armed clash near Zuma Barrack, coded to nearby Suleja (Suleja, Niger). 14 soldiers and several militiamen were killed, several other soldiers were wounded. Several militia men deaths coded as 3. Fatalities coded as 17.",0.94,Military Forces of Nigeria (2015-2023),,0.8328840970350404,0.8999999999999999,0.13571690816451737,0.30204353380858695,0.14267526284287635,0.13845857157372876,0.13985010335228,0.14125562025770858
olmo2:7b,NIG26184,S,B,0.85,"{""B"": 0.8, ""E"": 0.05, ""P"": 0.02, ""R"": 0.03, ""S"": 0.0}","Movement of forces: Around 18 August 2022 (as reported), a militia from a neighboring state were moving in their hundreds to Illela LGA (Sokoto), Silame, Gudu, Tangaza, Gwadabawa, Binji and Gada [coded separately].",0.94,Unidentified Armed Group (Nigeria),,0.7386759581881533,0.85,0.13647279166611,0.30372578347855356,0.1434699013203282,0.1392297249349577,0.14062900693363678,0.13647279166611
olmo2:7b,NIG21295,V,V,0.95,"{""V"": 0.95, ""B"": 0.0, ""E"": 0.0, ""P"": 0.0, ""R"": 0.0, ""S"": 0.0}","On 8 July 2021, an APC member and vice chairman of the NURTW was shot and killed by unidentified armed individuals during a political rally in Agboju (Ijebu Ode, Ogun). According to reports, the victim was protecting another politician from harassment when he was shot.",1.06,Unidentified Armed Group (Nigeria),,0.8328840970350404,0.9499999999999998,0.3408658880240045,0.1318268223951309,0.1318268223951309,0.1318268223951309,0.1318268223951309,0.1318268223951309
olmo2:7b,NIG16878,V,V,0.9,"{""V"": 0.8, ""B"": 0.05, ""E"": 0.05, ""P"": 0.02, ""R"": 0.02, ""S"": 0.02}","On 25 April 2020 (or around), suspected Fulani militias attacked Kikwari in Kajuru LGA (Kaduna), killed 3 residents and looted and burnt down the village.",1.07,Fulani Ethnic Militia (Nigeria),,0.8328840970350404,0.8999999999999999,0.3012092521883069,0.14228117610988947,0.14228117610988947,0.13807613186387094,0.13807613186387094,0.13807613186387094
olmo2:7b,NIG34780,B,B,0.85,"{""B"": 0.85, ""E"": 0.05, ""P"": 0.02, ""R"": 0.02, ""S"": 0.02}","On 30 January 2024, troops of 114 battalion of the Nigerian Army trailed an unidentified armed group and engaged them in an armed clash at Apawa village (Lau, Taraba), reported as Yorro LGA. The group fled and abandoned three abductees who had previously been abducted from Ardo Kola LGA. Casualties are unknown.",1.35,Military Forces of Nigeria (2023-),,0.7386759581881533,0.85,0.13420077190174146,0.31398241350594736,0.14108139261165245,0.13691180732678163,0.13691180732678163,0.13691180732678163
olmo2:7b,NIG29313,B,B,0.9,"{""B"": 0.8, ""E"": 0.05, ""P"": 0.02, ""R"": 0.03, ""S"": 0.04}","On 23 December 2022, troops of Operation Forest Sanity on an ambush patrol clashed with a Kaduna militia at Buruku (Chikun, Kaduna), Birnin Gwari general area and Giwa LGA [coded separately]. 8 militiamen were killed; split across two events and coded as 4, four motorcycles and three mobile phones were recovered.",0.97,Military Forces of Nigeria (2015-2023),,0.8328840970350404,0.8999999999999999,0.13571690816451737,0.30204353380858695,0.14267526284287635,0.13845857157372876,0.13985010335228,0.14125562025770858
olmo2:7b,NIG38658,B,R,0.8,"{""R"": 0.9, ""S"": 0.1}","On 11 August 2024, the Aye (Black Axe) and the Vikings clashed and killed one person in the Orji area of Owerri (Owerri Municipal, Imo).",0.57,Black Axe (Nigeria),,0.272,0.8,0.13219165518168413,0.13219165518168413,0.13219165518168413,0.13219165518168413,0.325139006353857,0.14609437291908128
olmo2:7b,NIG19965,B,B,0.85,"{""B"": 0.8, ""E"": 0.05, ""P"": 0.02, ""R"": 0.03, ""S"": 0.02}","Around 1 March 2021 (between 1 - 2 March), Nigerian military troops clashed with ISWAP fighters at Dikwa town (Dikwa LGA, Borno). Community resources report that at least six civilians were killed and four UN humanitarian aid workers abducted. Property damage also reported. Military sources deny abduction reports alleging the safety of all UN workers in the area. ISWAP sources report that eight soldiers were killed.",0.95,Military Forces of Nigeria (2015-2023),,0.7386759581881533,0.85,0.13609757972076816,0.30289073393733607,0.1430754518471753,0.1388469332055259,0.14024236808336576,0.1388469332055259
olmo2:7b,NIG22722,S,S,0.95,"{""V"": 0.05, ""B"": 0.15, ""E"": 0.2, ""P"": 0.25, ""R"": 0.05}","Around 26 November 2021, a Zamfara militia agreed on a peace deal with Dan Sadau emirate (Maru, Zamfara) to allow farmers carry on with their activities and for other residents to go about their business.",0.95,Zamfara Communal Militia (Nigeria),,0.8328840970350404,0.9499999999999998,0.15528824787231968,0.17162005546741027,0.18041920387133847,0.1896694942611114,0.15528824787231968,0.1477147506553109
olmo2:7b,NIG17898,P,P,0.9,"{""P"": 0.8, ""R"": 0.1}","On 10 August 2020, commercial drivers operating between Eleme and Igbo-Etche LGAs took to the streets in Rivers State to protest against harassment and extortion by the police.",0.58,Protesters (Nigeria),,0.8328840970350404,0.8999999999999999,0.1364124004502848,0.1364124004502848,0.1364124004502848,0.30359138035601313,0.1507590178425441,0.1364124004502848
olmo2:7b,NIG31996,B,B,0.9,"{""B"": 0.8, ""E"": 0.05, ""P"": 0.02, ""R"": 0.03, ""S"": 0.04}","On 20 July 2023, troops of Operation Hadarin Daji in collaboration with Civilian JTF operatives invaded the hideouts of Boko Haram [JAS faction] militants and engaged them in an armed clash at Bula Daloye, Bulongu Dina and Mairamiri Dina in Bama LGA (Borno). Eight militants were killed, others fled, women and children were rescued by the troops.",0.99,Military Forces of Nigeria (2023-),,0.8328840970350404,0.8999999999999999,0.13571690816451737,0.30204353380858695,0.14267526284287635,0.13845857157372876,0.13985010335228,0.14125562025770858
olmo2:7b,NIG23065,V,V,0.8,"{""V"": 0.9, ""B"": 0.05, ""E"": 0.03, ""P"": 0.02, ""R"": 0.01, ""S"": 0.01}","On 25 December 2021, unidentified armed men attacked and killed a man in Ayangba (Dekina, Kogi). The reason for the attack is unknown.",1.17,Unidentified Armed Group (Nigeria),,0.272,0.8,0.32441611847351376,0.13866029320042694,0.13591463543538418,0.1345622622168809,0.13322334533673488,0.13322334533673488
olmo2:7b,NIG20707,E,B,0.85,"{""B"": 0.85, ""E"": 0.05, ""P"": 0.02, ""R"": 0.02, ""S"": 0.02}","Around 14 May 2021 (as reported), Nigerian Airforce conducted air strikes against a Kaduna communal militia in Jan Birni (Birnin Gwari LGA, Kaduna), killing several militiamen and destroying their structures. Several fatalities coded as 3.",0.96,Military Forces of Nigeria (2015-2023),,0.7386759581881533,0.85,0.13420077190174146,0.31398241350594736,0.14108139261165245,0.13691180732678163,0.13691180732678163,0.13691180732678163
olmo2:7b,NIG31771,V,P,0.8,"{""P"": 0.8, ""R"": 0.1, ""S"": 0.1}","On 30 June 2023, policemen in a minivan ran over a civilian who was in handcuffs at Ekpoma (Esan West, Edo). The victim was seriously wounded.",0.7,Police Forces of Nigeria (2023-),,0.272,0.8,0.1344830239597798,0.1344830239597798,0.1344830239597798,0.29929747400992307,0.14862672705521915,0.14862672705521915
olmo2:7b,NIG26086,B,B,0.9,"{""B"": 0.8, ""E"": 0.05, ""P"": 0.02, ""R"": 0.03, ""S"": 0.04}","On 16 August 2022, Nigerian troops of Operation Forest Sanity clashed with a Kaduna militia when they raided their camps in Manini (Chikun, Kaduna) and Kuriga [coded separately] area. The camps were cleared and six abductees including a baby were rescued, there are no further details.",0.95,Military Forces of Nigeria (2015-2023),,0.8328840970350404,0.8999999999999999,0.13571690816451737,0.30204353380858695,0.14267526284287635,0.13845857157372876,0.13985010335228,0.14125562025770858
olmo2:7b,NIG16458,E,B,0.9,"{""B"": 0.8, ""E"": 0.05, ""P"": 0.02, ""R"": 0.03, ""S"": 0.04}","On 27 February 2020, Nigerian Air Force conducted air strikes against a camp of Boko Haram (JAS) in Sambisa Forest (Gwoza, Borno) resulting in some fatalities. Unknown number of fatalities coded as 10.",0.94,Military Forces of Nigeria (2015-2023),,0.8328840970350404,0.8999999999999999,0.13571690816451737,0.30204353380858695,0.14267526284287635,0.13845857157372876,0.13985010335228,0.14125562025770858
olmo2:7b,NIG30412,V,V,0.9,"{""V"": 0.8, ""B"": 0.05, ""E"": 0.05, ""P"": 0.02, ""R"": 0.02, ""S"": 0.02}","On 12 January 2021, seven unidentified cult militias attacked and assaulted a man in Port Harcourt (Port Harcourt, Rivers) after having an altercation with one of their members while queuing for national identity card registration. The armed militia dispossessed him of his phone and money, and the ensuing commotion disrupted the registration exercise.",1.07,Unidentified Cult Militia (Nigeria),,0.8328840970350404,0.8999999999999999,0.3012092521883069,0.14228117610988947,0.14228117610988947,0.13807613186387094,0.13807613186387094,0.13807613186387094
olmo2:7b,NIG18723,V,V,0.9,"{""V"": 0.8, ""B"": 0.05, ""E"": 0.05, ""P"": 0.02, ""R"": 0.02, ""S"": 0.0}","On 20 October 2020, unidentified gunmen abducted two Christian pastors and a worshipper along Ubulu-Unor/Ogwashi-Uku road (Aniocha South LGA, Delta). Victims released after paying ransom.",1.06,Unidentified Armed Group (Nigeria),,0.8328840970350404,0.8999999999999999,0.3020350433598916,0.1426712522388949,0.1426712522388949,0.13845467950100815,0.13845467950100815,0.1357130931600002
olmo2:7b,NIG31632,V,V,0.8,"{""V"": 0.9, ""B"": 0.05, ""E"": 0.03, ""P"": 0.02, ""R"": 0.01, ""S"": 0.01}","On 11 June 2023, an unidentified armed group wounded an unspecified number of travelers when they shot at their bus along Ajaokuta-Itobe road (Ajaokuta, Kogi). The assailants had fired several shots at the direction of the bus driver in an attempt to abduct them.",1.07,Unidentified Armed Group (Nigeria),,0.272,0.8,0.32441611847351376,0.13866029320042694,0.13591463543538418,0.1345622622168809,0.13322334533673488,0.13322334533673488
olmo2:7b,NIG35786,V,V,0.95,"{""V"": 0.95, ""B"": 0.0, ""E"": 0.0, ""P"": 0.0, ""R"": 0.0, ""S"": 0.0}","On 31 March 2024, a Kaduna militia abducted 10 civilians from Azzara community, coded to Gidan Azara (Kachia, Kaduna). The abductees included a 5 day old baby and its mother who were abducted after her husband who was the target was not found by the militia.",1.09,Kaduna Communal Militia (Nigeria),,0.8328840970350404,0.9499999999999998,0.3408658880240045,0.1318268223951309,0.1318268223951309,0.1318268223951309,0.1318268223951309,0.1318268223951309
olmo2:7b,NIG21759,S,B,0.85,"{""B"": 0.8, ""E"": 0.05, ""P"": 0.02, ""R"": 0.03, ""S"": 0.02}","Around 17 August 2021 (as reported), the Nigerian military claimed hundreds of Boko Haram militants together with their wives and children surrendered throughout Borno state (coded to Maiduguri).",0.96,Military Forces of Nigeria (2015-2023),,0.7386759581881533,0.85,0.13609757972076816,0.30289073393733607,0.1430754518471753,0.1388469332055259,0.14024236808336576,0.1388469332055259
olmo2:7b,NIG31252,V,P,0.8,"{""P"": 0.8, ""R"": 0.1, ""S"": 0.1}","On 3 May 2023, policemen beat up a man at Oko-Oba abattoir, coded to Agege (Agege, Lagos) over his refusal to submit his phone for a search. The policemen were attached to the Agege Abattoir police station.",0.7,Police Forces of Nigeria (2015-2023),,0.272,0.8,0.1344830239597798,0.1344830239597798,0.1344830239597798,0.29929747400992307,0.14862672705521915,0.14862672705521915
olmo2:7b,NIG30262,E,V,0.9,"{""V"": 0.8, ""B"": 0.05, ""E"": 0.05, ""P"": 0.02, ""R"": 0.02, ""S"": 0.02}","On 5 March 2023, NAF killed three civilians in an airstrike that was targeted at a Kaduna militia in Sabon Gida village of Fatika district (Giwa, Kaduna). The militiamen ran into the village from a nearby bush, the victims included a pregnant woman and two teenagers, five other villagers sustained injuries.",1.06,Military Forces of Nigeria (2015-2023),,0.8328840970350404,0.8999999999999999,0.3012092521883069,0.14228117610988947,0.14228117610988947,0.13807613186387094,0.13807613186387094,0.13807613186387094
olmo2:7b,NIG17267,E,B,0.85,"{""B"": 0.85, ""E"": 0.05, ""P"": 0.02, ""R"": 0.02, ""S"": 0.02}","On 30 May 2020, Nigerian Air Force conducted air strikes against a camp of Zamfara militias 5km north of Birnin Kogo in Faskari LGA of Katsina State. 4 militiamen were killed.",0.94,Military Forces of Nigeria (2015-2023),,0.7386759581881533,0.85,0.13420077190174146,0.31398241350594736,0.14108139261165245,0.13691180732678163,0.13691180732678163,0.13691180732678163
olmo2:7b,NIG17354,V,P,0.8,"{""P"": 0.8, ""R"": 0.2}","On 11 June 2020, security officials shot at a presidential aide at Aso Rock, the presidential villa, in Abuja (Abuja LGA, FCT) over his refusal to isolate himself due to coronavirus.",0.6,Police Forces of Nigeria (2015-2023),,0.272,0.8,0.13428327674775206,0.13428327674775206,0.13428327674775206,0.29885292841420313,0.16401396459448975,0.13428327674775206
olmo2:7b,NIG32116,V,V,0.9,"{""V"": 0.8, ""B"": 0.05, ""E"": 0.03, ""P"": 0.02, ""R"": 0.02, ""S"": 0.02}","On 25 July 2023, a Zamfara militia abducted a woman and her son from their residence at Saminaka community, along Gusau-Sokoto road (Gusau, Zamfara).",1.06,Zamfara Communal Militia (Nigeria),,0.8328840970350404,0.8999999999999999,0.30206026349927745,0.14268316538919623,0.1398578494176985,0.13846624056450857,0.13846624056450857,0.13846624056450857
olmo2:7b,NIG33620,E,B,0.95,"{""B"": 0.95, ""E"": 0.05, ""P"": 0.0, ""R"": 0.0, ""S"": 0.0}","On 8 November 2023, the Nigerian Air Force of Operation Hadin Kai launched air strikes against the ISWAP position at Ajigin (Damboa, Borno). The air surveillance detected the gathering of the militants and launched the strikes, killing seventeen ISWAP fighters. Three of the militia's gun trucks were destroyed.",0.95,Military Forces of Nigeria (2023-),,0.8328840970350404,0.9499999999999998,0.1309417991205959,0.33857747479431993,0.13765532872295794,0.1309417991205959,0.1309417991205959,0.1309417991205959
olmo2:7b,NIG29935,E,B,0.95,"{""B"": 0.8, ""E"": 0.05, ""P"": 0.02, ""R"": 0.03, ""S"": 0.02}","On 10 February 2023, the Nigerian Air Force carried out air strikes with rockets and bombs that targeted hundreds of Boko Haram [JAS faction] fighters who were holding a meeting on the fringes of Sambisa Forest Reserve in Gaizuwa, Bama LGA (Borno). Scores of fighters including high-ranking ones were killed, dozens of others sustained critical injuries.",0.94,Military Forces of Nigeria (2015-2023),,0.8328840970350404,0.9499999999999998,0.13609757972076816,0.30289073393733607,0.1430754518471753,0.1388469332055259,0.14024236808336576,0.1388469332055259
olmo2:7b,NIG22586,B,B,0.85,"{""B"": 0.85, ""E"": 0.05, ""P"": 0.02, ""R"": 0.02, ""S"": 0.02}","On 9 November 2021, ISWAP claimed an ambush on a convoy on Nigerian army vehicles along the Ngamdu-Tasmakawa road (Kaga, Borno), coded as Ngamdu. Three soldiers were killed, an unspecified number were wounded and the rest fled.",0.94,Islamic State West Africa Province (ISWAP) - Lake Chad Faction,,0.7386759581881533,0.85,0.13420077190174146,0.31398241350594736,0.14108139261165245,0.13691180732678163,0.13691180732678163,0.13691180732678163
olmo2:7b,NIG38100,B,B,0.85,"{""B"": 0.85, ""E"": 0.05, ""P"": 0.02, ""R"": 0.02, ""S"": 0.02}","On 14 August 2024, the Nigerian troops ambushed and killed two Kaduna militants during a firefight along Kwana Uri village in Giwa LGA, coded to Giwa (Kaduna). Other militants escaped with gunshot injuries. The troops recovered one AK-47 rifle, 288 rounds of RG55 ammunition, 40 rounds of CJ 95 ammunition, six rounds of 7.62mm special ammunition, a Baofeng communication radio, and a motorcycle.",0.94,Military Forces of Nigeria (2023-),,0.7386759581881533,0.85,0.13420077190174146,0.31398241350594736,0.14108139261165245,0.13691180732678163,0.13691180732678163,0.13691180732678163
olmo2:7b,NIG17438,P,P,0.95,"{""P"": 0.95, ""R"": 0.05}","On 18 June 2020, hundreds of mototaxi drivers demonstrated in Abeokuta (Abeokuta South LGA, Ogun) over the increase of levies imposed by the State Government.",0.82,Protesters (Nigeria),,0.8328840970350404,0.9499999999999998,0.1309417991205959,0.1309417991205959,0.1309417991205959,0.33857747479431993,0.13765532872295794,0.1309417991205959
olmo2:7b,NIG27232,B,B,0.85,"{""B"": 0.8, ""E"": 0.05, ""P"": 0.02, ""R"": 0.03, ""S"": 0.0}","On 6 July 2020, an unidentified armed group attacked a vehicle while on transit along Okene-Lokoja highway (Okene, Kogi). One presumed policeman was killed, two others were abducted.",0.97,Unidentified Armed Group (Nigeria),,0.7386759581881533,0.85,0.13647279166611,0.30372578347855356,0.1434699013203282,0.1392297249349577,0.14062900693363678,0.13647279166611
olmo2:7b,NIG35968,B,B,0.9,"{""B"": 0.8, ""E"": 0.05, ""P"": 0.02, ""R"": 0.03, ""S"": 0.04}","On 9 April 2024, the Nigerian troops of Operation Hadin Kai engaged Boko Haram (JAS) in a firefight and killed four at Ngauru Forest in Bama (Bama, Borno). The troops arrested seventeen Boko Haram family members and profiled them for rehabilitation. There were four fatalities.",0.96,Military Forces of Nigeria (2023-),,0.8328840970350404,0.8999999999999999,0.13571690816451737,0.30204353380858695,0.14267526284287635,0.13845857157372876,0.13985010335228,0.14125562025770858
olmo2:7b,NIG31678,B,B,0.9,"{""B"": 0.8, ""E"": 0.05, ""P"": 0.05, ""R"": 0.05, ""S"": 0.02}","On 18 June 2023, policemen in the Katsina state command, led by the command's OC anti-kidnapping unit and OC SIB engaged a Katsina militia led by Audu Lankai in an armed clash at their camp in Jibia LGA (Katsina) and Batsari LGA [coded separately]. 5 militiamen were killed, one was arrested, 38 cows, 40 sheep and 65 goats were recovered. 5 fatalities split across 2 events coded as 2.",0.95,Police Forces of Nigeria (2023-),,0.8328840970350404,0.8999999999999999,0.1351432518087142,0.30076683810985716,0.14207219449676808,0.14207219449676808,0.14207219449676808,0.13787332659082352
olmo2:7b,NIG31148,V,V,0.9,"{""V"": 0.8, ""B"": 0.05, ""E"": 0.05, ""P"": 0.02, ""R"": 0.02, ""S"": 0.02}","Around 6 May 2023, (sometime between 1 and 8 May), special task force operatives presumed to comprise of soldiers and policemen killed a Jengere youth leader in Jos (Jos North, Plateau) where he was tortured following his arrest. The victim was released from custody on 1 May and dies on 8 May, residents of the town claim that he died from injuries he sustained while in custody.",1.07,Military Forces of Nigeria (2015-2023),,0.8328840970350404,0.8999999999999999,0.3012092521883069,0.14228117610988947,0.14228117610988947,0.13807613186387094,0.13807613186387094,0.13807613186387094
olmo2:7b,NIG18129,V,V,0.9,"{""V"": 0.8, ""B"": 0.05, ""E"": 0.05, ""P"": 0.02, ""R"": 0.02, ""S"": 0.02}","On 6 September 2020, Boko Haram militants raided the village of Kurmari and another village near Maiduguri (Maiduguri LGA, Borno), killing 8 residents.",1.06,Islamic State West Africa Province (ISWAP) - Lake Chad Faction and/or Boko Haram - Jamaatu Ahli is-Sunnah lid-Dawati wal-Jihad,,0.8328840970350404,0.8999999999999999,0.3012092521883069,0.14228117610988947,0.14228117610988947,0.13807613186387094,0.13807613186387094,0.13807613186387094
olmo2:7b,NIG18583,P,P,0.9,"{""P"": 0.8, ""R"": 0.1, ""S"": 0.0}","On 16 October 2020, thousands of supporters of the #EndSARS movement staged demonstrations at Airport Road and along other connecting roads in Abuja (Abuja Municipal LGA, FCT) to protest against police brutality across the country.",0.69,Protesters (Nigeria),,0.8328840970350404,0.8999999999999999,0.1364124004502848,0.1364124004502848,0.1364124004502848,0.30359138035601313,0.1507590178425441,0.1364124004502848
olmo2:7b,NIG21933,B,B,0.85,"{""B"": 0.85, ""E"": 0.05, ""P"": 0.05, ""R"": 0.05, ""S"": 0.05}","On 11 September 2021, police forces of Nigeria engaged IPOB militants in an armed clash in Amaifeke (Orlu, Imo) coded to Amike; three militants were killed, two were arrested and an unspecified number escaped with gunshot wounds.",0.95,Police Forces of Nigeria (2015-2023),,0.7386759581881533,0.85,0.13254282605039666,0.3101034057141847,0.13933844205877713,0.13933844205877713,0.13933844205877713,0.13933844205877713
olmo2:7b,NIG25519,B,E,0.85,"{""E"": 0.85, ""P"": 0.05, ""R"": 0.05, ""S"": 0.05}","On 5 July 2022, an unidentified armed group killed a policeman during an attempt to assassinate the deputy governorship candidate of the APC at the GRA axis of Port Harcourt (Port Harcourt, Rivers).",1.17,Unidentified Armed Group (Nigeria),,0.7386759581881533,0.85,0.13344969896096937,0.13344969896096937,0.3122251680645031,0.14029181133774862,0.14029181133774862,0.14029181133774862
olmo2:7b,NIG24877,V,V,0.99,"{""V"": 0.99, ""B"": 0, ""E"": 0, ""P"": 0, ""R"": 0, ""S"": 0}","On 17 May 2022, armed individuals attacked the house of the Ikwo Local Government Chairman at Ekpa Omaka (Ikwo, Ebonyi) and killed four person. Three of the victims were relatives of the chairman who was not at home at the time, the fourth person was the gate keeper, the assailants set the house ablaze. The Chairman's life had been under threat since he assumed office and there had been attempts to burn his house on several occasions but were prevented by security operatives.",0.92,Unidentified Armed Group (Nigeria),,0.8333333333333334,0.99,0.3499093002590898,0.13001813994811204,0.13001813994811204,0.13001813994811204,0.13001813994811204,0.13001813994811204
olmo2:7b,NIG23685,B,B,0.85,"{""B"": 0.85, ""E"": 0.05, ""P"": 0.02, ""R"": 0.02, ""S"": 0.0}","On 12 February 2022, Nigerian police and military forces, together with local vigilantes, engaged Niger militiamen in a clash in Nasko (Magama, Niger), after the militiamen attacked civilians at villages around Nasko (coded separately). Scores of militiamen were killed; 20 abductees were rescued, large herds of cattle, weapons and ammunition were recovered. Scores of fatalities coded as 20.",0.94,Police Forces of Nigeria (2015-2023),,0.7386759581881533,0.85,0.13456558396686683,0.3148359449056626,0.14146490899132802,0.13728398908448047,0.13728398908448047,0.13456558396686683
olmo2:7b,NIG22254,P,P,0.9,"{""P"": 0.8, ""R"": 0.1, ""S"": 0.1}","On 11 October 2021, locals from Ovwor community protested against the alleged illegal collection of levies by the principal of a government-owned school in Ovwor (Ughelli South, Delta), coded as Okwagbe. A majority of the protesters were women.",0.7,Protesters (Nigeria),,0.8328840970350404,0.8999999999999999,0.1344830239597798,0.1344830239597798,0.1344830239597798,0.29929747400992307,0.14862672705521915,0.14862672705521915
olmo2:7b,NIG23702,V,V,0.9,"{""V"": 0.8, ""B"": 0.05, ""E"": 0.02, ""P"": 0.03, ""R"": 0.02, ""S"": 0.02}","Around 13 February 2022 (as reported), a security operative, presumed police, beat up a truck driver to a coma at the Joita checkpoint on the Wukari-Zaki Biam highway (Wukari, Taraba). The victim was attacked over his refusal to pay an extra 1000 naira to the security operatives at the checkpoint.",1.08,Police Forces of Nigeria (2015-2023),,0.8328840970350404,0.8999999999999999,0.30206026349927745,0.14268316538919623,0.13846624056450857,0.1398578494176985,0.13846624056450857,0.13846624056450857
olmo2:7b,NIG18063,B,B,0.85,"{""B"": 0.8, ""E"": 0.05, ""P"": 0.02, ""R"": 0.03, ""S"": 0.02}","On 30 August 2020, Boko Haram or ISWAP clashed with military forces along Dikwa-Ngala road in Missini (Ngala LGA, Borno). Material damage reported",1.18,Islamic State West Africa Province (ISWAP) - Lake Chad Faction and/or Boko Haram - Jamaatu Ahli is-Sunnah lid-Dawati wal-Jihad,,0.7386759581881533,0.85,0.13609757972076816,0.30289073393733607,0.1430754518471753,0.1388469332055259,0.14024236808336576,0.1388469332055259
olmo2:7b,NIG34880,S,R,0.85,"{""R"": 0.85, ""S"": 0.15}","Security measures: On 30 January 2024, the Osun State Government imposed a 12-hour curfew in Ilobu and Ifon, coded to Ifon (Orolu, Osun), over communal clashes between the two communities.",0.58,Government of Nigeria (2023-),,0.7386759581881533,0.85,0.1333070079603761,0.1333070079603761,0.1333070079603761,0.1333070079603761,0.31189132151416693,0.15488064664401677
olmo2:7b,NIG22492,V,V,0.9,"{""V"": 0.8, ""B"": 0.05, ""E"": 0.05, ""P"": 0.02, ""R"": 0.02, ""S"": 0.02}","On 30 October 2021, a Katsina militia attacked and killed an unidentified number of civilians in Ungwan Dudu (Faskari, Katsina), coded as Faskari. The group looted shops during the attack and wounded an unspecified number of individuals. Unknown fatalities coded as 3.",1.08,Katsina Communal Militia (Nigeria),,0.8328840970350404,0.8999999999999999,0.3012092521883069,0.14228117610988947,0.14228117610988947,0.13807613186387094,0.13807613186387094,0.13807613186387094
olmo2:7b,NIG31710,V,V,0.95,"{""V"": 0.95, ""B"": 0.0, ""E"": 0.0, ""P"": 0.0, ""R"": 0.0, ""S"": 0.0}","On 15 June 2023, an unidentified armed group killed one person and abducted three others at Yimi community, Gwagwalada Area Council (FCT).",1.05,Unidentified Armed Group (Nigeria),,0.8328840970350404,0.9499999999999998,0.3408658880240045,0.1318268223951309,0.1318268223951309,0.1318268223951309,0.1318268223951309,0.1318268223951309
mistral:7b,NIG17300,V,V,0.95,"{""V"": 0.95, ""B"": 0.02, ""E"": 0.01, ""P"": 0.0, ""R"": 0.0, ""S"": 0.02}","On 6 June 2020, unidentified gunmen attacked Maigoge (Bali LGA, Taraba) and killed 4 residents. The attack is believed to be related to the ongoing Tiv-Jukun conflict in the area.",0.85,Unidentified Communal Militia (Nigeria),,0.8052959501557629,0.9499999999999998,0.3386137548971382,0.1336013133775258,0.13227195809808992,0.13095583012469084,0.13095583012469084,0.1336013133775258
mistral:7b,NIG31066,B,B,0.95,"{""V"": 0.02, ""B"": 0.87, ""E"": 0.01, ""P"": 0.0, ""R"": 0.0, ""S"": 0.09}","On 20 April 2023, troops of 21 Armored Brigade of Operation Hadin Kai, 199 Special Forces Battalion and Civilian JTF clashed with dozens of Boko Haram [JAS] militants at Ukuba and Garin Glucose in Bama LGA (Borno). 9 militants were killed others escaped with bullet wounds, one truck and two 122 artillery guns were recovered by the troops, some women who were held by captive were rescued during the operations which lasted three days.",0.86,Military Forces of Nigeria (2015-2023),,0.8052959501557629,0.9499999999999998,0.13582154393188137,0.3177744476839539,0.13447009698931447,0.1331320971685053,0.1331320971685053,0.14566971705752174
mistral:7b,NIG21935,B,B,0.95,"{""V"": 0.02, ""B"": 0.95, ""E"": 0.01, ""P"": 0.0, ""R"": 0.0, ""S"": 0.02}","On 11 September 2021, a Zamfara militias attacked a security forces base in Dan Sadau (Maru, Zamfara). Twelve security personnel, including military and police officers, were killed.",0.86,Zamfara Communal Militia (Nigeria),,0.8052959501557629,0.9499999999999998,0.1336013133775258,0.3386137548971382,0.13227195809808992,0.13095583012469084,0.13095583012469084,0.1336013133775258
mistral:7b,NIG34842,B,B,0.85,"{""V"": 0.1, ""B"": 0.85, ""E"": 0.02, ""P"": 0.02, ""R"": 0.01, ""S"": 0.0}","On 6 February 2024, soldiers attacked policemen at their camp in Sabon Gari area of Mangu (Mangu, Plateau). An unspecified number of policemen were wounded, and they claimed that the attack was unprovoked.",0.85,Military Forces of Nigeria (2023-),,0.48148148148148145,0.85,0.14744910151050789,0.31214975034726916,0.13611267586437223,0.13611267586437223,0.13475833211067614,0.13341746430249007
mistral:7b,NIG38559,P,P,0.95,"{""V"": 0.01, ""B"": 0.0, ""E"": 0.0, ""P"": 0.95, ""R"": 0.02, ""S"": 0.02}","Around 15 September 2024 (as reported), the Otulu community people protested in Asaba (Oshimili South, Delta) over the alleged seizure of their land by the Ogwashi-Uku people. They displayed placards with various inscriptions calling on the government to intervene and stop the seizure of their land.",0.85,Protesters (Nigeria),,0.8052959501557629,0.9499999999999998,0.1322719580980899,0.13095583012469084,0.13095583012469084,0.33861375489713813,0.13360131337752576,0.13360131337752576
mistral:7b,NIG16585,R,P,0.95,"{""V"": 0.02, ""B"": 0.01, ""E"": 0.0, ""P"": 0.87, ""R"": 0.06, ""S"": 0.04}","On 20 March 2020, youths clashed with police in Amakohia (Owerri North LGA, Imo), after they refused a police demand to move on when they blocked a local bank during a burial procession. One person was shot and injured by a police officer who fired warning shots to disperse the crowd.",0.87,Rioters (Nigeria),,0.8052959501557629,0.9499999999999998,0.13566850535506722,0.1343185811717824,0.1329820889585473,0.3174163914594874,0.14120524209213164,0.13840919096266666
mistral:7b,NIG27104,V,P,0.95,"{""V"": 0.02, ""B"": 0.01, ""E"": 0.0, ""P"": 0.87, ""R"": 0.06, ""S"": 0.04}","On 4 September 2021, a soldier opened fire while trying to disperse a crowd during local elections in Gwanki (Makarfi LGA, Kaduna). A girl was killed by a stray bullet.",0.87,Military Forces of Nigeria (2015-2023),,0.8052959501557629,0.9499999999999998,0.13566850535506722,0.1343185811717824,0.1329820889585473,0.3174163914594874,0.14120524209213164,0.13840919096266666
mistral:7b,NIG26316,V,V,0.95,"{""V"": 0.95, ""B"": 0.02, ""E"": 0.01, ""P"": 0.0, ""R"": 0.0, ""S"": 0.02}","On 15 September 2022, officials of Yakurr LGA task force beat up a civilian and caused him some burns on his body in Ugep (Yakurr, Cross River) following the victim's refusal to hand over his car keys to the officials who were dressed in mufti. The assailants fled after the victim was wounded.",0.85,Police Forces of Nigeria (2015-2023),,0.8052959501557629,0.9499999999999998,0.3386137548971382,0.1336013133775258,0.13227195809808992,0.13095583012469084,0.13095583012469084,0.1336013133775258
mistral:7b,NIG30329,B,V,0.95,"{""V"": 0.85, ""B"": 0.02, ""E"": 0.01, ""P"": 0.03, ""R"": 0.04, ""S"": 0.05}","Around 30 September 2021 (week of), an unidentified cult group killed four suspected members of a rival group in Kuchibena, near the Life Camp, Abuja (Abuja Municipal, FCT). The assailants dismembered the body of one of their victims, chopped off his head and hung it on a stick. The community had been in palpable fear over the incessant cult clashes and killing in the area, prompting the police to request that the slums in the area be demolished. 4 fatalities reported.",0.88,Unidentified Cult Militia (Nigeria),,0.8052959501557629,0.9499999999999998,0.3122678976538659,0.13616419391309456,0.13480933754624877,0.13753266681280224,0.13891489309380212,0.14031101097987417
mistral:7b,NIG21980,B,B,0.95,"{""V"": 0.02, ""B"": 0.87, ""E"": 0.05, ""P"": 0.01, ""R"": 0.01, ""S"": 0.04}","Around 16 September 2021 (as reported), military forces clashed with militia members fleeing from Zamfara state in Maiha (Maiha, Adamawa). Some militia members were killed by the soldiers, eleven rocket launchers and three grenades were recovered. Unknown fatalities coded as 10.",0.87,Military Forces of Nigeria (2015-2023),,0.8052959501557629,0.9499999999999998,0.13567780246225525,0.31743814340705195,0.13980980670408055,0.13432778577120827,0.13432778577120827,0.13841867588387827
mistral:7b,NIG34255,B,B,0.95,"{""V"": 0.02, ""B"": 0.87, ""E"": 0.01, ""P"": 0.03, ""R"": 0.04, ""S"": 0.03}","On 14 December 2023, policemen engaged an unidentified armed group in an armed clash at their hideout in a forest in Emohua LGA (Rivers) and rescued four abductees. Two members of the group were killed.",0.87,Police Forces of Nigeria (2023-),,0.8052959501557629,0.9499999999999998,0.1356852405076095,0.31745554580644947,0.13433514980677466,0.1370488998455665,0.13842626418771584,0.1370488998455665
mistral:7b,NIG21852,V,V,0.95,"{""V"": 0.95, ""B"": 0.02, ""E"": 0.01, ""P"": 0.0, ""R"": 0.0, ""S"": 0.02}","On 30 August 2021, ISWAP claimed an attack on a Christian town in Borno (location coded to Maiduguri, Maiduguri Metro). A church and school were burnt. No reported injuries or fatalities.",0.86,Islamic State West Africa Province (ISWAP) - Lake Chad Faction,,0.8052959501557629,0.9499999999999998,0.3386137548971382,0.1336013133775258,0.13227195809808992,0.13095583012469084,0.13095583012469084,0.1336013133775258
mistral:7b,NIG18752,V,P,0.95,"{""V"": 0.02, ""B"": 0.01, ""E"": 0.0, ""P"": 0.87, ""R"": 0.04, ""S"": 0.06}","On 23 October 2020, Nigerian police forces attacked a journalist in Udu LGA, Delta over the enforcement of the state-wide curfew despite the journalist being on an official assignment. No reported fatalities.",0.87,Police Forces of Nigeria (2015-2023),,0.8052959501557629,0.9499999999999998,0.1356685053550672,0.1343185811717824,0.13298208895854727,0.31741639145948736,0.13840919096266663,0.14120524209213162
mistral:7b,NIG38445,B,R,0.85,"{""V"": 0.1, ""B"": 0.05, ""E"": 0.0, ""P"": 0.02, ""R"": 0.85, ""S"": 0.08}","On 5 August 2024, the Buccaneers and Eiye clashed and killed one person in Ake Junction, Abeokuta (Abeokuta South, Ogun).",0.85,SEC: Supreme Eiye Confraternity (Nigeria),,0.48148148148148145,0.85,0.14542531488492422,0.13833283858582157,0.13158626643754123,0.1342444853486973,0.307865394027288,0.14254570071541983
mistral:7b,NIG35617,B,B,0.95,"{""V"": 0.02, ""B"": 0.87, ""E"": 0.03, ""P"": 0.01, ""R"": 0.01, ""S"": 0.06}","On 15 March 2024, Nigerian troops raided the hideout of a Katsina militia and engaged them in an armed clash at Dutsen Kura in Batsari LGA (Batsari, Katsina). Two militia members were killed, one 81mm mortar bomb among other items were recovered by the troops.",0.87,Military Forces of Nigeria (2023-),,0.8052959501557629,0.9499999999999998,0.13567402759291577,0.3174293115458854,0.13703757423920662,0.1343240484624463,0.1343240484624463,0.14121098969678209
mistral:7b,NIG34375,S,R,0.95,"{""V"": 0.05, ""B"": 0.02, ""E"": 0.01, ""P"": 0.03, ""R"": 0.84, ""S"": 0.05}","Looting: On 26 December 2023, ISWAP raided and looted drugs from a Primary Health Care center in Mainok (Kaga, Borno).",0.87,Islamic State West Africa Province (ISWAP),,0.8052959501557629,0.9499999999999998,0.14055149453225785,0.1363975701023972,0.13504039160366882,0.1377683884718008,0.3096906607573077,0.14055149453225785
mistral:7b,NIG26000,V,V,0.95,"{""V"": 0.95, ""B"": 0.02, ""E"": 0.01, ""P"": 0.0, ""R"": 0.0, ""S"": 0.02}","On 5 September 2022, a presumed faction of Igbide communal militia killed one person and wounded the vice president of a faction of the community at Igbide (Isoko South, Delta). The two victims were driving together when they were shot by the assailants, soldiers were deployed to the area to restore calm.",0.98,Igbide Communal Militia (Nigeria),,0.8052959501557629,0.9499999999999998,0.3386137548971382,0.1336013133775258,0.13227195809808992,0.13095583012469084,0.13095583012469084,0.1336013133775258
mistral:7b,NIG30514,B,B,0.95,"{""V"": 0.02, ""B"": 0.87, ""E"": 0.01, ""P"": 0.03, ""R"": 0.04, ""S"": 0.03}","On 13 March 2023, policemen attached to Operation Whirl Punch engaged a Kaduna militia in an armed clash, after the militia blocked the Galadimawa-Tumbruku road (Giwa, Kaduna). One militia member was killed, others fled with bullet wounds and the policemen recovered one rifle and two live rounds of ammunition.",0.87,Police Forces of Nigeria (2015-2023),,0.8052959501557629,0.9499999999999998,0.1356852405076095,0.31745554580644947,0.13433514980677466,0.1370488998455665,0.13842626418771584,0.1370488998455665
mistral:7b,NIG36992,V,V,0.95,"{""V"": 0.85, ""B"": 0.02, ""E"": 0.01, ""P"": 0.01, ""R"": 0.01, ""S"": 0.0}","On 19 May 2024, ISWAP fighters abducted a man and later killed him along the Banki-Kumshe Road near Kumshe (Bama, Borno). They also stole an unspecified number of bicycles belonging to IDPs.",0.88,Islamic State West Africa Province (ISWAP),,0.8052959501557629,0.9499999999999998,0.31659638236153453,0.13805162658072712,0.13667798994505112,0.13667798994505112,0.13667798994505112,0.13531802122226833
mistral:7b,NIG29598,B,B,0.95,"{""V"": 0.02, ""B"": 0.87, ""E"": 0.01, ""P"": 0.03, ""R"": 0.04, ""S"": 0.03}","On 7 January 2023, the police and the local hunters attacked an unidentified armed group in their enclave in Mansur forest, Mansur (Alkaleri, Bauchi). The police shot and killed two members of the group during a gun battle and recovered a fabricated SMG rifle and three operational motorcycles (Honda Bajaj). 2 fatalities reported.",0.87,Police Forces of Nigeria (2015-2023),,0.8052959501557629,0.9499999999999998,0.1356852405076095,0.31745554580644947,0.13433514980677466,0.1370488998455665,0.13842626418771584,0.1370488998455665
mistral:7b,NIG29112,B,B,0.95,"{""V"": 0.02, ""B"": 0.85, ""E"": 0.03, ""P"": 0.01, ""R"": 0.01, ""S"": 0.08}","On 19 December 2022, Nigerian troops in collaboration with the police and DSS clashed with IPOB militants when they raided their camp at Umuleje Amaeze in Ishielu LGA (Ebonyi). Four militants were killed, weapons, ammunition, 13 military hand grenades and other items were recovered.",0.87,Military Forces of Nigeria (2015-2023),,0.8052959501557629,0.9499999999999998,0.1361413833017426,0.31221558565137564,0.13750962695099492,0.13478675390427206,0.13478675390427206,0.14455989628703048
mistral:7b,NIG34705,S,S,1.0,"{""V"": 0.0, ""B"": 0.0, ""E"": 0.0, ""P"": 0.0, ""R"": 0.0, ""S"": 1.0}","Security measures: On 23 January 2024, the governor of Plateau state imposed a 24 hour curfew on Mangu LGA (Plateau) following violence which broke out in different parts of the town [coded separately].",0.81,Government of Nigeria (2023-),,0.8235294117647058,0.9999999999989999,0.12956251432960408,0.12956251432960408,0.12956251432960408,0.12956251432960408,0.12956251432960408,0.3521874283516274
mistral:7b,NIG29332,V,V,0.95,"{""V"": 0.85, ""B"": 0.02, ""E"": 0.01, ""P"": 0.03, ""R"": 0.04, ""S"": 0.05}","On 25 December 2022, a Kaduna militia on motorcycles attacked civilians at Anguwan Aku in Kajuru LGA (Kaduna) and conducted a house to house search. One person was killed; 53 person were abducted, 7 persons among the abductees escaped and 45 others were taken away.",0.87,Kaduna Communal Militia (Nigeria),,0.8052959501557629,0.9499999999999998,0.3122678976538659,0.13616419391309456,0.13480933754624877,0.13753266681280224,0.13891489309380212,0.14031101097987417
mistral:7b,NIG21210,B,B,0.95,"{""V"": 0.02, ""B"": 0.95, ""E"": 0.01, ""P"": 0.0, ""R"": 0.0, ""S"": 0.02}","On 26 June 2021, military and police members of the Task Force killed two kidnappers in Koton-Karfe (Kogi LGA, Kogi).",0.85,Military Forces of Nigeria (2015-2023),,0.8052959501557629,0.9499999999999998,0.1336013133775258,0.3386137548971382,0.13227195809808992,0.13095583012469084,0.13095583012469084,0.1336013133775258
mistral:7b,NIG21090,B,B,0.95,"{""V"": 0.02, ""B"": 0.85, ""E"": 0.01, ""P"": 0.0, ""R"": 0.02, ""S"": 0.09}","On 17 June 2021, ISWAP fighters clashed with Nigerian police operatives following an attack on Gujba town (Gujba LGA, Yobe). At least three policemen were killed. ISWAP fighters also looted medical supplies and set properties and houses ablaze.",0.86,Police Forces of Nigeria (2015-2023),,0.8052959501557629,0.9499999999999998,0.1363126660482041,0.3126083915837197,0.13495633235893034,0.13361349441535647,0.1363126660482041,0.14619644954527278
mistral:7b,NIG35108,V,V,0.95,"{""V"": 0.95, ""B"": 0.02, ""E"": 0.01, ""P"": 0.0, ""R"": 0.0, ""S"": 0.02}","On 15 February 2024, a Naval officer shot and killed a man at a military checkpoint at Owerri-Nta (Isiala Ngwa South, Abia) after he refused to stop at the checkpoint. The Navy claimed that the victim was shot because he was struggling for a gun with the soldier after he was invited over an allegation of theft levelled against him.",0.85,Military Forces of Nigeria (2023-),,0.8052959501557629,0.9499999999999998,0.3386137548971382,0.1336013133775258,0.13227195809808992,0.13095583012469084,0.13095583012469084,0.1336013133775258
mistral:7b,NIG19404,B,B,0.95,"{""V"": 0.02, ""B"": 0.87, ""E"": 0.01, ""P"": 0.03, ""R"": 0.04, ""S"": 0.03}","On 9 January 2021, Nigerian military troops clashed with Boko Haram elements at Gonan Kaji Village along Damaturu-Buni Yadi Road (Gujba LGA, Yobe), killing 30 militants and recovering weapons and ammunition.",0.87,Military Forces of Nigeria (2015-2023),,0.8052959501557629,0.9499999999999998,0.1356852405076095,0.31745554580644947,0.13433514980677466,0.1370488998455665,0.13842626418771584,0.1370488998455665
mistral:7b,NIG36383,S,S,1.0,"{""V"": 0.0, ""B"": 0.0, ""E"": 0.0, ""P"": 0.0, ""R"": 0.0, ""S"": 1.0}","On 12 January 2024, the Nigerian police arrested a Kaduna militia's kingpin around the Abuja-Kaduna Road flyover by Rido Junction, coded to Rido (Chikun, Kaduna). The kingpin was responsible for many high-profile attacks and abductions in the area. The police recovered forty- eight AK-47 rifles from him.",0.82,Police Forces of Nigeria (2023-),,0.8235294117647058,0.9999999999989999,0.12956251432960408,0.12956251432960408,0.12956251432960408,0.12956251432960408,0.12956251432960408,0.3521874283516274
mistral:7b,NIG38569,B,B,0.85,"{""V"": 0.1, ""B"": 0.85, ""E"": 0.02, ""P"": 0.01, ""R"": 0.01, ""S"": 0.01}","On 17 September 2024, the Nigerian troops clashed with a Kaduna militia, killing two in an ambush at Hayin Nakwakina village in Giwa LGA, coded to Hayin Kanwa (Giwa, Kaduna). The troops recovered two motorcycles, a mobile phone, and machetes.",0.86,Military Forces of Nigeria (2023-),,0.48148148148148145,0.85,0.14745108855334263,0.3121539569169833,0.13611451013609394,0.13476014813108927,0.13476014813108927,0.13476014813108927
mistral:7b,NIG20519,P,P,1.0,"{""V"": 0.0, ""B"": 0.0, ""E"": 0.0, ""P"": 1.0, ""R"": 0.0, ""S"": 0.0}","On 22 April 2021, the Osun Chapter of the Nigerian Bar Association with the Judiciary Staff Union of Nigeria staged protest marches on major roads and at the Governor's Office in Oshogbo (Osogbo LGA, Ogun) to demand for the autonomy of the judiciary and legislature.",0.81,Protesters (Nigeria),,0.8235294117647058,0.9999999999989999,0.12956251432960408,0.12956251432960408,0.12956251432960408,0.3521874283516274,0.12956251432960408,0.12956251432960408
mistral:7b,NIG22612,V,V,1.0,"{""V"": 1.0, ""B"": 0.0, ""E"": 0.0, ""P"": 0.0, ""R"": 0.0, ""S"": 0.0}","On 14 November 2021, members of a Zamfara militia numbering up to a hundred attacked Kwarin Mai Saje (Tsafe, Gusau), coded as Tsafe, raped an unspecified number of women, abducted six persons and looted valuables. The attack was a punitive measure on the village over its failure to pay a levy imposed by the militia.",0.81,Zamfara Communal Militia (Nigeria),,0.8235294117647058,0.9999999999989999,0.3521874283516274,0.12956251432960408,0.12956251432960408,0.12956251432960408,0.12956251432960408,0.12956251432960408
mistral:7b,NIG36868,B,B,0.95,"{""V"": 0.02, ""B"": 0.87, ""E"": 0.01, ""P"": 0.03, ""R"": 0.04, ""S"": 0.03}","Around 21 June 2024 (as reported), Nigerian troops, hunters and KSVS clashed with a Kogi militia at a ransom collection point in the Okunran Okoloke area, coded to Okoloke (Yagba West, Kogi). The troops killed one of the militiamen and recovered an AK-47 rifle with a magazine containing 15 rounds of 7.62 mm (Special) ammunition and one motorcycle.",0.87,Military Forces of Nigeria (2023-),,0.8052959501557629,0.9499999999999998,0.1356852405076095,0.31745554580644947,0.13433514980677466,0.1370488998455665,0.13842626418771584,0.1370488998455665
mistral:7b,NIG35481,B,B,0.95,"{""V"": 0.02, ""B"": 0.87, ""E"": 0.01, ""P"": 0.03, ""R"": 0.02, ""S"": 0.05}","On 10 March 2024, military forces together with hybrid forces, coded as Civilian JTF engaged Boko Haram/ ISWAP militants in an armed clash at their enclave at Ukuba in Sambisa Forest Reserve (Gwoza, Borno). 8 militants were killed, 5 locally fabricated guns, two motorcycles and assorted food items were recovered by the troops.",0.87,Military Forces of Nigeria (2023-),,0.8052959501557629,0.9499999999999998,0.1356815027880383,0.31744680086262134,0.1343314492781346,0.1370451245612891,0.1356815027880383,0.1398136197215608
mistral:7b,NIG29019,P,P,1.0,"{""V"": 0.0, ""B"": 0.0, ""E"": 0.0, ""P"": 1.0, ""R"": 0.0, ""S"": 0.0}","On 7 December 2022, members of the Kaduna state chapter of ARPON protested at the Kaduna state police command (Kaduna North, Kaduna) to demand that the National Assembly urgently pass the two police bills that are before the house in order to address the challenges faced by its members.",0.81,Protesters (Nigeria),,0.8235294117647058,0.9999999999989999,0.12956251432960408,0.12956251432960408,0.12956251432960408,0.3521874283516274,0.12956251432960408,0.12956251432960408
mistral:7b,NIG16121,B,B,0.95,"{""V"": 0.02, ""B"": 0.87, ""E"": 0.01, ""P"": 0.0, ""R"": 0.0, ""S"": 0.09}","On 20 January 2020, Nigerian Armed Forces, Cameroon Armed Forces and Civilian JTF clashed with Boko Haram (JAS) at Abbaram. Other villages include Nguzuwa and Cina (Bama LGA, Borno, no locations found coded as Bama (Borno, Bama)). 5 BH fighters were killed and abducted civilians rescued. Fatalities split between 2 events.",1.07,Military Forces of Nigeria (2015-2023),,0.8052959501557629,0.9499999999999998,0.13582154393188137,0.3177744476839539,0.13447009698931447,0.1331320971685053,0.1331320971685053,0.14566971705752174
mistral:7b,NIG38088,V,V,0.95,"{""V"": 0.85, ""B"": 0.02, ""E"": 0.01, ""P"": 0.03, ""R"": 0.04, ""S"": 0.05}","On 24 July 2024, a Katsina militia attacked and killed two people in Godiya village, coded as Ruwan Godiya (Faskari, Katsina). An unspecified number of others were injured and abducted.",0.87,Katsina Communal Militia (Nigeria),,0.8052959501557629,0.9499999999999998,0.3122678976538659,0.13616419391309456,0.13480933754624877,0.13753266681280224,0.13891489309380212,0.14031101097987417
mistral:7b,NIG22187,V,P,0.85,"{""V"": 0.1, ""B"": 0.05, ""E"": 0.02, ""P"": 0.45, ""R"": 0.2, ""S"": 0.18}","On 4 October 2021, unidentified armed men shot sporadically while enforcing a sit at home order in Owerri (Owerri Municipal, Imo). Casualties unknown. Police sources denied reports of the attack.",0.86,Unidentified Armed Group (Nigeria),,0.48148148148148145,0.85,0.15427643544738817,0.1467522849046406,0.14241509942374664,0.21892868305603103,0.17050182980082837,0.16712566736714615
mistral:7b,NIG34305,B,B,0.95,"{""V"": 0.02, ""B"": 0.85, ""E"": 0.01, ""P"": 0.03, ""R"": 0.02, ""S"": 0.07}","On 18 December 2023, an unidentified armed group killed the police orderly of a high court judge, then proceeded to abduct the judge and her driver as they were traveling along Okobo axis of Oron-Uyo road (Oron, Akwa Ibom). The assailants had posed as a local defense militia on the road. The abductees were released on 23 December, there are no reports on ransom payment.",0.87,Unidentified Armed Group (Nigeria),,0.8052959501557629,0.9499999999999998,0.13615278822225554,0.31224174076931915,0.1347980453439298,0.13752114649286457,0.13615278822225554,0.1431334909490632
mistral:7b,NIG38025,P,P,0.95,"{""V"": 0.01, ""B"": 0.02, ""E"": 0.005, ""P"": 0.86, ""R"": 0.04, ""S"": 0.07}","On 6 August 2024, protesters marched, in their large number, to the residence of the former Governor of Rivers State and Minister of the Federal Capital Territory in Port Harcourt (Port Harcourt, Rivers). They displayed placards with various inscriptions decrying the high cost of living and alleged bad governance in Nigeria.",1.12,Protesters (Nigeria),,0.8052959501557629,0.9499999999999998,0.13446281056687184,0.13581418427967576,0.13379217450135916,0.3145954914439026,0.13855781279676596,0.14277752641111008
mistral:7b,NIG34649,E,E,0.95,"{""V"": 0.01, ""B"": 0.05, ""E"": 0.35, ""P"": 0.02, ""R"": 0.01, ""S"": 0.52}","On 14 January 2024, ISWAP claimed to have fired two mortal shells at the Nigerian Army's position in Nduva (Damboa, Borno). There were no fatalities.",0.87,Islamic State West Africa Province (ISWAP),,0.8052959501557629,0.9499999999999998,0.1404277482926216,0.14615871341853734,0.19729362661198957,0.14183907062621598,0.1404277482926216,0.23385309275778002
mistral:7b,NIG25857,V,V,1.0,"{""V"": 0.95, ""B"": 0.02, ""E"": 0.0, ""P"": 0.0, ""R"": 0.0, ""S"": 0.03}","On 29 July 2022, an unidentified armed group abducted a gold miner and his driver along Ilesa-Oshogbo (Osogbo, Osun). A ransom of 100 million naira was demanded for the miner, the victims were released around 8 August after 20 million naira was paid as ransom.",0.84,Unidentified Armed Group (Nigeria),,0.8235294117647058,0.9999999999989999,0.3386047522267951,0.1335977613405387,0.13095234842274853,0.13095234842274853,0.13095234842274853,0.1349404411640819
mistral:7b,NIG21924,B,B,0.95,"{""V"": 0.02, ""B"": 0.85, ""E"": 0.01, ""P"": 0.03, ""R"": 0.02, ""S"": 0.07}","On 9 September 2021, gunmen engaged police officers in an armed clash that led to the killing of three police officers and the abduction of an unspecified number of expatriates in Akukutoru LGA (Rivers) coded as Abonnema. The abducted expatriates were released around 4 October.",0.87,Unidentified Armed Group (Nigeria),,0.8052959501557629,0.9499999999999998,0.13615278822225554,0.31224174076931915,0.1347980453439298,0.13752114649286457,0.13615278822225554,0.1431334909490632
mistral:7b,NIG35468,V,S,0.85,"{""V"": 0.1, ""B"": 0.05, ""E"": 0.02, ""P"": 0.03, ""R"": 0.0, ""S"": 0.8}","On 10 March 2024, an unidentified armed group numbering six abducted a Chinese national from a guest house around Eyenkorin in Ilorin (Ilorin West, Kwara) where he was lodged. The police claimed to have arrested three suspects in connection with the abduction. The abductee was rescued on 19 March by operatives of the state police command (there are no further details on ransom payment or a clash).",0.84,Unidentified Armed Group (Nigeria),,0.48148148148148145,0.85,0.14869159464049278,0.1414398199979694,0.13725964158293438,0.13863912391475589,0.13454171857815303,0.299428101285395
mistral:7b,NIG23775,E,B,1.0,"{""V"": 0.0, ""B"": 0.9, ""E"": 0.05, ""P"": 0.0, ""R"": 0.0, ""S"": 0.05}","Around 13 February 2022 (as reported), Nigerian troops carried out airstrikes against ISWAP camps in Tumbun Kaiyowa (Abadan, Borno), Tumbun Madayi, Tumbun Allura, Parisu and Njimia [coded separately]. Five militant leaders were killed in the strikes across the locations, five fatalities split across five events, coded as 1.",0.84,Military Forces of Nigeria (2015-2023),,0.8235294117647058,0.9999999999989999,0.1322376071619198,0.32525202998740843,0.1390175742632534,0.1322376071619198,0.1322376071619198,0.1390175742632534
mistral:7b,NIG27039,B,B,0.95,"{""V"": 0.02, ""B"": 0.85, ""E"": 0.03, ""P"": 0.01, ""R"": 0.04, ""S"": 0.05}","On 13 May 2021, an unidentified armed group attacked Moniokoro police station Rumuola (Obio, Rivers). Casualties unknown.",1.1,Police Forces of Nigeria (2015-2023),,0.8052959501557629,0.9499999999999998,0.13616419391309453,0.31226789765386587,0.1375326668128022,0.13480933754624874,0.1389148930938021,0.14031101097987414
mistral:7b,NIG32699,V,V,0.85,"{""V"": 0.85, ""B"": 0.02, ""E"": 0.01, ""P"": 0.05, ""R"": 0.03, ""S"": 0.04}","On 9 September 2023, a Zamfara militia abducted over 50 civilians around Darita forest while they were on transit to Bagega (Anka, Zamfara) for the weekly market. One of the abductees who escaped claimed that the militiamen were followers of Halilu Buzu and that the abduction was a response to the government's closure of the Bagega cattle market.",0.87,Zamfara Communal Militia (Nigeria),,0.48148148148148145,0.85,0.31226789765386587,0.13616419391309453,0.13480933754624874,0.14031101097987414,0.1375326668128022,0.1389148930938021
mistral:7b,NIG29483,E,E,0.95,"{""V"": 0.02, ""B"": 0.03, ""E"": 0.48, ""P"": 0.15, ""R"": 0.15, ""S"": 0.17}","On 7 July 2022, the Nigerian Airforce accidentally killed one person and injured 13 others in an air strike targeting some camps of militiamen in Kunkuna (Safana, Katsina). 1 fatality reported.",0.87,Military Forces of Nigeria (2015-2023),,0.8052959501557629,0.9499999999999998,0.1421743978089276,0.1436032742619983,0.22521476490137865,0.16191223960689266,0.16191223960689266,0.16518308381368507
mistral:7b,NIG25991,B,B,0.95,"{""V"": 0.02, ""B"": 0.95, ""E"": 0.01, ""P"": 0.0, ""R"": 0.02, ""S"": 0.0}","On 3 September 2022, Nigerian troops on a fighting patrol clashed with a Kaduna militia at Farin-Ruwa (Birnin Gwari, Kaduna), Dogon Dawa-Kuyelo and Sabon Birni [coded separately]. Three militiamen were killed, two rifles, nine magazines, seven Boafeng communication radio and other items were recovered by the troops. 3 fatalities split across 3 events coded as 1.",0.87,Military Forces of Nigeria (2015-2023),,0.8052959501557629,0.9499999999999998,0.1336013133775258,0.3386137548971382,0.13227195809808992,0.13095583012469084,0.1336013133775258,0.13095583012469084
mistral:7b,NIG26004,V,V,0.95,"{""V"": 0.85, ""B"": 0.02, ""E"": 0.01, ""P"": 0.03, ""R"": 0.04, ""S"": 0.05}","On 6 September 2022, a Kaduna militia attacked civilians when they invaded Katun Gida in Idon (Kajuru, Kaduna) and shot sporadically. Two persons who were siblings were killed, 13 others were abducted; three of whom escaped, one other man was released by the abductors to tend to his sick wife.",0.87,Kaduna Communal Militia (Nigeria),,0.8052959501557629,0.9499999999999998,0.3122678976538659,0.13616419391309456,0.13480933754624877,0.13753266681280224,0.13891489309380212,0.14031101097987417
mistral:7b,NIG19278,P,P,1.0,"{""V"": 0.0, ""B"": 0.0, ""E"": 0.0, ""P"": 1.0, ""R"": 0.0, ""S"": 0.0}","On 17 December 2020, members of the Coalition of Northern Groups (CNG) staged a demonstration in Katsina State to demand that the government rescue hundreds of male schoolboys kidnapped from Government Science Secondary School in Kankara.",0.81,Protesters (Nigeria),,0.8235294117647058,0.9999999999989999,0.12956251432960408,0.12956251432960408,0.12956251432960408,0.3521874283516274,0.12956251432960408,0.12956251432960408
mistral:7b,NIG28692,B,B,0.95,"{""V"": 0.02, ""B"": 0.95, ""E"": 0.01, ""P"": 0.0, ""R"": 0.0, ""S"": 0.02}","On 10 November 2022, Nigerian troops clashed with a Zamfara militia that had come to evacuate the remains of their colleagues that were killed the previous day [coded separately] at Gando forest, coded to Bukuyum (Bukkuyum, Zamfara). Hundreds of militia members were killed, coded as 100.",0.87,Military Forces of Nigeria (2015-2023),,0.8052959501557629,0.9499999999999998,0.1336013133775258,0.3386137548971382,0.13227195809808992,0.13095583012469084,0.13095583012469084,0.1336013133775258
mistral:7b,NIG34229,B,B,0.95,"{""V"": 0.02, ""B"": 0.87, ""E"": 0.01, ""P"": 0.03, ""R"": 0.04, ""S"": 0.03}","On 15 December 2023, Nigerian troops engaged a Kaduna militia in an armed clash along Dende - Buruku road (Chikun, Kaduna). Several militiamen fled with gunshot wounds, one loaded rifle was recovered by the troops.",0.87,Military Forces of Nigeria (2023-),,0.8052959501557629,0.9499999999999998,0.1356852405076095,0.31745554580644947,0.13433514980677466,0.1370488998455665,0.13842626418771584,0.1370488998455665
mistral:7b,NIG33741,S,R,0.95,"{""V"": 0.02, ""B"": 0.01, ""E"": 0.0, ""P"": 0.03, ""R"": 0.86, ""S"": 0.08}","Around 17 November 2023, the Security Joint Task Force, including the police, the military and NSCDC, arrested 135 people at various locations in Abuja (Abuja Municipal, Federal Capital Territory). They raided various locations in a clearance operation to get the hoodlums off the city. The suspects were arrested for various offences.",0.86,Military Forces of Nigeria (2023-),,0.8052959501557629,0.9499999999999998,0.13589722108719013,0.13454502114434652,0.13320627581573857,0.13726301086539053,0.3147878351626862,0.14430063592433318
mistral:7b,NIG36519,E,B,0.95,"{""V"": 0.02, ""B"": 0.87, ""E"": 0.05, ""P"": 0.01, ""R"": 0.01, ""S"": 0.04}","On 3 May 2024, the air component of Operation Hadin Kai conducted an airstrike which targeted Boko Haram/ ISWAP militants at Chinine (Gwoza, Borno). Seven gun trucks which were observed at the location were targeted, several militants were killed and logistics were destroyed. Fatalities coded as 10.",0.88,Military Forces of Nigeria (2023-),,0.8052959501557629,0.9499999999999998,0.13567780246225525,0.31743814340705195,0.13980980670408055,0.13432778577120827,0.13432778577120827,0.13841867588387827
mistral:7b,NIG22019,V,V,0.95,"{""V"": 0.85, ""B"": 0.02, ""E"": 0.01, ""P"": 0.03, ""R"": 0.04, ""S"": 0.05}","On 19 September 2021, a Sokoto miltia attacked civilians including women and children in Saminaka village, along the Bale-Tangaza road (Tangaza, Sokoto), coded to Gidan Madi. Six people were killed in the attack, which was reportedly a reprisal for the armed group members that were killed by residents of Tangaza LGA (coded separately).",0.87,Sokoto Communal Militia (Nigeria),,0.8052959501557629,0.9499999999999998,0.3122678976538659,0.13616419391309456,0.13480933754624877,0.13753266681280224,0.13891489309380212,0.14031101097987417
mistral:7b,NIG31180,B,B,0.95,"{""V"": 0.02, ""B"": 0.85, ""E"": 0.01, ""P"": 0.03, ""R"": 0.04, ""S"": 0.05}","On 21 April 2023, Nigerian troops clashed with suspected IPOB militants when they raided their camps within 9th Mile (Udi, Enugu) and Nkanu East LGA [coded separately]. One militant was killed, 7 others were arrested, the makeshift camps were destroyed and other items were recovered. Fatality split across 2 events, coded to 0.",0.87,Military Forces of Nigeria (2015-2023),,0.8052959501557629,0.9499999999999998,0.13616419391309456,0.3122678976538659,0.13480933754624877,0.13753266681280224,0.13891489309380212,0.14031101097987417
mistral:7b,NIG21998,V,V,0.85,"{""V"": 0.85, ""B"": 0.02, ""E"": 0.01, ""P"": 0.03, ""R"": 0.04, ""S"": 0.05}","On 1 August 2021, suspected Fulani pastoralists attacked and killed seven persons, while nine others were wounded in Kpachudu (Bassa, Plateau), coded as Bassa. The police claims four people were killed and fifty houses burnt.",0.88,Fulani Ethnic Militia (Nigeria),,0.48148148148148145,0.85,0.3122678976538659,0.13616419391309456,0.13480933754624877,0.13753266681280224,0.13891489309380212,0.14031101097987417
mistral:7b,NIG38655,B,R,0.95,"{""V"": 0.02, ""B"": 0.01, ""E"": 0.0, ""P"": 0.03, ""R"": 0.86, ""S"": 0.08}","On 14 August 2024, the Aye (Black Axe) and the Eiye clashed and killed one person at Oki Olodo (Lagelu, Oyo).",0.86,Black Axe (Nigeria),,0.8052959501557629,0.9499999999999998,0.13589722108719013,0.13454502114434652,0.13320627581573857,0.13726301086539053,0.3147878351626862,0.14430063592433318
mistral:7b,NIG17122,B,B,0.95,"{""V"": 0.02, ""B"": 0.85, ""E"": 0.01, ""P"": 0.03, ""R"": 0.04, ""S"": 0.05}","On 27 May 2020, communal militias from Urum and Achalla clashed over a parcel of land in Urum (Awka North LGA, Anambra). 1 person was killed and several were reported injured.",0.88,Urum Communal Militia (Nigeria),,0.8052959501557629,0.9499999999999998,0.13616419391309456,0.3122678976538659,0.13480933754624877,0.13753266681280224,0.13891489309380212,0.14031101097987417
mistral:7b,NIG25126,B,B,0.95,"{""V"": 0.01, ""B"": 0.85, ""E"": 0.02, ""P"": 0.03, ""R"": 0.02, ""S"": 0.07}","On 6 June 2022, Nigerian troops clashed with ISWAP militants at Goniri (Gujba, Yobe). One of the militants' gun trucks was destroyed, casualties are unknown. ISWAP claimed to have launched the attack and succeeded.",0.87,Military Forces of Nigeria (2015-2023),,0.8052959501557629,0.9499999999999998,0.13479804534392978,0.31224174076931915,0.13615278822225554,0.13752114649286457,0.13615278822225554,0.14313349094906316
mistral:7b,NIG17096,R,R,0.95,"{""V"": 0.02, ""B"": 0.0, ""E"": 0.0, ""P"": 0.01, ""R"": 0.93, ""S"": 0.04}","Around 24 May 2020 (as reported), three local chiefs and women were burnt by a mob in Oku (Boki LGA, Cross River) over witchcraft allegations. 1 victim died.",0.86,Rioters (Nigeria),,0.8052959501557629,0.9499999999999998,0.1341386831399424,0.13148255925288677,0.13148255925288677,0.1328039809420323,0.3332437531231249,0.13684846428879363
mistral:7b,NIG22555,V,V,0.95,"{""V"": 0.95, ""B"": 0.02, ""E"": 0.01, ""P"": 0.0, ""R"": 0.0, ""S"": 0.02}","On 10 November 2021, a NSCDC officer shot and wounded a man for urinating within the corps' premises in Calabar (Calabar Municipal, Cross River). The victim was taken to the hospital and is in critical condition.",0.85,Police Forces of Nigeria (2015-2023) NSCDC: Nigeria Security and Civil Defence Corps,,0.8052959501557629,0.9499999999999998,0.3386137548971382,0.1336013133775258,0.13227195809808992,0.13095583012469084,0.13095583012469084,0.1336013133775258
mistral:7b,NIG35200,B,B,0.95,"{""V"": 0.02, ""B"": 0.87, ""E"": 0.01, ""P"": 0.03, ""R"": 0.04, ""S"": 0.05}","On 15 February 2024, the Nigerian police clashed with a Kaduna militia trying to abduct some commuters along the Tumburku-Galadimawa Road, coded to Galadimawa (Giwa, Kaduna). The militiamen in large numbers, had blocked the road before the police engaged them. They fled into the bush with gun wounds. The police recovered an AK47 rifle, three AK47 magazines, five rounds of 7.62 x 39mm live ammunition, a Techno mobile phone and two Bajaj motorcycles. There were no fatalities.",0.88,Police Forces of Nigeria (2023-),,0.8052959501557629,0.9499999999999998,0.13531062338206976,0.3165790740280029,0.13396426018391444,0.1366705177553225,0.13804407929424325,0.13943144535613053
mistral:7b,NIG35561,P,P,1.0,"{""V"": 0.0, ""B"": 0.0, ""E"": 0.0, ""P"": 1.0, ""R"": 0.0, ""S"": 0.0}","On 12 March 2024, IMN members protested at the US Embassy, AMAC, Abuja (Abuja Municipal, FCT), over the Israeli-Palestinian conflict. They submitted a petition demanding the US government intervene in the crisis.",0.81,Protesters (Nigeria),,0.8235294117647058,0.9999999999989999,0.12956251432960408,0.12956251432960408,0.12956251432960408,0.3521874283516274,0.12956251432960408,0.12956251432960408
mistral:7b,NIG24460,V,V,0.95,"{""V"": 0.85, ""B"": 0.02, ""E"": 0.01, ""P"": 0.05, ""R"": 0.02, ""S"": 0.05}","On 10 April 2022, armed individuals attacked civilians in Gyambawu / Gyambar (Kanam, Plateau), Wanka, Shuwaka, Dadin Kowa, Kukawa, Gwammadaji, Dungur, Kyaram, Dadda and Wase [coded separately]. At least 106 people were killed in the attacks; over 70 persons, including women and children, were abducted and over 100 houses were burnt. Fatalities split across two events and coded as 53",0.87,Unidentified Armed Group (Nigeria),,0.8052959501557629,0.9499999999999998,0.31225926525073594,0.13616042975987047,0.13480561084697507,0.1403071321911179,0.13616042975987047,0.1403071321911179
mistral:7b,NIG33963,V,V,0.95,"{""V"": 0.85, ""B"": 0.02, ""E"": 0.01, ""P"": 0.03, ""R"": 0.04, ""S"": 0.05}","On 28 November 2023, an unidentified armed group killed two farmers on their farms in Kwambai, also called Kpombal (Takum, Taraba).",0.87,Unidentified Armed Group (Nigeria),,0.8052959501557629,0.9499999999999998,0.3122678976538659,0.13616419391309456,0.13480933754624877,0.13753266681280224,0.13891489309380212,0.14031101097987417
mistral:7b,NIG25204,S,V,0.95,"{""V"": 0.95, ""B"": 0.02, ""E"": 0.01, ""P"": 0.0, ""R"": 0.02, ""S"": 0.0}","Property destruction: On 9 June 2022, Bassa Kwomu militiamen set eight houses ablaze including the palace of the traditional ruler when they invaded Mozum (Bassa, Kogi). The militiamen were suspected to have been hired from Agatu in Benue state, the attack was a reprisal for the murder of a palm wine tapper [coded separately].",1.08,Bassa Kwomu Communal Militia (Nigeria),,0.8052959501557629,0.9499999999999998,0.3386137548971382,0.1336013133775258,0.13227195809808992,0.13095583012469084,0.1336013133775258,0.13095583012469084
mistral:7b,NIG36572,S,S,0.85,"{""V"": 0.1, ""B"": 0.05, ""E"": 0.02, ""P"": 0.03, ""R"": 0.01, ""S"": 0.74}","Weapons seizure: Around 9 May 2024 (as reported), the Nigerian troops intercepted weapons from three gunrunners in the Sukuk community, coded to Kirsinga (Madagali, Adamawa). A locally fabricated Gun, a pistol, 59 rounds of 7.62 mm x 39 ammunition, two locally fabricated guns and 29 cartridges were recovered.",0.86,Military Forces of Nigeria (2023-),,0.48148148148148145,0.85,0.15112242428179273,0.14375209667872244,0.13950358016009953,0.14090561444954813,0.13811549634492026,0.2866007880846302
mistral:7b,NIG33950,B,B,0.85,"{""V"": 0.05, ""B"": 0.85, ""E"": 0.02, ""P"": 0.03, ""R"": 0.04, ""S"": 0.01}","On 26 November 2023, troops of the Nigerian army responded to a distress call and raided the hideout of an unidentified armed group in Jalingo (Jalingo, Taraba). Two abductees were rescued, two members of the group were arrested and others fled. It is not clear if a clash occurred, casualties are unknown.",0.87,Military Forces of Nigeria (2023-),,0.48148148148148145,0.85,0.14031101097987414,0.31226789765386587,0.13616419391309453,0.1375326668128022,0.1389148930938021,0.13480933754624874
mistral:7b,NIG36315,S,B,0.95,"{""V"": 0.02, ""B"": 0.87, ""E"": 0.01, ""P"": 0.03, ""R"": 0.04, ""S"": 0.03}","Property destruction: Around 24 April 2024 (as reported), Nigerian troops and Katsina state Civilian JTF cleared suspected hideouts of Katsina militias at Shawu, Dugun Fakwu and Tafki villages in Faskari LGA (Katsina). One fabricated gun and other weapons were recovered.",0.87,Military Forces of Nigeria (2023-),,0.8052959501557629,0.9499999999999998,0.1356852405076095,0.31745554580644947,0.13433514980677466,0.1370488998455665,0.13842626418771584,0.1370488998455665
mistral:7b,NIG23414,R,P,0.85,"{""V"": 0.1, ""B"": 0.05, ""E"": 0.02, ""P"": 0.45, ""R"": 0.2, ""S"": 0.18}","On 27 January 2022, a group of motorists tried to attack a soldier at a checkpoint at the Onitsha Bridgehead (Onisha North, Anambra) after a revenue collector was killed by a stray bullet. Reinforcement of soldiers were deployed to dispel the motorists, and the soldier was unharmed.",0.85,Rioters (Nigeria),,0.48148148148148145,0.85,0.15427643544738817,0.1467522849046406,0.14241509942374664,0.21892868305603103,0.17050182980082837,0.16712566736714615
mistral:7b,NIG20977,B,B,0.95,"{""V"": 0.02, ""B"": 0.85, ""E"": 0.01, ""P"": 0.03, ""R"": 0.02, ""S"": 0.07}","On 7 June 2021, Nigerian police clashed with a Kaduna communal militia along the Jagindi-Godo-Godo Road (Jemaa LGA, Kaduna) following a distress call about their kidnapping activities in the area. Three kidnapped victims were rescued. No reported fatalities.",0.88,Police Forces of Nigeria (2015-2023),,0.8052959501557629,0.9499999999999998,0.13615278822225554,0.31224174076931915,0.1347980453439298,0.13752114649286457,0.13615278822225554,0.1431334909490632
mistral:7b,NIG37659,B,B,0.95,"{""V"": 0.01, ""B"": 0.85, ""E"": 0.02, ""P"": 0.03, ""R"": 0.04, ""S"": 0.05}","On 11 July 2024, Nigerian troops of Operation Whirl Stroke clashed with a Taraba militia in Geshi village, Damisa Ward (Donga, Taraba). The troops, acting on intelligence that the militia was attacking Geshi village, responded and confronted the militiamen. The militia escaped with gunshot wounds. The troops trailed them and arrested two and two motorcycles. There were no fatalities.",0.87,Military Forces of Nigeria (2023-),,0.8052959501557629,0.9499999999999998,0.13480933754624874,0.31226789765386587,0.13616419391309453,0.1375326668128022,0.1389148930938021,0.14031101097987414
mistral:7b,NIG16810,B,B,0.95,"{""V"": 0.02, ""B"": 0.87, ""E"": 0.01, ""P"": 0.03, ""R"": 0.04, ""S"": 0.03}","On 17 April 2020, communal militias from Agudama and Akenfa neighborhoods of Yenagoa (Yenagoa LGA, Bayelsa) clashed over land. 3 people were killed in the clashes.",0.87,Agudama Communal Militia (Nigeria),,0.8052959501557629,0.9499999999999998,0.1356852405076095,0.31745554580644947,0.13433514980677466,0.1370488998455665,0.13842626418771584,0.1370488998455665
mistral:7b,NIG27221,V,V,0.95,"{""V"": 0.85, ""B"": 0.02, ""E"": 0.01, ""P"": 0.03, ""R"": 0.04, ""S"": 0.05}","On 27 June 2020, a Katsina militia attacked civilians in Mara Zamfarawa (Dan-Musa, Katsina), three locals were killed and three others were wounded.",0.88,Katsina Communal Militia (Nigeria),,0.8052959501557629,0.9499999999999998,0.3122678976538659,0.13616419391309456,0.13480933754624877,0.13753266681280224,0.13891489309380212,0.14031101097987417
mistral:7b,NIG20782,R,P,0.95,"{""V"": 0.02, ""B"": 0.01, ""E"": 0.0, ""P"": 0.87, ""R"": 0.06, ""S"": 0.04}","On 22 May 2021, youth residents clashed with Nigerian custom operatives at Eruwa (Ibarapa East LGA, Oyo) over smuggled election materials in light of the local government elections. Two reported fatalities.",0.86,Rioters (Nigeria),,0.8052959501557629,0.9499999999999998,0.13566850535506722,0.1343185811717824,0.1329820889585473,0.3174163914594874,0.14120524209213164,0.13840919096266666
mistral:7b,NIG20932,P,P,0.95,"{""V"": 0.01, ""B"": 0.0, ""E"": 0.0, ""P"": 0.95, ""R"": 0.02, ""S"": 0.02}","On 3 June 2021, thousands of Urhobo youth led by the Urhobo Progress Union - Youth Wing shut down the Delta State Office of the Niger Delta Development Commission in Warri (Warri South LGA, Delta) in a demonstration against the president's refusal to constitute a new board for the Commission.",0.86,Protesters (Nigeria),,0.8052959501557629,0.9499999999999998,0.1322719580980899,0.13095583012469084,0.13095583012469084,0.33861375489713813,0.13360131337752576,0.13360131337752576
mistral:7b,NIG34685,B,B,0.95,"{""V"": 0.02, ""B"": 0.87, ""E"": 0.01, ""P"": 0.03, ""R"": 0.04, ""S"": 0.03}","On 21 January 2024, Nigerian troops ambushed and killed a Boko Haram (JAS) fighter in Luskori, coded to Konduga (Konduga, Borno). Another one escaped with gun wounds. The military recovered an AK 47 rifle. There was one fatality.",0.87,Military Forces of Nigeria (2023-),,0.8052959501557629,0.9499999999999998,0.1356852405076095,0.31745554580644947,0.13433514980677466,0.1370488998455665,0.13842626418771584,0.1370488998455665
mistral:7b,NIG20554,B,B,1.0,"{""V"": 0.0, ""B"": 1.0, ""E"": 0.0, ""P"": 0.0, ""R"": 0.0, ""S"": 0.0}","On 26 April 2021, Nigerian military clashed with ISWAP fighters following an attack on Gwoza LGA (Borno). No reported fatalities.",0.8,Military Forces of Nigeria (2015-2023),,0.8235294117647058,0.9999999999989999,0.12956251432960408,0.3521874283516274,0.12956251432960408,0.12956251432960408,0.12956251432960408,0.12956251432960408
mistral:7b,NIG24442,V,V,0.95,"{""V"": 0.85, ""B"": 0.02, ""E"": 0.01, ""P"": 0.03, ""R"": 0.04, ""S"": 0.05}","On 7 April 2022, suspected armed pastoralists attacked the Odiguetue community (Ovia North East, Edo) and killed 5 persons. The community leader claimed the assailants had repeatedly invaded the community and destroyed the locals' crops to feed their cattle.",0.88,Fulani Ethnic Militia (Nigeria),,0.8052959501557629,0.9499999999999998,0.3122678976538659,0.13616419391309456,0.13480933754624877,0.13753266681280224,0.13891489309380212,0.14031101097987417
mistral:7b,NIG19921,B,B,0.95,"{""V"": 0.02, ""B"": 0.85, ""E"": 0.01, ""P"": 0.03, ""R"": 0.04, ""S"": 0.05}","On 25 February 2021, unidentified gunmen clashed with a police patrol team at Akai Effa roundabout in Calabar (Calabar-Municipal LGA, Cross River), Killing some policemen and seizing their weapons and ammunition. Unknown fatalities coded as 3.",0.87,Police Forces of Nigeria (2015-2023),,0.8052959501557629,0.9499999999999998,0.13616419391309456,0.3122678976538659,0.13480933754624877,0.13753266681280224,0.13891489309380212,0.14031101097987417
mistral:7b,NIG24883,V,P,0.95,"{""V"": 0.02, ""B"": 0.01, ""E"": 0.005, ""P"": 0.86, ""R"": 0.05, ""S"": 0.06}","On 18 May 2022, armed individuals enforcing a sit in order killed a woman at PRODA junction along Enugu-Abakaliki highway, coded to Amorji-Nike (Enugu East, Enugu).",1.11,Unidentified Armed Group (Nigeria),,0.8052959501557629,0.9499999999999998,0.13581800496989552,0.13446659324058874,0.13379593830891218,0.3146043415645562,0.13995427901375013,0.1413608429019826
mistral:7b,NIG17107,V,R,0.85,"{""V"": 0.05, ""B"": 0.02, ""E"": 0.01, ""P"": 0.03, ""R"": 0.85, ""S"": 0.04}","On 26 May 2020, Police officers attacked and detained a group of officers from Lagos State Building Control Agency during an inspection in Aja (Eti-Osa LGA, Lagos). They also shot in the air. No fatalities and/or injuries reported.",0.87,Police Forces of Nigeria (2015-2023),,0.48148148148148145,0.85,0.14031101097987414,0.13616419391309453,0.13480933754624874,0.1375326668128022,0.31226789765386587,0.1389148930938021
mistral:7b,NIG25091,P,P,1.0,"{""V"": 0.0, ""B"": 0.0, ""E"": 0.0, ""P"": 1.0, ""R"": 0.0, ""S"": 0.0}","On 3 June 2022, scores of supporters of former president Goodluck Jonathan protested at the national secretariat of the APC in Abuja (Abuja Municipal, FCT) to demand that the party chose the former president as its presidential candidate for the 2023 elections.",0.81,Protesters (Nigeria),,0.8235294117647058,0.9999999999989999,0.12956251432960408,0.12956251432960408,0.12956251432960408,0.3521874283516274,0.12956251432960408,0.12956251432960408
mistral:7b,NIG31049,B,B,0.85,"{""V"": 0.1, ""B"": 0.65, ""E"": 0.05, ""P"": 0.05, ""R"": 0.1, ""S"": 0.05}","On 24 April 2023, Gbagyi and Hausa ethnic militias clashed in Gwarinpa (Abuja Municipal, FCT). The clash started the previous day and was temporarily brought under control [coded separately]; three persons were killed, several others were wounded and cars were vandalized. Some sources report that the clash resulted from an attempt by the Gbagyi militia to retaliate the robbery of a local politician by a group of Hausa persons. 3 fatalities split across 2 events coded as 1.",0.85,Gbagyi Ethnic Militia (Nigeria),,0.48148148148148145,0.85,0.15181553254618727,0.26313472994482484,0.14441140165417912,0.14441140165417912,0.15181553254618727,0.14441140165417912
mistral:7b,NIG33543,V,V,0.95,"{""V"": 0.95, ""B"": 0.02, ""E"": 0.01, ""P"": 0.0, ""R"": 0.0, ""S"": 0.02}","On 22 October 2023, an unidentified armed group shot and killed one person at Alu Oko, Ebge Egume, Aja-Odi, coded to Agojeju (Ofu, Kogi). No further details.",0.85,Unidentified Armed Group (Nigeria),,0.8052959501557629,0.9499999999999998,0.3386137548971382,0.1336013133775258,0.13227195809808992,0.13095583012469084,0.13095583012469084,0.1336013133775258
mistral:7b,NIG29194,E,B,0.95,"{""V"": 0.02, ""B"": 0.87, ""E"": 0.05, ""P"": 0.01, ""R"": 0.01, ""S"": 0.04}","Around 12 December 2022 (as reported), the Nigerian Air Force targeted and destroyed camps of Kaduna militias with rockets at Kufita and Kuyanbana forest (Birnin Gwari, Kaduna) and other locations in Igabi LGA, Chikun LGA and Giwa LGA. Several militiamen were killed, and their camps were destroyed, unknown fatalities coded as 3.",0.87,Military Forces of Nigeria (2015-2023),,0.8052959501557629,0.9499999999999998,0.13567780246225525,0.31743814340705195,0.13980980670408055,0.13432778577120827,0.13432778577120827,0.13841867588387827
mistral:7b,NIG32631,B,B,0.95,"{""V"": 0.01, ""B"": 0.85, ""E"": 0.02, ""P"": 0.03, ""R"": 0.02, ""S"": 0.07}","On 23 August 2023, the Nigerian military shot and killed four ISWAP fighters in Pulka (Gwoza, Borno) and Firgi, coded separately. Fatalities split across two locations, 2 coded.",0.87,Military Forces of Nigeria (2023-),,0.8052959501557629,0.9499999999999998,0.13479804534392978,0.31224174076931915,0.13615278822225554,0.13752114649286457,0.13615278822225554,0.14313349094906316
mistral:7b,NIG19811,E,B,1.0,"{""V"": 0.0, ""B"": 0.9, ""E"": 0.0, ""P"": 0.0, ""R"": 0.0, ""S"": 0.1}","On 14 February 2021, Nigerian military forces conducted airstrikes against Boko Haram fighters in Egiri, Zira 1 and 2 villages in Biu LGA (Borno), following an attack in the area by BH. No reported fatalities.",0.98,Military Forces of Nigeria (2015-2023),,0.8235294117647058,0.9999999999989999,0.1321916551816841,0.32513900635385695,0.1321916551816841,0.1321916551816841,0.1321916551816841,0.14609437291908126
mistral:7b,NIG31867,S,S,1.0,"{""V"": 0.0, ""B"": 0.0, ""E"": 0.0, ""P"": 0.0, ""R"": 0.0, ""S"": 1.0}","Property destruction: Around 26 June 2023 (between 15 June - 6 July), troops of the joint task force of Operation Delta Safe destroyed 30 illegal refining sites across Delta coded to Asaba (Oshimili South, Delta), Bayelsa, Cross River and Rivers states [coded separately]. 125 storage tanks, 227 ovens, 11 dugout pits and 21 wooden boats were recovered, 42 suspected saboteurs were arrested.",0.81,Military Forces of Nigeria (2023-),,0.8235294117647058,0.9999999999989999,0.12956251432960408,0.12956251432960408,0.12956251432960408,0.12956251432960408,0.12956251432960408,0.3521874283516274
mistral:7b,NIG29618,B,B,0.95,"{""V"": 0.02, ""B"": 0.95, ""E"": 0.01, ""P"": 0.0, ""R"": 0.02, ""S"": 0.0}","On 17 January 2023, an unidentified armed group shot and killed an inspector of police while patrolling Iheorji Ohanku Road, Aba (Aba South, Abia). The police shot and killed two militiamen and others escaped with gun wounds. The militiamen carted away an AK-47 rifle belonging to the deceased officer. 3 fatalities reported.",0.87,Unidentified Armed Group (Nigeria),,0.8052959501557629,0.9499999999999998,0.1336013133775258,0.3386137548971382,0.13227195809808992,0.13095583012469084,0.1336013133775258,0.13095583012469084
mistral:7b,NIG34042,P,P,1.0,"{""V"": 0.0, ""B"": 0.0, ""E"": 0.0, ""P"": 1.0, ""R"": 0.0, ""S"": 0.0}","On 4 December 2023, students from four nursing schools in Abia state protested at an examination center in Umuahia (Umuahia North, Abia) against their exclusion from taking the rescheduled examination.",0.81,Protesters (Nigeria),,0.8235294117647058,0.9999999999989999,0.12956251432960408,0.12956251432960408,0.12956251432960408,0.3521874283516274,0.12956251432960408,0.12956251432960408
mistral:7b,NIG19433,P,P,1.0,"{""V"": 0.0, ""B"": 0.0, ""E"": 0.0, ""P"": 1.0, ""R"": 0.0, ""S"": 0.0}","On 12 January 2021, members of the Abubakar Tafawa Balewa University chapter of the Senior Staff Association of Nigerian Universities and Non-academic Staff Union of Universities staged protests in Bauchi State over unfair labor practices, the non-payment of salaries, and the failure of the federal government to implement the Memorandum of Understanding it entered with the Unions.",0.81,Protesters (Nigeria),,0.8235294117647058,0.9999999999989999,0.12956251432960408,0.12956251432960408,0.12956251432960408,0.3521874283516274,0.12956251432960408,0.12956251432960408
mistral:7b,NIG24644,P,P,0.95,"{""V"": 0.01, ""B"": 0.0, ""E"": 0.0, ""P"": 0.95, ""R"": 0.02, ""S"": 0.02}","On 3 May 2022, members of the PDP in Ogun State protested at the state secretariat of the party in Abeokuta (Abeokuta South, Ogun) against the imposition of ward ad-hoc delegates who the protesters claimed were loyal to the governorship aspirant.",0.85,Protesters (Nigeria),,0.8052959501557629,0.9499999999999998,0.1322719580980899,0.13095583012469084,0.13095583012469084,0.33861375489713813,0.13360131337752576,0.13360131337752576
mistral:7b,NIG34589,E,E,1.0,"{""V"": 0.0, ""B"": 0.0, ""E"": 1.0, ""P"": 0.0, ""R"": 0.0, ""S"": 0.0}","On 16 January 2024, an IED suspected to have been planted by IS/BH triggered and killed two CJTF members in Mafa (Mafa, Borno). The CJTF drove over the explosive device while on routine operations along Mafa/Konduga LGA areas. Eight CJTF members sustained injuries from the explosive. There were two fatalities.",0.81,Islamic State West Africa Province (ISWAP) and/or Boko Haram - Jamaatu Ahli is-Sunnah lid-Dawati wal-Jihad,,0.8235294117647058,0.9999999999989999,0.12956251432960408,0.12956251432960408,0.3521874283516274,0.12956251432960408,0.12956251432960408,0.12956251432960408
mistral:7b,NIG24528,B,B,0.95,"{""V"": 0.02, ""B"": 0.87, ""E"": 0.01, ""P"": 0.03, ""R"": 0.04, ""S"": 0.03}","On 19 April 2022, Nigerian troops clashed with an armed group in Chito (Ukum, Benue) and killed three armed individuals. An undisclosed number of weapons, two motorcycles and three phones were recovered.",0.87,Military Forces of Nigeria (2015-2023),,0.8052959501557629,0.9499999999999998,0.1356852405076095,0.31745554580644947,0.13433514980677466,0.1370488998455665,0.13842626418771584,0.1370488998455665
mistral:7b,NIG27484,V,V,0.95,"{""V"": 0.95, ""B"": 0.02, ""E"": 0.01, ""P"": 0.0, ""R"": 0.0, ""S"": 0.02}","On 12 November 2020, an armed group attacked and killed a commercial motorcyclist at the Ologede junction in Akure (Akure South, Ondo).",0.85,Unidentified Armed Group (Nigeria),,0.8052959501557629,0.9499999999999998,0.3386137548971382,0.1336013133775258,0.13227195809808992,0.13095583012469084,0.13095583012469084,0.1336013133775258
mistral:7b,NIG23779,B,B,0.95,"{""V"": 0.01, ""B"": 0.85, ""E"": 0.02, ""P"": 0.01, ""R"": 0.01, ""S"": 0.09}","Around 13 February 2022 (between 12 - 15 February), the Nigerien contingent of MNJTF carried out a combined air-ground operation involving air and artillery strikes and ground assaults against Boko Haram (JAS or ISWAP Lake Chad faction) in the areas of Jabulam (Mobbar, Borno) and Abadam (Abadan, Borno) in Nigeria, and Bague Kiessa [Bague Kiessa Koura], Dagaya, Boulayi, and Boula Gana (Bosso, Diffa) in Niger. About twenty militants were killed and weapons and ammo seized. Fatalities are split across six events.",0.87,Military Forces of Niger (2021-2023),,0.8052959501557629,0.9499999999999998,0.13495815371985304,0.31261261052401385,0.1363145057141084,0.13495815371985304,0.13495815371985304,0.14619842260200588
mistral:7b,NIG22565,B,B,0.95,"{""V"": 0.02, ""B"": 0.87, ""E"": 0.01, ""P"": 0.03, ""R"": 0.02, ""S"": 0.05}","On 10 November 2021, the Nigerian army claimed an ambush against Boko Haram/ISWAP militants in Pulka (Gwoza, Borno). The soldiers collaborated with the CJTF and local militia members. Four militants were killed, weapons were recovered and several others fled with gunshot wounds.",0.87,Military Forces of Nigeria (2015-2023),,0.8052959501557629,0.9499999999999998,0.1356815027880383,0.31744680086262134,0.1343314492781346,0.1370451245612891,0.1356815027880383,0.1398136197215608
mistral:7b,NIG34268,P,P,0.95,"{""V"": 0.01, ""B"": 0.0, ""E"": 0.0, ""P"": 0.95, ""R"": 0.04, ""S"": 0.0}","On 20 December 2023, members of SSANIP and NASU at Rfus Giwa polytechnic Owo (Owo, Ondo) protested and blocked the school's entrance over the non-payment of their salaries for over 10 months.",0.84,Protesters (Nigeria),,0.8052959501557629,0.9499999999999998,0.13226488955729315,0.13094883191705015,0.13094883191705015,0.33859565956404375,0.1362929551271739,0.13094883191705015
mistral:7b,NIG35732,B,B,0.95,"{""V"": 0.02, ""B"": 0.85, ""E"": 0.01, ""P"": 0.03, ""R"": 0.04, ""S"": 0.05}","On 25 March 2024, police forces engaged a leader of Greenlanders cult militia in an armed clash at the forest in Anambra, coded to Akinima (Ahoada West, Rivers). The militia leader who was declared wanted by the police since 2016 was killed.",0.87,Police Forces of Nigeria (2023-),,0.8052959501557629,0.9499999999999998,0.13616419391309456,0.3122678976538659,0.13480933754624877,0.13753266681280224,0.13891489309380212,0.14031101097987417
mistral:7b,NIG18956,B,B,0.95,"{""V"": 0.02, ""B"": 0.87, ""E"": 0.01, ""P"": 0.03, ""R"": 0.04, ""S"": 0.03}","On 19 November 2020, Nigerian military troops clashed with a Benue communal militia at Tor Donga (Katsina-Ala LGA, Benue), killing three and injuring others.",0.88,Military Forces of Nigeria (2015-2023),,0.8052959501557629,0.9499999999999998,0.1356852405076095,0.31745554580644947,0.13433514980677466,0.1370488998455665,0.13842626418771584,0.1370488998455665
mistral:7b,NIG16543,V,V,0.95,"{""V"": 0.85, ""B"": 0.02, ""E"": 0.01, ""P"": 0.03, ""R"": 0.04, ""S"": 0.05}","On 11 March 2020, militias from Alla attacked Egba in the Agatu LGA (Benue) over the ownership of a fish pond in the community. 5 people were killed.",0.87,Alla Communal Militia (Nigeria),,0.8052959501557629,0.9499999999999998,0.3122678976538659,0.13616419391309456,0.13480933754624877,0.13753266681280224,0.13891489309380212,0.14031101097987417
mistral:7b,NIG22075,V,V,0.95,"{""V"": 0.95, ""B"": 0.02, ""E"": 0.01, ""P"": 0.0, ""R"": 0.01, ""S"": 0.01}","On 24 September 2021, pastoralists from a Fulani ethnic militia attacked farmers in Gbajimba (Guma, Benue). One farmer was killed, four others fled.",0.86,Fulani Ethnic Militia (Nigeria),,0.8052959501557629,0.9499999999999998,0.33861823390414764,0.13360308058636017,0.1322737077229026,0.13095756234044575,0.1322737077229026,0.1322737077229026
mistral:7b,NIG35002,B,B,0.95,"{""V"": 0.02, ""B"": 0.85, ""E"": 0.01, ""P"": 0.03, ""R"": 0.02, ""S"": 0.07}","On 15 February 2024, the Nigerian police engaged in a firefight with an unidentified armed group while raiding their hideouts between Nasarawa State and the Kuje LGA, coded to Kuje (Kuje, FCT). The police arrested one member of the group and rescued two hostages. There were no fatalities.",0.87,Police Forces of Nigeria (2023-),,0.8052959501557629,0.9499999999999998,0.13615278822225554,0.31224174076931915,0.1347980453439298,0.13752114649286457,0.13615278822225554,0.1431334909490632
mistral:7b,NIG16365,E,B,0.95,"{""V"": 0.01, ""B"": 0.95, ""E"": 0.02, ""P"": 0.0, ""R"": 0.0, ""S"": 0.02}","On 16 February 2020, Nigerian Air Force conducted air strikes against an ISWAP camp at Tumbin Zarami at Lake Chad (coded as Monguno, Borno) and destroyed structures.",0.85,Military Forces of Nigeria (2015-2023),,0.8052959501557629,0.9499999999999998,0.13227195809808992,0.3386137548971382,0.1336013133775258,0.13095583012469084,0.13095583012469084,0.1336013133775258
mistral:7b,NIG37606,P,P,1.0,"{""V"": 0.0, ""B"": 0.0, ""E"": 0.0, ""P"": 1.0, ""R"": 0.0, ""S"": 0.0}","On 6 July 2024, FCT women protested and marched from Unity fountain Maitama to the presidential villa in Abuja (Abuja Municipal, FCT) to denounce the rift between the FCT minister and senator representing the FCT.",0.81,Protesters (Nigeria),,0.8235294117647058,0.9999999999989999,0.12956251432960408,0.12956251432960408,0.12956251432960408,0.3521874283516274,0.12956251432960408,0.12956251432960408
mistral:7b,NIG36225,V,V,1.0,"{""V"": 1.0, ""B"": 0.0, ""E"": 0.0, ""P"": 0.0, ""R"": 0.0, ""S"": 0.0}","On 24 August 2021, police attacked a man in Amagu (Abakaliki, Ebonyi). He was killed in police custody after he had been arrested. The victim was to return to South Africa after visiting family in Nigeria. He was arrested in Orie-Nempi Market.",0.81,Police Forces of Nigeria (2015-2023),,0.8235294117647058,0.9999999999989999,0.3521874283516274,0.12956251432960408,0.12956251432960408,0.12956251432960408,0.12956251432960408,0.12956251432960408
mistral:7b,NIG26709,B,B,0.85,"{""V"": 0.15, ""B"": 0.65, ""E"": 0.05, ""P"": 0.05, ""R"": 0.05, ""S"": 0.05}","On 7 May 2021, Nigerian military troops clashed with a Kaduna communal militia around the Rigachikun (Rigacikun) axis (Igabi LGA, Kaduna), killing one militiaman and one civilian.",0.86,Military Forces of Nigeria (2015-2023),,0.48148148148148145,0.85,0.1595387175924359,0.2630348771948698,0.1443566013031078,0.1443566013031078,0.1443566013031078,0.1443566013031078
mistral:7b,NIG20879,S,R,0.95,"{""V"": 0.02, ""B"": 0.01, ""E"": 0.005, ""P"": 0.03, ""R"": 0.88, ""S"": 0.06}","Property destruction: On 29 May 2021, armed individuals set the Police Criminal Investigation Department on fire in Umuahia (Umuahia North LGA, Abia). No reports on injuries or fatalities.",0.88,Unidentified Armed Group (Nigeria),,0.8052959501557629,0.9499999999999998,0.135332951523674,0.13398636615679765,0.13331810636769373,0.13669307029848055,0.3198135116039381,0.14085599404909607
mistral:7b,NIG19363,V,V,0.95,"{""V"": 0.85, ""B"": 0.02, ""E"": 0.01, ""P"": 0.03, ""R"": 0.04, ""S"": 0.05}","On 28 December 2020, unidentified armed men attacked Runka Community (Safana LGA, Katsina), killing a relative of a lawmaker representing Safana and abducting a newly-wedded couple.",0.87,Unidentified Armed Group (Nigeria),,0.8052959501557629,0.9499999999999998,0.3122678976538659,0.13616419391309456,0.13480933754624877,0.13753266681280224,0.13891489309380212,0.14031101097987417
mistral:7b,NIG19480,V,V,0.95,"{""V"": 0.95, ""B"": 0.02, ""E"": 0.01, ""P"": 0.0, ""R"": 0.02, ""S"": 0.0}","On 12 January 2021, Yansakai Militia attacked and killed a Fulani Pastoralist at Talata Mafara LGA (Zamfara). Unknown reason for attack.",0.85,Yansakai Militia,,0.8052959501557629,0.9499999999999998,0.3386137548971382,0.1336013133775258,0.13227195809808992,0.13095583012469084,0.1336013133775258,0.13095583012469084
mistral:7b,NIG29018,B,B,0.95,"{""V"": 0.02, ""B"": 0.85, ""E"": 0.01, ""P"": 0.03, ""R"": 0.04, ""S"": 0.05}","On 6 December 2022, police forces repelled a Katsina militia when they blocked a cattle route along Tashar Maje in Kankara LGA (Katsina). Abductees and rustled cattle that were taken away from their village by the militia members [coded separately] were recovered.",0.87,Police Forces of Nigeria (2015-2023),,0.8052959501557629,0.9499999999999998,0.13616419391309456,0.3122678976538659,0.13480933754624877,0.13753266681280224,0.13891489309380212,0.14031101097987417
mistral:7b,NIG24014,R,R,0.95,"{""V"": 0.02, ""B"": 0.01, ""E"": 0.0, ""P"": 0.03, ""R"": 0.94, ""S"": 0.0}","On 5 March 2022, supporters of the incumbent and past chairman of Langtang South LGA clashed in Sabon Gida (Langtang South, Plateau) after the incumbent from the APC slapped the past chairman who belongs to the PDP. An unspecified number of persons were wounded, including the incumbent chairman.",0.85,Rioters (Nigeria),,0.8052959501557629,0.9499999999999998,0.13387261260384747,0.13254055785200597,0.1312217572664005,0.13521805472851023,0.3359252602824993,0.1312217572664005
mistral:7b,NIG31886,S,S,0.95,"{""V"": 0.01, ""B"": 0.02, ""E"": 0.0, ""P"": 0.0, ""R"": 0.0, ""S"": 0.97}","On 9 July 2023, a Boko Haram [JAS Faction] commander and one of his lieutenants surrendered to Nigerian troops in Borno, coded to Maiduguri (Maiduguri Metro, Borno).",0.84,Boko Haram - Jamaatu Ahli is-Sunnah lid-Dawati wal-Jihad,,0.8052959501557629,0.9499999999999998,0.13171939938689892,0.1330432013589635,0.13040876946453953,0.13040876946453953,0.13040876946453953,0.344011090860175
mistral:7b,NIG37851,B,B,0.95,"{""V"": 0.02, ""B"": 0.85, ""E"": 0.01, ""P"": 0.03, ""R"": 0.04, ""S"": 0.05}","On 27 July 2024, the Nigerian police engaged a Benue militia in a firefight, killing six while raiding their enclave in Mbavuur Ward (Logo, Benue). The police recovered an AK-47 rifle and two locally fabricated short guns loaded with ammunition.",0.87,Police Forces of Nigeria (2023-),,0.8052959501557629,0.9499999999999998,0.13616419391309456,0.3122678976538659,0.13480933754624877,0.13753266681280224,0.13891489309380212,0.14031101097987417
mistral:7b,NIG39769,P,P,1.0,"{""V"": 0.0, ""B"": 0.0, ""E"": 0.0, ""P"": 1.0, ""R"": 0.0, ""S"": 0.0}","On 4 August 2024, youth protested at Agho junction along Ekenhuan Road in Benin City (Oredo, Edo). The protesters conducted church service at the protest ground while the police monitored their activities.",0.81,Protesters (Nigeria),,0.8235294117647058,0.9999999999989999,0.12956251432960408,0.12956251432960408,0.12956251432960408,0.3521874283516274,0.12956251432960408,0.12956251432960408
mistral:7b,NIG32802,B,B,0.95,"{""V"": 0.02, ""B"": 0.85, ""E"": 0.01, ""P"": 0.03, ""R"": 0.04, ""S"": 0.05}","On 17 September 2023, a joint task force of security operatives presumed to have comprised of soldiers and policemen engaged a Niger militia in an armed clash in a village near Pan Dongari (Rafi, Niger). 52 militiamen including six informants who lived in the community were killed.",1.03,Military Forces of Nigeria (2023-),,0.8052959501557629,0.9499999999999998,0.13616419391309456,0.3122678976538659,0.13480933754624877,0.13753266681280224,0.13891489309380212,0.14031101097987417
mistral:7b,NIG22047,P,P,0.95,"{""V"": 0.01, ""B"": 0.0, ""E"": 0.0, ""P"": 0.95, ""R"": 0.04, ""S"": 0.0}","On 22 September 2021, about 49 former workers of Total E&P protested against their alleged forceful retrenchment in Port Harcourt (Port Harcourt, Rivers).",0.84,Protesters (Nigeria),,0.8052959501557629,0.9499999999999998,0.13226488955729315,0.13094883191705015,0.13094883191705015,0.33859565956404375,0.1362929551271739,0.13094883191705015
mistral:7b,NIG36760,B,B,0.95,"{""V"": 0.02, ""B"": 0.87, ""E"": 0.01, ""P"": 0.03, ""R"": 0.04, ""S"": 0.03}","On 19 May 2024, military forces engaged a Kaduna militia in an armed clash at Baka general area (Igabi, Kaduna). The militia fled, some of them with gunshot wounds and the troops recovered one rifle and two motorcycles.",0.88,Military Forces of Nigeria (2023-),,0.8052959501557629,0.9499999999999998,0.1356852405076095,0.31745554580644947,0.13433514980677466,0.1370488998455665,0.13842626418771584,0.1370488998455665
mistral:7b,NIG37618,B,V,0.95,"{""V"": 0.85, ""B"": 0.02, ""E"": 0.01, ""P"": 0.03, ""R"": 0.04, ""S"": 0.05}","On 10 July 2024, an unidentified armed group shot and killed an OSPAC member in the Igwuruta community (Ikwerre, Rivers). The group was responding to a distress call concerning an abduction case when its members were ambushed, and one got shot and killed.",0.87,Unidentified Armed Group (Nigeria),,0.8052959501557629,0.9499999999999998,0.3122678976538659,0.13616419391309456,0.13480933754624877,0.13753266681280224,0.13891489309380212,0.14031101097987417
mistral:7b,NIG36319,B,B,0.95,"{""V"": 0.01, ""B"": 0.95, ""E"": 0.01, ""P"": 0.01, ""R"": 0.01, ""S"": 0.01}","Around 25 April 2024 (as reported), the Nigerian troops engaged a Taraba militia in a firefight, killing two in Kweerti, also spelt as Kwesati village (Ussa, Taraba). Other militiamen fled, and the troops recovered one AK-47 magazine along with seven rounds of 7.62mm special ammunition.",0.87,Military Forces of Nigeria (2023-),,0.8052959501557629,0.9499999999999998,0.13227545739400212,0.33862271302965063,0.13227545739400212,0.13227545739400212,0.13227545739400212,0.13227545739400212
mistral:7b,NIG30420,S,R,0.95,"{""V"": 0.02, ""B"": 0.01, ""E"": 0.0, ""P"": 0.03, ""R"": 0.87, ""S"": 0.07}","Around 8 August 2021 (between 7 August - 8 August), the Nigerian police arrested over 20 unidentified cult militias in various locations within Oshogbo (Osogbo, Osun). The cultists were picked up when the police raided some black spots.",0.86,Police Forces of Nigeria (2015-2023),,0.8052959501557629,0.9499999999999998,0.13566281541029784,0.13431294784290945,0.13297651168223318,0.13702624937228,0.31740307899812015,0.14261839669384196
mistral:7b,NIG25680,B,B,0.95,"{""V"": 0.02, ""B"": 0.87, ""E"": 0.01, ""P"": 0.03, ""R"": 0.04, ""S"": 0.03}","On 21 July 2022, a Katsina militia led by Bauche attacked Ansaru militants and engaged them in an armed clash in Damari forest (Sabuwa, Katsina). The clash lasted for several hours, three persons were killed including a top Ansaru commander.",0.87,Katsina Communal Militia (Nigeria),,0.8052959501557629,0.9499999999999998,0.1356852405076095,0.31745554580644947,0.13433514980677466,0.1370488998455665,0.13842626418771584,0.1370488998455665
mistral:7b,NIG33592,R,P,0.95,"{""V"": 0.02, ""B"": 0.01, ""E"": 0.0, ""P"": 0.87, ""R"": 0.04, ""S"": 0.06}","On 1 November 2023, members of NUPENG who were demonstrating at the union's office in Utako (Abuja Municipal, FCT) over claims that the newly elected leaders of the union were imposed on them beat up the newly elected chairman. The victim was rescued by policemen and taken to a hospital.",0.86,Rioters (Nigeria),,0.8052959501557629,0.9499999999999998,0.1356685053550672,0.1343185811717824,0.13298208895854727,0.31741639145948736,0.13840919096266663,0.14120524209213162
mistral:7b,NIG20827,B,B,0.95,"{""V"": 0.02, ""B"": 0.85, ""E"": 0.01, ""P"": 0.03, ""R"": 0.04, ""S"": 0.05}","Around 26 May 2021 (as reported), Nigerian police operatives clashed with a Katsina communal militia at Kafur, Danja, Dutsinma, Safana, Batsari and Funtua Local Government Areas in Katsina State, killing five militiamen and recovered 69 rustled cows. 16 suspects were also arrested. Fatalities split across 6 events.",0.87,Police Forces of Nigeria (2015-2023),,0.8052959501557629,0.9499999999999998,0.13616419391309456,0.3122678976538659,0.13480933754624877,0.13753266681280224,0.13891489309380212,0.14031101097987417
mistral:7b,NIG29044,B,V,0.95,"{""V"": 0.85, ""B"": 0.02, ""E"": 0.01, ""P"": 0.01, ""R"": 0.01, ""S"": 0.0}","On 5 December 2022, a Sokoto militia numbering about 90 killed three policemen guarding a market and three civilians when they attacked Yar Bulutu market in Sabon Birni LGA (Sokoto) and shot sporadically. The assailants set one of the policemen's vehicle ablaze and threw the body of one policeman into the fire, several other civilians sustained varying bullet wounds.",0.87,Sokoto Communal Militia (Nigeria),,0.8052959501557629,0.9499999999999998,0.31659638236153453,0.13805162658072712,0.13667798994505112,0.13667798994505112,0.13667798994505112,0.13531802122226833
mistral:7b,NIG32771,V,V,0.95,"{""V"": 0.95, ""B"": 0.02, ""E"": 0.01, ""P"": 0.0, ""R"": 0.0, ""S"": 0.02}","On 9 September 2023, a Katsina militia abducted two persons from Marke village (Dutsinma, Katsina) coded to Dutsin Ma. There are no reports on ransom demands.",0.85,Katsina Communal Militia (Nigeria),,0.8052959501557629,0.9499999999999998,0.3386137548971382,0.1336013133775258,0.13227195809808992,0.13095583012469084,0.13095583012469084,0.1336013133775258
mistral:7b,NIG26442,B,B,0.95,"{""V"": 0.02, ""B"": 0.87, ""E"": 0.01, ""P"": 0.0, ""R"": 0.0, ""S"": 0.09}","On 25 September 2022, policemen invaded the camp of an unidentified armed group that had abducted one person from Kara bridge and engaged them in an armed clash. Location coded to Mowe (Obafemi, Ogun), one of the assailants was arrested, others fled with bullet wounds and the abductee was rescued.",0.85,Police Forces of Nigeria (2015-2023),,0.8052959501557629,0.9499999999999998,0.13582154393188137,0.3177744476839539,0.13447009698931447,0.1331320971685053,0.1331320971685053,0.14566971705752174
mistral:7b,NIG33348,V,B,0.85,"{""V"": 0.1, ""B"": 0.85, ""E"": 0.02, ""P"": 0.02, ""R"": 0.01, ""S"": 0.0}","Around 27 October 2023 (as reported), an unidentified armed group abducted a soldier (presumed to be off duty) at the Akparata axis of Effium (Ohaukwu, Ebonyi). The soldier was part of the contingent deployed to manage inter-communal clashes in the area. The State government issued an ultimatum to the warring communities to provide the soldier alive by 26 October 2023.",0.85,Unidentified Armed Group (Nigeria),,0.48148148148148145,0.85,0.14744910151050789,0.31214975034726916,0.13611267586437223,0.13611267586437223,0.13475833211067614,0.13341746430249007
mistral:7b,NIG26080,B,B,0.95,"{""V"": 0.02, ""B"": 0.87, ""E"": 0.01, ""P"": 0.03, ""R"": 0.04, ""S"": 0.03}","Around 15 August 2022 (as reported), an unidentified armed group attacked a police squad, wounded three policemen and stole their rifles along Ozoro/ Kwale (Ndokwa West, Delta).",0.87,Unidentified Armed Group (Nigeria),,0.8052959501557629,0.9499999999999998,0.1356852405076095,0.31745554580644947,0.13433514980677466,0.1370488998455665,0.13842626418771584,0.1370488998455665
mistral:7b,NIG16392,V,V,0.95,"{""V"": 0.95, ""B"": 0.02, ""E"": 0.01, ""P"": 0.0, ""R"": 0.02, ""S"": 0.0}","On 20 February 2020, officers of SARS forces shot and injured 2 street traders on a market in Abeokuta (Abeokuta South LGA, Ogun) when they stormed the location.",0.85,Police Forces of Nigeria (2015-2023) Special Anti-Robbery Squad,,0.8052959501557629,0.9499999999999998,0.3386137548971382,0.1336013133775258,0.13227195809808992,0.13095583012469084,0.1336013133775258,0.13095583012469084
mistral:7b,NIG26718,P,P,1.0,"{""V"": 0.0, ""B"": 0.0, ""E"": 0.0, ""P"": 1.0, ""R"": 0.0, ""S"": 0.0}","On 16 May 2021, members of the Ijaw Youth Marches staged protest marches along major streets and at Isaac Boro Park in Port Harcourt (Port-Harcourt LGA, Rivers) in remembrance of Late Major Isaac Jasper Adaka Boro.",0.82,Protesters (Nigeria),,0.8235294117647058,0.9999999999989999,0.12956251432960408,0.12956251432960408,0.12956251432960408,0.3521874283516274,0.12956251432960408,0.12956251432960408
mistral:7b,NIG16027,B,B,0.95,"{""V"": 0.01, ""B"": 0.85, ""E"": 0.02, ""P"": 0.03, ""R"": 0.02, ""S"": 0.07}","On 8 January 2020, Nigerian Armed Forces battled with presumed ISWAP fighters in Mafa LGA (Borno) and killed an unreported number of fighters. Unknown number of fatalities coded as 10.",0.88,Military Forces of Nigeria (2015-2023),,0.8052959501557629,0.9499999999999998,0.13479804534392978,0.31224174076931915,0.13615278822225554,0.13752114649286457,0.13615278822225554,0.14313349094906316
mistral:7b,NIG38277,B,B,0.95,"{""V"": 0.02, ""B"": 0.87, ""E"": 0.01, ""P"": 0.03, ""R"": 0.02, ""S"": 0.05}","On 27 August 2024, the Nigerian troops ambushed some fleeing Jimmu Sumoli-led Zamfara militiamen and shot ten dead in Magamin Diddi village in Maradun LGA, coded to Faru Magami (Maradun, Zamfara). The militiamen escaped from a clash with the troops in Matusgi, coded separately.",0.87,Military Forces of Nigeria (2023-),,0.8052959501557629,0.9499999999999998,0.1356815027880383,0.31744680086262134,0.1343314492781346,0.1370451245612891,0.1356815027880383,0.1398136197215608
mistral:7b,NIG27958,V,P,0.95,"{""V"": 0.01, ""B"": 0.0, ""E"": 0.0, ""P"": 0.95, ""R"": 0.02, ""S"": 0.02}","On 19 February 2021, a soldier shot and wounded a truck driver at an army checkpoint in Omagwa (Ikwerre, Rivers) over the driver's refusal to pay a bribe of 200 naira. The association of tanker drivers staged a protest [coded separately].",0.85,Military Forces of Nigeria (2015-2023),,0.8052959501557629,0.9499999999999998,0.1322719580980899,0.13095583012469084,0.13095583012469084,0.33861375489713813,0.13360131337752576,0.13360131337752576
mistral:7b,NIG33835,P,P,0.95,"{""V"": 0.01, ""B"": 0.005, ""E"": 0.002, ""P"": 0.887, ""R"": 0.05, ""S"": 0.048}","On 13 November 2023, some political party supporters (unspecified) protested at the INEC office in Yenagoa (Yenagoa, Bayelsa) over the delay in releasing election results.",0.9,Protesters (Nigeria),,0.8052959501557629,0.9499999999999998,0.13386407320918617,0.13319642335870305,0.1327974328735974,0.3217661070820766,0.1393271696733996,0.13904879380271543
mistral:7b,NIG20679,B,B,0.95,"{""V"": 0.02, ""B"": 0.85, ""E"": 0.01, ""P"": 0.03, ""R"": 0.04, ""S"": 0.05}","On 10 May 2021, Nigerian police operatives clashed with suspected kidnappers at Ahor community (Ehor) (Uhunmwode LGA, Edo), killing three and rescuing seven kidnapped victims.",0.87,Police Forces of Nigeria (2015-2023),,0.8052959501557629,0.9499999999999998,0.13616419391309456,0.3122678976538659,0.13480933754624877,0.13753266681280224,0.13891489309380212,0.14031101097987417
mistral:7b,NIG26073,B,B,0.95,"{""V"": 0.02, ""B"": 0.87, ""E"": 0.01, ""P"": 0.0, ""R"": 0.0, ""S"": 0.09}","On 13 August 2022, Nigerian troops during a clearance operation intercepted and clashed with Boko Haram/ ISWAP militants at Ngwom (Mafa, Borno). The militants were enroute to rustle cattle from pastoralists in the general area, three militants were killed.",0.85,Military Forces of Nigeria (2015-2023),,0.8052959501557629,0.9499999999999998,0.13582154393188137,0.3177744476839539,0.13447009698931447,0.1331320971685053,0.1331320971685053,0.14566971705752174
mistral:7b,NIG17363,V,B,0.95,"{""V"": 0.02, ""B"": 0.95, ""E"": 0.01, ""P"": 0.0, ""R"": 0.0, ""S"": 0.02}","On 12 June 2020, Boko Haram executed a police officer and a soldier in Borno (coded as Maiduguri LGA, Borno) who were abducted earlier.",0.85,Islamic State West Africa Province (ISWAP) - Lake Chad Faction and/or Boko Haram - Jamaatu Ahli is-Sunnah lid-Dawati wal-Jihad,,0.8052959501557629,0.9499999999999998,0.1336013133775258,0.3386137548971382,0.13227195809808992,0.13095583012469084,0.13095583012469084,0.1336013133775258
mistral:7b,NIG24682,B,B,0.95,"{""V"": 0.02, ""B"": 0.87, ""E"": 0.01, ""P"": 0.03, ""R"": 0.02, ""S"": 0.05}","On 26 April 2022, Nigerian troops in conjunction with the Civilian JTF clashed with ISWAP/ Boko Haram fighters during a clearance operation at Kasha in Mafa LGA (Borno). Six militants were killed, weapons and ammunition, amongst others items were recovered.",0.87,Military Forces of Nigeria (2015-2023),,0.8052959501557629,0.9499999999999998,0.1356815027880383,0.31744680086262134,0.1343314492781346,0.1370451245612891,0.1356815027880383,0.1398136197215608
mistral:7b,NIG22760,B,B,0.95,"{""V"": 0.02, ""B"": 0.87, ""E"": 0.01, ""P"": 0.03, ""R"": 0.04, ""S"": 0.03}","On 29 November 2021, troops of security forces on patrol clashed with members of a Kaduna militia at an identified hideout in Idasu (Giwa, Kaduna) and Birnin Gwari [coded separately]. Three militia members were killed, weapons and three motorcycles were recovered.",0.87,Military Forces of Nigeria (2015-2023),,0.8052959501557629,0.9499999999999998,0.1356852405076095,0.31745554580644947,0.13433514980677466,0.1370488998455665,0.13842626418771584,0.1370488998455665
mistral:7b,NIG29602,B,B,0.95,"{""V"": 0.02, ""B"": 0.85, ""E"": 0.01, ""P"": 0.03, ""R"": 0.04, ""S"": 0.05}","On 20 January 2023, the Nigerian police clashed with an unidentified armed group in Shere (Jos East, Plateau). The armed group abducted the paramount traditional ruler of Izere, Plateau State, and opened fire on the police attempting to rescue the monarch. A civilian guard was shot dead, and a police officer sustained a gun injury during the rescue operation. 1 fatality reported.",0.87,Police Forces of Nigeria (2015-2023),,0.8052959501557629,0.9499999999999998,0.13616419391309456,0.3122678976538659,0.13480933754624877,0.13753266681280224,0.13891489309380212,0.14031101097987417
mistral:7b,NIG31171,B,B,0.85,"{""V"": 0.15, ""B"": 0.65, ""E"": 0.05, ""P"": 0.05, ""R"": 0.05, ""S"": 0.05}","On 1 May 2023, a Kaduna militia were engaged in an armed clash with security operatives at Dorayi village in Zaria LGA (Kaduna) where they abducted about 20 persons and rustled cattle. The assailants abandoned the abductees, burnt down one house and two motorcycles before they fled.",0.88,Kaduna Communal Militia (Nigeria),,0.48148148148148145,0.85,0.1595387175924359,0.2630348771948698,0.1443566013031078,0.1443566013031078,0.1443566013031078,0.1443566013031078
mistral:7b,NIG19588,B,B,0.95,"{""V"": 0.02, ""B"": 0.85, ""E"": 0.07, ""P"": 0.0, ""R"": 0.0, ""S"": 0.06}","On 25 January 2021, Nigerian military troops with MNJTF forces clashed with Boko Haram militants at Mayankari in Borno State, killing three militiamen and destroying their hideout. Nigerian military also recovered weapons and ammunition including one improvised explosive device making equipment.",0.87,Military Forces of Nigeria (2015-2023),,0.8052959501557629,0.9499999999999998,0.1361322494564437,0.3121946388327809,0.14311189913820996,0.13343665031147037,0.13343665031147037,0.1416879119493125
mistral:7b,NIG21894,E,B,0.95,"{""V"": 0.02, ""B"": 0.95, ""E"": 0.01, ""P"": 0.0, ""R"": 0.0, ""S"": 0.02}","Around 6 September 2021 (as reported), military forces of Nigeria killed the leader of an armed militia in an air strike at Shinkafi (Shinkafi, Zamfara).",0.85,Military Forces of Nigeria (2015-2023),,0.8052959501557629,0.9499999999999998,0.1336013133775258,0.3386137548971382,0.13227195809808992,0.13095583012469084,0.13095583012469084,0.1336013133775258
mistral:7b,NIG29062,V,V,0.95,"{""V"": 0.95, ""B"": 0.02, ""E"": 0.01, ""P"": 0.0, ""R"": 0.0, ""S"": 0.02}","On 3 December 2022, an unidentified armed group abducted 8 residents of Anguwan Hausawa in Kwakwu community, coded to Kuje (Kuje, FCT). The abductors shot sporadically to scare of policemen from a police outpost, a ransom of 25 million naira was demanded.",0.86,Unidentified Armed Group (Nigeria),,0.8052959501557629,0.9499999999999998,0.3386137548971382,0.1336013133775258,0.13227195809808992,0.13095583012469084,0.13095583012469084,0.1336013133775258
mistral:7b,NIG29902,B,B,0.95,"{""V"": 0.02, ""B"": 0.87, ""E"": 0.01, ""P"": 0.0, ""R"": 0.0, ""S"": 0.09}","On 4 February 2023, Nigerian troops raided the hideouts of ISWAP/ Boko Haram militants and engaged them in an armed clash at Balange village, on the fringes of the Sambisa Forest Reserve (Gwoza, Borno). Five militants were killed and 55 abductees were rescued.",0.85,Military Forces of Nigeria (2015-2023),,0.8052959501557629,0.9499999999999998,0.13582154393188137,0.3177744476839539,0.13447009698931447,0.1331320971685053,0.1331320971685053,0.14566971705752174
mistral:7b,NIG26789,V,V,0.85,"{""V"": 0.85, ""B"": 0.05, ""E"": 0.02, ""P"": 0.01, ""R"": 0.03, ""S"": 0.04}","On 12 August 2021, Amagba and Obazagbon militias attacked Oke-Oroma (Ikpoba Okha, Edo) coded as Oka, shooting sporadically. Unspecified number of buildings were burnt. Security operatives were deployed but no clashes reported",0.87,Amagba Communal Militia (Nigeria),,0.48148148148148145,0.85,0.31226789765386587,0.14031101097987414,0.13616419391309453,0.13480933754624874,0.1375326668128022,0.1389148930938021
mistral:7b,NIG25905,B,B,0.95,"{""V"": 0.02, ""B"": 0.87, ""E"": 0.01, ""P"": 0.0, ""R"": 0.0, ""S"": 0.09}","On 8 August 2022, Nigerian troops on clearance operations clashed with ISWAP/ Boko Haram militants at an iilegal market established by the militants at Dambia, also called Markas (Bama, Borno). Four militants were killed, others fled and four women suspected to be the wives of the militants were wounded and evacuated to the hospital for treatment.",0.87,Military Forces of Nigeria (2015-2023),,0.8052959501557629,0.9499999999999998,0.13582154393188137,0.3177744476839539,0.13447009698931447,0.1331320971685053,0.1331320971685053,0.14566971705752174
mistral:7b,NIG33181,R,R,0.95,"{""V"": 0.05, ""B"": 0.02, ""E"": 0.01, ""P"": 0.03, ""R"": 0.84, ""S"": 0.05}","On 20 October 2023, mobs lynched a man in the A. A Koto area of Akwanga (Akwanga, Nasarawa) over the allegation of motorcycle theft. They had beaten the victim to death before the soldiers intervened to calm the situation.",0.87,Rioters (Nigeria),,0.8052959501557629,0.9499999999999998,0.14055149453225785,0.1363975701023972,0.13504039160366882,0.1377683884718008,0.3096906607573077,0.14055149453225785
mistral:7b,NIG23107,B,B,0.95,"{""V"": 0.02, ""B"": 0.87, ""E"": 0.01, ""P"": 0.03, ""R"": 0.04, ""S"": 0.05}","On 31 December 2021, police forces, together with member of Igabi communal militia, clashed with Kaduna militia members at the Sabon Birni forest (Igabi, Kaduna) while the group was raiding one of the militia camps. One militiaman was killed, others fled with gunshot wounds; two others were arrested and nine abducted victims were rescued including one who sustained a bullet injury.",0.87,Police Forces of Nigeria (2015-2023),,0.8052959501557629,0.9499999999999998,0.13531062338206976,0.3165790740280029,0.13396426018391444,0.1366705177553225,0.13804407929424325,0.13943144535613053
mistral:7b,NIG27386,B,B,0.95,"{""V"": 0.02, ""B"": 0.85, ""E"": 0.01, ""P"": 0.03, ""R"": 0.06, ""S"": 0.03}","On 16 October 2020, the Supreme Vikings cult militias clashed with one another in Ugbomoro community (Uvwie, Delta) coded as Effurun. One person was killed.",0.88,SVC: Supreme Vikings Confraternity (Nigeria),,0.8052959501557629,0.9499999999999998,0.13616039193055796,0.3122591784960646,0.13480557339407048,0.1375288266197059,0.14171720293958304,0.1375288266197059
mistral:7b,NIG24261,B,B,0.95,"{""V"": 0.02, ""B"": 0.87, ""E"": 0.01, ""P"": 0.03, ""R"": 0.04, ""S"": 0.03}","Around 1 April 2022 (as reported), soldiers on a clearance operation engaged over 400 Niger militiamen in an armed clash near Zuma Barrack, coded to nearby Suleja (Suleja, Niger). 14 soldiers and several militiamen were killed, several other soldiers were wounded. Several militia men deaths coded as 3. Fatalities coded as 17.",0.87,Military Forces of Nigeria (2015-2023),,0.8052959501557629,0.9499999999999998,0.1356852405076095,0.31745554580644947,0.13433514980677466,0.1370488998455665,0.13842626418771584,0.1370488998455665
mistral:7b,NIG26184,S,S,0.95,"{""V"": 0.01, ""B"": 0.02, ""E"": 0.03, ""P"": 0.04, ""R"": 0.05, ""S"": 0.85}","Movement of forces: Around 18 August 2022 (as reported), a militia from a neighboring state were moving in their hundreds to Illela LGA (Sokoto), Silame, Gudu, Tangaza, Gwadabawa, Binji and Gada [coded separately].",0.88,Unidentified Armed Group (Nigeria),,0.8052959501557629,0.9499999999999998,0.13480933754624874,0.13616419391309453,0.1375326668128022,0.1389148930938021,0.14031101097987414,0.31226789765386587
mistral:7b,NIG21295,V,V,0.95,"{""V"": 0.95, ""B"": 0.02, ""E"": 0.01, ""P"": 0.0, ""R"": 0.0, ""S"": 0.02}","On 8 July 2021, an APC member and vice chairman of the NURTW was shot and killed by unidentified armed individuals during a political rally in Agboju (Ijebu Ode, Ogun). According to reports, the victim was protecting another politician from harassment when he was shot.",0.85,Unidentified Armed Group (Nigeria),,0.8052959501557629,0.9499999999999998,0.3386137548971382,0.1336013133775258,0.13227195809808992,0.13095583012469084,0.13095583012469084,0.1336013133775258
mistral:7b,NIG16878,V,V,0.95,"{""V"": 0.85, ""B"": 0.02, ""E"": 0.01, ""P"": 0.03, ""R"": 0.04, ""S"": 0.05}","On 25 April 2020 (or around), suspected Fulani militias attacked Kikwari in Kajuru LGA (Kaduna), killed 3 residents and looted and burnt down the village.",0.88,Fulani Ethnic Militia (Nigeria),,0.8052959501557629,0.9499999999999998,0.3122678976538659,0.13616419391309456,0.13480933754624877,0.13753266681280224,0.13891489309380212,0.14031101097987417
mistral:7b,NIG34780,B,B,0.95,"{""V"": 0.02, ""B"": 0.87, ""E"": 0.01, ""P"": 0.03, ""R"": 0.02, ""S"": 0.05}","On 30 January 2024, troops of 114 battalion of the Nigerian Army trailed an unidentified armed group and engaged them in an armed clash at Apawa village (Lau, Taraba), reported as Yorro LGA. The group fled and abandoned three abductees who had previously been abducted from Ardo Kola LGA. Casualties are unknown.",0.87,Military Forces of Nigeria (2023-),,0.8052959501557629,0.9499999999999998,0.1356815027880383,0.31744680086262134,0.1343314492781346,0.1370451245612891,0.1356815027880383,0.1398136197215608
mistral:7b,NIG29313,B,B,0.95,"{""V"": 0.02, ""B"": 0.87, ""E"": 0.01, ""P"": 0.03, ""R"": 0.04, ""S"": 0.03}","On 23 December 2022, troops of Operation Forest Sanity on an ambush patrol clashed with a Kaduna militia at Buruku (Chikun, Kaduna), Birnin Gwari general area and Giwa LGA [coded separately]. 8 militiamen were killed; split across two events and coded as 4, four motorcycles and three mobile phones were recovered.",0.87,Military Forces of Nigeria (2015-2023),,0.8052959501557629,0.9499999999999998,0.1356852405076095,0.31745554580644947,0.13433514980677466,0.1370488998455665,0.13842626418771584,0.1370488998455665
mistral:7b,NIG38658,B,B,0.95,"{""V"": 0.02, ""B"": 0.87, ""E"": 0.01, ""P"": 0.03, ""R"": 0.04, ""S"": 0.03}","On 11 August 2024, the Aye (Black Axe) and the Vikings clashed and killed one person in the Orji area of Owerri (Owerri Municipal, Imo).",0.87,Black Axe (Nigeria),,0.8052959501557629,0.9499999999999998,0.1356852405076095,0.31745554580644947,0.13433514980677466,0.1370488998455665,0.13842626418771584,0.1370488998455665
mistral:7b,NIG19965,B,B,0.95,"{""V"": 0.02, ""B"": 0.85, ""E"": 0.01, ""P"": 0.0, ""R"": 0.0, ""S"": 0.02}","Around 1 March 2021 (between 1 - 2 March), Nigerian military troops clashed with ISWAP fighters at Dikwa town (Dikwa LGA, Borno). Community resources report that at least six civilians were killed and four UN humanitarian aid workers abducted. Property damage also reported. Military sources deny abduction reports alleging the safety of all UN workers in the area. ISWAP sources report that eight soldiers were killed.",0.87,Military Forces of Nigeria (2015-2023),,0.8052959501557629,0.9499999999999998,0.1380497397289096,0.31659205520890127,0.13667612186772288,0.13531617173262006,0.13531617173262006,0.1380497397289096
mistral:7b,NIG22722,S,S,1.0,"{""V"": 0.0, ""B"": 0.0, ""E"": 0.0, ""P"": 0.0, ""R"": 0.0, ""S"": 1.0}","Around 26 November 2021, a Zamfara militia agreed on a peace deal with Dan Sadau emirate (Maru, Zamfara) to allow farmers carry on with their activities and for other residents to go about their business.",0.81,Zamfara Communal Militia (Nigeria),,0.8235294117647058,0.9999999999989999,0.12956251432960408,0.12956251432960408,0.12956251432960408,0.12956251432960408,0.12956251432960408,0.3521874283516274
mistral:7b,NIG17898,P,P,0.95,"{""V"": 0.01, ""B"": 0.02, ""E"": 0.0, ""P"": 0.87, ""R"": 0.04, ""S"": 0.06}","On 10 August 2020, commercial drivers operating between Eleme and Igbo-Etche LGAs took to the streets in Rivers State to protest against harassment and extortion by the police.",1.04,Protesters (Nigeria),,0.8052959501557629,0.9499999999999998,0.1343185811717824,0.1356685053550672,0.13298208895854727,0.31741639145948736,0.13840919096266663,0.14120524209213162
mistral:7b,NIG31996,B,B,0.95,"{""V"": 0.02, ""B"": 0.87, ""E"": 0.01, ""P"": 0.03, ""R"": 0.02, ""S"": 0.05}","On 20 July 2023, troops of Operation Hadarin Daji in collaboration with Civilian JTF operatives invaded the hideouts of Boko Haram [JAS faction] militants and engaged them in an armed clash at Bula Daloye, Bulongu Dina and Mairamiri Dina in Bama LGA (Borno). Eight militants were killed, others fled, women and children were rescued by the troops.",0.91,Military Forces of Nigeria (2023-),,0.8052959501557629,0.9499999999999998,0.1356815027880383,0.31744680086262134,0.1343314492781346,0.1370451245612891,0.1356815027880383,0.1398136197215608
mistral:7b,NIG23065,V,V,0.95,"{""V"": 0.95, ""B"": 0.02, ""E"": 0.01, ""P"": 0.0, ""R"": 0.0, ""S"": 0.02}","On 25 December 2021, unidentified armed men attacked and killed a man in Ayangba (Dekina, Kogi). The reason for the attack is unknown.",0.85,Unidentified Armed Group (Nigeria),,0.8052959501557629,0.9499999999999998,0.3386137548971382,0.1336013133775258,0.13227195809808992,0.13095583012469084,0.13095583012469084,0.1336013133775258
mistral:7b,NIG20707,E,B,0.95,"{""V"": 0.02, ""B"": 0.87, ""E"": 0.01, ""P"": 0.0, ""R"": 0.0, ""S"": 0.09}","Around 14 May 2021 (as reported), Nigerian Airforce conducted air strikes against a Kaduna communal militia in Jan Birni (Birnin Gwari LGA, Kaduna), killing several militiamen and destroying their structures. Several fatalities coded as 3.",0.85,Military Forces of Nigeria (2015-2023),,0.8052959501557629,0.9499999999999998,0.13582154393188137,0.3177744476839539,0.13447009698931447,0.1331320971685053,0.1331320971685053,0.14566971705752174
mistral:7b,NIG31771,V,P,0.85,"{""V"": 0.1, ""B"": 0.02, ""E"": 0.01, ""P"": 0.36, ""R"": 0.24, ""S"": 0.28}","On 30 June 2023, policemen in a minivan ran over a civilian who was in handcuffs at Ekpoma (Esan West, Edo). The victim was seriously wounded.",0.86,Police Forces of Nigeria (2023-),,0.48148148148148145,0.85,0.15428601662617306,0.14242394396650063,0.14100680204593477,0.20009817691429935,0.17747116245513742,0.1847138979917547
mistral:7b,NIG26086,B,B,0.95,"{""V"": 0.02, ""B"": 0.85, ""E"": 0.01, ""P"": 0.03, ""R"": 0.02, ""S"": 0.07}","On 16 August 2022, Nigerian troops of Operation Forest Sanity clashed with a Kaduna militia when they raided their camps in Manini (Chikun, Kaduna) and Kuriga [coded separately] area. The camps were cleared and six abductees including a baby were rescued, there are no further details.",0.9,Military Forces of Nigeria (2015-2023),,0.8052959501557629,0.9499999999999998,0.13615278822225554,0.31224174076931915,0.1347980453439298,0.13752114649286457,0.13615278822225554,0.1431334909490632
mistral:7b,NIG16458,E,B,0.95,"{""V"": 0.02, ""B"": 0.87, ""E"": 0.05, ""P"": 0.01, ""R"": 0.01, ""S"": 0.04}","On 27 February 2020, Nigerian Air Force conducted air strikes against a camp of Boko Haram (JAS) in Sambisa Forest (Gwoza, Borno) resulting in some fatalities. Unknown number of fatalities coded as 10.",0.87,Military Forces of Nigeria (2015-2023),,0.8052959501557629,0.9499999999999998,0.13567780246225525,0.31743814340705195,0.13980980670408055,0.13432778577120827,0.13432778577120827,0.13841867588387827
mistral:7b,NIG30412,V,R,0.95,"{""V"": 0.05, ""B"": 0.02, ""E"": 0.01, ""P"": 0.03, ""R"": 0.84, ""S"": 0.05}","On 12 January 2021, seven unidentified cult militias attacked and assaulted a man in Port Harcourt (Port Harcourt, Rivers) after having an altercation with one of their members while queuing for national identity card registration. The armed militia dispossessed him of his phone and money, and the ensuing commotion disrupted the registration exercise.",0.87,Unidentified Cult Militia (Nigeria),,0.8052959501557629,0.9499999999999998,0.14055149453225785,0.1363975701023972,0.13504039160366882,0.1377683884718008,0.3096906607573077,0.14055149453225785
mistral:7b,NIG18723,V,V,1.0,"{""V"": 1.0, ""B"": 0.0, ""E"": 0.0, ""P"": 0.0, ""R"": 0.0, ""S"": 0.0}","On 20 October 2020, unidentified gunmen abducted two Christian pastors and a worshipper along Ubulu-Unor/Ogwashi-Uku road (Aniocha South LGA, Delta). Victims released after paying ransom.",0.81,Unidentified Armed Group (Nigeria),,0.8235294117647058,0.9999999999989999,0.3521874283516274,0.12956251432960408,0.12956251432960408,0.12956251432960408,0.12956251432960408,0.12956251432960408
mistral:7b,NIG31632,V,V,0.85,"{""V"": 0.85, ""B"": 0.02, ""E"": 0.01, ""P"": 0.05, ""R"": 0.03, ""S"": 0.04}","On 11 June 2023, an unidentified armed group wounded an unspecified number of travelers when they shot at their bus along Ajaokuta-Itobe road (Ajaokuta, Kogi). The assailants had fired several shots at the direction of the bus driver in an attempt to abduct them.",0.87,Unidentified Armed Group (Nigeria),,0.48148148148148145,0.85,0.31226789765386587,0.13616419391309453,0.13480933754624874,0.14031101097987414,0.1375326668128022,0.1389148930938021
mistral:7b,NIG35786,V,V,0.95,"{""V"": 0.85, ""B"": 0.02, ""E"": 0.01, ""P"": 0.03, ""R"": 0.04, ""S"": 0.05}","On 31 March 2024, a Kaduna militia abducted 10 civilians from Azzara community, coded to Gidan Azara (Kachia, Kaduna). The abductees included a 5 day old baby and its mother who were abducted after her husband who was the target was not found by the militia.",0.87,Kaduna Communal Militia (Nigeria),,0.8052959501557629,0.9499999999999998,0.3122678976538659,0.13616419391309456,0.13480933754624877,0.13753266681280224,0.13891489309380212,0.14031101097987417
mistral:7b,NIG21759,S,S,1.0,"{""V"": 0.0, ""B"": 0.9, ""E"": 0.0, ""P"": 0.0, ""R"": 0.0, ""S"": 1.0}","Around 17 August 2021 (as reported), the Nigerian military claimed hundreds of Boko Haram militants together with their wives and children surrendered throughout Borno state (coded to Maiduguri).",0.81,Military Forces of Nigeria (2015-2023),,0.8235294117647058,0.9999999999989999,0.10895756555884041,0.26799236723261116,0.10895756555884041,0.10895756555884041,0.10895756555884041,0.296177370531731
mistral:7b,NIG31252,V,V,0.95,"{""V"": 0.95, ""B"": 0.02, ""E"": 0.0, ""P"": 0.01, ""R"": 0.01, ""S"": 0.01}","On 3 May 2023, policemen beat up a man at Oko-Oba abattoir, coded to Agege (Agege, Lagos) over his refusal to submit his phone for a search. The policemen were attached to the Agege Abattoir police station.",0.86,Police Forces of Nigeria (2015-2023),,0.8052959501557629,0.9499999999999998,0.3386182339041476,0.13360308058636014,0.13095756234044573,0.13227370772290256,0.13227370772290256,0.13227370772290256
mistral:7b,NIG30262,E,V,0.95,"{""V"": 0.85, ""B"": 0.02, ""E"": 0.01, ""P"": 0.03, ""R"": 0.02, ""S"": 0.07}","On 5 March 2023, NAF killed three civilians in an airstrike that was targeted at a Kaduna militia in Sabon Gida village of Fatika district (Giwa, Kaduna). The militiamen ran into the village from a nearby bush, the victims included a pregnant woman and two teenagers, five other villagers sustained injuries.",0.88,Military Forces of Nigeria (2015-2023),,0.8052959501557629,0.9499999999999998,0.31224174076931915,0.13615278822225554,0.1347980453439298,0.13752114649286457,0.13615278822225554,0.1431334909490632
mistral:7b,NIG17267,E,B,0.95,"{""V"": 0.02, ""B"": 0.87, ""E"": 0.03, ""P"": 0.01, ""R"": 0.01, ""S"": 0.06}","On 30 May 2020, Nigerian Air Force conducted air strikes against a camp of Zamfara militias 5km north of Birnin Kogo in Faskari LGA of Katsina State. 4 militiamen were killed.",0.89,Military Forces of Nigeria (2015-2023),,0.8052959501557629,0.9499999999999998,0.13567402759291577,0.3174293115458854,0.13703757423920662,0.1343240484624463,0.1343240484624463,0.14121098969678209
mistral:7b,NIG17354,V,P,0.85,"{""V"": 0.1, ""B"": 0.0, ""E"": 0.0, ""P"": 0.85, ""R"": 0.05, ""S"": 0.0}","On 11 June 2020, security officials shot at a presidential aide at Aso Rock, the presidential villa, in Abuja (Abuja LGA, FCT) over his refusal to isolate himself due to coronavirus.",1.03,Police Forces of Nigeria (2015-2023),,0.48148148148148145,0.85,0.14743300643517512,0.1334029008760829,0.1334029008760829,0.31211567707252236,0.14024261386374173,0.1334029008760829
mistral:7b,NIG32116,V,V,0.95,"{""V"": 0.85, ""B"": 0.02, ""E"": 0.01, ""P"": 0.03, ""R"": 0.04, ""S"": 0.05}","On 25 July 2023, a Zamfara militia abducted a woman and her son from their residence at Saminaka community, along Gusau-Sokoto road (Gusau, Zamfara).",0.87,Zamfara Communal Militia (Nigeria),,0.8052959501557629,0.9499999999999998,0.3122678976538659,0.13616419391309456,0.13480933754624877,0.13753266681280224,0.13891489309380212,0.14031101097987417
mistral:7b,NIG33620,E,B,0.95,"{""V"": 0.01, ""B"": 0.95, ""E"": 0.02, ""P"": 0.0, ""R"": 0.0, ""S"": 0.02}","On 8 November 2023, the Nigerian Air Force of Operation Hadin Kai launched air strikes against the ISWAP position at Ajigin (Damboa, Borno). The air surveillance detected the gathering of the militants and launched the strikes, killing seventeen ISWAP fighters. Three of the militia's gun trucks were destroyed.",0.85,Military Forces of Nigeria (2023-),,0.8052959501557629,0.9499999999999998,0.13227195809808992,0.3386137548971382,0.1336013133775258,0.13095583012469084,0.13095583012469084,0.1336013133775258
mistral:7b,NIG29935,E,B,0.95,"{""V"": 0.01, ""B"": 0.95, ""E"": 0.02, ""P"": 0.0, ""R"": 0.0, ""S"": 0.02}","On 10 February 2023, the Nigerian Air Force carried out air strikes with rockets and bombs that targeted hundreds of Boko Haram [JAS faction] fighters who were holding a meeting on the fringes of Sambisa Forest Reserve in Gaizuwa, Bama LGA (Borno). Scores of fighters including high-ranking ones were killed, dozens of others sustained critical injuries.",0.86,Military Forces of Nigeria (2015-2023),,0.8052959501557629,0.9499999999999998,0.13227195809808992,0.3386137548971382,0.1336013133775258,0.13095583012469084,0.13095583012469084,0.1336013133775258
mistral:7b,NIG22586,B,B,0.95,"{""V"": 0.02, ""B"": 0.87, ""E"": 0.03, ""P"": 0.01, ""R"": 0.01, ""S"": 0.06}","On 9 November 2021, ISWAP claimed an ambush on a convoy on Nigerian army vehicles along the Ngamdu-Tasmakawa road (Kaga, Borno), coded as Ngamdu. Three soldiers were killed, an unspecified number were wounded and the rest fled.",0.87,Islamic State West Africa Province (ISWAP) - Lake Chad Faction,,0.8052959501557629,0.9499999999999998,0.13567402759291577,0.3174293115458854,0.13703757423920662,0.1343240484624463,0.1343240484624463,0.14121098969678209
mistral:7b,NIG38100,B,B,0.95,"{""V"": 0.02, ""B"": 0.95, ""E"": 0.01, ""P"": 0.0, ""R"": 0.0, ""S"": 0.02}","On 14 August 2024, the Nigerian troops ambushed and killed two Kaduna militants during a firefight along Kwana Uri village in Giwa LGA, coded to Giwa (Kaduna). Other militants escaped with gunshot injuries. The troops recovered one AK-47 rifle, 288 rounds of RG55 ammunition, 40 rounds of CJ 95 ammunition, six rounds of 7.62mm special ammunition, a Baofeng communication radio, and a motorcycle.",0.86,Military Forces of Nigeria (2023-),,0.8052959501557629,0.9499999999999998,0.1336013133775258,0.3386137548971382,0.13227195809808992,0.13095583012469084,0.13095583012469084,0.1336013133775258
mistral:7b,NIG17438,P,P,0.95,"{""V"": 0.01, ""B"": 0.0, ""E"": 0.0, ""P"": 0.95, ""R"": 0.02, ""S"": 0.02}","On 18 June 2020, hundreds of mototaxi drivers demonstrated in Abeokuta (Abeokuta South LGA, Ogun) over the increase of levies imposed by the State Government.",0.85,Protesters (Nigeria),,0.8052959501557629,0.9499999999999998,0.1322719580980899,0.13095583012469084,0.13095583012469084,0.33861375489713813,0.13360131337752576,0.13360131337752576
mistral:7b,NIG27232,B,B,0.85,"{""V"": 0.1, ""B"": 0.85, ""E"": 0.02, ""P"": 0.02, ""R"": 0.01, ""S"": 0.0}","On 6 July 2020, an unidentified armed group attacked a vehicle while on transit along Okene-Lokoja highway (Okene, Kogi). One presumed policeman was killed, two others were abducted.",0.85,Unidentified Armed Group (Nigeria),,0.48148148148148145,0.85,0.14744910151050789,0.31214975034726916,0.13611267586437223,0.13611267586437223,0.13475833211067614,0.13341746430249007
mistral:7b,NIG35968,B,B,0.95,"{""V"": 0.02, ""B"": 0.87, ""E"": 0.01, ""P"": 0.03, ""R"": 0.02, ""S"": 0.05}","On 9 April 2024, the Nigerian troops of Operation Hadin Kai engaged Boko Haram (JAS) in a firefight and killed four at Ngauru Forest in Bama (Bama, Borno). The troops arrested seventeen Boko Haram family members and profiled them for rehabilitation. There were four fatalities.",0.87,Military Forces of Nigeria (2023-),,0.8052959501557629,0.9499999999999998,0.1356815027880383,0.31744680086262134,0.1343314492781346,0.1370451245612891,0.1356815027880383,0.1398136197215608
mistral:7b,NIG31678,B,B,0.95,"{""V"": 0.02, ""B"": 0.87, ""E"": 0.01, ""P"": 0.03, ""R"": 0.04, ""S"": 0.05}","On 18 June 2023, policemen in the Katsina state command, led by the command's OC anti-kidnapping unit and OC SIB engaged a Katsina militia led by Audu Lankai in an armed clash at their camp in Jibia LGA (Katsina) and Batsari LGA [coded separately]. 5 militiamen were killed, one was arrested, 38 cows, 40 sheep and 65 goats were recovered. 5 fatalities split across 2 events coded as 2.",0.88,Police Forces of Nigeria (2023-),,0.8052959501557629,0.9499999999999998,0.13531062338206976,0.3165790740280029,0.13396426018391444,0.1366705177553225,0.13804407929424325,0.13943144535613053
mistral:7b,NIG31148,V,V,0.95,"{""V"": 0.85, ""B"": 0.02, ""E"": 0.01, ""P"": 0.03, ""R"": 0.04, ""S"": 0.05}","Around 6 May 2023, (sometime between 1 and 8 May), special task force operatives presumed to comprise of soldiers and policemen killed a Jengere youth leader in Jos (Jos North, Plateau) where he was tortured following his arrest. The victim was released from custody on 1 May and dies on 8 May, residents of the town claim that he died from injuries he sustained while in custody.",0.89,Military Forces of Nigeria (2015-2023),,0.8052959501557629,0.9499999999999998,0.3122678976538659,0.13616419391309456,0.13480933754624877,0.13753266681280224,0.13891489309380212,0.14031101097987417
mistral:7b,NIG18129,V,V,0.95,"{""V"": 0.95, ""B"": 0.02, ""E"": 0.01, ""P"": 0.0, ""R"": 0.0, ""S"": 0.02}","On 6 September 2020, Boko Haram militants raided the village of Kurmari and another village near Maiduguri (Maiduguri LGA, Borno), killing 8 residents.",0.85,Islamic State West Africa Province (ISWAP) - Lake Chad Faction and/or Boko Haram - Jamaatu Ahli is-Sunnah lid-Dawati wal-Jihad,,0.8052959501557629,0.9499999999999998,0.3386137548971382,0.1336013133775258,0.13227195809808992,0.13095583012469084,0.13095583012469084,0.1336013133775258
mistral:7b,NIG18583,P,P,1.0,"{""V"": 0.0, ""B"": 0.0, ""E"": 0.0, ""P"": 1.0, ""R"": 0.0, ""S"": 0.0}","On 16 October 2020, thousands of supporters of the #EndSARS movement staged demonstrations at Airport Road and along other connecting roads in Abuja (Abuja Municipal LGA, FCT) to protest against police brutality across the country.",0.81,Protesters (Nigeria),,0.8235294117647058,0.9999999999989999,0.12956251432960408,0.12956251432960408,0.12956251432960408,0.3521874283516274,0.12956251432960408,0.12956251432960408
mistral:7b,NIG21933,B,B,0.95,"{""V"": 0.02, ""B"": 0.85, ""E"": 0.01, ""P"": 0.03, ""R"": 0.04, ""S"": 0.05}","On 11 September 2021, police forces of Nigeria engaged IPOB militants in an armed clash in Amaifeke (Orlu, Imo) coded to Amike; three militants were killed, two were arrested and an unspecified number escaped with gunshot wounds.",0.87,Police Forces of Nigeria (2015-2023),,0.8052959501557629,0.9499999999999998,0.13616419391309456,0.3122678976538659,0.13480933754624877,0.13753266681280224,0.13891489309380212,0.14031101097987417
mistral:7b,NIG25519,B,B,0.95,"{""V"": 0.02, ""B"": 0.85, ""E"": 0.01, ""P"": 0.03, ""R"": 0.04, ""S"": 0.05}","On 5 July 2022, an unidentified armed group killed a policeman during an attempt to assassinate the deputy governorship candidate of the APC at the GRA axis of Port Harcourt (Port Harcourt, Rivers).",0.87,Unidentified Armed Group (Nigeria),,0.8052959501557629,0.9499999999999998,0.13616419391309456,0.3122678976538659,0.13480933754624877,0.13753266681280224,0.13891489309380212,0.14031101097987417
mistral:7b,NIG24877,V,V,0.95,"{""V"": 0.85, ""B"": 0.02, ""E"": 0.01, ""P"": 0.03, ""R"": 0.04, ""S"": 0.05}","On 17 May 2022, armed individuals attacked the house of the Ikwo Local Government Chairman at Ekpa Omaka (Ikwo, Ebonyi) and killed four person. Three of the victims were relatives of the chairman who was not at home at the time, the fourth person was the gate keeper, the assailants set the house ablaze. The Chairman's life had been under threat since he assumed office and there had been attempts to burn his house on several occasions but were prevented by security operatives.",0.88,Unidentified Armed Group (Nigeria),,0.8052959501557629,0.9499999999999998,0.3122678976538659,0.13616419391309456,0.13480933754624877,0.13753266681280224,0.13891489309380212,0.14031101097987417
mistral:7b,NIG23685,B,B,0.95,"{""V"": 0.05, ""B"": 0.85, ""E"": 0.02, ""P"": 0.0, ""R"": 0.0, ""S"": 0.08}","On 12 February 2022, Nigerian police and military forces, together with local vigilantes, engaged Niger militiamen in a clash in Nasko (Magama, Niger), after the militiamen attacked civilians at villages around Nasko (coded separately). Scores of militiamen were killed; 20 abductees were rescued, large herds of cattle, weapons and ammunition were recovered. Scores of fatalities coded as 20.",0.86,Police Forces of Nigeria (2015-2023),,0.8052959501557629,0.9499999999999998,0.14027409863271267,0.3121857477144913,0.1361283724906589,0.13343285011475167,0.13343285011475167,0.14454608093232157
mistral:7b,NIG22254,P,P,0.95,"{""V"": 0.01, ""B"": 0.0, ""E"": 0.0, ""P"": 0.95, ""R"": 0.02, ""S"": 0.02}","On 11 October 2021, locals from Ovwor community protested against the alleged illegal collection of levies by the principal of a government-owned school in Ovwor (Ughelli South, Delta), coded as Okwagbe. A majority of the protesters were women.",0.85,Protesters (Nigeria),,0.8052959501557629,0.9499999999999998,0.1322719580980899,0.13095583012469084,0.13095583012469084,0.33861375489713813,0.13360131337752576,0.13360131337752576
mistral:7b,NIG23702,V,V,0.95,"{""V"": 0.95, ""B"": 0.02, ""E"": 0.01, ""P"": 0.0, ""R"": 0.0, ""S"": 0.02}","Around 13 February 2022 (as reported), a security operative, presumed police, beat up a truck driver to a coma at the Joita checkpoint on the Wukari-Zaki Biam highway (Wukari, Taraba). The victim was attacked over his refusal to pay an extra 1000 naira to the security operatives at the checkpoint.",0.86,Police Forces of Nigeria (2015-2023),,0.8052959501557629,0.9499999999999998,0.3386137548971382,0.1336013133775258,0.13227195809808992,0.13095583012469084,0.13095583012469084,0.1336013133775258
mistral:7b,NIG18063,B,B,0.95,"{""V"": 0.02, ""B"": 0.87, ""E"": 0.03, ""P"": 0.01, ""R"": 0.01, ""S"": 0.06}","On 30 August 2020, Boko Haram or ISWAP clashed with military forces along Dikwa-Ngala road in Missini (Ngala LGA, Borno). Material damage reported",0.87,Islamic State West Africa Province (ISWAP) - Lake Chad Faction and/or Boko Haram - Jamaatu Ahli is-Sunnah lid-Dawati wal-Jihad,,0.8052959501557629,0.9499999999999998,0.13567402759291577,0.3174293115458854,0.13703757423920662,0.1343240484624463,0.1343240484624463,0.14121098969678209
mistral:7b,NIG34880,S,R,0.95,"{""V"": 0.02, ""B"": 0.01, ""E"": 0.0, ""P"": 0.03, ""R"": 0.89, ""S"": 0.07}","Security measures: On 30 January 2024, the Osun State Government imposed a 12-hour curfew in Ilobu and Ifon, coded to Ifon (Orolu, Osun), over communal clashes between the two communities.",0.86,Government of Nigeria (2023-),,0.8052959501557629,0.9499999999999998,0.13479849185816697,0.1334572244538168,0.13212930288312671,0.1361532392240354,0.32175198325496257,0.14170975832556973
mistral:7b,NIG22492,V,V,0.95,"{""V"": 0.95, ""B"": 0.02, ""E"": 0.01, ""P"": 0.0, ""R"": 0.02, ""S"": 0.0}","On 30 October 2021, a Katsina militia attacked and killed an unidentified number of civilians in Ungwan Dudu (Faskari, Katsina), coded as Faskari. The group looted shops during the attack and wounded an unspecified number of individuals. Unknown fatalities coded as 3.",0.87,Katsina Communal Militia (Nigeria),,0.8052959501557629,0.9499999999999998,0.3386137548971382,0.1336013133775258,0.13227195809808992,0.13095583012469084,0.1336013133775258,0.13095583012469084
mistral:7b,NIG31710,V,V,0.95,"{""V"": 0.85, ""B"": 0.02, ""E"": 0.01, ""P"": 0.03, ""R"": 0.04, ""S"": 0.05}","On 15 June 2023, an unidentified armed group killed one person and abducted three others at Yimi community, Gwagwalada Area Council (FCT).",0.98,Unidentified Armed Group (Nigeria),,0.8052959501557629,0.9499999999999998,0.3122678976538659,0.13616419391309456,0.13480933754624877,0.13753266681280224,0.13891489309380212,0.14031101097987417
