model,event_id,true_label,pred_label,pred_conf,logits,reasoning,latency_sec,actor_norm,notes,pred_conf_iso,pred_conf_temp,prob_V,prob_B,prob_E,prob_P,prob_R,prob_S
llama3.2:3b,CAO11875,V,V,1.0,"{""V"": 1.0, ""B"": 0.0, ""E"": 0.0, ""P"": 0.0, ""R"": 0.0, ""S"": 0.0}",,1.41,Unidentified Armed Group (Cameroon),"On 24 September 2023, an unidentified armed group shot and killed a bike rider beside a rice farm in Bamunka (Ngo-Ketunjia, Nord-Ouest) after having abducted him. They accused him of impersonating the armed group and extorting money from civilians.",0.75,0.9999999999989999,0.3521874283516274,0.12956251432960408,0.12956251432960408,0.12956251432960408,0.12956251432960408,0.12956251432960408
llama3.2:3b,CAO9055,V,V,0.9,"{""V"": 0.9, ""B"": 0.1, ""E"": 0.0, ""P"": 0.0, ""R"": 0.0, ""S"": 0.0}",,1.41,Military Forces of Cameroon (1982-),"On 4 September 2022, military forces shot and killed a man in Besali (Wabane, Lebialem, Sud-Ouest) after he was mistaken for a separatist fighter following an exchange of fire between soldiers and Ambazonia Liberation Army fighters.",0.463768115942029,0.8999999999999999,0.32513900635385695,0.14609437291908126,0.1321916551816841,0.1321916551816841,0.1321916551816841,0.1321916551816841
llama3.2:3b,CAO3117,B,B,1.0,"{""B"": 1.0, ""E"": 0.0, ""P"": 0.0, ""R"": 0.0, ""S"": 0.0}",,1.28,Islamic State West Africa Province (ISWAP) - Lake Chad Faction and/or Boko Haram - Jamaatu Ahli is-Sunnah lid-Dawati wal-Jihad,"On 23 March 2020, Boko Haram were repulsed by the military after staging an attack on the village of Goshikale in Mora subdivision (Mayo-Sava, Extreme-Nord). Militants destroyed the local hospital and looted several houses, taking away 3 motorcycles.",0.75,0.9999999999989999,0.12956251432960408,0.3521874283516274,0.12956251432960408,0.12956251432960408,0.12956251432960408,0.12956251432960408
llama3.2:3b,CAO13564,B,B,1.0,"{""V"": 0.0, ""B"": 1.0, ""E"": 0.0, ""P"": 0.0, ""R"": 0.0, ""S"": 0.0}",,1.41,Military Forces of Cameroon (1982-) Gendarmerie,"On 21 April 2024, gendarmerie officers clashed with Ambazonian Separatists from the Restoration Forces faction at the Separatist hideout in Kouki (Mbven, Bui, Nord-Ouest). There were no fatalities. No information on the injuries.",0.75,0.9999999999989999,0.12956251432960408,0.3521874283516274,0.12956251432960408,0.12956251432960408,0.12956251432960408,0.12956251432960408
llama3.2:3b,CAO8281,S,V,1.0,"{""V"": 1.0, ""B"": 0.0, ""E"": 0.0, ""P"": 0.0, ""R"": 0.0, ""S"": 0.0}",,1.42,Islamic State West Africa Province (ISWAP) and/or Boko Haram - Jamaatu Ahli is-Sunnah lid-Dawati wal-Jihad,"Looting: On 18 December 2023, ISWAP or Boko Haram militants looted 2 houses in Waza (Waza, Logone-et-Chari, Extreme-Nord).",0.75,0.9999999999989999,0.3521874283516274,0.12956251432960408,0.12956251432960408,0.12956251432960408,0.12956251432960408,0.12956251432960408
llama3.2:3b,CAO10079,S,V,0.9,"{""V"": 0.9, ""B"": 0.05, ""E"": 0.01, ""P"": 0.002, ""R"": 0.001, ""S"": 0.001}",,1.4,Civilians (Cameroon),"Displacement: On 2 February 2023, civilians were displaced for fear of retaliation attacks from, the state security forces in Diongo (Dibombari, Moungo, Littoral) after suspected Ambazonian Separatists mounted an illegal checkpoint paralyzing vehicle movement.",0.463768115942029,0.8999999999999999,0.32686071082995316,0.13970514847609686,0.13422723125104113,0.13315769724124726,0.13302460610066724,0.13302460610066724
llama3.2:3b,CAO9679,V,V,1.0,"{""V"": 1.0, ""B"": 0.0, ""E"": 0.0, ""P"": 0.0, ""R"": 0.0, ""S"": 0.0}",,1.42,Military Forces of Cameroon (1982-),"On 27 June 2022, military forces shot and killed four civilians in Banten (Bui, Nord-Ouest) who were previously arrested on 25 June during a military operation. The circumstances that led to their execution are unclear.",0.75,0.9999999999989999,0.3521874283516274,0.12956251432960408,0.12956251432960408,0.12956251432960408,0.12956251432960408,0.12956251432960408
llama3.2:3b,CAO5718,V,V,1.0,"{""V"": 1.0, ""B"": 0.0, ""E"": 0.0, ""P"": 0.0, ""R"": 0.0, ""S"": 0.0}",,1.4,Military Forces of Cameroon (1982-),"On 16 October 2021, the military forces shot and killed a student in Waindo village, Wum subdivision (Menchum, Nord-Ouest). He was accused of being in possession of a military uniform and some ammunition.",0.75,0.9999999999989999,0.3521874283516274,0.12956251432960408,0.12956251432960408,0.12956251432960408,0.12956251432960408,0.12956251432960408
llama3.2:3b,CAO8534,B,B,0.9,"{""V"": 0.1, ""B"": 0.8, ""E"": 0.0, ""P"": 0.0, ""R"": 0.0, ""S"": 0.1}",,1.41,Unidentified Armed Group (Cameroon),"On 21 February 2024, an unidentified armed group clashed with Boko Haram (JAS) (likely) militants in Kouyape (Kolofata, Mayo-Sava, Extreme-Nord). The bodies of 3 militants were found by civilians. The exact circumstances of their death are unknown.",0.463768115942029,0.8999999999999999,0.14862672705521915,0.29929747400992307,0.1344830239597798,0.1344830239597798,0.1344830239597798,0.14862672705521915
llama3.2:3b,CAO4163,V,V,1.0,"{""V"": 1.0, ""B"": 0.0, ""E"": 0.0, ""P"": 0.0, ""R"": 0.0, ""S"": 0.0}",,1.42,Military Forces of Cameroon (1982-),"On 12 December 2020, the military forces shot and killed two civilians in Mkpot village, Mamfe subdivision (Manyu, Sud-Ouest).",0.75,0.9999999999989999,0.3521874283516274,0.12956251432960408,0.12956251432960408,0.12956251432960408,0.12956251432960408,0.12956251432960408
llama3.2:3b,CAO14080,B,B,1.0,"{""V"": 0.0, ""B"": 1.0, ""E"": 0.0, ""P"": 0.0, ""R"": 0.0, ""S"": 0.0}",,1.4,Military Forces of Cameroon (1982-) Rapid Intervention Battalion,"On 24 July 2024, the military forces from the Rapid Intervention clashed with Boko Haram (JAS) (likely) militants in Yabogo neighborhood in Amchide (Kolofata, Mayo-Sava, Extreme-Nord). There were no fatalities.",0.75,0.9999999999989999,0.12956251432960408,0.3521874283516274,0.12956251432960408,0.12956251432960408,0.12956251432960408,0.12956251432960408
llama3.2:3b,CAO13672,V,V,1.0,"{""V"": 1.0, ""B"": 0.0, ""E"": 0.0, ""P"": 0.0, ""R"": 0.0, ""S"": 0.0}",,1.41,Ambazonian Separatists (Cameroon),"On 15 April 2024, Ambazonian Separatists from the ADF abducted 4 men and 2 women at a checkpoint in Mambanda (Kumba 2, Meme, Sud-Ouest). The militants also looted 3 motorbikes. The reason for the abduction is not known.",0.75,0.9999999999989999,0.3521874283516274,0.12956251432960408,0.12956251432960408,0.12956251432960408,0.12956251432960408,0.12956251432960408
llama3.2:3b,CAO3188,V,V,1.0,"{""V"": 1.0, ""B"": 0.0, ""E"": 0.0, ""P"": 0.0, ""R"": 0.0, ""S"": 0.0}",,1.42,Military Forces of Cameroon (1982-),"On 16 April 2020, military forces killed three former Ambazonian separatists in Balikumbat town (Ngo-ketunjia, Nord-Ouest).",0.75,0.9999999999989999,0.3521874283516274,0.12956251432960408,0.12956251432960408,0.12956251432960408,0.12956251432960408,0.12956251432960408
llama3.2:3b,CAO8782,B,B,0.9,"{""V"": 0.1, ""B"": 0.8, ""E"": 0.0, ""P"": 0.0, ""R"": 0.0, ""S"": 0.1}",,1.41,Ambazonian Separatists (Cameroon),"On 1 July 2022, suspected Ambazonian Separatist fighters clashed with the military forces in Bambui (Tubah, Mezam, Nord-Ouest). There were no fatalities.",0.463768115942029,0.8999999999999999,0.14862672705521915,0.29929747400992307,0.1344830239597798,0.1344830239597798,0.1344830239597798,0.14862672705521915
llama3.2:3b,CAO7306,B,B,1.0,"{""V"": 0.0, ""B"": 1.0, ""E"": 0.0, ""P"": 0.0, ""R"": 0.0, ""S"": 0.0}",,1.41,Military Forces of Cameroon (1982-) Rapid Intervention Battalion,"On 19 May 2023, the military forces of Kerawa (Rapid Intervention) clashed with Boko Haram (JAS) (likely) militants in Balatikse neighborhood in Mayo Moskota (Kolofata, Mayo-Sava, Extreme-Nord). 1 militant was killed while 3 soldiers seriously injured. 2 militants were captured. The military seized some equipment.",0.75,0.9999999999989999,0.12956251432960408,0.3521874283516274,0.12956251432960408,0.12956251432960408,0.12956251432960408,0.12956251432960408
llama3.2:3b,CAO13551,S,S,1.0,"{""V"": 0.0, ""B"": 0.0, ""E"": 0.0, ""P"": 0.0, ""R"": 0.0, ""S"": 1.0}",,1.41,Boko Haram - Jamaatu Ahli is-Sunnah lid-Dawati wal-Jihad,"On 14 June 2024, 11 members of Boko Haram (JAS) (likely) militants surrendered to the military forces in Madakar (Mayo-Moskota, Mayo-Tsanaga, Extreme-Nord).",0.75,0.9999999999989999,0.12956251432960408,0.12956251432960408,0.12956251432960408,0.12956251432960408,0.12956251432960408,0.3521874283516274
llama3.2:3b,CAO4946,V,V,1.0,"{""V"": 1.0, ""B"": 0.0, ""E"": 0.0, ""P"": 0.0, ""R"": 0.0, ""S"": 0.0}",,1.4,Ambazonian Separatists (Cameroon),"On 13 January 2021, Ambazonian separatists kidnapped a truck driver and his assistant in Bukow village, Ndop subdivision (Ngo-Ketunjia, Nord-Ouest).",0.75,0.9999999999989999,0.3521874283516274,0.12956251432960408,0.12956251432960408,0.12956251432960408,0.12956251432960408,0.12956251432960408
llama3.2:3b,CAO8143,B,B,1.0,"{""V"": 0.0, ""B"": 1.0, ""E"": 0.0, ""P"": 0.0, ""R"": 0.0, ""S"": 0.0}",,1.41,Military Forces of Cameroon (1982-) Rapid Intervention Battalion,"On 14 November 2023, the military forces (Rapid Intervention) ambushed Boko Haram (JAS) (likely) militants along the Limani - Goumbouldi road, coded to Limani (Mora, Mayo-Sava, Extreme-Nord). 2 militants were killed, the militants had approached an abandoned civilian truck near where the military forces were parked and the military recovered a weapon.",0.75,0.9999999999989999,0.12956251432960408,0.3521874283516274,0.12956251432960408,0.12956251432960408,0.12956251432960408,0.12956251432960408
llama3.2:3b,CAO15055,V,V,1.0,"{""V"": 1.0, ""B"": 0.0, ""E"": 0.0, ""P"": 0.0, ""R"": 0.0, ""S"": 0.0}",,1.43,Unidentified Armed Group (Cameroon),"Around 17 September 2024 (as reported), an unidentified armed group attacked and killed 1 civilian between Mora and Blabline (Kolofata, Mayo-Sava, Extreme-Nord) for an unknown reason.",0.75,0.9999999999989999,0.3521874283516274,0.12956251432960408,0.12956251432960408,0.12956251432960408,0.12956251432960408,0.12956251432960408
llama3.2:3b,CAO11956,B,B,1.0,"{""V"": 0.0, ""B"": 1.0, ""E"": 0.0, ""P"": 0.0, ""R"": 0.0, ""S"": 0.0}",,1.44,Military Forces of Cameroon (1982-) Rapid Intervention Battalion,"On 25 October 2023, military forces from the Rapid Intervention Battalion engaged in an armed confrontation with Ambazonian Separatists in Ngarum (Donga-Mantung, Nord-Ouest). There were no casualties.",0.75,0.9999999999989999,0.12956251432960408,0.3521874283516274,0.12956251432960408,0.12956251432960408,0.12956251432960408,0.12956251432960408
llama3.2:3b,CAO12511,V,V,1.0,"{""V"": 1.0, ""B"": 0.0, ""E"": 0.0, ""P"": 0.0, ""R"": 0.0, ""S"": 0.0}",,1.42,Military Forces of Cameroon (1982-),"On 19 July 2023, state security forces (coded as military) physically assualted 10 men, including the traditional chief and traditional council chairman, whom they had arrested in Nongomadiba (Kupe-Manenguba, Sud-Ouest), injuring them. They were targeted for not acting against Ambazonian Separatists who had buried a woman alive early in the morning (coded separately).",0.75,0.9999999999989999,0.3521874283516274,0.12956251432960408,0.12956251432960408,0.12956251432960408,0.12956251432960408,0.12956251432960408
llama3.2:3b,CAO4776,S,R,0.9,"{""V"": 0.1, ""B"": 0.0, ""E"": 0.0, ""P"": 0.0, ""R"": 0.9, ""S"": 0.0}",,1.41,Military Forces of Cameroon (1982-),"Looting: Around 15 July 2020 (month of), the military forces raided Bengang village, Batibo subdivision (Momo, Nord-Ouest). They shot in the air, and then looted property.",0.463768115942029,0.8999999999999999,0.14609437291908128,0.13219165518168413,0.13219165518168413,0.13219165518168413,0.325139006353857,0.13219165518168413
llama3.2:3b,CAO12845,V,V,1.0,"{""V"": 1.0, ""B"": 0.0, ""E"": 0.0, ""P"": 0.0, ""R"": 0.0, ""S"": 0.0}",,1.4,Ambazonian Separatists (Cameroon),"On 9 December 2021, suspected Ambazonian separatist fighters killed a Fulani pastoralist at 3 Corners near Ntumbaw (Ndu, Donga-Mantung, Nord-Ouest). In retaliation, local Fulanis set ablaze more than 15 houses, and killed a bike who transported a uniformed officer to the scene [Coded as a separate event].",0.75,0.9999999999989999,0.3521874283516274,0.12956251432960408,0.12956251432960408,0.12956251432960408,0.12956251432960408,0.12956251432960408
llama3.2:3b,CAO11075,B,B,1.0,"{""V"": 0.0, ""B"": 1.0, ""E"": 0.0, ""P"": 0.0, ""R"": 0.0, ""S"": 0.0}",,1.41,Military Forces of Cameroon (1982-),"On 23 November 2023, the military forces ambushed Ambazonian Separatists from the Restoration Forces onboard a motorcycle in Konye (Konye, Meme, Sud-Ouest). The military forces members shot and injured one.",0.75,0.9999999999989999,0.12956251432960408,0.3521874283516274,0.12956251432960408,0.12956251432960408,0.12956251432960408,0.12956251432960408
llama3.2:3b,CAO13652,V,V,1.0,"{""V"": 1.0, ""B"": 0.0, ""E"": 0.0, ""P"": 0.0, ""R"": 0.0, ""S"": 0.0}",,1.43,Military Forces of Cameroon (1982-) Rapid Intervention Battalion,"On 13 April 2024, state security forces, coded as the military forces from the Rapid Intervention, beat and injured a dump truck driver and 2 other civilians on the main road in Mile 15 Buea (Buea, Fako, Sud-Ouest) after the dump truck blocked the road and delayed their convoy traveling to Buea center. There were no fatalities.",0.75,0.9999999999989999,0.3521874283516274,0.12956251432960408,0.12956251432960408,0.12956251432960408,0.12956251432960408,0.12956251432960408
llama3.2:3b,CAO9051,V,V,1.0,"{""V"": 1.0, ""B"": 0.0, ""E"": 0.0, ""P"": 0.0, ""R"": 0.0, ""S"": 0.0}",,1.42,Military Forces of Cameroon (1982-),"On 23 May 2022, military forces killed a man at the Finance Junction in Bamenda city (Bamenda 1, Mezam, Nord-Ouest). Locals in the early hours of the morning discovered the dead body dumped by the road.",0.75,0.9999999999989999,0.3521874283516274,0.12956251432960408,0.12956251432960408,0.12956251432960408,0.12956251432960408,0.12956251432960408
llama3.2:3b,CAO10854,B,B,1.0,"{""V"": 0.0, ""B"": 1.0, ""E"": 0.0, ""P"": 0.0, ""R"": 0.0, ""S"": 0.0}",,1.4,Military Forces of Cameroon (1982-),"On 18 December 2023, the military forces attacked Ambazonian Separatists leading to a clash in Bai Panya (Kumba 1, Meme, Sud-Ouest). Two Ambazonian Separatists were killed and four others arrested.",0.75,0.9999999999989999,0.12956251432960408,0.3521874283516274,0.12956251432960408,0.12956251432960408,0.12956251432960408,0.12956251432960408
llama3.2:3b,CAO8295,S,E,1.0,"{""E"": 1.0, ""P"": 0.0, ""R"": 0.0, ""S"": 0.0}",,1.12,Military Forces of Cameroon (1982-) Rapid Intervention Battalion,"Defusal: Around 27 December 2023 (as reported), the military forces (Rapid Intervention) defused an IED that was planted by an unidentified armed group on the road in Kumba (Ekondo Titi, Ndian, Sud-Ouest).",0.75,0.9999999999989999,0.12956251432960408,0.12956251432960408,0.3521874283516274,0.12956251432960408,0.12956251432960408,0.12956251432960408
llama3.2:3b,CAO10551,B,B,1.0,"{""V"": 0.0, ""B"": 1.0, ""E"": 0.0, ""P"": 0.0, ""R"": 0.0, ""S"": 0.0}",,1.41,Military Forces of Cameroon (1982-),"On 15 September 2022, state security forces, coded as military, clashed with Ambazonian Separatists around Kosala and Fiango, coded to Fiango (Meme, Sud-Ouest). Casualties unknown.",0.75,0.9999999999989999,0.12956251432960408,0.3521874283516274,0.12956251432960408,0.12956251432960408,0.12956251432960408,0.12956251432960408
llama3.2:3b,CAO12982,E,E,0.9,"{""E"": 0.9, ""P"": 0.05, ""R"": 0.01, ""S"": 0.01}",,1.12,Unidentified Armed Group (Cameroon),"On 9 April 2024, an IED planted by an unidentified armed group detonated on members of self-defence militia in Tourou (Mokolo, Mayo-Tsanaga, Extreme-Nord). A self-defence militia member was killed when they stepped on an IED when it detonated.",0.463768115942029,0.8999999999999999,0.1327849396465713,0.1327849396465713,0.32659825066949455,0.1395929690844752,0.13411945047628052,0.13411945047628052
llama3.2:3b,CAO4198,V,V,1.0,"{""V"": 1.0, ""B"": 0.0, ""E"": 0.0, ""P"": 0.0, ""R"": 0.0, ""S"": 0.0}",,1.41,Ambazonian Separatists (Cameroon),"On 7 January 2021, suspected Ambazonian separatists kidnapped between 6 and 7 students in Mulang neighborhood of Bamenda town (Mezam, Nord-Ouest).",0.75,0.9999999999989999,0.3521874283516274,0.12956251432960408,0.12956251432960408,0.12956251432960408,0.12956251432960408,0.12956251432960408
llama3.2:3b,CAO12441,V,V,1.0,"{""V"": 1.0, ""B"": 0.0, ""E"": 0.0, ""P"": 0.0, ""R"": 0.0, ""S"": 0.0}",,1.44,Military Forces of Cameroon (1982-),"Around 28 July 2023 (as reported), state security forces shot and killed two Ambazonian Separatists in Kumbo commune, coded to Kumbo (Bui, Nord-Ouest) whom they had captured on 28 July (coded separately).",0.75,0.9999999999989999,0.3521874283516274,0.12956251432960408,0.12956251432960408,0.12956251432960408,0.12956251432960408,0.12956251432960408
llama3.2:3b,CAO14598,B,B,1.0,"{""V"": 0.0, ""B"": 1.0, ""E"": 0.0, ""P"": 0.0, ""R"": 0.0, ""S"": 0.0}",,1.41,Military Forces of Cameroon (1982-) Rapid Intervention Battalion,"On 28 August 2024, the military forces from the Rapid Intervention clashed with the Boko Haram (JAS) (likely) militants around Amchide (Kolofata, Mayo-Sava, Extreme-Nord). Casualties unknown. The militants stole a motorbike from a civilian and the military forces chased them until the militants abandoned the motorbike.",0.75,0.9999999999989999,0.12956251432960408,0.3521874283516274,0.12956251432960408,0.12956251432960408,0.12956251432960408,0.12956251432960408
llama3.2:3b,CAO8757,S,V,1.0,"{""V"": 1.0, ""B"": 0.0, ""E"": 0.0, ""P"": 0.0, ""R"": 0.0, ""S"": 0.0}",,1.41,Unidentified Armed Group (Cameroon),"Looting: Around 17 March 2024 (as reported), an unidentified armed group suspected of being ISWAP or Boko Haram militants looted food items, clothing and 1 bicycle in Ganse (Kolofata, Mayo-Sava, Extreme-Nord).",0.75,0.9999999999989999,0.3521874283516274,0.12956251432960408,0.12956251432960408,0.12956251432960408,0.12956251432960408,0.12956251432960408
llama3.2:3b,CAO3886,B,B,1.0,"{""V"": 0.0, ""B"": 1.0, ""E"": 0.0, ""P"": 0.0, ""R"": 0.0, ""S"": 0.0}",,1.41,Military Forces of Cameroon (1982-),"On 17 August 2020, the military forces engaged in a fire fight with Ambazonian separatists in Makanga village, Muyuka subdivision (Fako, Sud-Ouest). 1 person was killed, and another arrested.",0.75,0.9999999999989999,0.12956251432960408,0.3521874283516274,0.12956251432960408,0.12956251432960408,0.12956251432960408,0.12956251432960408
llama3.2:3b,CAO14603,V,V,1.0,"{""V"": 1.0, ""B"": 0.0, ""E"": 0.0, ""P"": 0.0, ""R"": 0.0, ""S"": 0.0}",,1.42,Ambazonian Separatists (Cameroon),"On 30 June 2024, Ambazonian Separatists beat and injured a commercial motorbike driver and abducted 4 suspected government officials in Bambui (Tubah, Mezam, Nord-Ouest). The Separatists looted the motorbike from the commercial motorbike driver and used it to transport the abducted. The motorbike was later found abandoned and recovered by the military forces.",0.75,0.9999999999989999,0.3521874283516274,0.12956251432960408,0.12956251432960408,0.12956251432960408,0.12956251432960408,0.12956251432960408
llama3.2:3b,CAO13493,V,V,1.0,"{""V"": 1.0, ""B"": 0.0, ""E"": 0.0, ""P"": 0.0, ""R"": 0.0, ""S"": 0.0}",,1.4,Boko Haram - Jamaatu Ahli is-Sunnah lid-Dawati wal-Jihad,"On 20 May 2024, Boko Haram (JAS) (likely) militants slit the throat and killed a civilian between Kordo and Lelede, coded to Kordo (Kolofata, Mayo-Sava, Extreme-Nord). He had been abducted by the militants the previous day (coded as a separate event).",0.75,0.9999999999989999,0.3521874283516274,0.12956251432960408,0.12956251432960408,0.12956251432960408,0.12956251432960408,0.12956251432960408
llama3.2:3b,CAO6461,B,B,1.0,"{""V"": 0.0, ""B"": 1.0, ""E"": 0.0, ""P"": 0.0, ""R"": 0.0, ""S"": 0.0}",,1.41,Ambazonian Separatists (Cameroon),"On 17 August 2022, Ambazonian separatists clashed with the Cameroonian military forces in Tinta (Akwaya, Manyu, Sud-Ouest) leading to the death of 3. Unclarity if the fatalities are of civilian or separatist fighters. The clashes also resulted in the destruction of several buildings, including a primary school. Civilians fled the fighting into the bushes.",0.75,0.9999999999989999,0.12956251432960408,0.3521874283516274,0.12956251432960408,0.12956251432960408,0.12956251432960408,0.12956251432960408
llama3.2:3b,CAO13869,R,B,0.9,"{""V"": 0.1, ""B"": 0.8, ""E"": 0.0, ""P"": 0.0, ""R"": 0.0, ""S"": 0.1}",,1.4,Rioters (Cameroon),"Around 29 June 2024 (as reported), youth from Ndoumba Kanda clashed with Belabo youths, coded to Belabo (Belabo, Lom-et-Djerem, Est) during a wake for unknown reasons. Casualties unknown.",0.463768115942029,0.8999999999999999,0.14862672705521915,0.29929747400992307,0.1344830239597798,0.1344830239597798,0.1344830239597798,0.14862672705521915
llama3.2:3b,CAO4334,B,B,1.0,"{""V"": 0.0, ""B"": 1.0, ""E"": 0.0, ""P"": 0.0, ""R"": 0.0, ""S"": 0.0}",,1.42,Ambazonian Separatists (Cameroon),"On 4 February 2021, the military forces engaged in a fire fight with Ambazonian separatists in Mbalangi village (Meme, Sud-Ouest), as they tried to remove a road blockade erected by separatists in order to enforce a lockdown in the area. No fatality and/or casualty reported.",0.75,0.9999999999989999,0.12956251432960408,0.3521874283516274,0.12956251432960408,0.12956251432960408,0.12956251432960408,0.12956251432960408
llama3.2:3b,CAO6445,B,B,1.0,"{""V"": 0.0, ""B"": 1.0, ""E"": 0.0, ""P"": 0.0, ""R"": 0.0, ""S"": 0.0}",,1.42,Islamic State West Africa Province (ISWAP) - Lake Chad Faction and/or Boko Haram - Jamaatu Ahli is-Sunnah lid-Dawati wal-Jihad,"On 25 September 2021, ISWAP or Boko Haram fighters ambushed the Cameroonian military camp in Sagme (Makary, Logone-et-Chari, Extreme-Nord) leading to the death of 2. The fighters stole weapons and ammunition and burnt the camp and military vehicles.",0.75,0.9999999999989999,0.12956251432960408,0.3521874283516274,0.12956251432960408,0.12956251432960408,0.12956251432960408,0.12956251432960408
llama3.2:3b,CAO6236,B,B,1.0,"{""V"": 0.0, ""B"": 1.0, ""E"": 0.0, ""P"": 0.0, ""R"": 0.0, ""S"": 0.0}",,1.42,Boko Haram - Jamaatu Ahli is-Sunnah lid-Dawati wal-Jihad,"On 15 June 2022, suspected Boko Haram (JAS) (likely) clashed with Cameroonian military Forces and MNJTF in Limani (Mora, Mayo-Sava, Extreme-Nord), unknown fatalities, coded to 3.",0.75,0.9999999999989999,0.12956251432960408,0.3521874283516274,0.12956251432960408,0.12956251432960408,0.12956251432960408,0.12956251432960408
llama3.2:3b,CAO7298,V,V,1.0,"{""V"": 1.0, ""B"": 0.0, ""E"": 0.0, ""P"": 0.0, ""R"": 0.0, ""S"": 0.0}",,1.42,Islamic State West Africa Province (ISWAP) and/or Boko Haram - Jamaatu Ahli is-Sunnah lid-Dawati wal-Jihad,"On 15 May 2023, ISWAP or Boko Haram militants abducted 2 herders in Zigague (Waza, Logone-et-Chari, Extreme-Nord) and stole a head of oxen. The herders and the oxen were freed when the militants spotted the security forces who had been following them.",0.75,0.9999999999989999,0.3521874283516274,0.12956251432960408,0.12956251432960408,0.12956251432960408,0.12956251432960408,0.12956251432960408
llama3.2:3b,CAO12794,S,R,0.9,"{""V"": 0.1, ""B"": 0.0, ""E"": 0.0, ""P"": 0.0, ""R"": 0.9, ""S"": 0.0}",,1.39,Military Forces of Cameroon (1982-),"Property destruction: On 18 March 2022, suspected military forces burnt down 2 shops in Ndop (Ndop, Ngo-Ketunjia, Nord-Ouest) for failing to open their stores on Mondays. The Ambazonian Separatist fighters had imposed lockdown Mondays.",0.463768115942029,0.8999999999999999,0.14609437291908128,0.13219165518168413,0.13219165518168413,0.13219165518168413,0.325139006353857,0.13219165518168413
llama3.2:3b,CAO2846,B,B,1.0,"{""B"": 1.0, ""E"": 0.0, ""P"": 0.0, ""R"": 0.0, ""S"": 0.0}",,1.27,Military Forces of Cameroon (1982-),"On 14 January 2020, the military forces engaged in a fire fight with Ambazonian separatists in Peng village, Tombel subdivision (Kupe-Manenguba, Sud-Ouest) [coded: Tombel]. Two civilians were killed after they were reportedly flagged as Ambazonian fighters.",0.75,0.9999999999989999,0.12956251432960408,0.3521874283516274,0.12956251432960408,0.12956251432960408,0.12956251432960408,0.12956251432960408
llama3.2:3b,CAO4930,V,V,1.0,"{""V"": 1.0, ""B"": 0.0, ""E"": 0.0, ""P"": 0.0, ""R"": 0.0, ""S"": 0.0}",,1.4,Ambazonian Separatists (Cameroon),"On 21 November 2020, Ambazonian separatists kidnapped a retired military officer from his home in Mankon town, Bamenda 2 subdivision (Bamenda - Mankon, Mezam, Nord-Ouest).",0.75,0.9999999999989999,0.3521874283516274,0.12956251432960408,0.12956251432960408,0.12956251432960408,0.12956251432960408,0.12956251432960408
llama3.2:3b,CAO3670,S,V,0.9,"{""V"": 0.9, ""B"": 0.0, ""E"": 0.0, ""P"": 0.0, ""R"": 0.0, ""S"": 0.1}",,1.41,Military Forces of Cameroon (1982-) Gendarmerie,"Around 14 September 2020 (as reported), the gendarmerie and police forces arrested 'over a dozen' civilians in Moloundou town (Boumba-Et-Ngoko, Est) for not having national ID cards.",0.463768115942029,0.8999999999999999,0.32513900635385695,0.1321916551816841,0.1321916551816841,0.1321916551816841,0.1321916551816841,0.14609437291908126
llama3.2:3b,CAO15919,V,V,1.0,"{""V"": 1.0, ""B"": 0.0, ""E"": 0.0, ""P"": 0.0, ""R"": 0.0, ""S"": 0.0}",,1.41,Military Forces of Cameroon (1982-) Rapid Intervention Battalion,"On 10 October 2024, the military forces from the Rapid Intervention shot and killed 7 civilians at their private residences in Mbomboko in the Buea subdivision (Buea, Fako, Sud-Ouest), mistakenly believing them to be Ambazonian Separatists.",0.75,0.9999999999989999,0.3521874283516274,0.12956251432960408,0.12956251432960408,0.12956251432960408,0.12956251432960408,0.12956251432960408
llama3.2:3b,CAO13492,V,V,1.0,"{""V"": 1.0, ""B"": 0.0, ""E"": 0.0, ""P"": 0.0, ""R"": 0.0, ""S"": 0.0}",,1.43,Boko Haram - Jamaatu Ahli is-Sunnah lid-Dawati wal-Jihad,"On 20 May 2024, Boko Haram (JAS) (likely) militants attacked and killed a civilian along the Limani - Mora road, coded to Limani (Mora, Mayo-Sava, Extreme-Nord).",0.75,0.9999999999989999,0.3521874283516274,0.12956251432960408,0.12956251432960408,0.12956251432960408,0.12956251432960408,0.12956251432960408
llama3.2:3b,CAO9846,S,V,1.0,"{""V"": 1.0, ""B"": 0.0, ""E"": 0.0, ""P"": 0.0, ""R"": 0.0, ""S"": 0.0}",,1.46,Ambazonian Separatists (Cameroon),"Looting: On 25 November 2022, Ambazonian Separatists abducted the body of a deceased person in Kai, Mbengwi commune, coded to Mbengwi (Momo, Nord-Ouest). The group accused the family of the deceased of not supporting the struggle against the military. They later released the dead body after the family had paid an unspecified amount of money.",0.75,0.9999999999989999,0.3521874283516274,0.12956251432960408,0.12956251432960408,0.12956251432960408,0.12956251432960408,0.12956251432960408
llama3.2:3b,CAO9206,V,V,1.0,"{""V"": 1.0, ""B"": 0.0, ""E"": 0.0, ""P"": 0.0, ""R"": 0.0, ""S"": 0.0}",,1.42,Military Forces of Cameroon (1982-),"On 11 March 2023, state security forces coded as military forces shot and wounded two civilians at Ashing, coded to Oku (Boyo, Nord-Ouest) after they shot into the air as they approached a spot where Ambazonian Separatists launched attacks from. The victims were hit by stray bullets and hospitalized.",0.75,0.9999999999989999,0.3521874283516274,0.12956251432960408,0.12956251432960408,0.12956251432960408,0.12956251432960408,0.12956251432960408
llama3.2:3b,CAO3384,B,B,1.0,"{""V"": 0.0, ""B"": 1.0, ""E"": 0.0, ""P"": 0.0, ""R"": 0.0, ""S"": 0.0}",,1.41,Military Forces of Cameroon (1982-),"On 14 June 2020, the military forces engaged in fire fights with Ambazonian separatists in Bamenda town (Mezam, Nord-Ouest). No fatality and/or casualty reported.",0.75,0.9999999999989999,0.12956251432960408,0.3521874283516274,0.12956251432960408,0.12956251432960408,0.12956251432960408,0.12956251432960408
llama3.2:3b,CAO3727,S,E,1.0,"{""E"": 1.0, ""P"": 0.0, ""R"": 0.0, ""S"": 0.0}",,1.12,Military Forces of Cameroon (1982-),"On 1 October 2020, the military forces destroyed buildings in Akum town (Mezam, Nord-Ouest), in retaliation for writings on a vehicle that supported the separatists. No fatality and/or casualty reported.",0.75,0.9999999999989999,0.12956251432960408,0.12956251432960408,0.3521874283516274,0.12956251432960408,0.12956251432960408,0.12956251432960408
llama3.2:3b,CAO11453,S,E,0.8,"{""V"": 0.1, ""B"": 0.0, ""E"": 0.9, ""P"": 0.0, ""R"": 0.0, ""S"": 0.0}",,1.4,Military Forces of Cameroon (1982-),"Other: On 5 July 2023, state security forces, coded as military forces, fired warning shots into the air at their base in Waindo, coded to Wum (Menchum, Nord-Ouest) after they received news that their colleague was murdered by Ambazonian Separatists at Belo.",0.21739130434782608,0.8,0.14609437291908126,0.1321916551816841,0.32513900635385695,0.1321916551816841,0.1321916551816841,0.1321916551816841
llama3.2:3b,CAO3758,V,V,1.0,"{""V"": 1.0, ""B"": 0.0, ""E"": 0.0, ""P"": 0.0, ""R"": 0.0, ""S"": 0.0}",,1.43,Ambazonian Separatists (Cameroon),"Around 11 October 2020 (as reported), Ambazonian separatists kidnapped 3 Mbororo ethnic men in Ngarbuh village, near Nkambe (Donga-Mantung, Nord-Ouest). They are suspected to be involved in the killing of a separatist fighter on October 10.",0.75,0.9999999999989999,0.3521874283516274,0.12956251432960408,0.12956251432960408,0.12956251432960408,0.12956251432960408,0.12956251432960408
llama3.2:3b,CAO13380,B,V,1.0,"{""V"": 1.0, ""B"": 0.0, ""E"": 0.0, ""P"": 0.0, ""R"": 0.0, ""S"": 0.0}",,1.41,Military Forces of Cameroon (1982-),"On 4 April 2024, the security forces, coded as the military forces shot and killed an unknown Separatist commander at the market in Agyati (Bafut, Mezam, Nord-Ouest). The Separatist tried to escape leading to the military forces shooting him. He died of his injuries.",0.75,0.9999999999989999,0.3521874283516274,0.12956251432960408,0.12956251432960408,0.12956251432960408,0.12956251432960408,0.12956251432960408
llama3.2:3b,CAO4585,V,V,1.0,"{""V"": 1.0, ""B"": 0.0, ""E"": 0.0, ""P"": 0.0, ""R"": 0.0, ""S"": 0.0}",,1.4,Islamic State West Africa Province (ISWAP) - Lake Chad Faction and/or Boko Haram - Jamaatu Ahli is-Sunnah lid-Dawati wal-Jihad,"On 26 April 2021, suspected Boko Haram fighters attacked Takoudele village, Kourgui town, Mora subdivision (Mayo-Sava, Extreme-Nord). They kidnapped a young girl, and took away goods. No fatality and/or casualty reported.",0.75,0.9999999999989999,0.3521874283516274,0.12956251432960408,0.12956251432960408,0.12956251432960408,0.12956251432960408,0.12956251432960408
llama3.2:3b,CAO10717,B,E,0.9,"{""E"": 0.9, ""P"": 0.1, ""R"": 0.0, ""S"": 0.0}",,1.15,Ambazonian Separatists (Cameroon),"On 25 May 2023, Ambazonian Separatists and state security forces, coded as military forces, engaged in an armed clash at Melim (Bui, Nord-Ouest) after the separatists detonated an IED which partially destroyed one of the security forces' vehicles. Casualties are unknown.",0.463768115942029,0.8999999999999999,0.13219165518168413,0.13219165518168413,0.325139006353857,0.14609437291908128,0.13219165518168413,0.13219165518168413
llama3.2:3b,CAO4525,B,V,1.0,"{""V"": 1.0, ""B"": 0.0, ""E"": 0.0, ""P"": 0.0, ""R"": 0.0, ""S"": 0.0}",,1.42,Islamic State West Africa Province (ISWAP) - Lake Chad Faction and/or Boko Haram - Jamaatu Ahli is-Sunnah lid-Dawati wal-Jihad,"On 4 April 2021, Boko Haram fighters attacked and tortured a group of local vigilance militiamen in Mahoula village, Mora subdivision (Mayo-Sava, Extreme-Nord), killing two of them.",0.75,0.9999999999989999,0.3521874283516274,0.12956251432960408,0.12956251432960408,0.12956251432960408,0.12956251432960408,0.12956251432960408
llama3.2:3b,CAO10405,B,B,1.0,"{""V"": 0.0, ""B"": 1.0, ""E"": 0.0, ""P"": 0.0, ""R"": 0.0, ""S"": 0.0}",,1.41,Military Forces of Cameroon (1982-),"On 8 April 2023, the State security forces, coded as the military force, clashed with the Ambazonian Separatists in Batibo (Batibo, Momo, Nord-Ouest). There were no fatalities. During the operation, the military forces arrested about 30 civilians from several villages and moved them to their base.",0.75,0.9999999999989999,0.12956251432960408,0.3521874283516274,0.12956251432960408,0.12956251432960408,0.12956251432960408,0.12956251432960408
llama3.2:3b,CAO10613,S,V,1.0,"{""V"": 1.0, ""B"": 0.0, ""E"": 0.0, ""P"": 0.0, ""R"": 0.0, ""S"": 0.0}",,1.41,Ambazonian Separatists (Cameroon),"Looting: On 10 May 2023, Ambazonian Separatists from the Restoration Forces extorted money amounting to 200,000 FCFA from a civilian whom they imposed as the new traditional chief in Makwe, Upper Bayang commune, coded to Tinto (Manyu, Sud-Ouest). They also forced the civilians to buy a motorcycle for the man to 'support his reign.' The legal leader fled to Mamfe when the Separatists demanded 500,000 FCFA from him.",0.75,0.9999999999989999,0.3521874283516274,0.12956251432960408,0.12956251432960408,0.12956251432960408,0.12956251432960408,0.12956251432960408
llama3.2:3b,CAO4669,V,V,1.0,"{""V"": 1.0, ""B"": 0.0, ""E"": 0.0, ""P"": 0.0, ""R"": 0.0, ""S"": 0.0}",,1.43,Military Forces of Cameroon (1982-),"Around 15 May 2020 (month of), the military forces raided Njembo village, Mbengwi town, Mbeggwi subdivision (Momo, Nord-Ouest), killing one person.",0.75,0.9999999999989999,0.3521874283516274,0.12956251432960408,0.12956251432960408,0.12956251432960408,0.12956251432960408,0.12956251432960408
llama3.2:3b,CAO4298,B,V,0.8,"{""V"": 0.8, ""B"": 0.1, ""E"": 0.05, ""P"": 0.01, ""R"": 0.01, ""S"": 0.03}",,1.41,Military Forces of Cameroon (1982-),"On 23 January 2021, the military forces engaged in fire fights with Ambazonian separatists in Mulang and Meta neighborhood of Bamenda town, Bamenda 2 subdivision (Mezam, Nord-Ouest). Four civilians were killed, reportedly by the military forces.",0.21739130434782608,0.8,0.2994321704194074,0.14869361531264252,0.1414417421207755,0.13589573208494743,0.13589573208494743,0.13864100797698037
llama3.2:3b,CAO8775,E,E,1.0,"{""E"": 1.0, ""P"": 0.0, ""R"": 0.0, ""S"": 0.0}",,1.12,Unidentified Armed Group (Cameroon),"On 17 March 2024, an IED planted by an unidentified armed group detonated on military forces along the Zeleved - Dzamadzaf road, coded to Zelevet (Mayo-Moskota, Mayo-Tsanaga, Extreme-Nord). There were no fatalities and 2 militants were injured.",0.75,0.9999999999989999,0.12956251432960408,0.12956251432960408,0.3521874283516274,0.12956251432960408,0.12956251432960408,0.12956251432960408
llama3.2:3b,CAO14650,V,V,1.0,"{""V"": 1.0, ""B"": 0.0, ""E"": 0.0, ""P"": 0.0, ""R"": 0.0, ""S"": 0.0}",,1.43,Unidentified Armed Group (Cameroon),"On 24 August 2024, an unidentified armed group shot and injured 1 plantation owner who tried to flee an abduction in Sirbia (Touboro, Mayo-Rey, Nord). The plantation owner escaped. 2 other civilians were abducted. The reason for the abduction is not known.",0.75,0.9999999999989999,0.3521874283516274,0.12956251432960408,0.12956251432960408,0.12956251432960408,0.12956251432960408,0.12956251432960408
llama3.2:3b,CAO9309,V,V,1.0,"{""V"": 1.0, ""B"": 0.0, ""E"": 0.0, ""P"": 0.0, ""R"": 0.0, ""S"": 0.0}",,1.41,Ambazonian Separatists (Cameroon),"On 13 February 2023, Ambazonian Separatists shot a male motorbike rider in his legs near Azire New Church in Bamenda (Mezam, Nord-Ouest) before taking his bike away. He was accused of violating the Monday ghost town. No information on the status of the victim.",0.75,0.9999999999989999,0.3521874283516274,0.12956251432960408,0.12956251432960408,0.12956251432960408,0.12956251432960408,0.12956251432960408
llama3.2:3b,CAO14584,S,V,1.0,"{""V"": 1.0, ""B"": 0.0, ""E"": 0.0, ""P"": 0.0, ""R"": 0.0, ""S"": 0.0}",,1.42,Boko Haram - Jamaatu Ahli is-Sunnah lid-Dawati wal-Jihad,"Looting: On 21 August 2024, Boko Haram (JAS) (likely) militants looted 1 motorbike and goods along the Amchide - Ganse road in Guederou (Kolofata, Mayo-Sava, Extreme-Nord).",0.75,0.9999999999989999,0.3521874283516274,0.12956251432960408,0.12956251432960408,0.12956251432960408,0.12956251432960408,0.12956251432960408
llama3.2:3b,CAO7763,S,S,1.0,"{""V"": 0.0, ""B"": 0.0, ""E"": 0.0, ""P"": 0.0, ""R"": 0.0, ""S"": 1.0}",,1.41,Military Forces of Cameroon (1982-) Gendarmerie,"On 3 September 2023, the gendarmerie arrested a suspected former ISWAP or Boko Haram militant leader in Banki (Menoua, Ouest).",0.75,0.9999999999989999,0.12956251432960408,0.12956251432960408,0.12956251432960408,0.12956251432960408,0.12956251432960408,0.3521874283516274
llama3.2:3b,CAO7437,V,V,1.0,"{""V"": 1.0, ""B"": 0.0, ""E"": 0.0, ""P"": 0.0, ""R"": 0.0, ""S"": 0.0}",,1.42,Military Forces of Cameroon (1982-),"On 25 June 2023, the military forces attacked civilians in Kumba (Ekondo Titi, Ndian, Sud-Ouest). 1 civilian was killed. The victim had challenged a gendarmerie officer to lawfully present a warrant authorizing him to arrest another civilian when the officer shot him at close range in the chest and the other civilian was injured.",0.75,0.9999999999989999,0.3521874283516274,0.12956251432960408,0.12956251432960408,0.12956251432960408,0.12956251432960408,0.12956251432960408
llama3.2:3b,CAO9421,S,V,0.8,"{""V"": 0.8, ""B"": 0.1, ""E"": 0.05, ""P"": 0.02, ""R"": 0.01, ""S"": 0.02}",,1.4,Military Forces of Cameroon (1982-),"Other: On 15 September 2022, the military forces fired gunshots under unclear circumstances at GRA quarter in Mbengwi (Momo, Nord-Ouest).",0.21739130434782608,0.8,0.2994362805611674,0.14869565634863702,0.14144368361426995,0.13726339101211657,0.13589759745139307,0.13726339101211657
llama3.2:3b,CAO6502,S,S,1.0,"{""V"": 0.0, ""B"": 0.0, ""E"": 0.0, ""P"": 0.0, ""R"": 0.0, ""S"": 1.0}",,1.41,Boko Haram - Jamaatu Ahli is-Sunnah lid-Dawati wal-Jihad,"Looting: On 24 August 2022, Boko Haram (JAS) (likely) fighters entered Madakar (Mayo-Moskota, Mayo-Tsanaga, Extreme-Nord) and stole 22 livestock. The Cameroonian military forces returned 175 livestock to their owners.",0.75,0.9999999999989999,0.12956251432960408,0.12956251432960408,0.12956251432960408,0.12956251432960408,0.12956251432960408,0.3521874283516274
llama3.2:3b,CAO15428,V,V,1.0,"{""V"": 1.0, ""B"": 0.0, ""E"": 0.0, ""P"": 0.0, ""R"": 0.0, ""S"": 0.0}",,1.43,Military Forces of Cameroon (1982-),"On 25 August 2024, security forces, coded as the military forces, beat and injured a group of 15 civilians along the main road in Ashing (Belo, Boyo, Nord-Ouest) accusing them of leaving a bag they suspected of carrying items used to manufacture IEDs near the military minor base.",0.75,0.9999999999989999,0.3521874283516274,0.12956251432960408,0.12956251432960408,0.12956251432960408,0.12956251432960408,0.12956251432960408
llama3.2:3b,CAO8495,B,B,1.0,"{""V"": 0.0, ""B"": 1.0, ""E"": 0.0, ""P"": 0.0, ""R"": 0.0, ""S"": 0.0}",,1.41,Military Forces of Cameroon (1982-) Rapid Intervention Battalion,"On 6 February 2024, the military forces (Rapid Intervention) and the gendarmerie fired warning shots in the air at the outpost in Fotokol (Fotokol, Logone-et-Chari, Extreme-Nord) to drive back suspected ISWAP or Boko Haram militants. There were no fatalities.",0.75,0.9999999999989999,0.12956251432960408,0.3521874283516274,0.12956251432960408,0.12956251432960408,0.12956251432960408,0.12956251432960408
llama3.2:3b,CAO13440,B,B,1.0,"{""V"": 0.0, ""B"": 1.0, ""E"": 0.0, ""P"": 0.0, ""R"": 0.0, ""S"": 0.0}",,1.43,Ambazonian Separatists (Cameroon),"Around 13 May 2024 (as reported), Ambazonian Separatists ambushed patrolling gendarmerie forces along the Ayukaba and Eyangchang villages, coded to Ayukaba (Mamfe, Manyu, Sud-Ouest). The brigade commander and 4 gendarmerie officers were killed. The Separatists looted their weapons and ammunition and burnt the victim's bodies.",0.75,0.9999999999989999,0.12956251432960408,0.3521874283516274,0.12956251432960408,0.12956251432960408,0.12956251432960408,0.12956251432960408
llama3.2:3b,CAO3624,V,V,0.8,"{""V"": 0.8, ""B"": 0.0, ""E"": 0.0, ""P"": 0.0, ""R"": 0.0, ""S"": 0.2}",,1.42,Islamic State West Africa Province (ISWAP) - Lake Chad Faction and/or Boko Haram - Jamaatu Ahli is-Sunnah lid-Dawati wal-Jihad,"Around 30 August 2020 (as reported), Boko Haram attacked Makoulahe village, in Mora subdivision (Mayo-Sava, Extreme-Nord). They looted houses and injured 2 women.",0.21739130434782608,0.8,0.29885292841420313,0.13428327674775206,0.13428327674775206,0.13428327674775206,0.13428327674775206,0.16401396459448975
llama3.2:3b,CAO11112,S,R,0.9,"{""V"": 0.1, ""B"": 0.0, ""E"": 0.0, ""P"": 0.0, ""R"": 0.9, ""S"": 0.0}",,1.42,Ambazonian Separatists (Cameroon),"Looting: On 2 February 2024, Ambazonian Separatists extorted money and food items from business persons at the market square in Lassin (Noni, Bui, Nord-Ouest).",0.463768115942029,0.8999999999999999,0.14609437291908128,0.13219165518168413,0.13219165518168413,0.13219165518168413,0.325139006353857,0.13219165518168413
llama3.2:3b,CAO7600,R,V,1.0,"{""V"": 1.0, ""B"": 0.0, ""E"": 0.0, ""P"": 0.0, ""R"": 0.0, ""S"": 0.0}",,1.41,Rioters (Cameroon),"On 26 August 2023, a mob attacked thieves who had killed an elderly woman while robbing her in Brazzaville neighbourhood, in the outskirts of Douala (Douala 1, Wouri, Littoral). Two managed to escape while a third was beaten to death.",0.75,0.9999999999989999,0.3521874283516274,0.12956251432960408,0.12956251432960408,0.12956251432960408,0.12956251432960408,0.12956251432960408
llama3.2:3b,CAO3498,V,V,0.9,"{""V"": 0.9, ""B"": 0.0, ""E"": 0.0, ""P"": 0.0, ""R"": 0.0, ""S"": 0.1}",,1.43,Military Forces of Cameroon (1982-),"On 21 July 2020, military forces opened fire around a food market in Bamenda town (Mezam, Nord-Ouest). One person was reportedly killed and property destroyed.",0.463768115942029,0.8999999999999999,0.32513900635385695,0.1321916551816841,0.1321916551816841,0.1321916551816841,0.1321916551816841,0.14609437291908126
llama3.2:3b,CAO4080,B,B,1.0,"{""V"": 0.0, ""B"": 1.0, ""E"": 0.0, ""P"": 0.0, ""R"": 0.0, ""S"": 0.0}",,1.41,Military Forces of Cameroon (1982-),"On 1 December 2020, the military forces repelled an attack of Boko Haram in Boudoua village, Mora subdivision (Mayo-Sava, Extreme-Nord). One Boko Haram fighter was killed, and several others injured. The military seized two motorbikes.",0.75,0.9999999999989999,0.12956251432960408,0.3521874283516274,0.12956251432960408,0.12956251432960408,0.12956251432960408,0.12956251432960408
llama3.2:3b,CAO14355,V,V,0.9,"{""V"": 0.9, ""B"": 0.0, ""E"": 0.0, ""P"": 0.0, ""R"": 0.0, ""S"": 0.1}",,1.42,Ambazonian Separatists (Cameroon),"On 8 May 2024, Ambazonian Separatists abducted a ship owner alongside two skippers after intercepting 2 ships in the Cameroon-Nigeria waterway in Mabeta (Limbe 3, Fako, Sud-Ouest). The militants later released the men after they paid the sum of approximately 700,000 Franc CFA.",0.463768115942029,0.8999999999999999,0.32513900635385695,0.1321916551816841,0.1321916551816841,0.1321916551816841,0.1321916551816841,0.14609437291908126
llama3.2:3b,CAO11427,B,B,1.0,"{""B"": 1.0, ""E"": 0.0, ""P"": 0.0, ""R"": 0.0, ""S"": 0.0}",,1.27,Military Forces of Cameroon (1982-),"On 10 January 2024, military forces, disguised as civilians, engaged in gunbattle with Ambazonian Separatists from the Restoration Forces in Yoke (Muyuka, Fako, Sud-Ouest). They freed two civilians held captive by the Ambazonian Separatists. No casualties.",0.75,0.9999999999989999,0.12956251432960408,0.3521874283516274,0.12956251432960408,0.12956251432960408,0.12956251432960408,0.12956251432960408
llama3.2:3b,CAO11069,V,V,0.9,"{""V"": 0.9, ""B"": 0.0, ""E"": 0.0, ""P"": 0.0, ""R"": 0.0, ""S"": 0.1}",,1.41,Ambazonian Separatists (Cameroon),"On 15 December 2023, Ambazonian Separatists kidnapped an employee of the Mbonge municipal council in Kombone (Kumba 1, Meme, Sud-Ouest). They accused him of working closely with the Mayor of the municipality, who is seen as a security forces collaborator.",0.463768115942029,0.8999999999999999,0.32513900635385695,0.1321916551816841,0.1321916551816841,0.1321916551816841,0.1321916551816841,0.14609437291908126
llama3.2:3b,CAO4139,V,V,1.0,"{""V"": 1.0, ""B"": 0.0, ""E"": 0.0, ""P"": 0.0, ""R"": 0.0, ""S"": 0.0}",,1.41,Military Forces of Cameroon (1982-),"On 8 November 2020, the military forces raided Luh village, in Ndu subdivision (Donga-Mantung, Nord-Ouest), killing two civilians including a driver and a bike taxi driver.",0.75,0.9999999999989999,0.3521874283516274,0.12956251432960408,0.12956251432960408,0.12956251432960408,0.12956251432960408,0.12956251432960408
llama3.2:3b,CAO2894,R,V,1.0,"{""V"": 1.0, ""B"": 0.0, ""E"": 0.0, ""P"": 0.0, ""R"": 0.0, ""S"": 0.0}",,1.42,Rioters (Cameroon),"On 26 January 2020, one young man was burnt to death in Bamenda town (Mezam, Nord-Ouest), for allegedly trying to steal a motorcycle.",0.75,0.9999999999989999,0.3521874283516274,0.12956251432960408,0.12956251432960408,0.12956251432960408,0.12956251432960408,0.12956251432960408
llama3.2:3b,CAO8266,B,B,1.0,"{""V"": 0.0, ""B"": 1.0, ""E"": 0.0, ""P"": 0.0, ""R"": 0.0, ""S"": 0.0}",,1.42,Boko Haram - Jamaatu Ahli is-Sunnah lid-Dawati wal-Jihad,"On 18 December 2023, Boko Haram militants [JAS faction] ambushed military forces in Moundou, in the Double-Limani area, coded to Limani (Mora, Mayo-Sava, Extreme-Nord). 2 soldiers were killed and 2 others were wounded. The militants stole 2 motorbikes and the rifles from the killed soldiers.",0.75,0.9999999999989999,0.12956251432960408,0.3521874283516274,0.12956251432960408,0.12956251432960408,0.12956251432960408,0.12956251432960408
llama3.2:3b,CAO6765,V,V,1.0,"{""V"": 1.0, ""B"": 0.0, ""E"": 0.0, ""P"": 0.0, ""R"": 0.0, ""S"": 0.0}",,1.42,Ambazonian Separatists (Cameroon),"On 24 November 2022, Ambazonian Separatists killed a public transport driver and a passenger in Awing (Santa, Mezam, Nord-Ouest). They set ablaze the driver's vehicle and abducted two other civilian passengers. The fighters left a note on the body of the killed driver on which it was written that he was collaborating with the military and warned any other person who may be collaborating with them. The rest of the civilians were allowed to go. Residents claim the attack was carried out by the Cameroonian military.",0.75,0.9999999999989999,0.3521874283516274,0.12956251432960408,0.12956251432960408,0.12956251432960408,0.12956251432960408,0.12956251432960408
llama3.2:3b,CAO14747,S,V,1.0,"{""V"": 1.0, ""B"": 0.0, ""E"": 0.0, ""P"": 0.0, ""R"": 0.0, ""S"": 0.0}",,1.41,Military Forces of Cameroon (1982-),"On 6 July 2024, the security forces, coded as the military forces, arrested 39 men and 11 women from their private residences in Marumba I (Kumba 1, Meme, Sud-Ouest) during a search operation to dislodge Ambazonian Separatists in the area.",0.75,0.9999999999989999,0.3521874283516274,0.12956251432960408,0.12956251432960408,0.12956251432960408,0.12956251432960408,0.12956251432960408
llama3.2:3b,CAO10353,B,B,1.0,"{""V"": 0.0, ""B"": 1.0, ""E"": 0.0, ""P"": 0.0, ""R"": 0.0, ""S"": 0.0}",,1.41,Military Forces of Cameroon (1982-),"On 19 April 2023, state security forces (coded as military) engaged in an armed confrontation with Ambazonian Separatists in Bamenda - Mankon (Mezam, Nord-Ouest). 4 Separatists were killed, and one soldier was severely wounded. Some ammunition was recovered.",0.75,0.9999999999989999,0.12956251432960408,0.3521874283516274,0.12956251432960408,0.12956251432960408,0.12956251432960408,0.12956251432960408
llama3.2:3b,CAO10413,S,V,1.0,"{""V"": 1.0, ""B"": 0.0, ""E"": 0.0, ""P"": 0.0, ""R"": 0.0, ""S"": 0.0}",,1.43,Military Forces of Cameroon (1982-),"Property destruction: On 6 April 2023, State security forces (Air Force), coded as the military forces, burned down 7 civilian houses in Maghow, coded to Akwaya (Akwaya,Manyu,Sud-Ouest). The Separatists also stole food items, money and other valuables. The houses were suspected of housing Separatists.",0.75,0.9999999999989999,0.3521874283516274,0.12956251432960408,0.12956251432960408,0.12956251432960408,0.12956251432960408,0.12956251432960408
llama3.2:3b,CAO3901,S,V,1.0,"{""V"": 1.0, ""B"": 0.0, ""E"": 0.0, ""P"": 0.0, ""R"": 0.0, ""S"": 0.0}",,1.41,Military Forces of Cameroon (1982-),"On 17 September 2020, the security forces (assumed Military Forces) arrested 'scores' of civilians during a raid in Bakweri town (Fako, Sud-Ouest).",0.75,0.9999999999989999,0.3521874283516274,0.12956251432960408,0.12956251432960408,0.12956251432960408,0.12956251432960408,0.12956251432960408
llama3.2:3b,CAO13626,B,B,1.0,"{""V"": 0.0, ""B"": 1.0, ""E"": 0.0, ""P"": 0.0, ""R"": 0.0, ""S"": 0.0}",,1.42,Boko Haram - Jamaatu Ahli is-Sunnah lid-Dawati wal-Jihad,"On 14 June 2024, Boko Haram (JAS) (likely) militants clashed with the Gendarmerie forces in Tourou (Mokolo, Mayo-Tsanaga, Extreme-Nord). 1 soldier was killed. 4 motorbikes and an ambulance were burnt and several materials looted.",0.75,0.9999999999989999,0.12956251432960408,0.3521874283516274,0.12956251432960408,0.12956251432960408,0.12956251432960408,0.12956251432960408
llama3.2:3b,CAO5613,R,V,1.0,"{""V"": 1.0, ""B"": 0.0, ""E"": 0.0, ""P"": 0.0, ""R"": 0.0, ""S"": 0.0}",,1.41,Rioters (Cameroon),"On 19 October 2021, a traditional leader and his supporters tortured a pregnant woman and her children and paraded them on the streets of Buea town (Fako, Sud-Ouest) for being the ex-girlfriend of an Ambazonian separatist commander.",0.75,0.9999999999989999,0.3521874283516274,0.12956251432960408,0.12956251432960408,0.12956251432960408,0.12956251432960408,0.12956251432960408
llama3.2:3b,CAO8174,R,V,1.0,"{""V"": 1.0, ""B"": 0.0, ""E"": 0.0, ""P"": 0.0, ""R"": 0.9, ""S"": 0.0}",,1.41,Rioters (Cameroon),"On 3 December 2023, a mob killed a suspect who was accused of killing two people with knives in Obala (Obala, Lekie, Centre). The victim was burnt alive by the mob.",0.75,0.9999999999989999,0.296177370531731,0.10895756555884041,0.10895756555884041,0.10895756555884041,0.26799236723261116,0.10895756555884041
llama3.2:3b,CAO13505,S,V,0.9,"{""V"": 0.9, ""B"": 0.0, ""E"": 0.0, ""P"": 0.0, ""R"": 0.0, ""S"": 0.1}",,1.41,Ambazonian Separatists (Cameroon),"Looting: On 10 April 2024, Ambazonian Separatists from the Restoration Forces faction extorted money from commercial motorbike riders and their passengers in Bulu Camp (Mundemba, Ndian, Sud-Ouest) on their way to the market and farms.",0.463768115942029,0.8999999999999999,0.32513900635385695,0.1321916551816841,0.1321916551816841,0.1321916551816841,0.1321916551816841,0.14609437291908126
llama3.2:3b,CAO3090,B,B,1.0,"{""V"": 0.0, ""B"": 1.0, ""E"": 0.0, ""P"": 0.0, ""R"": 0.0, ""S"": 0.0}",,1.42,Ambazonian Separatists (Cameroon),"On 12 March 2020, two groups of Ambazonian separatists clashed in their camp in Vikovi village, near Kikaikom, in Kumbo subdivision (Bui, Nord-Ouest), resulting in 5 deaths.",0.75,0.9999999999989999,0.12956251432960408,0.3521874283516274,0.12956251432960408,0.12956251432960408,0.12956251432960408,0.12956251432960408
llama3.2:3b,CAO6193,B,B,1.0,"{""V"": 0.0, ""B"": 1.0, ""E"": 0.0, ""P"": 0.0, ""R"": 0.0, ""S"": 0.0}",,1.43,Military Forces of Cameroon (1982-),"On 21 June 2022, Cameroonian military forces clashed with Ambazonia separatist in Essu (Fungom, Menchum, Nord-Ouest) leading to the death of 1 separatist and 1 civilian was injured. She was taking to the hospital for treatment.",0.75,0.9999999999989999,0.12956251432960408,0.3521874283516274,0.12956251432960408,0.12956251432960408,0.12956251432960408,0.12956251432960408
llama3.2:3b,CAO4023,V,V,1.0,"{""V"": 1.0, ""B"": 0.0, ""E"": 0.0, ""P"": 0.0, ""R"": 0.0, ""S"": 0.0}",,1.42,Islamic State West Africa Province (ISWAP) - Lake Chad Faction and/or Boko Haram - Jamaatu Ahli is-Sunnah lid-Dawati wal-Jihad,"On 18 November 2020, Boko Haram shot and killed a traditional chief and 3 of his children (total of 4 fatalities) in Satomi village, around Mora (Mayo-Sava, Extreme-Nord).",0.75,0.9999999999989999,0.3521874283516274,0.12956251432960408,0.12956251432960408,0.12956251432960408,0.12956251432960408,0.12956251432960408
llama3.2:3b,CAO4443,B,B,1.0,"{""V"": 0.0, ""B"": 1.0, ""E"": 0.0, ""P"": 0.0, ""R"": 0.0, ""S"": 0.0}",,1.41,MNJTF: Multinational Joint Task Force,"On 4 March 2021, the MNJTF military forces repelled an attack of Boko Haram in Gouzoudou village (Mayo-Sava, Extreme-Nord). No fatality and/or casualty reported.",0.75,0.9999999999989999,0.12956251432960408,0.3521874283516274,0.12956251432960408,0.12956251432960408,0.12956251432960408,0.12956251432960408
llama3.2:3b,CAO10147,B,B,0.8,"{""V"": 0.1, ""B"": 0.9, ""E"": 0.05, ""P"": 0.01, ""R"": 0.01, ""S"": 0.01}",,1.41,Military Forces of Cameroon (1982-),"On 3 January 2023, state security forces (coded as military) captured and arrested 1 Ambazonian Separatist in Adiemukong, Bafut commune, coded to Bafut (Mezam, Nord-Ouest). Gunshots could be heard, no casualties. It is unclear if the gunshots were an armed confrontation between the two.",0.21739130434782608,0.8,0.14453866628690754,0.3216767175712271,0.1374894323501958,0.13209839459711592,0.13209839459711592,0.13209839459711592
llama3.2:3b,CAO7973,S,V,0.9,"{""V"": 0.9, ""B"": 0.0, ""E"": 0.0, ""P"": 0.0, ""R"": 0.0, ""S"": 0.1}",,1.42,Islamic State West Africa Province (ISWAP) and/or Boko Haram - Jamaatu Ahli is-Sunnah lid-Dawati wal-Jihad,"Looting: On 18 October 2023, ISWAP or Boko Haram militants demanded money and food items from fishermen in the Tsoukiya zone around Darak (Darak, Logone-et-Chari, Extreme-Nord) as taxes for fishing rights. The militants also searched the fishermen for mobile phones and any person from Darak. Finding neither the militants retreated toward Nigeria.",0.463768115942029,0.8999999999999999,0.32513900635385695,0.1321916551816841,0.1321916551816841,0.1321916551816841,0.1321916551816841,0.14609437291908126
llama3.2:3b,CAO9827,V,V,1.0,"{""V"": 1.0, ""B"": 0.0, ""E"": 0.0, ""P"": 0.0, ""R"": 0.0, ""S"": 0.0}",,1.42,Military Forces of Cameroon (1982-),"On 7 January 2023, the state security forces, coded as the military forces shot and killed a masquerade in Bambui (Tubah, Mezam, Nord-Ouest) accusing him of being an Ambazonian Separatists.",0.75,0.9999999999989999,0.3521874283516274,0.12956251432960408,0.12956251432960408,0.12956251432960408,0.12956251432960408,0.12956251432960408
llama3.2:3b,CAO7395,B,B,1.0,"{""V"": 0.0, ""B"": 1.0, ""E"": 0.0, ""P"": 0.0, ""R"": 0.0, ""S"": 0.0}",,1.42,Military Forces of Cameroon (1982-) Rapid Intervention Battalion,"On 23 June 2023, the military forces (Rapid Intervention) ambushed Boko Haram (JAS) (likely) militants in Ganse (Kolofata, Mayo-Sava, Extreme-Nord). 1 militant was killed and various items recovered by the military forces.",0.75,0.9999999999989999,0.12956251432960408,0.3521874283516274,0.12956251432960408,0.12956251432960408,0.12956251432960408,0.12956251432960408
llama3.2:3b,CAO6147,V,V,1.0,"{""V"": 1.0, ""B"": 0.0, ""E"": 0.0, ""P"": 0.0, ""R"": 0.0, ""S"": 0.0}",,1.43,Ambazonian Separatists (Cameroon),"On 1 June 2022, Ambazonia separatists abducted 9 commercial bike riders near Fundong (Njinikom, Boyo, Nord-Ouest) after they had participated in the 20th May celebration despite the ban imposed by the Separatists. The Separatists also burnt their motorbikes.",0.75,0.9999999999989999,0.3521874283516274,0.12956251432960408,0.12956251432960408,0.12956251432960408,0.12956251432960408,0.12956251432960408
llama3.2:3b,CAO16029,V,V,1.0,"{""V"": 1.0, ""B"": 0.0, ""E"": 0.0, ""P"": 0.0, ""R"": 0.0, ""S"": 0.0}",,1.41,Ambazonian Separatists (Cameroon),"On 22 October 2024, Ambazonian Separatists abducted a male civilian from his private residences in Bamenda - Nkwen (Bamenda 3, Mezam, Nord-Ouest) for an unknown reason.",0.75,0.9999999999989999,0.3521874283516274,0.12956251432960408,0.12956251432960408,0.12956251432960408,0.12956251432960408,0.12956251432960408
llama3.2:3b,CAO11761,B,B,1.0,"{""V"": 0.0, ""B"": 1.0, ""E"": 0.0, ""P"": 0.0, ""R"": 0.0, ""S"": 0.0}",,1.41,Military Forces of Cameroon (1982-),"On 16 July 2023, state security forces (coded as military) engaged in an armed confrontation with Ambazonian Separatists in Agyati (Mezam, Nord-Ouest). No casualties.",0.75,0.9999999999989999,0.12956251432960408,0.3521874283516274,0.12956251432960408,0.12956251432960408,0.12956251432960408,0.12956251432960408
llama3.2:3b,CAO11220,B,B,1.0,"{""V"": 0.0, ""B"": 1.0, ""E"": 0.0, ""P"": 0.0, ""R"": 0.0, ""S"": 0.0}",,1.4,Military Forces of Cameroon (1982-),"On 8 November 2023, the military forces attacked Ambazonian Separatists from the Restoration Forces during an operation in Mfuni (Mamfe, Manyu, Sud-Ouest). The military forces shot and killed one, while several others sustained life-threatening injuries.",0.75,0.9999999999989999,0.12956251432960408,0.3521874283516274,0.12956251432960408,0.12956251432960408,0.12956251432960408,0.12956251432960408
llama3.2:3b,CAO3650,R,V,1.0,"{""V"": 1.0, ""B"": 0.0, ""E"": 0.0, ""P"": 0.0, ""R"": 0.0, ""S"": 0.0}",,1.41,Rioters (Cameroon),"On 5 September 2020, residents beat one woman to death in Yokosire village (Lom-Et-Djerem, Est) after she was accused of attempting to use witchcraft against her co-wife.",0.75,0.9999999999989999,0.3521874283516274,0.12956251432960408,0.12956251432960408,0.12956251432960408,0.12956251432960408,0.12956251432960408
llama3.2:3b,CAO12120,V,V,1.0,"{""V"": 1.0, ""B"": 0.0, ""E"": 0.0, ""P"": 0.0, ""R"": 0.0, ""S"": 0.0}",,1.41,Military Forces of Cameroon (1982-),"On 13 August 2023, state security forces, coded as military forces, shot and killed a suspected Ambazonian Separatist in Nkundu quarter in Njenka (Balikumbat, Ngo-Ketunjia, Nord-Ouest) and left his body by the road. He had been arrested earlier from his private residence after a tip-off.",0.75,0.9999999999989999,0.3521874283516274,0.12956251432960408,0.12956251432960408,0.12956251432960408,0.12956251432960408,0.12956251432960408
llama3.2:3b,CAO13210,B,S,1.0,"{""V"": 0.0, ""B"": 0.0, ""E"": 0.0, ""P"": 0.0, ""R"": 0.0, ""S"": 1.0}",,1.42,Military Forces of Cameroon (1982-),"On 23 March 2024, state security forces, coded as the military forces, fired several warning gunshots to dislodge and dismantle an Ambazonian Separatist illegal checkpoint in Bobong (Njinikom, Boyo, Nord-Ouest). There were no fatalities or injuries.",0.75,0.9999999999989999,0.12956251432960408,0.12956251432960408,0.12956251432960408,0.12956251432960408,0.12956251432960408,0.3521874283516274
llama3.2:3b,CAO10312,S,S,0.9,"{""V"": 0.1, ""B"": 0.0, ""E"": 0.0, ""P"": 0.0, ""R"": 0.0, ""S"": 0.9}",,1.42,Ambazonian Separatists (Cameroon),"Property destruction: On 28 April 2023, Ambazonian Separatists Restoration forces burned a vehicle belonging to an unnamed road construction company working along the Kumba -Mundemba road axis in Dibonda (Toko, Ndian, Sud-Ouest). The burning was an attempt by the perpetrators to enforce the ban on any government sponsored projects especially reconstruction projects the perpetrators had declared.",0.463768115942029,0.8999999999999999,0.14609437291908128,0.13219165518168413,0.13219165518168413,0.13219165518168413,0.13219165518168413,0.325139006353857
llama3.2:3b,CAO4521,V,V,1.0,"{""V"": 1.0, ""B"": 0.0, ""E"": 0.0, ""P"": 0.0, ""R"": 0.0, ""S"": 0.0}",,1.4,Islamic State West Africa Province (ISWAP) - Lake Chad Faction and/or Boko Haram - Jamaatu Ahli is-Sunnah lid-Dawati wal-Jihad,"On 3 April 2021, Boko Haram fighters nightly attacked Goudjimdele village, Mora subdivision (Mayo-Sava, Extreme-Nord), killing 2 people.",0.75,0.9999999999989999,0.3521874283516274,0.12956251432960408,0.12956251432960408,0.12956251432960408,0.12956251432960408,0.12956251432960408
llama3.2:3b,CAO8337,V,V,0.8,"{""V"": 0.8, ""B"": 0.0, ""E"": 0.0, ""P"": 0.0, ""R"": 0.0, ""S"": 0.2}",,1.41,Boko Haram - Jamaatu Ahli is-Sunnah lid-Dawati wal-Jihad,"Around 30 December 2023 (as reported), Boko Haram (JAS) (likely) militants attacked Soukoule, coded to Mora (Mora, Mayo-Sava, Extreme-Nord). 1 civilian was killed and 3 motorbikes were taken away.",0.21739130434782608,0.8,0.29885292841420313,0.13428327674775206,0.13428327674775206,0.13428327674775206,0.13428327674775206,0.16401396459448975
llama3.2:3b,CAO9705,V,V,1.0,"{""V"": 1.0, ""B"": 0.0, ""E"": 0.0, ""P"": 0.0, ""R"": 0.0, ""S"": 0.0}",,1.41,Military Forces of Cameroon (1982-),"On 23 June 2022, military forces shot and killed two male civilians in Ekombe Bonji (Kumba 1, Meme, Sud-Ouest).",0.75,0.9999999999989999,0.3521874283516274,0.12956251432960408,0.12956251432960408,0.12956251432960408,0.12956251432960408,0.12956251432960408
llama3.2:3b,CAO13243,S,V,1.0,"{""V"": 1.0, ""B"": 0.0, ""E"": 0.0, ""P"": 0.0, ""R"": 0.0, ""S"": 0.0}",,1.41,Boko Haram - Jamaatu Ahli is-Sunnah lid-Dawati wal-Jihad,"Looting: On 26 April 2024, ISWAP or Boko Haram militants looted some 150 oxen and cows in a grazing area in Dougza (Kolofata, Mayo-Sava, Extreme-Nord).",0.75,0.9999999999989999,0.3521874283516274,0.12956251432960408,0.12956251432960408,0.12956251432960408,0.12956251432960408,0.12956251432960408
llama3.2:3b,CAO6787,S,V,1.0,"{""V"": 1.0, ""B"": 0.0, ""E"": 0.0, ""P"": 0.0, ""R"": 0.0, ""S"": 0.0}",,1.42,Boko Haram - Jamaatu Ahli is-Sunnah lid-Dawati wal-Jihad,"Looting: On 4 December 2022, Boko Haram [JAS] looted farmers in Amchide (Kolofata, Mayo-Sava, Extreme-Nord) stealing 2 motorbikes and 1 bicycle.",0.75,0.9999999999989999,0.3521874283516274,0.12956251432960408,0.12956251432960408,0.12956251432960408,0.12956251432960408,0.12956251432960408
llama3.2:3b,CAO4545,B,B,1.0,"{""V"": 0.0, ""B"": 1.0, ""E"": 0.0, ""P"": 0.0, ""R"": 0.0, ""S"": 0.0}",,1.41,Military Forces of Cameroon (1982-),"On 12 April 2021, the military forces repelled a nightly attack of Boko Haram fighters in Djanpala village, assumedly in Mora subdivision (Mayo-Sava, Extreme-Nord). One assailant was killed, and foodstuffs retrieved.",0.75,0.9999999999989999,0.12956251432960408,0.3521874283516274,0.12956251432960408,0.12956251432960408,0.12956251432960408,0.12956251432960408
llama3.2:3b,CAO3621,P,P,1.0,"{""V"": 0.0, ""B"": 0.0, ""E"": 0.0, ""P"": 1.0, ""R"": 0.0, ""S"": 0.0}",,1.42,Protesters (Cameroon),"On 28 August 2020, women of the SUFC movement demonstrated in the Nord-ouest region, around Bamenda town (Mezam, Nord-Ouest), calling for a ceasefire in the North West and South West regions.",0.75,0.9999999999989999,0.12956251432960408,0.12956251432960408,0.12956251432960408,0.3521874283516274,0.12956251432960408,0.12956251432960408
llama3.2:3b,CAO6152,B,V,1.0,"{""V"": 1.0, ""B"": 0.0, ""E"": 0.0, ""P"": 0.0, ""R"": 0.0, ""S"": 0.0}",,1.41,Military Forces of Cameroon (1982-),"On 10 June 2022, Cameroonian military forces exchanged gunshots with suspected separatists and killed 2 civilians in Belo (Tubah, Mezam, Nord-Ouest). Unclear why the military was targeting civilians.",0.75,0.9999999999989999,0.3521874283516274,0.12956251432960408,0.12956251432960408,0.12956251432960408,0.12956251432960408,0.12956251432960408
llama3.2:3b,CAO6296,P,P,1.0,"{""V"": 0.0, ""B"": 0.0, ""E"": 0.0, ""P"": 1.0, ""R"": 0.0, ""S"": 0.0}",,1.41,Protesters (Cameroon),"Around 15 July 2022, residents of Koza and Gaboua protested in front of the sub-prefecture of Koza in Koza (Koza, Mayo-Tsanaga, Extreme-Nord) after a Boko Haram attack. They protested against the lack of security measures in the community.",0.75,0.9999999999989999,0.12956251432960408,0.12956251432960408,0.12956251432960408,0.3521874283516274,0.12956251432960408,0.12956251432960408
llama3.2:3b,CAO4239,B,B,1.0,"{""V"": 0.0, ""B"": 1.0, ""E"": 0.0, ""P"": 0.0, ""R"": 0.0, ""S"": 0.0}",,1.4,Military Forces of Cameroon (1982-),"On 24 December 2020, the military forces repelled an attack of Boko Haram in Makoulahe village, Mora subdivision (Mayo-Sava, Extreme-Nord), killing one assailant.",0.75,0.9999999999989999,0.12956251432960408,0.3521874283516274,0.12956251432960408,0.12956251432960408,0.12956251432960408,0.12956251432960408
llama3.2:3b,CAO6523,B,B,1.0,"{""V"": 0.0, ""B"": 1.0, ""E"": 0.0, ""P"": 0.0, ""R"": 0.0, ""S"": 0.0}",,1.43,Boko Haram - Jamaatu Ahli is-Sunnah lid-Dawati wal-Jihad,"On 12 September 2022, Boko Haram (JAS) fighters ambushed the Cameroonian military forces on the Limani - Mora Road, coded to Limani (Mora, Mayo-Sava, Extreme-Nord). Unknown fatalities or injuries but 4 motorbikes, mobile phones and a luggage were stolen by the assailants.",0.75,0.9999999999989999,0.12956251432960408,0.3521874283516274,0.12956251432960408,0.12956251432960408,0.12956251432960408,0.12956251432960408
llama3.2:3b,CAO5844,B,B,0.9,"{""V"": 0.1, ""B"": 0.8, ""E"": 0.0, ""P"": 0.0, ""R"": 0.0, ""S"": 0.1}",,1.4,Military Forces of Cameroon (1982-),"On 25 January 2022, the military intercepted Ambazonian separatists and engaged in fire fights with them in Bamenyam town, Penka-Michel subdivision (Menoua, Ouest). At least one soldier was killed and several others injured.",0.463768115942029,0.8999999999999999,0.14862672705521915,0.29929747400992307,0.1344830239597798,0.1344830239597798,0.1344830239597798,0.14862672705521915
llama3.2:3b,CAO9976,S,E,1.0,"{""E"": 1.0, ""P"": 0.0, ""R"": 0.0, ""S"": 0.0}",,1.11,Military Forces of Cameroon (1982-),"Defusal: On 1 October 2021, state forces, coded as military, defused an IED planted by Ambazonian Separatists in Oku (Bui, Nord-Ouest).",0.75,0.9999999999989999,0.12956251432960408,0.12956251432960408,0.3521874283516274,0.12956251432960408,0.12956251432960408,0.12956251432960408
llama3.2:3b,CAO12429,B,B,1.0,"{""V"": 0.0, ""B"": 1.0, ""E"": 0.0, ""P"": 0.0, ""R"": 0.0, ""S"": 0.0}",,1.41,Ambazonian Separatists (Cameroon),"On 28 July 2023, Ambazonian Separatists exchanged fire with other Ambazonian Separatists in Bali (Mezam, Nord-Ouest) in a dispute over money extorted from civilians. Two Ambazonian Separatists were killed and their bodies were abandoned in the forest.",0.75,0.9999999999989999,0.12956251432960408,0.3521874283516274,0.12956251432960408,0.12956251432960408,0.12956251432960408,0.12956251432960408
llama3.2:3b,CAO12201,S,V,1.0,"{""V"": 1.0, ""B"": 0.0, ""E"": 0.0, ""P"": 0.0, ""R"": 0.0, ""S"": 0.0}",,1.42,Ambazonian Separatists (Cameroon),"Other: On 11 August 2023, Ambazonian Separatists fired gunshots in the air and rounded up civilians in Ikiliwindi Mile 10 (Meme, Sud-Ouest). They accused the population of collaborating with state security forces and threatened to kill anyone who collaborated with them.",0.75,0.9999999999989999,0.3521874283516274,0.12956251432960408,0.12956251432960408,0.12956251432960408,0.12956251432960408,0.12956251432960408
llama3.2:3b,CAO6363,B,B,1.0,"{""B"": 1.0, ""E"": 0.0, ""P"": 0.0, ""R"": 0.0, ""S"": 0.0}",,1.25,Military Forces of Cameroon (1982-),"Around 7 August 2022, the Cameroonian military forces clashed with Boko Haram (JAS) (likely) fighters in Mora (Mora, Mayo-Sava, Extreme-Nord) killing many. The military also recovered weapons including 2 Kalashnikov rifles.",0.75,0.9999999999989999,0.12956251432960408,0.3521874283516274,0.12956251432960408,0.12956251432960408,0.12956251432960408,0.12956251432960408
llama3.2:3b,CAO7132,B,B,1.0,"{""V"": 0.0, ""B"": 1.0, ""E"": 0.0, ""P"": 0.0, ""R"": 0.0, ""S"": 0.0}",,1.4,Islamic State West Africa Province (ISWAP) and/or Boko Haram - Jamaatu Ahli is-Sunnah lid-Dawati wal-Jihad,"Around 5 March 2023, suspected ISWAP or Boko Haram fighters clashed with the Cameroonian military forces in Marouare, coded to Ngaoundere (Ngaoundere 1, Vina, Adamaoua). 2 fighters were killed while 2 civilians were wounded.",0.75,0.9999999999989999,0.12956251432960408,0.3521874283516274,0.12956251432960408,0.12956251432960408,0.12956251432960408,0.12956251432960408
llama3.2:3b,CAO4190,V,V,1.0,"{""V"": 1.0, ""B"": 0.0, ""E"": 0.0, ""P"": 0.0, ""R"": 0.0, ""S"": 0.0}",,1.41,Ambazonian Separatists (Cameroon),"On 4 January 2021, Ambazonian separatists burnt a transport truck, killed the driver and reportedly injured his assistant in Ewili village, around Buea (Fako, Sud-Ouest). They accused the victims of not respecting their stop order.",0.75,0.9999999999989999,0.3521874283516274,0.12956251432960408,0.12956251432960408,0.12956251432960408,0.12956251432960408,0.12956251432960408
llama3.2:3b,CAO13670,V,V,1.0,"{""V"": 1.0, ""B"": 0.0, ""E"": 0.0, ""P"": 0.0, ""R"": 0.0, ""S"": 0.0}",,1.43,Military Forces of Cameroon (1982-) Rapid Intervention Battalion,"On 15 April 2024, state security forces, coded as the military forces from the Rapid Intervention, beat and arrested 2 civilian from the road in Bonganjo (Buea, Fako, Sud-Ouest). There were no fatalities.",0.75,0.9999999999989999,0.3521874283516274,0.12956251432960408,0.12956251432960408,0.12956251432960408,0.12956251432960408,0.12956251432960408
llama3.2:3b,CAO8729,V,V,0.9,"{""V"": 0.9, ""B"": 0.0, ""E"": 0.0, ""P"": 0.0, ""R"": 0.0, ""S"": 0.1}",,1.4,Ambazonian Separatists (Cameroon),"On 10 February 2024, Ambazonian Separatists from the Fako Mountain Lions faction fired several shots as a warning to enforce the Separatist-imposed lockdown in Bokova (Buea, Fako, Sud-Ouest) against the Youth Day celebration. There were no fatalities.",0.463768115942029,0.8999999999999999,0.32513900635385695,0.1321916551816841,0.1321916551816841,0.1321916551816841,0.1321916551816841,0.14609437291908126
llama3.2:3b,CAO10745,B,E,0.9,"{""E"": 0.9, ""P"": 0.05, ""R"": 0.01, ""S"": 0.01}",,1.14,Ambazonian Separatists (Cameroon),"On 2 June 2023, Ambazonian Separatists detonated an IED targeting a state security forces convoy (coded as military) in Bufi (Menchum, Nord-Ouest). The explosion missed the target, but the soldiers stopped and fired gunshots in the area which caused civilians to flee.",0.463768115942029,0.8999999999999999,0.1327849396465713,0.1327849396465713,0.32659825066949455,0.1395929690844752,0.13411945047628052,0.13411945047628052
llama3.2:3b,CAO2881,V,V,1.0,"{""V"": 1.0, ""B"": 0.0, ""E"": 0.0, ""P"": 0.0, ""R"": 0.0, ""S"": 0.0}",,1.44,Military Forces of Cameroon (1982-),"On 23 January 2020, the military forces attacked the villages of Bekora Barombi, Ndoh, Njima, Mokono Barombi and Mberenge, in Ekondo Titi subdivision (Ndian, Sud-Ouest). They reportedly killed at least 14 civilians, and injured at least 3 people including a humanitarian worker and two beneficiaries of a humanitarian project.",0.75,0.9999999999989999,0.3521874283516274,0.12956251432960408,0.12956251432960408,0.12956251432960408,0.12956251432960408,0.12956251432960408
llama3.2:3b,CAO12755,R,V,1.0,"{""V"": 1.0, ""B"": 0.0, ""E"": 0.0, ""P"": 0.0, ""R"": 0.0, ""S"": 0.0}",,1.44,Rioters (Cameroon),"On 4 April 2022, residents killed 1 Ambazonian Separatist fighter in Mbengwi (Mbengwi, Momo, Nord-Ouest) because of the atrocities committed by the separatists in their community.",0.75,0.9999999999989999,0.3521874283516274,0.12956251432960408,0.12956251432960408,0.12956251432960408,0.12956251432960408,0.12956251432960408
llama3.2:3b,CAO11779,V,V,1.0,"{""V"": 1.0, ""B"": 0.0, ""E"": 0.0, ""P"": 0.0, ""R"": 0.0, ""S"": 0.0}",,1.41,Military Forces of Cameroon (1982-),"On 14 May 2022, state security forces, coded as military, killed a female civilian in Tobin (Bui, Nord-Ouest). The women who approached the military base and was mistaken to be an intruder.",0.75,0.9999999999989999,0.3521874283516274,0.12956251432960408,0.12956251432960408,0.12956251432960408,0.12956251432960408,0.12956251432960408
llama3.2:3b,CAO10497,V,V,0.9,"{""V"": 0.9, ""B"": 0.0, ""E"": 0.0, ""P"": 0.0, ""R"": 0.0, ""S"": 0.1}",,1.41,Military Forces of Cameroon (1982-),"On 16 March 2023, state security forces (coded as military) fired shots at a vehicle, injuring some civilians, at a vehicular checkpoint in Ntarinkon (Bamenda - Mankon, Mezam, Nord-Ouest) after the driver failed to stop.",0.463768115942029,0.8999999999999999,0.32513900635385695,0.1321916551816841,0.1321916551816841,0.1321916551816841,0.1321916551816841,0.14609437291908126
llama3.2:3b,CAO5725,V,V,1.0,"{""V"": 1.0, ""B"": 0.0, ""E"": 0.0, ""P"": 0.0, ""R"": 0.0, ""S"": 0.0}",,1.41,Military Forces of Cameroon (1982-),"On 27 October 2021, the military forces alongside Fulani militiamen attacked and killed a 15 year old boy in Ngarbuh village, near Ntamruh, Ndu subdivision (Donga-Mantung, Nord-Ouest). He was accused of collaborating with Ambazonian separatists fighters.",0.75,0.9999999999989999,0.3521874283516274,0.12956251432960408,0.12956251432960408,0.12956251432960408,0.12956251432960408,0.12956251432960408
llama3.2:3b,CAO6214,S,V,1.0,"{""V"": 1.0, ""B"": 0.0, ""E"": 0.0, ""P"": 0.0, ""R"": 0.0, ""S"": 0.0}",,1.41,Boko Haram - Jamaatu Ahli is-Sunnah lid-Dawati wal-Jihad,"Property destruction: Around 20 June 2022, Boko Haram (JAS) (likely) burnt houses and looted items in Djakana village, around Limani (Limani, Mayo-Sava, Extreme-Nord), including 4 bicycles.",0.75,0.9999999999989999,0.3521874283516274,0.12956251432960408,0.12956251432960408,0.12956251432960408,0.12956251432960408,0.12956251432960408
llama3.2:3b,CAO12645,B,B,0.9,"{""V"": 0.1, ""B"": 0.8, ""E"": 0.0, ""P"": 0.0, ""R"": 0.0, ""S"": 0.1}",,1.41,Military Forces of Cameroon (1982-),"On 15 January 2022, Ambazonian separatists and the military engaged in an armed clash at Total gas station in Bamunka near Bamenda (Bamenda 1, Mezam, Nord-Ouest). Three civilians were killed in the crossfire.",0.463768115942029,0.8999999999999999,0.14862672705521915,0.29929747400992307,0.1344830239597798,0.1344830239597798,0.1344830239597798,0.14862672705521915
llama3.2:3b,CAO3193,B,B,1.0,"{""V"": 0.0, ""B"": 1.0, ""E"": 0.0, ""P"": 0.0, ""R"": 0.0, ""S"": 0.0}",,1.43,Military Forces of Cameroon (1982-) Rapid Intervention Battalion,"On 18 April 2020, the military's rapid intervention battalion engaged in a fire fight with Ambazonian separatists in Oku village, Belo subdivision (Boyo, Nord-Ouest). Some separatists were killed. Some fatalities coded as 3.",0.75,0.9999999999989999,0.12956251432960408,0.3521874283516274,0.12956251432960408,0.12956251432960408,0.12956251432960408,0.12956251432960408
llama3.2:3b,CAO3287,V,V,0.0,"{""V"": 1.0, ""B"": 0.0, ""E"": 0.0, ""P"": 0.0, ""R"": 0.0, ""S"": 0.0}",,1.41,Islamic State West Africa Province (ISWAP) - Lake Chad Faction and/or Boko Haram - Jamaatu Ahli is-Sunnah lid-Dawati wal-Jihad,"On 18 May 2020, Boko Haram attacked the village of Tolkomari, Kolofata subdivision (Mayo-Sava, Extreme-Nord). No fatality and/or casualty reported.",0.0,9.999999999999992e-13,0.3521874283516274,0.12956251432960408,0.12956251432960408,0.12956251432960408,0.12956251432960408,0.12956251432960408
llama3.2:3b,CAO8924,B,B,1.0,"{""V"": 0.0, ""B"": 1.0, ""E"": 0.0, ""P"": 0.0, ""R"": 0.0, ""S"": 0.0}",,1.41,Military Forces of Cameroon (1982-),"On 29 May 2022, the military forces in a joint operation with the self-defense militia (COVI) ambushed Ambazonian Separatist fighter at a checkpoint in Ngarum (Ndu, Donga-Mantung, Nord-Ouest). 1 separatist was killed.",0.75,0.9999999999989999,0.12956251432960408,0.3521874283516274,0.12956251432960408,0.12956251432960408,0.12956251432960408,0.12956251432960408
llama3.2:3b,CAO2836,V,V,0.9,"{""V"": 0.9, ""B"": 0.05, ""E"": 0.01, ""P"": 0.01, ""R"": 0.01, ""S"": 0.01}",,1.41,Military Forces of Cameroon (1982-),"On 13 January 2020, the military forces attacked Kumbo town, in Jakiri subdivision (Bui, Nord-Ouest). They reportedly killed one person, and burnt over 8 houses in several areas of the town.",0.463768115942029,0.8999999999999999,0.3257288732516878,0.13922138419460556,0.1337624356383452,0.1337624356383452,0.1337624356383452,0.1337624356383452
llama3.2:3b,CAO10508,B,V,1.0,"{""V"": 1.0, ""B"": 0.0, ""E"": 0.0, ""P"": 0.0, ""R"": 0.0, ""S"": 0.0}",,1.41,Military Forces of Cameroon (1982-),"On 14 March 2023, the state security forces, coded as military, shot and killed 3 Ambazonian Separatists at the Ndekwai - Ntenako road axis, coded to Ntenaku (Mamfe, Manyu, Sud-Ouest).",0.75,0.9999999999989999,0.3521874283516274,0.12956251432960408,0.12956251432960408,0.12956251432960408,0.12956251432960408,0.12956251432960408
llama3.2:3b,CAO3184,B,B,1.0,"{""V"": 0.0, ""B"": 1.0, ""E"": 0.0, ""P"": 0.0, ""R"": 0.0, ""S"": 0.0}",,1.4,Ambazonian Separatists (Cameroon),"On 15 April 2020, Ambazonian separatists engaged in fire fights with military forces in Bafut town, Bamenda subdivision (Mezam, Nord-Ouest). No fatality and/or casualty reported.",0.75,0.9999999999989999,0.12956251432960408,0.3521874283516274,0.12956251432960408,0.12956251432960408,0.12956251432960408,0.12956251432960408
llama3.2:3b,CAO5032,B,B,1.0,"{""V"": 0.0, ""B"": 1.0, ""E"": 0.0, ""P"": 0.0, ""R"": 0.0, ""S"": 0.0}",,1.41,Military Forces of Cameroon (1982-),"On 10 February 2021, the military forces repelled an incursion of Ambazonian separatists in Meanja water tank neighborhood of Muyuka town (Fako, Sud-Ouest). No fatality and/or casualty reported.",0.75,0.9999999999989999,0.12956251432960408,0.3521874283516274,0.12956251432960408,0.12956251432960408,0.12956251432960408,0.12956251432960408
llama3.2:3b,CAO5789,S,V,0.9,"{""V"": 0.9, ""B"": 0.0, ""E"": 0.0, ""P"": 0.0, ""R"": 0.0, ""S"": 0.1}",,1.4,Military Forces of Cameroon (1982-),"Around 21 December 2021 (as reported), the security forces (assumedly Military Forces) arrested at least 30 people including 7 Chadians and seized machetes, knives and spears during a security operation in Kousseri town (Logone-et-Chari, Extreme-Nord). The aim was to restore peace in the city in the context of tensions between the Musgum and Arab Shoa communities.",0.463768115942029,0.8999999999999999,0.32513900635385695,0.1321916551816841,0.1321916551816841,0.1321916551816841,0.1321916551816841,0.14609437291908126
llama3.2:3b,CAO13094,V,V,1.0,"{""V"": 1.0, ""B"": 0.0, ""E"": 0.0, ""P"": 0.0, ""R"": 0.0, ""S"": 0.0}",,1.41,Ambazonian Separatists (Cameroon),"On 19 March 2024, Ambazonian Separatists from the Restoration Forces faction shot and injured a civilian in his private residence in Bole (Kumba 1, Meme, Sud-Ouest). They accused the man of collaborating with the military forces.",0.75,0.9999999999989999,0.3521874283516274,0.12956251432960408,0.12956251432960408,0.12956251432960408,0.12956251432960408,0.12956251432960408
llama3.2:3b,CAO2871,B,V,1.0,"{""V"": 1.0, ""B"": 0.0, ""E"": 0.0, ""P"": 0.0, ""R"": 0.0, ""S"": 0.0}",,1.4,Military Forces of Cameroon (1982-),"On 21 January 2020, the military forces attacked an Ambazonian separatists' camp in Kossala village, Kumba subdivision (Ndian, Sud-Ouest) [coded: Kumba], killing two Ambazonian separatists. The military also rescued 23 children hostages.",0.75,0.9999999999989999,0.3521874283516274,0.12956251432960408,0.12956251432960408,0.12956251432960408,0.12956251432960408,0.12956251432960408
llama3.2:3b,CAO11284,V,V,0.9,"{""V"": 0.9, ""B"": 0.0, ""E"": 0.0, ""P"": 0.0, ""R"": 0.0, ""S"": 0.1}",,1.42,Ambazonian Separatists (Cameroon),"On 15 December 2023, Ambazonian Separatists temporally detained a civilian masked in a traditional masquerade outfit at an illegal vehicle checkpoint for two hours alongside some motorcycle riders in Ngwa (Bangangte, Nde, Ouest). They were accused of not having paid a stipulated sum of money motorcycle riders pay before plying the road.",0.463768115942029,0.8999999999999999,0.32513900635385695,0.1321916551816841,0.1321916551816841,0.1321916551816841,0.1321916551816841,0.14609437291908126
llama3.2:3b,CAO3310,V,V,0.9,"{""V"": 0.9, ""B"": 0.0, ""E"": 0.0, ""P"": 0.0, ""R"": 0.0, ""S"": 0.1}",,1.42,Military Forces of Cameroon (1982-),"On 28 May 2020, military forces killed four people suspected to be armed bandits in Bonduma neighbourhood of Buea town (Fako, Sud-Ouest). Residents say the victims were not armed.",0.463768115942029,0.8999999999999999,0.32513900635385695,0.1321916551816841,0.1321916551816841,0.1321916551816841,0.1321916551816841,0.14609437291908126
llama3.2:3b,CAO12582,S,E,0.8,"{""E"": 0.8, ""P"": 0.1, ""R"": 0.05, ""S"": 0.05}",,1.12,Ambazonian Separatists (Cameroon),"Other: On 20 May 2022, Ambazonian Separatists fired warning shots for about 30 minutes in Alabukam near Nlabakam (Bamenda - Mankon, Mezam, Nord-Ouest) to enforce the lockdown for 20 May.",0.21739130434782608,0.8,0.13453058306764923,0.13453058306764923,0.2994033187510092,0.14867928799812608,0.1414281135576334,0.1414281135576334
llama3.2:3b,CAO12898,V,V,1.0,"{""V"": 1.0, ""B"": 0.0, ""E"": 0.0, ""P"": 0.0, ""R"": 0.0, ""S"": 0.0}",,1.41,Military Forces of Cameroon (1982-),"On 14 February 2024, security forces, coded as the military shot and killed a traditional doctor at his residence in Bessom, coded to Batibo (Batibo, Momo, Nord-Ouest) during a cordon and search operation. They accused the victim of providing fortification charms to Ambazonian Separatists.",0.75,0.9999999999989999,0.3521874283516274,0.12956251432960408,0.12956251432960408,0.12956251432960408,0.12956251432960408,0.12956251432960408
llama3.2:3b,CAO13115,B,B,1.0,"{""V"": 0.0, ""B"": 1.0, ""E"": 0.0, ""P"": 0.0, ""R"": 0.0, ""S"": 0.0}",,1.42,Ambazonian Separatists (Cameroon),"On 20 March 2024, Ambazonian Separatists from the Restoration Forces faction clashed with the military forces from the Rapid Intervention in Bombe Bakundu (Kumba 3, Meme, Sud-Ouest) during an operation to dislodge Separatists hideouts. 1 Separatist was killed. The military forces recovered a weapon.",0.75,0.9999999999989999,0.12956251432960408,0.3521874283516274,0.12956251432960408,0.12956251432960408,0.12956251432960408,0.12956251432960408
llama3.2:3b,CAO11938,B,B,1.0,"{""V"": 0.0, ""B"": 1.0, ""E"": 0.0, ""P"": 0.0, ""R"": 0.0, ""S"": 0.0}",,1.42,Military Forces of Cameroon (1982-) Gendarmerie,"On 10 October 2023, Gendarmerie forces, clashed with Ambazonian Separatists at an illegal Separatist checkpoint in Bamessing (Tubah, Mezam, Nord-Ouest) as Separatists were looting money from commercial vehicles. Casualties unknown. No information on the injuries. The military forces seized 2 motorbikes.",0.75,0.9999999999989999,0.12956251432960408,0.3521874283516274,0.12956251432960408,0.12956251432960408,0.12956251432960408,0.12956251432960408
llama3.2:3b,CAO13051,S,V,0.9,"{""V"": 0.9, ""B"": 0.0, ""E"": 0.0, ""P"": 0.0, ""R"": 0.0, ""S"": 0.1}",,1.42,Boko Haram - Jamaatu Ahli is-Sunnah lid-Dawati wal-Jihad,"Property destruction: Around 3 April 2024 (as reported), suspected ISWAP or Boko Haram militants removed sheet metal Roofs of schools and professional training buildings in Tchahack (Chahack) (Darak, Logone-et-Chari, Extreme-Nord).",0.463768115942029,0.8999999999999999,0.32513900635385695,0.1321916551816841,0.1321916551816841,0.1321916551816841,0.1321916551816841,0.14609437291908126
llama3.2:3b,CAO11684,V,V,1.0,"{""V"": 1.0, ""B"": 0.0, ""E"": 0.0, ""P"": 0.0, ""R"": 0.0, ""S"": 0.0}",,1.42,Ambazonian Separatists (Cameroon),"On 26 June 2023, Ambazonian Separatists from the Restoration Forces shot and killed two members of the state security forces (coded as military) in Konye (Meme, Sud-Ouest). The soldiers had been previously abducted by the Separatists on 25 June 2023 (coded separately).",0.75,0.9999999999989999,0.3521874283516274,0.12956251432960408,0.12956251432960408,0.12956251432960408,0.12956251432960408,0.12956251432960408
llama3.2:3b,CAO14510,V,V,0.8,"{""V"": 0.8, ""B"": 0.0, ""E"": 0.0, ""P"": 0.0, ""R"": 0.0, ""S"": 0.2}",,1.41,Boko Haram - Jamaatu Ahli is-Sunnah lid-Dawati wal-Jihad,"On 20 August 2024, Boko Haram (JAS) (likely) militants abducted 2 farmers from their fields in Alagarno (Kolofata, Mayo-Sava, Extreme-Nord). They were later released for an unknown reason.",0.21739130434782608,0.8,0.29885292841420313,0.13428327674775206,0.13428327674775206,0.13428327674775206,0.13428327674775206,0.16401396459448975
llama3.2:3b,CAO13082,B,B,1.0,"{""V"": 0.0, ""B"": 1.0, ""E"": 0.0, ""P"": 0.0, ""R"": 0.0, ""S"": 0.0}",,1.43,Military Forces of Cameroon (1982-),"On 21 February 2024, the state security forces, coded as the military forces ambushed and clashed with the Ambazonian Separatists restoration forces along Buea - Kumba main road, coded to Kumba (Kumba 1, Meme, Sud-Ouest). A driver of a public transport vehicle was hit and killed by a stray bullet. No information on the injuries.",0.75,0.9999999999989999,0.12956251432960408,0.3521874283516274,0.12956251432960408,0.12956251432960408,0.12956251432960408,0.12956251432960408
llama3.2:3b,CAO5627,B,B,1.0,"{""V"": 0.0, ""B"": 1.0, ""E"": 0.0, ""P"": 0.0, ""R"": 0.0, ""S"": 0.0}",,1.42,Military Forces of Cameroon (1982-),"Around 24 October 2021 (as reported), the military forces opened fire on BNL fighters who were erecting barricades in Cameroon-Nigeria border area in Bakassi Peninsula, Kombo Abedimo subdivision (Ndian, Sud-Ouest). 2 BNL fighters were killed.",0.75,0.9999999999989999,0.12956251432960408,0.3521874283516274,0.12956251432960408,0.12956251432960408,0.12956251432960408,0.12956251432960408
llama3.2:3b,CAO8784,B,E,0.9,"{""E"": 0.9, ""P"": 0.05, ""R"": 0.01, ""S"": 0.01}",,1.12,Ambazonian Separatists (Cameroon),"On 10 May 2022, suspected Ambazonian Separatist fighters detonated a remote controlled IED targeting traveling military along the Bamenda-Belo road road, coded to Bamenda (Bamenda 1, Mezam, Nord-Ouest). 1 separatist was killed during clashes that followed the detonation. 2 civlians were also killed by stray bullets.",0.463768115942029,0.8999999999999999,0.1327849396465713,0.1327849396465713,0.32659825066949455,0.1395929690844752,0.13411945047628052,0.13411945047628052
llama3.2:3b,CAO4808,B,B,1.0,"{""B"": 1.0, ""E"": 0.0, ""P"": 0.0, ""R"": 0.0, ""S"": 0.0}",,1.26,Military Forces of Cameroon (1982-),"Around 16 October 2020 (week of), the military forces engaged in fire fights with Ambazonian separatists in Bamessing village, Ndop subdivision (Mezam, Nord-Ouest), resulting in 3 people getting killed.",0.75,0.9999999999989999,0.12956251432960408,0.3521874283516274,0.12956251432960408,0.12956251432960408,0.12956251432960408,0.12956251432960408
llama3.2:3b,CAO14672,S,V,0.9,"{""V"": 0.9, ""B"": 0.0, ""E"": 0.0, ""P"": 0.0, ""R"": 0.0, ""S"": 0.1}",,1.41,Ambazonian Separatists (Cameroon),"Looting: On 3 July 2024, Ambazonian Separatists from the Restoration Forces faction extorted money, coded as looting, from civilians at an illegal checkpoint on the main road in Bamessing (Tubah, Mezam, Nord-Ouest).",0.463768115942029,0.8999999999999999,0.32513900635385695,0.1321916551816841,0.1321916551816841,0.1321916551816841,0.1321916551816841,0.14609437291908126
llama3.2:3b,CAO12986,P,P,1.0,"{""V"": 0.0, ""B"": 0.0, ""E"": 0.0, ""P"": 1.0, ""R"": 0.0, ""S"": 0.0}",,1.41,Protesters (Cameroon),"On 17 April 2024, people protested in front of the Town Hall in Yaounde (Yaounde 1, Mfoundi, Centre) after the municipal police officers attempted to arrest a civilian who had refused to pay them money causing an accident that killed 2 civilians. The protesters voiced their growing concern about the actions of the police officers.",0.75,0.9999999999989999,0.12956251432960408,0.12956251432960408,0.12956251432960408,0.3521874283516274,0.12956251432960408,0.12956251432960408
llama3.2:3b,CAO11562,B,B,1.0,"{""V"": 0.0, ""B"": 1.0, ""E"": 0.0, ""P"": 0.0, ""R"": 0.0, ""S"": 0.0}",,1.41,Military Forces of Cameroon (1982-),"On 16 June 2023, government forces, coded as military, clashed with Ambazonian Separatists in Kedjem Keku (Tubah, Mezam, Nord-Ouest), leading to the killing of at least 13 civilians and 3 Ambazonian separatists.",0.75,0.9999999999989999,0.12956251432960408,0.3521874283516274,0.12956251432960408,0.12956251432960408,0.12956251432960408,0.12956251432960408
llama3.2:3b,CAO14799,V,V,1.0,"{""V"": 1.0, ""B"": 0.0, ""E"": 0.0, ""P"": 0.0, ""R"": 0.0, ""S"": 0.0}",,1.42,Ambazonian Separatists (Cameroon),"On 12 July 2024, Ambazonian Separatists from the Bui Unity Warriors faction shot and killed 1 civilian in Jakiri (Jakiri, Bui, Nord-Ouest) after the Separatists had taken him out of his private residence. They accused him of collaborating with the security forces.",0.75,0.9999999999989999,0.3521874283516274,0.12956251432960408,0.12956251432960408,0.12956251432960408,0.12956251432960408,0.12956251432960408
llama3.2:3b,CAO4310,S,E,1.0,"{""E"": 1.0, ""P"": 0.0, ""R"": 0.0, ""S"": 0.0}",,1.11,Police Forces of Cameroon (1982-),"Defusal: On 27 January 2021, the police forces retrieved and defused an IED planted by unidentified men in Bamenda town (Mezam, Nord-Ouest). No fatality and/or casualty reported.",0.75,0.9999999999989999,0.12956251432960408,0.12956251432960408,0.3521874283516274,0.12956251432960408,0.12956251432960408,0.12956251432960408
llama3.2:3b,CAO10471,V,V,1.0,"{""V"": 1.0, ""B"": 0.0, ""E"": 0.0, ""P"": 0.0, ""R"": 0.0, ""S"": 0.0}",,1.4,Military Forces of Cameroon (1982-),"On 22 March 2023, state security forces, coded as military forces, beat up civilians and broke into homes where they looted properties in Ngomgham Mankon, coded to Ntarinkon (Bamenda - Mankon, Mezam, Nord-Ouest). They also harrassed civilians, the attack was after separatists attacked their position in the area and engaged them in an armed clash (coded separately). No information on injuries.",0.75,0.9999999999989999,0.3521874283516274,0.12956251432960408,0.12956251432960408,0.12956251432960408,0.12956251432960408,0.12956251432960408
llama3.2:3b,CAO11896,B,B,1.0,"{""V"": 0.0, ""B"": 1.0, ""E"": 0.0, ""P"": 0.0, ""R"": 0.0, ""S"": 0.0}",,1.4,Military Forces of Cameroon (1982-),"On 28 September 2023, state forces, coded as military, exchanged fire with Ambazonian Separatists in Benade (Menchum, Nord-Ouest) during an operation to dislodge the Ambazonian Separatists. Four civilians, including the traditional chief of Banum village, were killed caught by stray bullets.",0.75,0.9999999999989999,0.12956251432960408,0.3521874283516274,0.12956251432960408,0.12956251432960408,0.12956251432960408,0.12956251432960408
llama3.2:3b,CAO11447,S,V,1.0,"{""V"": 1.0, ""B"": 0.0, ""E"": 0.0, ""P"": 0.0, ""R"": 0.0, ""S"": 0.0}",,1.45,Military Forces of Cameroon (1982-),"Other: On 4 July 2023, state security forces, coded as military forces, on vehicular patrol shot into the air at the cattle market in Lassin (Bui, Nord-Ouest) to prevent an attack by Ambazonian Separatists after they tipped off that a separatists camp opened in the area.",0.75,0.9999999999989999,0.3521874283516274,0.12956251432960408,0.12956251432960408,0.12956251432960408,0.12956251432960408,0.12956251432960408
llama3.2:3b,CAO3261,V,V,1.0,"{""V"": 1.0, ""B"": 0.0, ""E"": 0.0, ""P"": 0.0, ""R"": 0.0, ""S"": 0.0}",,1.42,Ambazonian Separatists (Cameroon),"On 10 May 2020, suspected Ambazonian separatists killed one person in Bakebe village, Mamfe subdivision (Manyu, Sud-Ouest).",0.75,0.9999999999989999,0.3521874283516274,0.12956251432960408,0.12956251432960408,0.12956251432960408,0.12956251432960408,0.12956251432960408
llama3.2:3b,CAO11281,V,V,1.0,"{""V"": 1.0, ""B"": 0.0, ""E"": 0.0, ""P"": 0.0, ""R"": 0.0, ""S"": 0.0}",,1.4,Ambazonian Separatists (Cameroon),"On 24 November 2023, the Ambazonian Restoration Forces abducted a builder from a public transport vehicle at a vehicle checkpoint in Nguti (Nguti, Kupe-Manenguba, Sud-Ouest).",0.75,0.9999999999989999,0.3521874283516274,0.12956251432960408,0.12956251432960408,0.12956251432960408,0.12956251432960408,0.12956251432960408
llama3.2:3b,CAO11825,V,V,0.9,"{""V"": 0.9, ""B"": 0.0, ""E"": 0.0, ""P"": 0.0, ""R"": 0.0, ""S"": 0.1}",,1.41,Ambazonian Separatists (Cameroon),"On 3 July 2022, Ambazonian Separatists abducted two workers of a government-owned agro-industrial company, (PAMOL) in Mabonji (Meme, Sud-Ouest).",0.463768115942029,0.8999999999999999,0.32513900635385695,0.1321916551816841,0.1321916551816841,0.1321916551816841,0.1321916551816841,0.14609437291908126
llama3.2:3b,CAO12114,V,V,1.0,"{""V"": 1.0, ""B"": 0.0, ""E"": 0.0, ""P"": 0.0, ""R"": 0.0, ""S"": 0.0}",,1.42,Ambazonian Separatists (Cameroon),"On 15 August 2023, Ambazonian Separatists shot and killed a woman in Akwaya (Manyu, Sud-Ouest). They also abducted four civilians from a home for unknown reasons. No additional information.",0.75,0.9999999999989999,0.3521874283516274,0.12956251432960408,0.12956251432960408,0.12956251432960408,0.12956251432960408,0.12956251432960408
llama3.2:3b,CAO15247,S,V,1.0,"{""V"": 1.0, ""B"": 0.0, ""E"": 0.0, ""P"": 0.0, ""R"": 0.0, ""S"": 0.0}",,1.42,Military Forces of Cameroon (1982-) Gendarmerie,"Looting: On 10 August 2024, gendarmerie forces broke into 8 civilian private residences and looted an unspecified amount of money and valuables in Bamunka (Ndop, Ngo-Ketunjia, Nord-Ouest) during an operation to dislodge Ambazonian Separatists from their hideouts.",0.75,0.9999999999989999,0.3521874283516274,0.12956251432960408,0.12956251432960408,0.12956251432960408,0.12956251432960408,0.12956251432960408
llama3.2:3b,CAO6111,V,V,0.9,"{""V"": 0.9, ""B"": 0.0, ""E"": 0.0, ""P"": 0.0, ""R"": 0.0, ""S"": 0.1}",,1.4,Military Forces of Cameroon (1982-),"Around 24 May 2022, the Cameroonian military shot randomly in Mbve area of Kumbo (Kumbo, Bui, Nord-Ouest). The bullets went through some houses.",0.463768115942029,0.8999999999999999,0.32513900635385695,0.1321916551816841,0.1321916551816841,0.1321916551816841,0.1321916551816841,0.14609437291908126
llama3.2:3b,CAO13590,S,E,1.0,"{""E"": 1.0, ""P"": 0.0, ""R"": 0.0, ""S"": 0.0}",,1.11,Military Forces of Cameroon (1982-) Gendarmerie,"Defusal: On 19 April 2024, gendarmerie forces recovered an IED planted by an Ambazonian Separatist at the Market in Great Soppo (Buea, Fako, Sud-Ouest). The were no fatalities. The Separatist had attempted to detonate the IED on a minister's convoy but nearby civilians alerted the gendarmerie forces and he was arrested.",0.75,0.9999999999989999,0.12956251432960408,0.12956251432960408,0.3521874283516274,0.12956251432960408,0.12956251432960408,0.12956251432960408
llama3.2:3b,CAO4947,S,V,1.0,"{""V"": 1.0, ""B"": 0.0, ""E"": 0.0, ""P"": 0.0, ""R"": 0.0, ""S"": 0.0}",,1.41,Military Forces of Cameroon (1982-),"On 13 January 2021, a joint police and military forces operation was conducted in Mudeka village, Tiko subdivision (Fako, Sud-Ouest), resulting in 86 people getting arrested.",0.75,0.9999999999989999,0.3521874283516274,0.12956251432960408,0.12956251432960408,0.12956251432960408,0.12956251432960408,0.12956251432960408
llama3.2:3b,CAO5487,V,V,1.0,"{""V"": 1.0, ""B"": 0.0, ""E"": 0.0, ""P"": 0.0, ""R"": 0.0, ""S"": 0.0}",,1.41,Military Forces of Cameroon (1982-),"On 16 August 2021, the military forces tortured several civilians, and looted properties during a raid in Bamenda - Chomba village, Bamenda 2 subdivision (Mezam, Nord-Ouest).",0.75,0.9999999999989999,0.3521874283516274,0.12956251432960408,0.12956251432960408,0.12956251432960408,0.12956251432960408,0.12956251432960408
llama3.2:3b,CAO12450,V,V,1.0,"{""V"": 1.0, ""B"": 0.0, ""E"": 0.0, ""P"": 0.0, ""R"": 0.0, ""S"": 0.0}",,1.41,Ambazonian Separatists (Cameroon),"On 26 July 2023, Ambazonian Separatists shot and killed a civilian in Mezam department, coded to Bamenda (Mezam, Nord-Ouest), after getting in an argument with him. They let another man go who was with the victim after seizing his phone and an unknown amount of money.",0.75,0.9999999999989999,0.3521874283516274,0.12956251432960408,0.12956251432960408,0.12956251432960408,0.12956251432960408,0.12956251432960408
llama3.2:3b,CAO10410,S,V,1.0,"{""V"": 1.0, ""B"": 0.0, ""E"": 0.0, ""P"": 0.0, ""R"": 0.0, ""S"": 0.0}",,1.4,Military Forces of Cameroon (1982-),"Property destruction: On 7 April 2023, State security forces, coded as the military forces, set fire to 3 civilian houses in Aboh, coded to Fundong (Njinikom, Boyo, Nord-Ouest).",0.75,0.9999999999989999,0.3521874283516274,0.12956251432960408,0.12956251432960408,0.12956251432960408,0.12956251432960408,0.12956251432960408
llama3.2:3b,CAO6584,S,V,1.0,"{""V"": 1.0, ""B"": 0.0, ""E"": 0.0, ""P"": 0.0, ""R"": 0.0, ""S"": 0.0}",,1.42,Military Forces of Cameroon (1982-),"On 25 September 2022, Cameroonian security forces arrested at least 60 people in Kourgui (Mora, Mayo-Sava, Extreme-Nord). 30 motorbikes without official documents were seized. The military were looking for armed group members.",0.75,0.9999999999989999,0.3521874283516274,0.12956251432960408,0.12956251432960408,0.12956251432960408,0.12956251432960408,0.12956251432960408
llama3.2:3b,CAO10587,B,B,1.0,"{""V"": 0.0, ""B"": 1.0, ""E"": 0.0, ""P"": 0.0, ""R"": 0.0, ""S"": 0.0}",,1.42,Ambazonian Separatists (Cameroon),"On 7 May 2023, Ambazonian Separatists from the Bui Warriors, led by 'General Mad Dog,' engaged in an armed confrontation with state security forces (coded as military) in Njavnyuy, Kumbo commune, coded to Kumbo (Bui, Nord-Ouest). During the attack, the Separatists fired 2 rockets at the base. An unknown number of soldiers were injured.",0.75,0.9999999999989999,0.12956251432960408,0.3521874283516274,0.12956251432960408,0.12956251432960408,0.12956251432960408,0.12956251432960408
llama3.2:3b,CAO4741,V,V,1.0,"{""V"": 1.0, ""B"": 0.0, ""E"": 0.0, ""P"": 0.0, ""R"": 0.0, ""S"": 0.0}",,1.42,Military Forces of Cameroon (1982-),"On 18 December 2020, the military forces raided Dyeny village, Mbonge subdivision (Meme, Sud-Ouest), resulting in 2 people getting injured and houses burnt down.",0.75,0.9999999999989999,0.3521874283516274,0.12956251432960408,0.12956251432960408,0.12956251432960408,0.12956251432960408,0.12956251432960408
llama3.2:3b,CAO6254,E,E,1.0,"{""E"": 1.0, ""P"": 0.0, ""R"": 0.0, ""S"": 0.0}",,1.13,Unidentified Armed Group (Cameroon),"On 2 July 2022, an explosive device planted by an unidentified armed group exploded at Mokolo market in Yaounde (Yaounde 1, Mfoundi, Centre) leading to 4 injured, including 2 severely. No fatalities.",0.75,0.9999999999989999,0.12956251432960408,0.12956251432960408,0.3521874283516274,0.12956251432960408,0.12956251432960408,0.12956251432960408
llama3.2:3b,CAO11395,B,E,0.9,"{""E"": 0.9, ""P"": 0.1, ""R"": 0.0, ""S"": 0.0}",,1.11,Ambazonian Separatists (Cameroon),"On 2 January 2024, the Bui Unity Warriors attacked a military convoy on transit with a road planted IED in Wainamah (Jakiri, Bui, Nord-Ouest). This prompted military to fire repelling gunshots. Casualties unknown.",0.463768115942029,0.8999999999999999,0.13219165518168413,0.13219165518168413,0.325139006353857,0.14609437291908128,0.13219165518168413,0.13219165518168413
llama3.2:3b,CAO8359,B,V,1.0,"{""V"": 1.0, ""B"": 0.0, ""E"": 0.0, ""P"": 0.0, ""R"": 0.0, ""S"": 0.0}",,1.41,Military Forces of Cameroon (1982-) Rapid Intervention Battalion,"On 4 January 2024, the military forces killed 1 unidentified armed group member in Bourrha (Bourrha, Mayo-Tsanaga, Extreme-Nord). The member was known to abduct civilians. Food items, clothing, bladed weapons and other items were recovered.",0.75,0.9999999999989999,0.3521874283516274,0.12956251432960408,0.12956251432960408,0.12956251432960408,0.12956251432960408,0.12956251432960408
llama3.2:3b,CAO11563,V,V,1.0,"{""V"": 1.0, ""B"": 0.0, ""E"": 0.0, ""P"": 0.0, ""R"": 0.0, ""S"": 0.0}",,1.42,Military Forces of Cameroon (1982-),"On 21 June 2023, government forces, coded as military, raped a 12-year-old girl in Atoini, coded to Njinikom (Boyo, Nord-Ouest). No further information is available.",0.75,0.9999999999989999,0.3521874283516274,0.12956251432960408,0.12956251432960408,0.12956251432960408,0.12956251432960408,0.12956251432960408
llama3.2:3b,CAO10080,V,V,1.0,"{""V"": 1.0, ""B"": 0.0, ""E"": 0.0, ""P"": 0.0, ""R"": 0.0, ""S"": 0.0}",,1.4,Military Forces of Cameroon (1982-),"On 2 February 2023, the state security forces, coded as the military forces beat civilians in Matondo II (Konye, Meme, Sud-Ouest) for an unknown reason. Casualties unknown. The attack caused the displacement of some civilians.",0.75,0.9999999999989999,0.3521874283516274,0.12956251432960408,0.12956251432960408,0.12956251432960408,0.12956251432960408,0.12956251432960408
llama3.2:3b,CAO7398,V,V,1.0,"{""V"": 1.0, ""B"": 0.0, ""E"": 0.0, ""P"": 0.0, ""R"": 0.0, ""S"": 0.0}",,1.42,Boko Haram - Jamaatu Ahli is-Sunnah lid-Dawati wal-Jihad,"On 18 June 2023, Boko Haram [JAS] militants attacked Gazla, coded to Mora (Mora, Mayo-Sava, Extreme-Nord). 2 were killed and 1 was wounded. The militants looted houses and stole food items.",0.75,0.9999999999989999,0.3521874283516274,0.12956251432960408,0.12956251432960408,0.12956251432960408,0.12956251432960408,0.12956251432960408
llama3.2:3b,CAO15321,S,V,1.0,"{""V"": 1.0, ""B"": 0.0, ""E"": 0.0, ""P"": 0.0, ""R"": 0.0, ""S"": 0.0}",,1.43,Boko Haram - Jamaatu Ahli is-Sunnah lid-Dawati wal-Jihad,"Looting: On 12 October 2024, Boko Haram (JAS) (likely) militants looted 2 stores and nearly 20 houses in Ldoubam (Mokolo, Mayo-Tsanaga, Extreme-Nord).",0.75,0.9999999999989999,0.3521874283516274,0.12956251432960408,0.12956251432960408,0.12956251432960408,0.12956251432960408,0.12956251432960408
llama3.2:3b,CAO5584,B,B,1.0,"{""V"": 0.0, ""B"": 1.0, ""E"": 0.0, ""P"": 0.0, ""R"": 0.0, ""S"": 0.0}",,1.44,Military Forces of Cameroon (1982-),"On 3 September 2021, military forces engaged in fire fight with Ambazonian separatists in Ekona town, Bangem subdivision (Kupe-Manenguba, Sud-Ouest).There were no fatalities.",0.75,0.9999999999989999,0.12956251432960408,0.3521874283516274,0.12956251432960408,0.12956251432960408,0.12956251432960408,0.12956251432960408
llama3.2:3b,CAO15173,B,E,0.9,"{""E"": 0.9, ""P"": 0.1, ""R"": 0.0, ""S"": 0.0}",,1.13,Ambazonian Separatists (Cameroon),"On 8 August 2024, Ambazonian Separatists from the Restoration Forces faction clashed with the security forces, coded as the military forces in Big Ngwandi (Konye, Meme, Sud-Ouest). The Separatists detonated an IED that killed 2 soldiers and injured 6 others before clashing with security forces. The casualties on the Separatist side are unknown.",0.463768115942029,0.8999999999999999,0.13219165518168413,0.13219165518168413,0.325139006353857,0.14609437291908128,0.13219165518168413,0.13219165518168413
llama3.2:3b,CAO5791,V,V,1.0,"{""V"": 1.0, ""B"": 0.0, ""E"": 0.0, ""P"": 0.0, ""R"": 0.0, ""S"": 0.0}",,1.4,Ambazonian Separatists (Cameroon),"On 22 December 2021, suspected Ambazonian separatists opened fire on the house of the former Mayor of Mamfe town (Manyu, Sud-Ouest) before burning his house down. They accuse him of denouncing human rights violations allegedly committed by one separatist leader. There were no fatalities.",0.75,0.9999999999989999,0.3521874283516274,0.12956251432960408,0.12956251432960408,0.12956251432960408,0.12956251432960408,0.12956251432960408
llama3.2:3b,CAO7007,V,V,1.0,"{""V"": 1.0, ""B"": 0.0, ""E"": 0.0, ""P"": 0.0, ""R"": 0.0, ""S"": 0.0}",,1.42,Military Forces of Cameroon (1982-),"On 29 January 2023, suspected members of the Cameroonian military forces attacked traveling civilians on the Bamenda-Kumbo road, coded to Bamenda (Bamenda 1, Mezam, Nord-Ouest). 2 drivers were killed by the military. The victims were traveling to Jakiri when they were stopped by the soldiers.",0.75,0.9999999999989999,0.3521874283516274,0.12956251432960408,0.12956251432960408,0.12956251432960408,0.12956251432960408,0.12956251432960408
llama3.2:3b,CAO13016,E,E,1.0,"{""E"": 1.0, ""P"": 0.0, ""R"": 0.0, ""S"": 0.0}",,1.14,Ambazonian Separatists (Cameroon),"On 23 February 2024, an IED planted by Ambazonian Separatists detonated on the military forces in Bamenda - Mankon (Bamenda 2, Mezam, Nord-Ouest). At least 6 soldiers were killed and their military vehicle was damaged.",0.75,0.9999999999989999,0.12956251432960408,0.12956251432960408,0.3521874283516274,0.12956251432960408,0.12956251432960408,0.12956251432960408
llama3.2:3b,CAO9923,V,V,1.0,"{""V"": 1.0, ""B"": 0.0, ""E"": 0.0, ""P"": 0.0, ""R"": 0.0, ""S"": 0.0}",,1.41,Military Forces of Cameroon (1982-),"On 20 March 2021, state forces, coded as military, raided the village Bengang located in Batibo (Momo, Nord-Ouest).There was 1 civilian killed.",0.75,0.9999999999989999,0.3521874283516274,0.12956251432960408,0.12956251432960408,0.12956251432960408,0.12956251432960408,0.12956251432960408
llama3.2:3b,CAO3105,B,V,1.0,"{""V"": 1.0, ""B"": 0.0, ""E"": 0.0, ""P"": 0.0, ""R"": 0.0, ""S"": 0.0}",,1.41,Ambazonian Separatists (Cameroon),"On 15 March 2020, the Ambazonian separatists killed a civilian when they targeted a soldier who he was transporting to his duty post in Mundemba town (Ndian, Sud-Ouest).",0.75,0.9999999999989999,0.3521874283516274,0.12956251432960408,0.12956251432960408,0.12956251432960408,0.12956251432960408,0.12956251432960408
llama3.2:3b,CAO12465,S,V,1.0,"{""V"": 1.0, ""B"": 0.0, ""E"": 0.0, ""P"": 0.0, ""R"": 0.0, ""S"": 0.0}",,1.4,Military Forces of Cameroon (1982-),"Property destruction: On 24 July 2023, state security forces (coded as military) set ablaze the traditional house of a village in Belo commune, coded to Oku (Boyo, Nord-Ouest), which had been a secret shrine of 'Beng Aweh.' They also arrested some men, all, with the exception of two, were shortly released.",0.75,0.9999999999989999,0.3521874283516274,0.12956251432960408,0.12956251432960408,0.12956251432960408,0.12956251432960408,0.12956251432960408
llama3.2:3b,CAO5869,B,B,0.9,"{""V"": 0.1, ""B"": 0.8, ""E"": 0.0, ""P"": 0.0, ""R"": 0.0, ""S"": 0.1}",,1.43,Islamic State West Africa Province (ISWAP) - Lake Chad Faction,"Around 12 February 2022, ISWAP militants launched an attack targeting a military post of the Multinational Task force in Gasama (Logone-Birni, Logone-et-Chari), causing the killing of ten militants, injury of two soldiers, and the seizure of arms and ammunition.",0.463768115942029,0.8999999999999999,0.14862672705521915,0.29929747400992307,0.1344830239597798,0.1344830239597798,0.1344830239597798,0.14862672705521915
llama3.2:3b,CAO13677,V,V,1.0,"{""V"": 1.0, ""B"": 0.0, ""E"": 0.0, ""P"": 0.0, ""R"": 0.0, ""S"": 0.0}",,1.42,Ambazonian Separatists (Cameroon),"On 16 April 2024, Ambazonian Separatists from the SOCADEF abducted 3 village elders and a traditional ruler from their private residences in Weme (Konye, Meme, Sud-Ouest). The Separatists accused the elders of installing a new traditional council in the village without notifying the Separatists.",0.75,0.9999999999989999,0.3521874283516274,0.12956251432960408,0.12956251432960408,0.12956251432960408,0.12956251432960408,0.12956251432960408
