model,event_id,true_label,pred_label,pred_conf,logits,reasoning,latency_sec,actor_norm,notes,pred_conf_iso,pred_conf_temp,prob_V,prob_B,prob_E,prob_P,prob_R,prob_S
llama3.2:3b,CAO11875,V,V,0.92,"[0.93, 0.02, 0.01, 0.01, 0.01, 0.03]",,0.87,Unidentified Armed Group (Cameroon),"On 24 September 2023, an unidentified armed group shot and killed a bike rider beside a rice farm in Bamunka (Ngo-Ketunjia, Nord-Ouest) after having abducted him. They accused him of impersonating the armed group and extorting money from civilians.",0.6474464579901155,0.92,0.33281735471464097,0.13396704745143823,0.13263405305716333,0.13263405305716333,0.13263405305716333,0.13531343866209786
llama3.2:3b,CAO9055,V,V,0.92,"[0.92, 0.02, 0.01, 0.01, 0.01, 0.01]",,0.75,Military Forces of Cameroon (1982-),"On 4 September 2022, military forces shot and killed a man in Besali (Wabane, Lebialem, Sud-Ouest) after he was mistaken for a separatist fighter following an exchange of fire between soldiers and Ambazonia Liberation Army fighters.",0.6474464579901155,0.92,0.33149172488159395,0.13477447779193394,0.13343344933153514,0.13343344933153514,0.13343344933153514,0.13343344933153514
llama3.2:3b,CAO3117,B,E,0.96,"[0.02, 0.01, 0.96, 0.0, 0.01, 0.0]",,0.81,Islamic State West Africa Province (ISWAP) - Lake Chad Faction and/or Boko Haram - Jamaatu Ahli is-Sunnah lid-Dawati wal-Jihad,"On 23 March 2020, Boko Haram were repulsed by the military after staging an attack on the village of Goshikale in Mora subdivision (Mayo-Sava, Extreme-Nord). Militants destroyed the local hospital and looted several houses, taking away 3 motorcycles.",0.6474464579901155,0.96,0.13332482841020543,0.13199822420216023,0.34130908333206444,0.13068481992653416,0.13199822420216023,0.13068481992653416
llama3.2:3b,CAO13564,B,B,0.92,"[0.01, 0.93, 0.02, 0.01, 0.01, 0.03]",,0.92,Military Forces of Cameroon (1982-) Gendarmerie,"On 21 April 2024, gendarmerie officers clashed with Ambazonian Separatists from the Restoration Forces faction at the Separatist hideout in Kouki (Mbven, Bui, Nord-Ouest). There were no fatalities. No information on the injuries.",0.6474464579901155,0.92,0.13263405305716333,0.33281735471464097,0.13396704745143823,0.13263405305716333,0.13263405305716333,0.13531343866209786
llama3.2:3b,CAO8281,S,E,0.98,"[0.01, 0.02, 0.96, 0.01, 0.01, 0.02]",,0.88,Islamic State West Africa Province (ISWAP) and/or Boko Haram - Jamaatu Ahli is-Sunnah lid-Dawati wal-Jihad,"Looting: On 18 December 2023, ISWAP or Boko Haram militants looted 2 houses in Waza (Waza, Logone-et-Chari, Extreme-Nord).",0.6474464579901155,0.98,0.1314784356769824,0.1327998159235011,0.3399650611217105,0.1314784356769824,0.1314784356769824,0.1327998159235011
llama3.2:3b,CAO10079,S,P,0.92,"[0.01, 0.02, 0.01, 0.88, 0.03, 0.04]",,0.78,Civilians (Cameroon),"Displacement: On 2 February 2023, civilians were displaced for fear of retaliation attacks from, the state security forces in Diongo (Dibombari, Moungo, Littoral) after suspected Ambazonian Separatists mounted an illegal checkpoint paralyzing vehicle movement.",0.6474464579901155,0.92,0.13427113856061237,0.135620585937728,0.13427113856061237,0.3204932379453877,0.13698359548645495,0.13836030350888393
llama3.2:3b,CAO9679,V,V,0.92,"[0.92, 0.02, 0.01, 0.01, 0.01, 0.04]",,0.93,Military Forces of Cameroon (1982-),"On 27 June 2022, military forces shot and killed four civilians in Banten (Bui, Nord-Ouest) who were previously arrested on 25 June during a military operation. The circumstances that led to their execution are unclear.",0.6474464579901155,0.92,0.330150109230336,0.13422901757309932,0.13289341653256115,0.13289341653256115,0.13289341653256115,0.1369406235985509
llama3.2:3b,CAO5718,V,V,0.92,"[0.92, 0.02, 0.01, 0.01, 0.01, 0.04]",,0.93,Military Forces of Cameroon (1982-),"On 16 October 2021, the military forces shot and killed a student in Waindo village, Wum subdivision (Menchum, Nord-Ouest). He was accused of being in possession of a military uniform and some ammunition.",0.6474464579901155,0.92,0.330150109230336,0.13422901757309932,0.13289341653256115,0.13289341653256115,0.13289341653256115,0.1369406235985509
llama3.2:3b,CAO8534,B,B,0.92,"[0.01, 0.93, 0.02, 0.01, 0.01, 0.03]",,0.89,Unidentified Armed Group (Cameroon),"On 21 February 2024, an unidentified armed group clashed with Boko Haram (JAS) (likely) militants in Kouyape (Kolofata, Mayo-Sava, Extreme-Nord). The bodies of 3 militants were found by civilians. The exact circumstances of their death are unknown.",0.6474464579901155,0.92,0.13263405305716333,0.33281735471464097,0.13396704745143823,0.13263405305716333,0.13263405305716333,0.13531343866209786
llama3.2:3b,CAO4163,V,V,0.92,"[0.92, 0.02, 0.01, 0.01, 0.01, 0.01]",,0.89,Military Forces of Cameroon (1982-),"On 12 December 2020, the military forces shot and killed two civilians in Mkpot village, Mamfe subdivision (Manyu, Sud-Ouest).",0.6474464579901155,0.92,0.33149172488159395,0.13477447779193394,0.13343344933153514,0.13343344933153514,0.13343344933153514,0.13343344933153514
llama3.2:3b,CAO14080,B,B,0.92,"[0.01, 0.93, 0.02, 0.01, 0.01, 0.01]",,0.78,Military Forces of Cameroon (1982-) Rapid Intervention Battalion,"On 24 July 2024, the military forces from the Rapid Intervention clashed with Boko Haram (JAS) (likely) militants in Yabogo neighborhood in Amchide (Kolofata, Mayo-Sava, Extreme-Nord). There were no fatalities.",0.6474464579901155,0.92,0.1329903855818861,0.3337114964945496,0.134326961177572,0.1329903855818861,0.1329903855818861,0.1329903855818861
llama3.2:3b,CAO13672,V,S,0.85,"[0.04, 0.03, 0.02, 0.01, 0.01, 0.29]",,0.9,Ambazonian Separatists (Cameroon),"On 15 April 2024, Ambazonian Separatists from the ADF abducted 4 men and 2 women at a checkpoint in Mambanda (Kumba 2, Meme, Sud-Ouest). The militants also looted 3 motorbikes. The reason for the abduction is not known.",0.4971751412429379,0.85,0.16141620142131086,0.15981008338159103,0.15821994648338492,0.15664563171167747,0.15664563171167747,0.20726250529015108
llama3.2:3b,CAO3188,V,S,0.85,[],,0.58,Military Forces of Cameroon (1982-),"On 16 April 2020, military forces killed three former Ambazonian separatists in Balikumbat town (Ngo-ketunjia, Nord-Ouest).",0.4971751412429379,0.85,,,,,,
llama3.2:3b,CAO8782,B,B,0.92,"[0.01, 0.93, 0.02, 0.01, 0.01, 0.03]",,0.96,Ambazonian Separatists (Cameroon),"On 1 July 2022, suspected Ambazonian Separatist fighters clashed with the military forces in Bambui (Tubah, Mezam, Nord-Ouest). There were no fatalities.",0.6474464579901155,0.92,0.13263405305716333,0.33281735471464097,0.13396704745143823,0.13263405305716333,0.13263405305716333,0.13531343866209786
llama3.2:3b,CAO7306,B,B,0.92,"[0.01, 0.93, 0.02, 0.01, 0.01, 0.03]",,0.88,Military Forces of Cameroon (1982-) Rapid Intervention Battalion,"On 19 May 2023, the military forces of Kerawa (Rapid Intervention) clashed with Boko Haram (JAS) (likely) militants in Balatikse neighborhood in Mayo Moskota (Kolofata, Mayo-Sava, Extreme-Nord). 1 militant was killed while 3 soldiers seriously injured. 2 militants were captured. The military seized some equipment.",0.6474464579901155,0.92,0.13263405305716333,0.33281735471464097,0.13396704745143823,0.13263405305716333,0.13263405305716333,0.13531343866209786
llama3.2:3b,CAO13551,S,S,0.85,"[0.04, 0.03, 0.02, 0.01, 0.01, 0.01]",,0.82,Boko Haram - Jamaatu Ahli is-Sunnah lid-Dawati wal-Jihad,"On 14 June 2024, 11 members of Boko Haram (JAS) (likely) militants surrendered to the military forces in Madakar (Mayo-Moskota, Mayo-Tsanaga, Extreme-Nord).",0.4971751412429379,0.85,0.17002219328432616,0.16833044419481605,0.16665552829000121,0.1649972780768955,0.1649972780768955,0.1649972780768955
llama3.2:3b,CAO4946,V,E,0.96,[],,0.62,Ambazonian Separatists (Cameroon),"On 13 January 2021, Ambazonian separatists kidnapped a truck driver and his assistant in Bukow village, Ndop subdivision (Ngo-Ketunjia, Nord-Ouest).",0.6474464579901155,0.96,,,,,,
llama3.2:3b,CAO8143,B,B,0.92,"[0.01, 0.93, 0.02, 0.01, 0.01, 0.03]",,0.87,Military Forces of Cameroon (1982-) Rapid Intervention Battalion,"On 14 November 2023, the military forces (Rapid Intervention) ambushed Boko Haram (JAS) (likely) militants along the Limani - Goumbouldi road, coded to Limani (Mora, Mayo-Sava, Extreme-Nord). 2 militants were killed, the militants had approached an abandoned civilian truck near where the military forces were parked and the military recovered a weapon.",0.6474464579901155,0.92,0.13263405305716333,0.33281735471464097,0.13396704745143823,0.13263405305716333,0.13263405305716333,0.13531343866209786
llama3.2:3b,CAO15055,V,V,0.92,"[0.93, 0.02, 0.01, 0.01, 0.01, 0.03]",,0.94,Unidentified Armed Group (Cameroon),"Around 17 September 2024 (as reported), an unidentified armed group attacked and killed 1 civilian between Mora and Blabline (Kolofata, Mayo-Sava, Extreme-Nord) for an unknown reason.",0.6474464579901155,0.92,0.33281735471464097,0.13396704745143823,0.13263405305716333,0.13263405305716333,0.13263405305716333,0.13531343866209786
llama3.2:3b,CAO11956,B,B,0.98,"[0.01, 0.98, 0.0, 0.0, 0.0, 0.01]",,0.83,Military Forces of Cameroon (1982-) Rapid Intervention Battalion,"On 25 October 2023, military forces from the Rapid Intervention Battalion engaged in an armed confrontation with Ambazonian Separatists in Ngarum (Donga-Mantung, Nord-Ouest). There were no casualties.",0.6474464579901155,0.98,0.13143896555144177,0.3467286909196672,0.13013112599236756,0.13013112599236756,0.13013112599236756,0.13143896555144177
llama3.2:3b,CAO12511,V,V,0.92,"[0.93, 0.02, 0.01, 0.01, 0.01, 0.01]",,0.81,Military Forces of Cameroon (1982-),"On 19 July 2023, state security forces (coded as military) physically assualted 10 men, including the traditional chief and traditional council chairman, whom they had arrested in Nongomadiba (Kupe-Manenguba, Sud-Ouest), injuring them. They were targeted for not acting against Ambazonian Separatists who had buried a woman alive early in the morning (coded separately).",0.6474464579901155,0.92,0.3337114964945496,0.134326961177572,0.1329903855818861,0.1329903855818861,0.1329903855818861,0.1329903855818861
llama3.2:3b,CAO4776,S,E,0.92,"[0.01, 0.02, 0.96, 0.01, 0.01, 0.02]",,0.91,Military Forces of Cameroon (1982-),"Looting: Around 15 July 2020 (month of), the military forces raided Bengang village, Batibo subdivision (Momo, Nord-Ouest). They shot in the air, and then looted property.",0.6474464579901155,0.92,0.1314784356769824,0.1327998159235011,0.3399650611217105,0.1314784356769824,0.1314784356769824,0.1327998159235011
llama3.2:3b,CAO12845,V,V,0.92,[],,0.58,Ambazonian Separatists (Cameroon),"On 9 December 2021, suspected Ambazonian separatist fighters killed a Fulani pastoralist at 3 Corners near Ntumbaw (Ndu, Donga-Mantung, Nord-Ouest). In retaliation, local Fulanis set ablaze more than 15 houses, and killed a bike who transported a uniformed officer to the scene [Coded as a separate event].",0.6474464579901155,0.92,,,,,,
llama3.2:3b,CAO11075,B,V,0.92,"[0.92, 0.01, 0.02, 0.01, 0.01, 0.05]",,0.91,Military Forces of Cameroon (1982-),"On 23 November 2023, the military forces ambushed Ambazonian Separatists from the Restoration Forces onboard a motorcycle in Konye (Konye, Meme, Sud-Ouest). The military forces members shot and injured one.",0.6474464579901155,0.92,0.3296963559995653,0.13271076986544245,0.1340445352764587,0.13271076986544245,0.13271076986544245,0.138126799127319
llama3.2:3b,CAO13652,V,R,0.85,"[0.01, 0.02, 0.01, 0.03, 0.73, 0.09]",,0.84,Military Forces of Cameroon (1982-) Rapid Intervention Battalion,"On 13 April 2024, state security forces, coded as the military forces from the Rapid Intervention, beat and injured a dump truck driver and 2 other civilians on the main road in Mile 15 Buea (Buea, Fako, Sud-Ouest) after the dump truck blocked the road and delayed their convoy traveling to Buea center. There were no fatalities.",0.4971751412429379,0.85,0.13950947770642713,0.14091157126720175,0.13950947770642713,0.1423277561025298,0.28661290419966695,0.15112881301746045
llama3.2:3b,CAO9051,V,V,0.92,"[0.93, 0.01, 0.02, 0.01, 0.01, 0.03]",,0.84,Military Forces of Cameroon (1982-),"On 23 May 2022, military forces killed a man at the Finance Junction in Bamenda city (Bamenda 1, Mezam, Nord-Ouest). Locals in the early hours of the morning discovered the dead body dumped by the road.",0.6474464579901155,0.92,0.33281735471464097,0.13263405305716333,0.13396704745143823,0.13263405305716333,0.13263405305716333,0.13531343866209786
llama3.2:3b,CAO10854,B,B,0.92,"[0.01, 0.93, 0.02, 0.01, 0.01, 0.03]",,0.94,Military Forces of Cameroon (1982-),"On 18 December 2023, the military forces attacked Ambazonian Separatists leading to a clash in Bai Panya (Kumba 1, Meme, Sud-Ouest). Two Ambazonian Separatists were killed and four others arrested.",0.6474464579901155,0.92,0.13263405305716333,0.33281735471464097,0.13396704745143823,0.13263405305716333,0.13263405305716333,0.13531343866209786
llama3.2:3b,CAO8295,S,S,0.85,"[0.04, 0.03, 0.02, 0.01, 0.01, 0.01]",,0.94,Military Forces of Cameroon (1982-) Rapid Intervention Battalion,"Defusal: Around 27 December 2023 (as reported), the military forces (Rapid Intervention) defused an IED that was planted by an unidentified armed group on the road in Kumba (Ekondo Titi, Ndian, Sud-Ouest).",0.4971751412429379,0.85,0.17002219328432616,0.16833044419481605,0.16665552829000121,0.1649972780768955,0.1649972780768955,0.1649972780768955
llama3.2:3b,CAO10551,B,B,0.92,"[0.01, 0.93, 0.02, 0.01, 0.01, 0.03]",,0.9,Military Forces of Cameroon (1982-),"On 15 September 2022, state security forces, coded as military, clashed with Ambazonian Separatists around Kosala and Fiango, coded to Fiango (Meme, Sud-Ouest). Casualties unknown.",0.6474464579901155,0.92,0.13263405305716333,0.33281735471464097,0.13396704745143823,0.13263405305716333,0.13263405305716333,0.13531343866209786
llama3.2:3b,CAO12982,E,E,0.96,"[0.02, 0.01, 0.96, 0.01, 0.01, 0.01]",,0.9,Unidentified Armed Group (Cameroon),"On 9 April 2024, an IED planted by an unidentified armed group detonated on members of self-defence militia in Tourou (Mokolo, Mayo-Tsanaga, Extreme-Nord). A self-defence militia member was killed when they stepped on an IED when it detonated.",0.6474464579901155,0.96,0.1329755271583586,0.1316523985558409,0.34041487861793734,0.1316523985558409,0.1316523985558409,0.1316523985558409
llama3.2:3b,CAO4198,V,S,0.85,[],,0.65,Ambazonian Separatists (Cameroon),"On 7 January 2021, suspected Ambazonian separatists kidnapped between 6 and 7 students in Mulang neighborhood of Bamenda town (Mezam, Nord-Ouest).",0.4971751412429379,0.85,,,,,,
llama3.2:3b,CAO12441,V,V,0.92,"[0.92, 0.02, 0.01, 0.01, 0.01, 0.01]",,0.84,Military Forces of Cameroon (1982-),"Around 28 July 2023 (as reported), state security forces shot and killed two Ambazonian Separatists in Kumbo commune, coded to Kumbo (Bui, Nord-Ouest) whom they had captured on 28 July (coded separately).",0.6474464579901155,0.92,0.33149172488159395,0.13477447779193394,0.13343344933153514,0.13343344933153514,0.13343344933153514,0.13343344933153514
llama3.2:3b,CAO14598,B,B,0.92,"[0.01, 0.93, 0.02, 0.01, 0.01, 0.03]",,1.0,Military Forces of Cameroon (1982-) Rapid Intervention Battalion,"On 28 August 2024, the military forces from the Rapid Intervention clashed with the Boko Haram (JAS) (likely) militants around Amchide (Kolofata, Mayo-Sava, Extreme-Nord). Casualties unknown. The militants stole a motorbike from a civilian and the military forces chased them until the militants abandoned the motorbike.",0.6474464579901155,0.92,0.13263405305716333,0.33281735471464097,0.13396704745143823,0.13263405305716333,0.13263405305716333,0.13531343866209786
llama3.2:3b,CAO8757,S,E,0.98,"[0.01, 0.02, 0.96, 0.0, 0.01, 0.0]",,0.76,Unidentified Armed Group (Cameroon),"Looting: Around 17 March 2024 (as reported), an unidentified armed group suspected of being ISWAP or Boko Haram militants looted food items, clothing and 1 bicycle in Ganse (Kolofata, Mayo-Sava, Extreme-Nord).",0.6474464579901155,0.98,0.13199822420216023,0.13332482841020543,0.34130908333206444,0.13068481992653416,0.13199822420216023,0.13068481992653416
llama3.2:3b,CAO3886,B,B,0.92,"[0.01, 0.93, 0.02, 0.01, 0.01, 0.03]",,0.91,Military Forces of Cameroon (1982-),"On 17 August 2020, the military forces engaged in a fire fight with Ambazonian separatists in Makanga village, Muyuka subdivision (Fako, Sud-Ouest). 1 person was killed, and another arrested.",0.6474464579901155,0.92,0.13263405305716333,0.33281735471464097,0.13396704745143823,0.13263405305716333,0.13263405305716333,0.13531343866209786
llama3.2:3b,CAO14603,V,V,0.92,"[0.93, 0.02, 0.01, 0.01, 0.01, 0.03]",,0.75,Ambazonian Separatists (Cameroon),"On 30 June 2024, Ambazonian Separatists beat and injured a commercial motorbike driver and abducted 4 suspected government officials in Bambui (Tubah, Mezam, Nord-Ouest). The Separatists looted the motorbike from the commercial motorbike driver and used it to transport the abducted. The motorbike was later found abandoned and recovered by the military forces.",0.6474464579901155,0.92,0.33281735471464097,0.13396704745143823,0.13263405305716333,0.13263405305716333,0.13263405305716333,0.13531343866209786
llama3.2:3b,CAO13493,V,V,0.98,"[0.98, 0.01, 0.0, 0.0, 0.0, 0.01]",,0.88,Boko Haram - Jamaatu Ahli is-Sunnah lid-Dawati wal-Jihad,"On 20 May 2024, Boko Haram (JAS) (likely) militants slit the throat and killed a civilian between Kordo and Lelede, coded to Kordo (Kolofata, Mayo-Sava, Extreme-Nord). He had been abducted by the militants the previous day (coded as a separate event).",0.6474464579901155,0.98,0.3467286909196672,0.13143896555144177,0.13013112599236756,0.13013112599236756,0.13013112599236756,0.13143896555144177
llama3.2:3b,CAO6461,B,B,0.92,"[0.01, 0.93, 0.02, 0.01, 0.01, 0.03]",,0.85,Ambazonian Separatists (Cameroon),"On 17 August 2022, Ambazonian separatists clashed with the Cameroonian military forces in Tinta (Akwaya, Manyu, Sud-Ouest) leading to the death of 3. Unclarity if the fatalities are of civilian or separatist fighters. The clashes also resulted in the destruction of several buildings, including a primary school. Civilians fled the fighting into the bushes.",0.6474464579901155,0.92,0.13263405305716333,0.33281735471464097,0.13396704745143823,0.13263405305716333,0.13263405305716333,0.13531343866209786
llama3.2:3b,CAO13869,R,R,0.72,"[0.11, 0.01, 0.02, 0.03, 0.83, 0.01]",,0.83,Rioters (Cameroon),"Around 29 June 2024 (as reported), youth from Ndoumba Kanda clashed with Belabo youths, coded to Belabo (Belabo, Lom-et-Djerem, Est) during a wake for unknown reasons. Casualties unknown.",0.375,0.72,0.14922799333699208,0.1350270721897313,0.1363841168261241,0.13775479998785337,0.3065789454692613,0.1350270721897313
llama3.2:3b,CAO4334,B,B,0.92,"[0.01, 0.93, 0.02, 0.01, 0.01, 0.03]",,0.88,Ambazonian Separatists (Cameroon),"On 4 February 2021, the military forces engaged in a fire fight with Ambazonian separatists in Mbalangi village (Meme, Sud-Ouest), as they tried to remove a road blockade erected by separatists in order to enforce a lockdown in the area. No fatality and/or casualty reported.",0.6474464579901155,0.92,0.13263405305716333,0.33281735471464097,0.13396704745143823,0.13263405305716333,0.13263405305716333,0.13531343866209786
llama3.2:3b,CAO6445,B,B,0.92,"[0.01, 0.93, 0.02, 0.01, 0.01, 0.03]",,0.89,Islamic State West Africa Province (ISWAP) - Lake Chad Faction and/or Boko Haram - Jamaatu Ahli is-Sunnah lid-Dawati wal-Jihad,"On 25 September 2021, ISWAP or Boko Haram fighters ambushed the Cameroonian military camp in Sagme (Makary, Logone-et-Chari, Extreme-Nord) leading to the death of 2. The fighters stole weapons and ammunition and burnt the camp and military vehicles.",0.6474464579901155,0.92,0.13263405305716333,0.33281735471464097,0.13396704745143823,0.13263405305716333,0.13263405305716333,0.13531343866209786
llama3.2:3b,CAO6236,B,B,0.92,"[0.01, 0.93, 0.02, 0.01, 0.01, 0.03]",,0.82,Boko Haram - Jamaatu Ahli is-Sunnah lid-Dawati wal-Jihad,"On 15 June 2022, suspected Boko Haram (JAS) (likely) clashed with Cameroonian military Forces and MNJTF in Limani (Mora, Mayo-Sava, Extreme-Nord), unknown fatalities, coded to 3.",0.6474464579901155,0.92,0.13263405305716333,0.33281735471464097,0.13396704745143823,0.13263405305716333,0.13263405305716333,0.13531343866209786
llama3.2:3b,CAO7298,V,S,0.85,"[0.04, 0.03, 0.02, 0.01, 0.01, 0.29]",,0.83,Islamic State West Africa Province (ISWAP) and/or Boko Haram - Jamaatu Ahli is-Sunnah lid-Dawati wal-Jihad,"On 15 May 2023, ISWAP or Boko Haram militants abducted 2 herders in Zigague (Waza, Logone-et-Chari, Extreme-Nord) and stole a head of oxen. The herders and the oxen were freed when the militants spotted the security forces who had been following them.",0.4971751412429379,0.85,0.16141620142131086,0.15981008338159103,0.15821994648338492,0.15664563171167747,0.15664563171167747,0.20726250529015108
llama3.2:3b,CAO12794,S,P,0.92,"[0.01, 0.02, 0.01, 0.93, 0.01, 0.01]",,0.87,Military Forces of Cameroon (1982-),"Property destruction: On 18 March 2022, suspected military forces burnt down 2 shops in Ndop (Ndop, Ngo-Ketunjia, Nord-Ouest) for failing to open their stores on Mondays. The Ambazonian Separatist fighters had imposed lockdown Mondays.",0.6474464579901155,0.92,0.1329903855818861,0.134326961177572,0.1329903855818861,0.3337114964945496,0.1329903855818861,0.1329903855818861
llama3.2:3b,CAO2846,B,B,0.92,"[0.01, 0.93, 0.02, 0.01, 0.01, 0.03]",,0.86,Military Forces of Cameroon (1982-),"On 14 January 2020, the military forces engaged in a fire fight with Ambazonian separatists in Peng village, Tombel subdivision (Kupe-Manenguba, Sud-Ouest) [coded: Tombel]. Two civilians were killed after they were reportedly flagged as Ambazonian fighters.",0.6474464579901155,0.92,0.13263405305716333,0.33281735471464097,0.13396704745143823,0.13263405305716333,0.13263405305716333,0.13531343866209786
llama3.2:3b,CAO4930,V,V,0.92,[],,0.58,Ambazonian Separatists (Cameroon),"On 21 November 2020, Ambazonian separatists kidnapped a retired military officer from his home in Mankon town, Bamenda 2 subdivision (Bamenda - Mankon, Mezam, Nord-Ouest).",0.6474464579901155,0.92,,,,,,
llama3.2:3b,CAO3670,S,P,0.98,"[0.99, 0.01, 0.0, 0.0, 0.0, 0.0]",,0.87,Military Forces of Cameroon (1982-) Gendarmerie,"Around 14 September 2020 (as reported), the gendarmerie and police forces arrested 'over a dozen' civilians in Moloundou town (Boumba-Et-Ngoko, Est) for not having national ID cards.",0.6474464579901155,0.98,0.3494526690479928,0.13115346521695664,0.12984846643367523,0.12984846643367523,0.12984846643367523,0.12984846643367523
llama3.2:3b,CAO15919,V,V,0.96,"[0.97, 0.02, 0.01, 0.0, 0.0, 0.0]",,0.93,Military Forces of Cameroon (1982-) Rapid Intervention Battalion,"On 10 October 2024, the military forces from the Rapid Intervention shot and killed 7 civilians at their private residences in Mbomboko in the Buea subdivision (Buea, Fako, Sud-Ouest), mistakenly believing them to be Ambazonian Separatists.",0.6474464579901155,0.96,0.34401109086017506,0.13304320135896353,0.13171939938689892,0.13040876946453953,0.13040876946453953,0.13040876946453953
llama3.2:3b,CAO13492,V,E,0.96,"[0.02, 0.01, 0.96, 0.0, 0.01, 0.0]",,0.83,Boko Haram - Jamaatu Ahli is-Sunnah lid-Dawati wal-Jihad,"On 20 May 2024, Boko Haram (JAS) (likely) militants attacked and killed a civilian along the Limani - Mora road, coded to Limani (Mora, Mayo-Sava, Extreme-Nord).",0.6474464579901155,0.96,0.13332482841020543,0.13199822420216023,0.34130908333206444,0.13068481992653416,0.13199822420216023,0.13068481992653416
llama3.2:3b,CAO9846,S,S,0.85,"[0.04, 0.03, 0.02, 0.01, 0.01, 0.29]",,0.9,Ambazonian Separatists (Cameroon),"Looting: On 25 November 2022, Ambazonian Separatists abducted the body of a deceased person in Kai, Mbengwi commune, coded to Mbengwi (Momo, Nord-Ouest). The group accused the family of the deceased of not supporting the struggle against the military. They later released the dead body after the family had paid an unspecified amount of money.",0.4971751412429379,0.85,0.16141620142131086,0.15981008338159103,0.15821994648338492,0.15664563171167747,0.15664563171167747,0.20726250529015108
llama3.2:3b,CAO9206,V,V,0.92,"[0.92, 0.03, 0.02, 0.01, 0.01, 0.01]",,0.96,Military Forces of Cameroon (1982-),"On 11 March 2023, state security forces coded as military forces shot and wounded two civilians at Ashing, coded to Oku (Boyo, Nord-Ouest) after they shot into the air as they approached a spot where Ambazonian Separatists launched attacks from. The victims were hit by stray bullets and hospitalized.",0.6474464579901155,0.92,0.33060057961982675,0.13576302988414168,0.13441216516607782,0.13307474177654105,0.13307474177654105,0.13307474177654105
llama3.2:3b,CAO3384,B,B,0.98,"[0.02, 0.96, 0.01, 0.01, 0.0, 0.95]",,0.84,Military Forces of Cameroon (1982-),"On 14 June 2020, the military forces engaged in fire fights with Ambazonian separatists in Bamenda town (Mezam, Nord-Ouest). No fatality and/or casualty reported.",0.6474464579901155,0.98,0.11043879730214877,0.2827212689561337,0.10933991290845045,0.10933991290845045,0.1082519625971599,0.279908145327374
llama3.2:3b,CAO3727,S,S,0.85,"[0.04, 0.03, 0.02, 0.01, 0.01, 0.29]",,0.91,Military Forces of Cameroon (1982-),"On 1 October 2020, the military forces destroyed buildings in Akum town (Mezam, Nord-Ouest), in retaliation for writings on a vehicle that supported the separatists. No fatality and/or casualty reported.",0.4971751412429379,0.85,0.16141620142131086,0.15981008338159103,0.15821994648338492,0.15664563171167747,0.15664563171167747,0.20726250529015108
llama3.2:3b,CAO11453,S,S,0.85,"[0.04, 0.03, 0.02, 0.01, 0.01, 0.29]",,0.85,Military Forces of Cameroon (1982-),"Other: On 5 July 2023, state security forces, coded as military forces, fired warning shots into the air at their base in Waindo, coded to Wum (Menchum, Nord-Ouest) after they received news that their colleague was murdered by Ambazonian Separatists at Belo.",0.4971751412429379,0.85,0.16141620142131086,0.15981008338159103,0.15821994648338492,0.15664563171167747,0.15664563171167747,0.20726250529015108
llama3.2:3b,CAO3758,V,S,0.85,"[0.04, 0.03, 0.02, 0.01, 0.01, 0.29]",,0.82,Ambazonian Separatists (Cameroon),"Around 11 October 2020 (as reported), Ambazonian separatists kidnapped 3 Mbororo ethnic men in Ngarbuh village, near Nkambe (Donga-Mantung, Nord-Ouest). They are suspected to be involved in the killing of a separatist fighter on October 10.",0.4971751412429379,0.85,0.16141620142131086,0.15981008338159103,0.15821994648338492,0.15664563171167747,0.15664563171167747,0.20726250529015108
llama3.2:3b,CAO13380,B,V,0.92,"[0.93, 0.02, 0.01, 0.01, 0.01, 0.03]",,0.79,Military Forces of Cameroon (1982-),"On 4 April 2024, the security forces, coded as the military forces shot and killed an unknown Separatist commander at the market in Agyati (Bafut, Mezam, Nord-Ouest). The Separatist tried to escape leading to the military forces shooting him. He died of his injuries.",0.6474464579901155,0.92,0.33281735471464097,0.13396704745143823,0.13263405305716333,0.13263405305716333,0.13263405305716333,0.13531343866209786
llama3.2:3b,CAO4585,V,B,0.98,"[0.01, 0.98, 0.0, 0.0, 0.0, 0.01]",,0.79,Islamic State West Africa Province (ISWAP) - Lake Chad Faction and/or Boko Haram - Jamaatu Ahli is-Sunnah lid-Dawati wal-Jihad,"On 26 April 2021, suspected Boko Haram fighters attacked Takoudele village, Kourgui town, Mora subdivision (Mayo-Sava, Extreme-Nord). They kidnapped a young girl, and took away goods. No fatality and/or casualty reported.",0.6474464579901155,0.98,0.13143896555144177,0.3467286909196672,0.13013112599236756,0.13013112599236756,0.13013112599236756,0.13143896555144177
llama3.2:3b,CAO10717,B,S,0.85,"[0.04, 0.03, 0.02, 0.01, 0.01, 0.29]",,0.89,Ambazonian Separatists (Cameroon),"On 25 May 2023, Ambazonian Separatists and state security forces, coded as military forces, engaged in an armed clash at Melim (Bui, Nord-Ouest) after the separatists detonated an IED which partially destroyed one of the security forces' vehicles. Casualties are unknown.",0.4971751412429379,0.85,0.16141620142131086,0.15981008338159103,0.15821994648338492,0.15664563171167747,0.15664563171167747,0.20726250529015108
llama3.2:3b,CAO4525,B,V,0.96,"[0.97, 0.02, 0.01, 0.0, 0.0, 0.0]",,0.9,Islamic State West Africa Province (ISWAP) - Lake Chad Faction and/or Boko Haram - Jamaatu Ahli is-Sunnah lid-Dawati wal-Jihad,"On 4 April 2021, Boko Haram fighters attacked and tortured a group of local vigilance militiamen in Mahoula village, Mora subdivision (Mayo-Sava, Extreme-Nord), killing two of them.",0.6474464579901155,0.96,0.34401109086017506,0.13304320135896353,0.13171939938689892,0.13040876946453953,0.13040876946453953,0.13040876946453953
llama3.2:3b,CAO10405,B,S,0.85,"[0.04, 0.03, 0.02, 0.01, 0.01, 0.29]",,0.87,Military Forces of Cameroon (1982-),"On 8 April 2023, the State security forces, coded as the military force, clashed with the Ambazonian Separatists in Batibo (Batibo, Momo, Nord-Ouest). There were no fatalities. During the operation, the military forces arrested about 30 civilians from several villages and moved them to their base.",0.4971751412429379,0.85,0.16141620142131086,0.15981008338159103,0.15821994648338492,0.15664563171167747,0.15664563171167747,0.20726250529015108
llama3.2:3b,CAO10613,S,E,0.98,"[0.01, 0.02, 0.96, 0.0, 0.01, 0.01]",,0.83,Ambazonian Separatists (Cameroon),"Looting: On 10 May 2023, Ambazonian Separatists from the Restoration Forces extorted money amounting to 200,000 FCFA from a civilian whom they imposed as the new traditional chief in Makwe, Upper Bayang commune, coded to Tinto (Manyu, Sud-Ouest). They also forced the civilians to buy a motorcycle for the man to 'support his reign.' The legal leader fled to Mamfe when the Separatists demanded 500,000 FCFA from him.",0.6474464579901155,0.98,0.13182508457244801,0.1331499486982857,0.34086139451910713,0.13051340306492218,0.13182508457244801,0.13182508457244801
llama3.2:3b,CAO4669,V,V,0.92,"[0.92, 0.01, 0.02, 0.01, 0.01, 0.01]",,0.8,Military Forces of Cameroon (1982-),"Around 15 May 2020 (month of), the military forces raided Njembo village, Mbengwi town, Mbeggwi subdivision (Momo, Nord-Ouest), killing one person.",0.6474464579901155,0.92,0.33149172488159406,0.13343344933153517,0.134774477791934,0.13343344933153517,0.13343344933153517,0.13343344933153517
llama3.2:3b,CAO4298,B,V,0.96,"[0.97, 0.02, 0.01, 0.0, 0.0, 0.0]",,0.85,Military Forces of Cameroon (1982-),"On 23 January 2021, the military forces engaged in fire fights with Ambazonian separatists in Mulang and Meta neighborhood of Bamenda town, Bamenda 2 subdivision (Mezam, Nord-Ouest). Four civilians were killed, reportedly by the military forces.",0.6474464579901155,0.96,0.34401109086017506,0.13304320135896353,0.13171939938689892,0.13040876946453953,0.13040876946453953,0.13040876946453953
llama3.2:3b,CAO8775,E,E,0.98,"[0.01, 0.02, 0.96, 0.0, 0.01, 0.01]",,0.87,Unidentified Armed Group (Cameroon),"On 17 March 2024, an IED planted by an unidentified armed group detonated on military forces along the Zeleved - Dzamadzaf road, coded to Zelevet (Mayo-Moskota, Mayo-Tsanaga, Extreme-Nord). There were no fatalities and 2 militants were injured.",0.6474464579901155,0.98,0.13182508457244801,0.1331499486982857,0.34086139451910713,0.13051340306492218,0.13182508457244801,0.13182508457244801
llama3.2:3b,CAO14650,V,V,0.92,"[0.93, 0.02, 0.01, 0.01, 0.01, 0.03]",,0.79,Unidentified Armed Group (Cameroon),"On 24 August 2024, an unidentified armed group shot and injured 1 plantation owner who tried to flee an abduction in Sirbia (Touboro, Mayo-Rey, Nord). The plantation owner escaped. 2 other civilians were abducted. The reason for the abduction is not known.",0.6474464579901155,0.92,0.33281735471464097,0.13396704745143823,0.13263405305716333,0.13263405305716333,0.13263405305716333,0.13531343866209786
llama3.2:3b,CAO9309,V,V,0.92,"[0.93, 0.01, 0.02, 0.01, 0.01, 0.03]",,0.89,Ambazonian Separatists (Cameroon),"On 13 February 2023, Ambazonian Separatists shot a male motorbike rider in his legs near Azire New Church in Bamenda (Mezam, Nord-Ouest) before taking his bike away. He was accused of violating the Monday ghost town. No information on the status of the victim.",0.6474464579901155,0.92,0.33281735471464097,0.13263405305716333,0.13396704745143823,0.13263405305716333,0.13263405305716333,0.13531343866209786
llama3.2:3b,CAO14584,S,E,0.98,"[0.01, 0.02, 0.96, 0.0, 0.01, 0.01]",,0.82,Boko Haram - Jamaatu Ahli is-Sunnah lid-Dawati wal-Jihad,"Looting: On 21 August 2024, Boko Haram (JAS) (likely) militants looted 1 motorbike and goods along the Amchide - Ganse road in Guederou (Kolofata, Mayo-Sava, Extreme-Nord).",0.6474464579901155,0.98,0.13182508457244801,0.1331499486982857,0.34086139451910713,0.13051340306492218,0.13182508457244801,0.13182508457244801
llama3.2:3b,CAO7763,S,S,0.85,"[0.04, 0.03, 0.02, 0.01, 0.01, 0.0]",,0.86,Military Forces of Cameroon (1982-) Gendarmerie,"On 3 September 2023, the gendarmerie arrested a suspected former ISWAP or Boko Haram militant leader in Banki (Menoua, Ouest).",0.4971751412429379,0.85,0.17030178630121712,0.16860725521470638,0.16692958499422358,0.16526860787134867,0.16526860787134867,0.1636241577469852
llama3.2:3b,CAO7437,V,V,0.92,"[0.92, 0.02, 0.01, 0.01, 0.01, 0.01]",,0.81,Military Forces of Cameroon (1982-),"On 25 June 2023, the military forces attacked civilians in Kumba (Ekondo Titi, Ndian, Sud-Ouest). 1 civilian was killed. The victim had challenged a gendarmerie officer to lawfully present a warrant authorizing him to arrest another civilian when the officer shot him at close range in the chest and the other civilian was injured.",0.6474464579901155,0.92,0.33149172488159395,0.13477447779193394,0.13343344933153514,0.13343344933153514,0.13343344933153514,0.13343344933153514
llama3.2:3b,CAO9421,S,E,0.85,"[0.01, 0.02, 0.83, 0.01, 0.03, 0.11]",,0.85,Military Forces of Cameroon (1982-),"Other: On 15 September 2022, the military forces fired gunshots under unclear circumstances at GRA quarter in Mbengwi (Momo, Nord-Ouest).",0.4971751412429379,0.85,0.1350270721897313,0.1363841168261241,0.3065789454692613,0.1350270721897313,0.13775479998785337,0.14922799333699208
llama3.2:3b,CAO6502,S,S,0.85,"[0.04, 0.03, 0.02, 0.01, 0.01, 0.29]",,0.9,Boko Haram - Jamaatu Ahli is-Sunnah lid-Dawati wal-Jihad,"Looting: On 24 August 2022, Boko Haram (JAS) (likely) fighters entered Madakar (Mayo-Moskota, Mayo-Tsanaga, Extreme-Nord) and stole 22 livestock. The Cameroonian military forces returned 175 livestock to their owners.",0.4971751412429379,0.85,0.16141620142131086,0.15981008338159103,0.15821994648338492,0.15664563171167747,0.15664563171167747,0.20726250529015108
llama3.2:3b,CAO15428,V,V,0.92,"[0.92, 0.02, 0.01, 0.01, 0.01, 0.01]",,0.8,Military Forces of Cameroon (1982-),"On 25 August 2024, security forces, coded as the military forces, beat and injured a group of 15 civilians along the main road in Ashing (Belo, Boyo, Nord-Ouest) accusing them of leaving a bag they suspected of carrying items used to manufacture IEDs near the military minor base.",0.6474464579901155,0.92,0.33149172488159395,0.13477447779193394,0.13343344933153514,0.13343344933153514,0.13343344933153514,0.13343344933153514
llama3.2:3b,CAO8495,B,S,0.85,"[0.04, 0.03, 0.02, 0.01, 0.01, 0.29]",,0.91,Military Forces of Cameroon (1982-) Rapid Intervention Battalion,"On 6 February 2024, the military forces (Rapid Intervention) and the gendarmerie fired warning shots in the air at the outpost in Fotokol (Fotokol, Logone-et-Chari, Extreme-Nord) to drive back suspected ISWAP or Boko Haram militants. There were no fatalities.",0.4971751412429379,0.85,0.16141620142131086,0.15981008338159103,0.15821994648338492,0.15664563171167747,0.15664563171167747,0.20726250529015108
llama3.2:3b,CAO13440,B,B,0.92,"[0.01, 0.93, 0.02, 0.01, 0.03, 0.01]",,0.93,Ambazonian Separatists (Cameroon),"Around 13 May 2024 (as reported), Ambazonian Separatists ambushed patrolling gendarmerie forces along the Ayukaba and Eyangchang villages, coded to Ayukaba (Mamfe, Manyu, Sud-Ouest). The brigade commander and 4 gendarmerie officers were killed. The Separatists looted their weapons and ammunition and burnt the victim's bodies.",0.6474464579901155,0.92,0.13263405305716333,0.33281735471464097,0.13396704745143823,0.13263405305716333,0.13531343866209786,0.13263405305716333
llama3.2:3b,CAO3624,V,E,0.96,"[0.02, 0.01, 0.96, 0.0, 0.01, 0.0]",,0.9,Islamic State West Africa Province (ISWAP) - Lake Chad Faction and/or Boko Haram - Jamaatu Ahli is-Sunnah lid-Dawati wal-Jihad,"Around 30 August 2020 (as reported), Boko Haram attacked Makoulahe village, in Mora subdivision (Mayo-Sava, Extreme-Nord). They looted houses and injured 2 women.",0.6474464579901155,0.96,0.13332482841020543,0.13199822420216023,0.34130908333206444,0.13068481992653416,0.13199822420216023,0.13068481992653416
llama3.2:3b,CAO11112,S,E,0.98,[],,0.61,Ambazonian Separatists (Cameroon),"Looting: On 2 February 2024, Ambazonian Separatists extorted money and food items from business persons at the market square in Lassin (Noni, Bui, Nord-Ouest).",0.6474464579901155,0.98,,,,,,
llama3.2:3b,CAO7600,R,R,0.85,"[0.09, 0.02, 0.01, 0.03, 0.84, 0.02]",,0.78,Rioters (Cameroon),"On 26 August 2023, a mob attacked thieves who had killed an elderly woman while robbing her in Brazzaville neighbourhood, in the outskirts of Douala (Douala 1, Wouri, Littoral). Two managed to escape while a third was beaten to death.",0.4971751412429379,0.85,0.1460564352843869,0.1361821176166554,0.13482708290597933,0.13755077065257862,0.3092014759234351,0.1361821176166554
llama3.2:3b,CAO3498,V,V,0.92,"[0.92, 0.02, 0.01, 0.01, 0.01, 0.01]",,0.86,Military Forces of Cameroon (1982-),"On 21 July 2020, military forces opened fire around a food market in Bamenda town (Mezam, Nord-Ouest). One person was reportedly killed and property destroyed.",0.6474464579901155,0.92,0.33149172488159395,0.13477447779193394,0.13343344933153514,0.13343344933153514,0.13343344933153514,0.13343344933153514
llama3.2:3b,CAO4080,B,B,0.92,"[0.01, 0.93, 0.02, 0.01, 0.01, 0.03]",,0.87,Military Forces of Cameroon (1982-),"On 1 December 2020, the military forces repelled an attack of Boko Haram in Boudoua village, Mora subdivision (Mayo-Sava, Extreme-Nord). One Boko Haram fighter was killed, and several others injured. The military seized two motorbikes.",0.6474464579901155,0.92,0.13263405305716333,0.33281735471464097,0.13396704745143823,0.13263405305716333,0.13263405305716333,0.13531343866209786
llama3.2:3b,CAO14355,V,S,0.85,"[0.04, 0.03, 0.02, 0.01, 0.01, 0.29]",,0.92,Ambazonian Separatists (Cameroon),"On 8 May 2024, Ambazonian Separatists abducted a ship owner alongside two skippers after intercepting 2 ships in the Cameroon-Nigeria waterway in Mabeta (Limbe 3, Fako, Sud-Ouest). The militants later released the men after they paid the sum of approximately 700,000 Franc CFA.",0.4971751412429379,0.85,0.16141620142131086,0.15981008338159103,0.15821994648338492,0.15664563171167747,0.15664563171167747,0.20726250529015108
llama3.2:3b,CAO11427,B,S,0.85,"[0.04, 0.03, 0.02, 0.01, 0.01, 0.29]",,0.89,Military Forces of Cameroon (1982-),"On 10 January 2024, military forces, disguised as civilians, engaged in gunbattle with Ambazonian Separatists from the Restoration Forces in Yoke (Muyuka, Fako, Sud-Ouest). They freed two civilians held captive by the Ambazonian Separatists. No casualties.",0.4971751412429379,0.85,0.16141620142131086,0.15981008338159103,0.15821994648338492,0.15664563171167747,0.15664563171167747,0.20726250529015108
llama3.2:3b,CAO11069,V,S,0.85,"[0.04, 0.03, 0.02, 0.01, 0.01, 0.29]",,0.8,Ambazonian Separatists (Cameroon),"On 15 December 2023, Ambazonian Separatists kidnapped an employee of the Mbonge municipal council in Kombone (Kumba 1, Meme, Sud-Ouest). They accused him of working closely with the Mayor of the municipality, who is seen as a security forces collaborator.",0.4971751412429379,0.85,0.16141620142131086,0.15981008338159103,0.15821994648338492,0.15664563171167747,0.15664563171167747,0.20726250529015108
llama3.2:3b,CAO4139,V,V,0.92,"[0.92, 0.02, 0.01, 0.01, 0.01, 0.01]",,0.84,Military Forces of Cameroon (1982-),"On 8 November 2020, the military forces raided Luh village, in Ndu subdivision (Donga-Mantung, Nord-Ouest), killing two civilians including a driver and a bike taxi driver.",0.6474464579901155,0.92,0.33149172488159395,0.13477447779193394,0.13343344933153514,0.13343344933153514,0.13343344933153514,0.13343344933153514
llama3.2:3b,CAO2894,R,R,0.85,"[0.11, 0.01, 0.02, 0.01, 0.85, 0.01]",,0.84,Rioters (Cameroon),"On 26 January 2020, one young man was burnt to death in Bamenda town (Mezam, Nord-Ouest), for allegedly trying to steal a motorcycle.",0.4971751412429379,0.85,0.14871261820002785,0.13456074148148067,0.13591309941633908,0.13456074148148067,0.3116920579388794,0.13456074148148067
llama3.2:3b,CAO8266,B,B,0.92,"[0.01, 0.93, 0.02, 0.01, 0.01, 0.03]",,0.87,Boko Haram - Jamaatu Ahli is-Sunnah lid-Dawati wal-Jihad,"On 18 December 2023, Boko Haram militants [JAS faction] ambushed military forces in Moundou, in the Double-Limani area, coded to Limani (Mora, Mayo-Sava, Extreme-Nord). 2 soldiers were killed and 2 others were wounded. The militants stole 2 motorbikes and the rifles from the killed soldiers.",0.6474464579901155,0.92,0.13263405305716333,0.33281735471464097,0.13396704745143823,0.13263405305716333,0.13263405305716333,0.13531343866209786
llama3.2:3b,CAO6765,V,V,0.92,"[0.93, 0.02, 0.01, 0.01, 0.01, 0.03]",,0.9,Ambazonian Separatists (Cameroon),"On 24 November 2022, Ambazonian Separatists killed a public transport driver and a passenger in Awing (Santa, Mezam, Nord-Ouest). They set ablaze the driver's vehicle and abducted two other civilian passengers. The fighters left a note on the body of the killed driver on which it was written that he was collaborating with the military and warned any other person who may be collaborating with them. The rest of the civilians were allowed to go. Residents claim the attack was carried out by the Cameroonian military.",0.6474464579901155,0.92,0.33281735471464097,0.13396704745143823,0.13263405305716333,0.13263405305716333,0.13263405305716333,0.13531343866209786
llama3.2:3b,CAO14747,S,S,0.85,"[0.04, 0.03, 0.02, 0.01, 0.01, 0.49]",,0.89,Military Forces of Cameroon (1982-),"On 6 July 2024, the security forces, coded as the military forces, arrested 39 men and 11 women from their private residences in Marumba I (Kumba 1, Meme, Sud-Ouest) during a search operation to dislodge Ambazonian Separatists in the area.",0.4971751412429379,0.85,0.15433404508514137,0.1527983956783808,0.15127802623852052,0.1497727847273495,0.1497727847273495,0.2420439635430163
llama3.2:3b,CAO10353,B,B,0.92,"[0.01, 0.93, 0.02, 0.01, 0.01, 0.03]",,0.87,Military Forces of Cameroon (1982-),"On 19 April 2023, state security forces (coded as military) engaged in an armed confrontation with Ambazonian Separatists in Bamenda - Mankon (Mezam, Nord-Ouest). 4 Separatists were killed, and one soldier was severely wounded. Some ammunition was recovered.",0.6474464579901155,0.92,0.13263405305716333,0.33281735471464097,0.13396704745143823,0.13263405305716333,0.13263405305716333,0.13531343866209786
llama3.2:3b,CAO10413,S,S,0.85,"[0.04, 0.03, 0.02, 0.01, 0.01, 0.01]",,0.85,Military Forces of Cameroon (1982-),"Property destruction: On 6 April 2023, State security forces (Air Force), coded as the military forces, burned down 7 civilian houses in Maghow, coded to Akwaya (Akwaya,Manyu,Sud-Ouest). The Separatists also stole food items, money and other valuables. The houses were suspected of housing Separatists.",0.4971751412429379,0.85,0.17002219328432616,0.16833044419481605,0.16665552829000121,0.1649972780768955,0.1649972780768955,0.1649972780768955
llama3.2:3b,CAO3901,S,V,0.92,"[0.93, 0.01, 0.02, 0.01, 0.01, 0.03]",,0.94,Military Forces of Cameroon (1982-),"On 17 September 2020, the security forces (assumed Military Forces) arrested 'scores' of civilians during a raid in Bakweri town (Fako, Sud-Ouest).",0.6474464579901155,0.92,0.33281735471464097,0.13263405305716333,0.13396704745143823,0.13263405305716333,0.13263405305716333,0.13531343866209786
llama3.2:3b,CAO13626,B,B,0.92,"[0.01, 0.93, 0.02, 0.01, 0.01, 0.03]",,0.84,Boko Haram - Jamaatu Ahli is-Sunnah lid-Dawati wal-Jihad,"On 14 June 2024, Boko Haram (JAS) (likely) militants clashed with the Gendarmerie forces in Tourou (Mokolo, Mayo-Tsanaga, Extreme-Nord). 1 soldier was killed. 4 motorbikes and an ambulance were burnt and several materials looted.",0.6474464579901155,0.92,0.13263405305716333,0.33281735471464097,0.13396704745143823,0.13263405305716333,0.13263405305716333,0.13531343866209786
llama3.2:3b,CAO5613,R,V,0.98,"[0.98, 0.01, 0.0, 0.0, 0.0, 0.01]",,0.82,Rioters (Cameroon),"On 19 October 2021, a traditional leader and his supporters tortured a pregnant woman and her children and paraded them on the streets of Buea town (Fako, Sud-Ouest) for being the ex-girlfriend of an Ambazonian separatist commander.",0.6474464579901155,0.98,0.3467286909196672,0.13143896555144177,0.13013112599236756,0.13013112599236756,0.13013112599236756,0.13143896555144177
llama3.2:3b,CAO8174,R,R,0.85,"[0.09, 0.02, 0.01, 0.03, 0.8, 0.03]",,0.79,Rioters (Cameroon),"On 3 December 2023, a mob killed a suspect who was accused of killing two people with knives in Obala (Obala, Lekie, Centre). The victim was burnt alive by the mob.",0.4971751412429379,0.85,0.1476443965762348,0.13766272291142428,0.1362929559319134,0.13904625627794562,0.30030741202423583,0.13904625627794562
llama3.2:3b,CAO13505,S,E,0.98,"[0.01, 0.02, 0.96, 0.01, 0.01, 0.01]",,0.8,Ambazonian Separatists (Cameroon),"Looting: On 10 April 2024, Ambazonian Separatists from the Restoration Forces faction extorted money from commercial motorbike riders and their passengers in Bulu Camp (Mundemba, Ndian, Sud-Ouest) on their way to the market and farms.",0.6474464579901155,0.98,0.1316523985558409,0.1329755271583586,0.34041487861793734,0.1316523985558409,0.1316523985558409,0.1316523985558409
llama3.2:3b,CAO3090,B,B,0.92,"[0.01, 0.93, 0.02, 0.01, 0.03, 0.01]",,0.89,Ambazonian Separatists (Cameroon),"On 12 March 2020, two groups of Ambazonian separatists clashed in their camp in Vikovi village, near Kikaikom, in Kumbo subdivision (Bui, Nord-Ouest), resulting in 5 deaths.",0.6474464579901155,0.92,0.13263405305716333,0.33281735471464097,0.13396704745143823,0.13263405305716333,0.13531343866209786,0.13263405305716333
llama3.2:3b,CAO6193,B,B,0.92,"[0.02, 0.93, 0.01, 0.01, 0.01, 0.03]",,0.81,Military Forces of Cameroon (1982-),"On 21 June 2022, Cameroonian military forces clashed with Ambazonia separatist in Essu (Fungom, Menchum, Nord-Ouest) leading to the death of 1 separatist and 1 civilian was injured. She was taking to the hospital for treatment.",0.6474464579901155,0.92,0.13396704745143823,0.33281735471464097,0.13263405305716333,0.13263405305716333,0.13263405305716333,0.13531343866209786
llama3.2:3b,CAO4023,V,V,0.96,"[0.96, 0.02, 0.01, 0.01, 0.01, 0.01]",,1.0,Islamic State West Africa Province (ISWAP) - Lake Chad Faction and/or Boko Haram - Jamaatu Ahli is-Sunnah lid-Dawati wal-Jihad,"On 18 November 2020, Boko Haram shot and killed a traditional chief and 3 of his children (total of 4 fatalities) in Satomi village, around Mora (Mayo-Sava, Extreme-Nord).",0.6474464579901155,0.96,0.34041487861793734,0.1329755271583586,0.1316523985558409,0.1316523985558409,0.1316523985558409,0.1316523985558409
llama3.2:3b,CAO4443,B,B,0.98,[],,0.68,MNJTF: Multinational Joint Task Force,"On 4 March 2021, the MNJTF military forces repelled an attack of Boko Haram in Gouzoudou village (Mayo-Sava, Extreme-Nord). No fatality and/or casualty reported.",0.6474464579901155,0.98,,,,,,
llama3.2:3b,CAO10147,B,S,0.85,"[0.04, 0.03, 0.02, 0.01, 0.01, 0.29]",,0.89,Military Forces of Cameroon (1982-),"On 3 January 2023, state security forces (coded as military) captured and arrested 1 Ambazonian Separatist in Adiemukong, Bafut commune, coded to Bafut (Mezam, Nord-Ouest). Gunshots could be heard, no casualties. It is unclear if the gunshots were an armed confrontation between the two.",0.4971751412429379,0.85,0.16141620142131086,0.15981008338159103,0.15821994648338492,0.15664563171167747,0.15664563171167747,0.20726250529015108
llama3.2:3b,CAO7973,S,S,0.85,"[0.04, 0.03, 0.02, 0.01, 0.02, 0.85]",,0.92,Islamic State West Africa Province (ISWAP) and/or Boko Haram - Jamaatu Ahli is-Sunnah lid-Dawati wal-Jihad,"Looting: On 18 October 2023, ISWAP or Boko Haram militants demanded money and food items from fishermen in the Tsoukiya zone around Darak (Darak, Logone-et-Chari, Extreme-Nord) as taxes for fishing rights. The militants also searched the fishermen for mobile phones and any person from Darak. Finding neither the militants retreated toward Nigeria.",0.4971751412429379,0.85,0.1394933464837029,0.13810536449530517,0.13673119315844512,0.13537069505484398,0.13673119315844512,0.31356820764894405
llama3.2:3b,CAO9827,V,V,0.92,"[0.92, 0.02, 0.01, 0.01, 0.01, 0.01]",,0.82,Military Forces of Cameroon (1982-),"On 7 January 2023, the state security forces, coded as the military forces shot and killed a masquerade in Bambui (Tubah, Mezam, Nord-Ouest) accusing him of being an Ambazonian Separatists.",0.6474464579901155,0.92,0.33149172488159395,0.13477447779193394,0.13343344933153514,0.13343344933153514,0.13343344933153514,0.13343344933153514
llama3.2:3b,CAO7395,B,B,0.92,"[0.01, 0.93, 0.02, 0.01, 0.03, 0.01]",,0.88,Military Forces of Cameroon (1982-) Rapid Intervention Battalion,"On 23 June 2023, the military forces (Rapid Intervention) ambushed Boko Haram (JAS) (likely) militants in Ganse (Kolofata, Mayo-Sava, Extreme-Nord). 1 militant was killed and various items recovered by the military forces.",0.6474464579901155,0.92,0.13263405305716333,0.33281735471464097,0.13396704745143823,0.13263405305716333,0.13531343866209786,0.13263405305716333
llama3.2:3b,CAO6147,V,V,0.92,[],,0.55,Ambazonian Separatists (Cameroon),"On 1 June 2022, Ambazonia separatists abducted 9 commercial bike riders near Fundong (Njinikom, Boyo, Nord-Ouest) after they had participated in the 20th May celebration despite the ban imposed by the Separatists. The Separatists also burnt their motorbikes.",0.6474464579901155,0.92,,,,,,
llama3.2:3b,CAO16029,V,V,0.92,"[0.92, 0.01, 0.02, 0.01, 0.01, 0.05]",,0.84,Ambazonian Separatists (Cameroon),"On 22 October 2024, Ambazonian Separatists abducted a male civilian from his private residences in Bamenda - Nkwen (Bamenda 3, Mezam, Nord-Ouest) for an unknown reason.",0.6474464579901155,0.92,0.3296963559995653,0.13271076986544245,0.1340445352764587,0.13271076986544245,0.13271076986544245,0.138126799127319
llama3.2:3b,CAO11761,B,B,0.98,"[0.01, 0.98, 0.0, 0.0, 0.0, 0.01]",,0.92,Military Forces of Cameroon (1982-),"On 16 July 2023, state security forces (coded as military) engaged in an armed confrontation with Ambazonian Separatists in Agyati (Mezam, Nord-Ouest). No casualties.",0.6474464579901155,0.98,0.13143896555144177,0.3467286909196672,0.13013112599236756,0.13013112599236756,0.13013112599236756,0.13143896555144177
llama3.2:3b,CAO11220,B,V,0.96,"[0.97, 0.02, 0.01, 0.0, 0.0, 0.01]",,0.81,Military Forces of Cameroon (1982-),"On 8 November 2023, the military forces attacked Ambazonian Separatists from the Restoration Forces during an operation in Mfuni (Mamfe, Manyu, Sud-Ouest). The military forces shot and killed one, while several others sustained life-threatening injuries.",0.6474464579901155,0.96,0.3435608097827238,0.1328690591942278,0.13154698996565362,0.13023807554569886,0.13023807554569886,0.13154698996565362
llama3.2:3b,CAO3650,R,R,0.85,"[0.09, 0.02, 0.01, 0.03, 0.85, 0.02]",,0.78,Rioters (Cameroon),"On 5 September 2020, residents beat one woman to death in Yokosire village (Lom-Et-Djerem, Est) after she was accused of attempting to use witchcraft against her co-wife.",0.4971751412429379,0.85,0.14560396709874776,0.13576023907666143,0.13440940212759597,0.1371246521627685,0.3113415004572535,0.13576023907666143
llama3.2:3b,CAO12120,V,V,0.92,"[0.92, 0.01, 0.02, 0.01, 0.01, 0.04]",,0.88,Military Forces of Cameroon (1982-),"On 13 August 2023, state security forces, coded as military forces, shot and killed a suspected Ambazonian Separatist in Nkundu quarter in Njenka (Balikumbat, Ngo-Ketunjia, Nord-Ouest) and left his body by the road. He had been arrested earlier from his private residence after a tip-off.",0.6474464579901155,0.92,0.3301501092303361,0.13289341653256118,0.13422901757309938,0.13289341653256118,0.13289341653256118,0.13694062359855094
llama3.2:3b,CAO13210,B,S,0.85,"[0.04, 0.03, 0.02, 0.01, 0.01, 0.29]",,0.88,Military Forces of Cameroon (1982-),"On 23 March 2024, state security forces, coded as the military forces, fired several warning gunshots to dislodge and dismantle an Ambazonian Separatist illegal checkpoint in Bobong (Njinikom, Boyo, Nord-Ouest). There were no fatalities or injuries.",0.4971751412429379,0.85,0.16141620142131086,0.15981008338159103,0.15821994648338492,0.15664563171167747,0.15664563171167747,0.20726250529015108
llama3.2:3b,CAO10312,S,E,0.96,"[0.02, 0.01, 0.96, 0.0, 0.01, 0.0]",,0.88,Ambazonian Separatists (Cameroon),"Property destruction: On 28 April 2023, Ambazonian Separatists Restoration forces burned a vehicle belonging to an unnamed road construction company working along the Kumba -Mundemba road axis in Dibonda (Toko, Ndian, Sud-Ouest). The burning was an attempt by the perpetrators to enforce the ban on any government sponsored projects especially reconstruction projects the perpetrators had declared.",0.6474464579901155,0.96,0.13332482841020543,0.13199822420216023,0.34130908333206444,0.13068481992653416,0.13199822420216023,0.13068481992653416
llama3.2:3b,CAO4521,V,V,0.96,"[0.02, 0.01, 0.97, 0.0, 0.01, 0.0]",,0.84,Islamic State West Africa Province (ISWAP) - Lake Chad Faction and/or Boko Haram - Jamaatu Ahli is-Sunnah lid-Dawati wal-Jihad,"On 3 April 2021, Boko Haram fighters nightly attacked Goudjimdele village, Mora subdivision (Mayo-Sava, Extreme-Nord), killing 2 people.",0.6474464579901155,0.96,0.1328690591942278,0.13154698996565362,0.3435608097827238,0.13023807554569886,0.13154698996565362,0.13023807554569886
llama3.2:3b,CAO8337,V,E,0.96,"[0.02, 0.01, 0.96, 0.01, 0.01, 0.01]",,0.82,Boko Haram - Jamaatu Ahli is-Sunnah lid-Dawati wal-Jihad,"Around 30 December 2023 (as reported), Boko Haram (JAS) (likely) militants attacked Soukoule, coded to Mora (Mora, Mayo-Sava, Extreme-Nord). 1 civilian was killed and 3 motorbikes were taken away.",0.6474464579901155,0.96,0.1329755271583586,0.1316523985558409,0.34041487861793734,0.1316523985558409,0.1316523985558409,0.1316523985558409
llama3.2:3b,CAO9705,V,V,0.92,"[0.92, 0.01, 0.02, 0.01, 0.01, 0.03]",,0.86,Military Forces of Cameroon (1982-),"On 23 June 2022, military forces shot and killed two male civilians in Ekombe Bonji (Kumba 1, Meme, Sud-Ouest).",0.6474464579901155,0.92,0.3306005796198268,0.13307474177654108,0.13441216516607782,0.13307474177654108,0.13307474177654108,0.1357630298841417
llama3.2:3b,CAO13243,S,E,0.98,"[0.01, 0.02, 0.96, 0.0, 0.01, 0.0]",,0.87,Boko Haram - Jamaatu Ahli is-Sunnah lid-Dawati wal-Jihad,"Looting: On 26 April 2024, ISWAP or Boko Haram militants looted some 150 oxen and cows in a grazing area in Dougza (Kolofata, Mayo-Sava, Extreme-Nord).",0.6474464579901155,0.98,0.13199822420216023,0.13332482841020543,0.34130908333206444,0.13068481992653416,0.13199822420216023,0.13068481992653416
llama3.2:3b,CAO6787,S,E,0.98,"[0.01, 0.02, 0.96, 0.0, 0.01, 0.01]",,0.89,Boko Haram - Jamaatu Ahli is-Sunnah lid-Dawati wal-Jihad,"Looting: On 4 December 2022, Boko Haram [JAS] looted farmers in Amchide (Kolofata, Mayo-Sava, Extreme-Nord) stealing 2 motorbikes and 1 bicycle.",0.6474464579901155,0.98,0.13182508457244801,0.1331499486982857,0.34086139451910713,0.13051340306492218,0.13182508457244801,0.13182508457244801
llama3.2:3b,CAO4545,B,B,0.98,"[0.01, 0.98, 0.0, 0.0, 0.0, 0.01]",,0.77,Military Forces of Cameroon (1982-),"On 12 April 2021, the military forces repelled a nightly attack of Boko Haram fighters in Djanpala village, assumedly in Mora subdivision (Mayo-Sava, Extreme-Nord). One assailant was killed, and foodstuffs retrieved.",0.6474464579901155,0.98,0.13143896555144177,0.3467286909196672,0.13013112599236756,0.13013112599236756,0.13013112599236756,0.13143896555144177
llama3.2:3b,CAO3621,P,P,0.92,"[0.99, 0.01, 0.0, 0.93, 0.04, 0.02]",,0.89,Protesters (Cameroon),"On 28 August 2020, women of the SUFC movement demonstrated in the Nord-ouest region, around Bamenda town (Mezam, Nord-Ouest), calling for a ceasefire in the North West and South West regions.",0.6474464579901155,0.92,0.289479472008374,0.1086448587343858,0.10756382432768051,0.2726214999381809,0.11195358727358719,0.1097367577175022
llama3.2:3b,CAO6152,B,B,0.92,"[0.01, 0.93, 0.02, 0.01, 0.01, 0.03]",,0.84,Military Forces of Cameroon (1982-),"On 10 June 2022, Cameroonian military forces exchanged gunshots with suspected separatists and killed 2 civilians in Belo (Tubah, Mezam, Nord-Ouest). Unclear why the military was targeting civilians.",0.6474464579901155,0.92,0.13263405305716333,0.33281735471464097,0.13396704745143823,0.13263405305716333,0.13263405305716333,0.13531343866209786
llama3.2:3b,CAO6296,P,P,0.92,"[0.99, 0.01, 0.0, 0.01, 0.02, 0.01]",,0.84,Protesters (Cameroon),"Around 15 July 2022, residents of Koza and Gaboua protested in front of the sub-prefecture of Koza in Koza (Koza, Mayo-Tsanaga, Extreme-Nord) after a Boko Haram attack. They protested against the lack of security measures in the community.",0.6474464579901155,0.92,0.34763346468289014,0.1304706976276547,0.12917249249539753,0.1304706976276547,0.1317819499384006,0.1304706976276547
llama3.2:3b,CAO4239,B,B,0.92,"[0.01, 0.93, 0.02, 0.01, 0.01, 0.03]",,0.84,Military Forces of Cameroon (1982-),"On 24 December 2020, the military forces repelled an attack of Boko Haram in Makoulahe village, Mora subdivision (Mayo-Sava, Extreme-Nord), killing one assailant.",0.6474464579901155,0.92,0.13263405305716333,0.33281735471464097,0.13396704745143823,0.13263405305716333,0.13263405305716333,0.13531343866209786
llama3.2:3b,CAO6523,B,B,0.92,"[0.01, 0.93, 0.02, 0.01, 0.01, 0.03]",,0.86,Boko Haram - Jamaatu Ahli is-Sunnah lid-Dawati wal-Jihad,"On 12 September 2022, Boko Haram (JAS) fighters ambushed the Cameroonian military forces on the Limani - Mora Road, coded to Limani (Mora, Mayo-Sava, Extreme-Nord). Unknown fatalities or injuries but 4 motorbikes, mobile phones and a luggage were stolen by the assailants.",0.6474464579901155,0.92,0.13263405305716333,0.33281735471464097,0.13396704745143823,0.13263405305716333,0.13263405305716333,0.13531343866209786
llama3.2:3b,CAO5844,B,B,0.92,"[0.01, 0.93, 0.02, 0.01, 0.01, 0.03]",,0.85,Military Forces of Cameroon (1982-),"On 25 January 2022, the military intercepted Ambazonian separatists and engaged in fire fights with them in Bamenyam town, Penka-Michel subdivision (Menoua, Ouest). At least one soldier was killed and several others injured.",0.6474464579901155,0.92,0.13263405305716333,0.33281735471464097,0.13396704745143823,0.13263405305716333,0.13263405305716333,0.13531343866209786
llama3.2:3b,CAO9976,S,S,0.85,"[0.04, 0.03, 0.02, 0.01, 0.01, 0.29]",,0.86,Military Forces of Cameroon (1982-),"Defusal: On 1 October 2021, state forces, coded as military, defused an IED planted by Ambazonian Separatists in Oku (Bui, Nord-Ouest).",0.4971751412429379,0.85,0.16141620142131086,0.15981008338159103,0.15821994648338492,0.15664563171167747,0.15664563171167747,0.20726250529015108
llama3.2:3b,CAO12429,B,B,0.92,"[0.01, 0.93, 0.02, 0.01, 0.01, 0.03]",,0.95,Ambazonian Separatists (Cameroon),"On 28 July 2023, Ambazonian Separatists exchanged fire with other Ambazonian Separatists in Bali (Mezam, Nord-Ouest) in a dispute over money extorted from civilians. Two Ambazonian Separatists were killed and their bodies were abandoned in the forest.",0.6474464579901155,0.92,0.13263405305716333,0.33281735471464097,0.13396704745143823,0.13263405305716333,0.13263405305716333,0.13531343866209786
llama3.2:3b,CAO12201,S,V,0.92,"[0.93, 0.01, 0.02, 0.01, 0.01, 0.03]",,0.86,Ambazonian Separatists (Cameroon),"Other: On 11 August 2023, Ambazonian Separatists fired gunshots in the air and rounded up civilians in Ikiliwindi Mile 10 (Meme, Sud-Ouest). They accused the population of collaborating with state security forces and threatened to kill anyone who collaborated with them.",0.6474464579901155,0.92,0.33281735471464097,0.13263405305716333,0.13396704745143823,0.13263405305716333,0.13263405305716333,0.13531343866209786
llama3.2:3b,CAO6363,B,B,0.92,"[0.01, 0.93, 0.02, 0.01, 0.01, 0.01]",,0.82,Military Forces of Cameroon (1982-),"Around 7 August 2022, the Cameroonian military forces clashed with Boko Haram (JAS) (likely) fighters in Mora (Mora, Mayo-Sava, Extreme-Nord) killing many. The military also recovered weapons including 2 Kalashnikov rifles.",0.6474464579901155,0.92,0.1329903855818861,0.3337114964945496,0.134326961177572,0.1329903855818861,0.1329903855818861,0.1329903855818861
llama3.2:3b,CAO7132,B,B,0.92,"[0.01, 0.93, 0.02, 0.01, 0.01, 0.03]",,0.91,Islamic State West Africa Province (ISWAP) and/or Boko Haram - Jamaatu Ahli is-Sunnah lid-Dawati wal-Jihad,"Around 5 March 2023, suspected ISWAP or Boko Haram fighters clashed with the Cameroonian military forces in Marouare, coded to Ngaoundere (Ngaoundere 1, Vina, Adamaoua). 2 fighters were killed while 2 civilians were wounded.",0.6474464579901155,0.92,0.13263405305716333,0.33281735471464097,0.13396704745143823,0.13263405305716333,0.13263405305716333,0.13531343866209786
llama3.2:3b,CAO4190,V,B,0.92,"[0.01, 0.93, 0.02, 0.01, 0.01, 0.03]",,0.92,Ambazonian Separatists (Cameroon),"On 4 January 2021, Ambazonian separatists burnt a transport truck, killed the driver and reportedly injured his assistant in Ewili village, around Buea (Fako, Sud-Ouest). They accused the victims of not respecting their stop order.",0.6474464579901155,0.92,0.13263405305716333,0.33281735471464097,0.13396704745143823,0.13263405305716333,0.13263405305716333,0.13531343866209786
llama3.2:3b,CAO13670,V,V,0.92,"[0.92, 0.01, 0.02, 0.01, 0.01, 0.03]",,0.75,Military Forces of Cameroon (1982-) Rapid Intervention Battalion,"On 15 April 2024, state security forces, coded as the military forces from the Rapid Intervention, beat and arrested 2 civilian from the road in Bonganjo (Buea, Fako, Sud-Ouest). There were no fatalities.",0.6474464579901155,0.92,0.3306005796198268,0.13307474177654108,0.13441216516607782,0.13307474177654108,0.13307474177654108,0.1357630298841417
llama3.2:3b,CAO8729,V,E,0.98,"[0.01, 0.02, 0.96, 0.0, 0.01, 0.01]",,0.9,Ambazonian Separatists (Cameroon),"On 10 February 2024, Ambazonian Separatists from the Fako Mountain Lions faction fired several shots as a warning to enforce the Separatist-imposed lockdown in Bokova (Buea, Fako, Sud-Ouest) against the Youth Day celebration. There were no fatalities.",0.6474464579901155,0.98,0.13182508457244801,0.1331499486982857,0.34086139451910713,0.13051340306492218,0.13182508457244801,0.13182508457244801
llama3.2:3b,CAO10745,B,E,0.96,"[0.02, 0.01, 0.96, 0.0, 0.0, 0.01]",,0.95,Ambazonian Separatists (Cameroon),"On 2 June 2023, Ambazonian Separatists detonated an IED targeting a state security forces convoy (coded as military) in Bufi (Menchum, Nord-Ouest). The explosion missed the target, but the soldiers stopped and fired gunshots in the area which caused civilians to flee.",0.6474464579901155,0.96,0.13332482841020543,0.13199822420216023,0.34130908333206444,0.13068481992653416,0.13068481992653416,0.13199822420216023
llama3.2:3b,CAO2881,V,V,0.98,"[0.98, 0.01, 0.0, 0.0, 0.0, 0.01]",,0.76,Military Forces of Cameroon (1982-),"On 23 January 2020, the military forces attacked the villages of Bekora Barombi, Ndoh, Njima, Mokono Barombi and Mberenge, in Ekondo Titi subdivision (Ndian, Sud-Ouest). They reportedly killed at least 14 civilians, and injured at least 3 people including a humanitarian worker and two beneficiaries of a humanitarian project.",0.6474464579901155,0.98,0.3467286909196672,0.13143896555144177,0.13013112599236756,0.13013112599236756,0.13013112599236756,0.13143896555144177
llama3.2:3b,CAO12755,R,V,0.92,"[0.92, 0.01, 0.02, 0.01, 0.01, 0.05]",,0.8,Rioters (Cameroon),"On 4 April 2022, residents killed 1 Ambazonian Separatist fighter in Mbengwi (Mbengwi, Momo, Nord-Ouest) because of the atrocities committed by the separatists in their community.",0.6474464579901155,0.92,0.3296963559995653,0.13271076986544245,0.1340445352764587,0.13271076986544245,0.13271076986544245,0.138126799127319
llama3.2:3b,CAO11779,V,V,0.92,"[0.92, 0.01, 0.02, 0.01, 0.01, 0.01]",,0.89,Military Forces of Cameroon (1982-),"On 14 May 2022, state security forces, coded as military, killed a female civilian in Tobin (Bui, Nord-Ouest). The women who approached the military base and was mistaken to be an intruder.",0.6474464579901155,0.92,0.33149172488159406,0.13343344933153517,0.134774477791934,0.13343344933153517,0.13343344933153517,0.13343344933153517
llama3.2:3b,CAO10497,V,V,0.85,"[0.85, 0.01, 0.02, 0.01, 0.03, 0.04]",,0.8,Military Forces of Cameroon (1982-),"On 16 March 2023, state security forces (coded as military) fired shots at a vehicle, injuring some civilians, at a vehicular checkpoint in Ntarinkon (Bamenda - Mankon, Mezam, Nord-Ouest) after the driver failed to stop.",0.4971751412429379,0.85,0.3139953977921797,0.135555117535184,0.13691746911552666,0.135555117535184,0.13829351255687913,0.13968338546473225
llama3.2:3b,CAO5725,V,V,0.92,"[0.93, 0.01, 0.02, 0.01, 0.01, 0.03]",,0.83,Military Forces of Cameroon (1982-),"On 27 October 2021, the military forces alongside Fulani militiamen attacked and killed a 15 year old boy in Ngarbuh village, near Ntamruh, Ndu subdivision (Donga-Mantung, Nord-Ouest). He was accused of collaborating with Ambazonian separatists fighters.",0.6474464579901155,0.92,0.33281735471464097,0.13263405305716333,0.13396704745143823,0.13263405305716333,0.13263405305716333,0.13531343866209786
llama3.2:3b,CAO6214,S,E,0.98,"[0.01, 0.02, 0.96, 0.01, 0.01, 0.02]",,0.91,Boko Haram - Jamaatu Ahli is-Sunnah lid-Dawati wal-Jihad,"Property destruction: Around 20 June 2022, Boko Haram (JAS) (likely) burnt houses and looted items in Djakana village, around Limani (Limani, Mayo-Sava, Extreme-Nord), including 4 bicycles.",0.6474464579901155,0.98,0.1314784356769824,0.1327998159235011,0.3399650611217105,0.1314784356769824,0.1314784356769824,0.1327998159235011
llama3.2:3b,CAO12645,B,V,0.96,"[0.97, 0.02, 0.01, 0.0, 0.0, 0.0]",,0.85,Military Forces of Cameroon (1982-),"On 15 January 2022, Ambazonian separatists and the military engaged in an armed clash at Total gas station in Bamunka near Bamenda (Bamenda 1, Mezam, Nord-Ouest). Three civilians were killed in the crossfire.",0.6474464579901155,0.96,0.34401109086017506,0.13304320135896353,0.13171939938689892,0.13040876946453953,0.13040876946453953,0.13040876946453953
llama3.2:3b,CAO3193,B,B,0.92,"[0.01, 0.93, 0.02, 0.01, 0.01, 0.03]",,0.82,Military Forces of Cameroon (1982-) Rapid Intervention Battalion,"On 18 April 2020, the military's rapid intervention battalion engaged in a fire fight with Ambazonian separatists in Oku village, Belo subdivision (Boyo, Nord-Ouest). Some separatists were killed. Some fatalities coded as 3.",0.6474464579901155,0.92,0.13263405305716333,0.33281735471464097,0.13396704745143823,0.13263405305716333,0.13263405305716333,0.13531343866209786
llama3.2:3b,CAO3287,V,B,0.98,"[0.02, 0.96, 0.01, 0.01, 0.01, 0.01]",,0.75,Islamic State West Africa Province (ISWAP) - Lake Chad Faction and/or Boko Haram - Jamaatu Ahli is-Sunnah lid-Dawati wal-Jihad,"On 18 May 2020, Boko Haram attacked the village of Tolkomari, Kolofata subdivision (Mayo-Sava, Extreme-Nord). No fatality and/or casualty reported.",0.6474464579901155,0.98,0.1329755271583586,0.34041487861793734,0.1316523985558409,0.1316523985558409,0.1316523985558409,0.1316523985558409
llama3.2:3b,CAO8924,B,B,0.92,"[0.01, 0.93, 0.02, 0.01, 0.01, 0.03]",,0.86,Military Forces of Cameroon (1982-),"On 29 May 2022, the military forces in a joint operation with the self-defense militia (COVI) ambushed Ambazonian Separatist fighter at a checkpoint in Ngarum (Ndu, Donga-Mantung, Nord-Ouest). 1 separatist was killed.",0.6474464579901155,0.92,0.13263405305716333,0.33281735471464097,0.13396704745143823,0.13263405305716333,0.13263405305716333,0.13531343866209786
llama3.2:3b,CAO2836,V,S,0.85,"[0.04, 0.03, 0.02, 0.01, 0.01, 0.29]",,0.86,Military Forces of Cameroon (1982-),"On 13 January 2020, the military forces attacked Kumbo town, in Jakiri subdivision (Bui, Nord-Ouest). They reportedly killed one person, and burnt over 8 houses in several areas of the town.",0.4971751412429379,0.85,0.16141620142131086,0.15981008338159103,0.15821994648338492,0.15664563171167747,0.15664563171167747,0.20726250529015108
llama3.2:3b,CAO10508,B,V,0.92,"[0.93, 0.02, 0.01, 0.01, 0.01, 0.03]",,0.82,Military Forces of Cameroon (1982-),"On 14 March 2023, the state security forces, coded as military, shot and killed 3 Ambazonian Separatists at the Ndekwai - Ntenako road axis, coded to Ntenaku (Mamfe, Manyu, Sud-Ouest).",0.6474464579901155,0.92,0.33281735471464097,0.13396704745143823,0.13263405305716333,0.13263405305716333,0.13263405305716333,0.13531343866209786
llama3.2:3b,CAO3184,B,B,0.98,"[0.02, 0.98, 0.0, 0.0, 0.0, 0.0]",,0.92,Ambazonian Separatists (Cameroon),"On 15 April 2020, Ambazonian separatists engaged in fire fights with military forces in Bafut town, Bamenda subdivision (Mezam, Nord-Ouest). No fatality and/or casualty reported.",0.6474464579901155,0.98,0.13275820414196052,0.3467241335755446,0.1301294155705371,0.1301294155705371,0.1301294155705371,0.1301294155705371
llama3.2:3b,CAO5032,B,B,0.98,"[0.01, 0.98, 0.001, 0.0001, 0.0002, 0.0003]",,0.9,Military Forces of Cameroon (1982-),"On 10 February 2021, the military forces repelled an incursion of Ambazonian separatists in Meanja water tank neighborhood of Muyuka town (Fako, Sud-Ouest). No fatality and/or casualty reported.",0.6474464579901155,0.98,0.13158364908443312,0.34711035804388146,0.13040470942895482,0.13028739798853547,0.13030042737979303,0.13031345807405487
llama3.2:3b,CAO5789,S,S,0.85,"[0.04, 0.03, 0.02, 0.01, 0.01, 0.02]",,0.93,Military Forces of Cameroon (1982-),"Around 21 December 2021 (as reported), the security forces (assumedly Military Forces) arrested at least 30 people including 7 Chadians and seized machetes, knives and spears during a security operation in Kousseri town (Logone-et-Chari, Extreme-Nord). The aim was to restore peace in the city in the context of tensions between the Musgum and Arab Shoa communities.",0.4971751412429379,0.85,0.1697407206980559,0.16805177230757423,0.1663796292343669,0.16472412426273317,0.16472412426273317,0.1663796292343669
llama3.2:3b,CAO13094,V,V,0.92,"[0.92, 0.01, 0.02, 0.01, 0.01, 0.05]",,0.81,Ambazonian Separatists (Cameroon),"On 19 March 2024, Ambazonian Separatists from the Restoration Forces faction shot and injured a civilian in his private residence in Bole (Kumba 1, Meme, Sud-Ouest). They accused the man of collaborating with the military forces.",0.6474464579901155,0.92,0.3296963559995653,0.13271076986544245,0.1340445352764587,0.13271076986544245,0.13271076986544245,0.138126799127319
llama3.2:3b,CAO2871,B,B,0.92,"[0.01, 0.93, 0.02, 0.01, 0.01, 0.03]",,0.95,Military Forces of Cameroon (1982-),"On 21 January 2020, the military forces attacked an Ambazonian separatists' camp in Kossala village, Kumba subdivision (Ndian, Sud-Ouest) [coded: Kumba], killing two Ambazonian separatists. The military also rescued 23 children hostages.",0.6474464579901155,0.92,0.13263405305716333,0.33281735471464097,0.13396704745143823,0.13263405305716333,0.13263405305716333,0.13531343866209786
llama3.2:3b,CAO11284,V,P,0.92,"[0.01, 0.02, 0.01, 0.88, 0.03, 0.02]",,0.86,Ambazonian Separatists (Cameroon),"On 15 December 2023, Ambazonian Separatists temporally detained a civilian masked in a traditional masquerade outfit at an illegal vehicle checkpoint for two hours alongside some motorcycle riders in Ngwa (Bangangte, Nde, Ouest). They were accused of not having paid a stipulated sum of money motorcycle riders pay before plying the road.",0.6474464579901155,0.92,0.13464001417322344,0.1359931688118791,0.13464001417322344,0.3213737111487295,0.13735992288074397,0.1359931688118791
llama3.2:3b,CAO3310,V,V,0.92,"[0.92, 0.01, 0.02, 0.01, 0.01, 0.01]",,0.89,Military Forces of Cameroon (1982-),"On 28 May 2020, military forces killed four people suspected to be armed bandits in Bonduma neighbourhood of Buea town (Fako, Sud-Ouest). Residents say the victims were not armed.",0.6474464579901155,0.92,0.33149172488159406,0.13343344933153517,0.134774477791934,0.13343344933153517,0.13343344933153517,0.13343344933153517
llama3.2:3b,CAO12582,S,E,0.98,"[0.01, 0.02, 0.96, 0.0, 0.01, 0.01]",,0.81,Ambazonian Separatists (Cameroon),"Other: On 20 May 2022, Ambazonian Separatists fired warning shots for about 30 minutes in Alabukam near Nlabakam (Bamenda - Mankon, Mezam, Nord-Ouest) to enforce the lockdown for 20 May.",0.6474464579901155,0.98,0.13182508457244801,0.1331499486982857,0.34086139451910713,0.13051340306492218,0.13182508457244801,0.13182508457244801
llama3.2:3b,CAO12898,V,V,0.92,"[0.92, 0.01, 0.02, 0.01, 0.01, 0.05]",,1.0,Military Forces of Cameroon (1982-),"On 14 February 2024, security forces, coded as the military shot and killed a traditional doctor at his residence in Bessom, coded to Batibo (Batibo, Momo, Nord-Ouest) during a cordon and search operation. They accused the victim of providing fortification charms to Ambazonian Separatists.",0.6474464579901155,0.92,0.3296963559995653,0.13271076986544245,0.1340445352764587,0.13271076986544245,0.13271076986544245,0.138126799127319
llama3.2:3b,CAO13115,B,B,0.92,"[0.01, 0.93, 0.02, 0.01, 0.01, 0.03]",,0.89,Ambazonian Separatists (Cameroon),"On 20 March 2024, Ambazonian Separatists from the Restoration Forces faction clashed with the military forces from the Rapid Intervention in Bombe Bakundu (Kumba 3, Meme, Sud-Ouest) during an operation to dislodge Separatists hideouts. 1 Separatist was killed. The military forces recovered a weapon.",0.6474464579901155,0.92,0.13263405305716333,0.33281735471464097,0.13396704745143823,0.13263405305716333,0.13263405305716333,0.13531343866209786
llama3.2:3b,CAO11938,B,B,0.92,"[0.01, 0.93, 0.02, 0.01, 0.01, 0.03]",,0.88,Military Forces of Cameroon (1982-) Gendarmerie,"On 10 October 2023, Gendarmerie forces, clashed with Ambazonian Separatists at an illegal Separatist checkpoint in Bamessing (Tubah, Mezam, Nord-Ouest) as Separatists were looting money from commercial vehicles. Casualties unknown. No information on the injuries. The military forces seized 2 motorbikes.",0.6474464579901155,0.92,0.13263405305716333,0.33281735471464097,0.13396704745143823,0.13263405305716333,0.13263405305716333,0.13531343866209786
llama3.2:3b,CAO13051,S,S,0.85,"[0.04, 0.03, 0.02, 0.01, 0.01, 0.29]",,0.74,Boko Haram - Jamaatu Ahli is-Sunnah lid-Dawati wal-Jihad,"Property destruction: Around 3 April 2024 (as reported), suspected ISWAP or Boko Haram militants removed sheet metal Roofs of schools and professional training buildings in Tchahack (Chahack) (Darak, Logone-et-Chari, Extreme-Nord).",0.4971751412429379,0.85,0.16141620142131086,0.15981008338159103,0.15821994648338492,0.15664563171167747,0.15664563171167747,0.20726250529015108
llama3.2:3b,CAO11684,V,V,0.92,"[0.93, 0.02, 0.01, 0.01, 0.01, 0.03]",,0.84,Ambazonian Separatists (Cameroon),"On 26 June 2023, Ambazonian Separatists from the Restoration Forces shot and killed two members of the state security forces (coded as military) in Konye (Meme, Sud-Ouest). The soldiers had been previously abducted by the Separatists on 25 June 2023 (coded separately).",0.6474464579901155,0.92,0.33281735471464097,0.13396704745143823,0.13263405305716333,0.13263405305716333,0.13263405305716333,0.13531343866209786
llama3.2:3b,CAO14510,V,S,0.85,"[0.04, 0.03, 0.02, 0.01, 0.01, 0.29]",,0.89,Boko Haram - Jamaatu Ahli is-Sunnah lid-Dawati wal-Jihad,"On 20 August 2024, Boko Haram (JAS) (likely) militants abducted 2 farmers from their fields in Alagarno (Kolofata, Mayo-Sava, Extreme-Nord). They were later released for an unknown reason.",0.4971751412429379,0.85,0.16141620142131086,0.15981008338159103,0.15821994648338492,0.15664563171167747,0.15664563171167747,0.20726250529015108
llama3.2:3b,CAO13082,B,V,0.92,"[0.93, 0.01, 0.02, 0.01, 0.01, 0.03]",,0.82,Military Forces of Cameroon (1982-),"On 21 February 2024, the state security forces, coded as the military forces ambushed and clashed with the Ambazonian Separatists restoration forces along Buea - Kumba main road, coded to Kumba (Kumba 1, Meme, Sud-Ouest). A driver of a public transport vehicle was hit and killed by a stray bullet. No information on the injuries.",0.6474464579901155,0.92,0.33281735471464097,0.13263405305716333,0.13396704745143823,0.13263405305716333,0.13263405305716333,0.13531343866209786
llama3.2:3b,CAO5627,B,B,0.92,"[0.01, 0.93, 0.02, 0.01, 0.01, 0.03]",,0.79,Military Forces of Cameroon (1982-),"Around 24 October 2021 (as reported), the military forces opened fire on BNL fighters who were erecting barricades in Cameroon-Nigeria border area in Bakassi Peninsula, Kombo Abedimo subdivision (Ndian, Sud-Ouest). 2 BNL fighters were killed.",0.6474464579901155,0.92,0.13263405305716333,0.33281735471464097,0.13396704745143823,0.13263405305716333,0.13263405305716333,0.13531343866209786
llama3.2:3b,CAO8784,B,E,0.96,"[0.02, 0.01, 0.96, 0.0, 0.01, 0.01]",,0.95,Ambazonian Separatists (Cameroon),"On 10 May 2022, suspected Ambazonian Separatist fighters detonated a remote controlled IED targeting traveling military along the Bamenda-Belo road road, coded to Bamenda (Bamenda 1, Mezam, Nord-Ouest). 1 separatist was killed during clashes that followed the detonation. 2 civlians were also killed by stray bullets.",0.6474464579901155,0.96,0.1331499486982857,0.13182508457244801,0.34086139451910713,0.13051340306492218,0.13182508457244801,0.13182508457244801
llama3.2:3b,CAO4808,B,B,0.92,"[0.01, 0.93, 0.02, 0.01, 0.01, 0.03]",,0.89,Military Forces of Cameroon (1982-),"Around 16 October 2020 (week of), the military forces engaged in fire fights with Ambazonian separatists in Bamessing village, Ndop subdivision (Mezam, Nord-Ouest), resulting in 3 people getting killed.",0.6474464579901155,0.92,0.13263405305716333,0.33281735471464097,0.13396704745143823,0.13263405305716333,0.13263405305716333,0.13531343866209786
llama3.2:3b,CAO14672,S,E,0.98,[],,0.61,Ambazonian Separatists (Cameroon),"Looting: On 3 July 2024, Ambazonian Separatists from the Restoration Forces faction extorted money, coded as looting, from civilians at an illegal checkpoint on the main road in Bamessing (Tubah, Mezam, Nord-Ouest).",0.6474464579901155,0.98,,,,,,
llama3.2:3b,CAO12986,P,P,0.92,"[0.99, 0.01, 0.0, 0.98, 0.01, 0.01]",,0.85,Protesters (Cameroon),"On 17 April 2024, people protested in front of the Town Hall in Yaounde (Yaounde 1, Mfoundi, Centre) after the municipal police officers attempted to arrest a civilian who had refused to pay them money causing an accident that killed 2 civilians. The protesters voiced their growing concern about the actions of the police officers.",0.6474464579901155,0.92,0.2867334328962631,0.10761423977773053,0.10654346020098522,0.2838803875692735,0.10761423977773053,0.10761423977773053
llama3.2:3b,CAO11562,B,B,0.92,"[0.02, 0.93, 0.01, 0.01, 0.03, 0.08]",,0.78,Military Forces of Cameroon (1982-),"On 16 June 2023, government forces, coded as military, clashed with Ambazonian Separatists in Kedjem Keku (Tubah, Mezam, Nord-Ouest), leading to the killing of at least 13 civilians and 3 Ambazonian separatists.",0.6474464579901155,0.92,0.1326909514117672,0.32964712056852313,0.13137065438523907,0.13137065438523907,0.13402451764401271,0.140896101604889
llama3.2:3b,CAO14799,V,V,0.92,"[0.92, 0.01, 0.02, 0.01, 0.01, 0.04]",,0.79,Ambazonian Separatists (Cameroon),"On 12 July 2024, Ambazonian Separatists from the Bui Unity Warriors faction shot and killed 1 civilian in Jakiri (Jakiri, Bui, Nord-Ouest) after the Separatists had taken him out of his private residence. They accused him of collaborating with the security forces.",0.6474464579901155,0.92,0.3301501092303361,0.13289341653256118,0.13422901757309938,0.13289341653256118,0.13289341653256118,0.13694062359855094
llama3.2:3b,CAO4310,S,S,0.85,"[0.04, 0.03, 0.02, 0.01, 0.01, 0.29]",,0.86,Police Forces of Cameroon (1982-),"Defusal: On 27 January 2021, the police forces retrieved and defused an IED planted by unidentified men in Bamenda town (Mezam, Nord-Ouest). No fatality and/or casualty reported.",0.4971751412429379,0.85,0.16141620142131086,0.15981008338159103,0.15821994648338492,0.15664563171167747,0.15664563171167747,0.20726250529015108
llama3.2:3b,CAO10471,V,R,0.85,"[0.11, 0.02, 0.01, 0.03, 0.83, 0.01]",,0.85,Military Forces of Cameroon (1982-),"On 22 March 2023, state security forces, coded as military forces, beat up civilians and broke into homes where they looted properties in Ngomgham Mankon, coded to Ntarinkon (Bamenda - Mankon, Mezam, Nord-Ouest). They also harrassed civilians, the attack was after separatists attacked their position in the area and engaged them in an armed clash (coded separately). No information on injuries.",0.4971751412429379,0.85,0.14922799333699208,0.13638411682612409,0.13502707218973128,0.13775479998785334,0.3065789454692613,0.13502707218973128
llama3.2:3b,CAO11896,B,V,0.96,"[0.97, 0.02, 0.01, 0.0, 0.0, 0.0]",,0.99,Military Forces of Cameroon (1982-),"On 28 September 2023, state forces, coded as military, exchanged fire with Ambazonian Separatists in Benade (Menchum, Nord-Ouest) during an operation to dislodge the Ambazonian Separatists. Four civilians, including the traditional chief of Banum village, were killed caught by stray bullets.",0.6474464579901155,0.96,0.34401109086017506,0.13304320135896353,0.13171939938689892,0.13040876946453953,0.13040876946453953,0.13040876946453953
llama3.2:3b,CAO11447,S,E,0.98,"[0.01, 0.02, 0.96, 0.01, 0.01, 0.01]",,0.87,Military Forces of Cameroon (1982-),"Other: On 4 July 2023, state security forces, coded as military forces, on vehicular patrol shot into the air at the cattle market in Lassin (Bui, Nord-Ouest) to prevent an attack by Ambazonian Separatists after they tipped off that a separatists camp opened in the area.",0.6474464579901155,0.98,0.1316523985558409,0.1329755271583586,0.34041487861793734,0.1316523985558409,0.1316523985558409,0.1316523985558409
llama3.2:3b,CAO3261,V,V,0.92,"[0.92, 0.01, 0.02, 0.01, 0.01, 0.05]",,0.86,Ambazonian Separatists (Cameroon),"On 10 May 2020, suspected Ambazonian separatists killed one person in Bakebe village, Mamfe subdivision (Manyu, Sud-Ouest).",0.6474464579901155,0.92,0.3296963559995653,0.13271076986544245,0.1340445352764587,0.13271076986544245,0.13271076986544245,0.138126799127319
llama3.2:3b,CAO11281,V,V,0.92,"[0.92, 0.01, 0.02, 0.01, 0.01, 0.05]",,0.87,Ambazonian Separatists (Cameroon),"On 24 November 2023, the Ambazonian Restoration Forces abducted a builder from a public transport vehicle at a vehicle checkpoint in Nguti (Nguti, Kupe-Manenguba, Sud-Ouest).",0.6474464579901155,0.92,0.3296963559995653,0.13271076986544245,0.1340445352764587,0.13271076986544245,0.13271076986544245,0.138126799127319
llama3.2:3b,CAO11825,V,V,0.85,[],,0.57,Ambazonian Separatists (Cameroon),"On 3 July 2022, Ambazonian Separatists abducted two workers of a government-owned agro-industrial company, (PAMOL) in Mabonji (Meme, Sud-Ouest).",0.4971751412429379,0.85,,,,,,
llama3.2:3b,CAO12114,V,V,0.92,"[0.92, 0.01, 0.02, 0.01, 0.01, 0.01]",,0.85,Ambazonian Separatists (Cameroon),"On 15 August 2023, Ambazonian Separatists shot and killed a woman in Akwaya (Manyu, Sud-Ouest). They also abducted four civilians from a home for unknown reasons. No additional information.",0.6474464579901155,0.92,0.33149172488159406,0.13343344933153517,0.134774477791934,0.13343344933153517,0.13343344933153517,0.13343344933153517
llama3.2:3b,CAO15247,S,R,0.85,"[0.01, 0.02, 0.03, 0.04, 0.85, 0.01]",,0.93,Military Forces of Cameroon (1982-) Gendarmerie,"Looting: On 10 August 2024, gendarmerie forces broke into 8 civilian private residences and looted an unspecified amount of money and valuables in Bamunka (Ndop, Ngo-Ketunjia, Nord-Ouest) during an operation to dislodge Ambazonian Separatists from their hideouts.",0.4971751412429379,0.85,0.135555117535184,0.13691746911552666,0.13829351255687913,0.13968338546473225,0.3139953977921797,0.135555117535184
llama3.2:3b,CAO6111,V,V,0.92,[],,0.55,Military Forces of Cameroon (1982-),"Around 24 May 2022, the Cameroonian military shot randomly in Mbve area of Kumbo (Kumbo, Bui, Nord-Ouest). The bullets went through some houses.",0.6474464579901155,0.92,,,,,,
llama3.2:3b,CAO13590,S,S,0.85,"[0.04, 0.03, 0.02, 0.01, 0.01, 0.29]",,0.93,Military Forces of Cameroon (1982-) Gendarmerie,"Defusal: On 19 April 2024, gendarmerie forces recovered an IED planted by an Ambazonian Separatist at the Market in Great Soppo (Buea, Fako, Sud-Ouest). The were no fatalities. The Separatist had attempted to detonate the IED on a minister's convoy but nearby civilians alerted the gendarmerie forces and he was arrested.",0.4971751412429379,0.85,0.16141620142131086,0.15981008338159103,0.15821994648338492,0.15664563171167747,0.15664563171167747,0.20726250529015108
llama3.2:3b,CAO4947,S,S,0.85,"[0.04, 0.03, 0.02, 0.01, 0.01, 0.49]",,0.89,Military Forces of Cameroon (1982-),"On 13 January 2021, a joint police and military forces operation was conducted in Mudeka village, Tiko subdivision (Fako, Sud-Ouest), resulting in 86 people getting arrested.",0.4971751412429379,0.85,0.15433404508514137,0.1527983956783808,0.15127802623852052,0.1497727847273495,0.1497727847273495,0.2420439635430163
llama3.2:3b,CAO5487,V,V,0.92,"[0.93, 0.02, 0.01, 0.01, 0.01, 0.03]",,0.86,Military Forces of Cameroon (1982-),"On 16 August 2021, the military forces tortured several civilians, and looted properties during a raid in Bamenda - Chomba village, Bamenda 2 subdivision (Mezam, Nord-Ouest).",0.6474464579901155,0.92,0.33281735471464097,0.13396704745143823,0.13263405305716333,0.13263405305716333,0.13263405305716333,0.13531343866209786
llama3.2:3b,CAO12450,V,V,0.92,"[0.92, 0.01, 0.02, 0.01, 0.01, 0.04]",,0.8,Ambazonian Separatists (Cameroon),"On 26 July 2023, Ambazonian Separatists shot and killed a civilian in Mezam department, coded to Bamenda (Mezam, Nord-Ouest), after getting in an argument with him. They let another man go who was with the victim after seizing his phone and an unknown amount of money.",0.6474464579901155,0.92,0.3301501092303361,0.13289341653256118,0.13422901757309938,0.13289341653256118,0.13289341653256118,0.13694062359855094
llama3.2:3b,CAO10410,S,S,0.85,"[0.04, 0.03, 0.02, 0.01, 0.01, 0.29]",,0.82,Military Forces of Cameroon (1982-),"Property destruction: On 7 April 2023, State security forces, coded as the military forces, set fire to 3 civilian houses in Aboh, coded to Fundong (Njinikom, Boyo, Nord-Ouest).",0.4971751412429379,0.85,0.16141620142131086,0.15981008338159103,0.15821994648338492,0.15664563171167747,0.15664563171167747,0.20726250529015108
llama3.2:3b,CAO6584,S,S,0.85,"[0.04, 0.03, 0.02, 0.01, 0.01, 0.29]",,0.8,Military Forces of Cameroon (1982-),"On 25 September 2022, Cameroonian security forces arrested at least 60 people in Kourgui (Mora, Mayo-Sava, Extreme-Nord). 30 motorbikes without official documents were seized. The military were looking for armed group members.",0.4971751412429379,0.85,0.16141620142131086,0.15981008338159103,0.15821994648338492,0.15664563171167747,0.15664563171167747,0.20726250529015108
llama3.2:3b,CAO10587,B,S,0.85,"[0.04, 0.03, 0.02, 0.01, 0.01, 0.29]",,0.81,Ambazonian Separatists (Cameroon),"On 7 May 2023, Ambazonian Separatists from the Bui Warriors, led by 'General Mad Dog,' engaged in an armed confrontation with state security forces (coded as military) in Njavnyuy, Kumbo commune, coded to Kumbo (Bui, Nord-Ouest). During the attack, the Separatists fired 2 rockets at the base. An unknown number of soldiers were injured.",0.4971751412429379,0.85,0.16141620142131086,0.15981008338159103,0.15821994648338492,0.15664563171167747,0.15664563171167747,0.20726250529015108
llama3.2:3b,CAO4741,V,V,0.85,"[0.85, 0.01, 0.02, 0.01, 0.03, 0.09]",,0.81,Military Forces of Cameroon (1982-),"On 18 December 2020, the military forces raided Dyeny village, Mbonge subdivision (Meme, Sud-Ouest), resulting in 2 people getting injured and houses burnt down.",0.4971751412429379,0.85,0.31176264095198963,0.1345912129110157,0.13594387708883224,0.1345912129110157,0.13731013576764461,0.1458009203691902
llama3.2:3b,CAO6254,E,E,0.98,"[0.02, 0.01, 0.96, 0.01, 0.01, 0.01]",,0.77,Unidentified Armed Group (Cameroon),"On 2 July 2022, an explosive device planted by an unidentified armed group exploded at Mokolo market in Yaounde (Yaounde 1, Mfoundi, Centre) leading to 4 injured, including 2 severely. No fatalities.",0.6474464579901155,0.98,0.1329755271583586,0.1316523985558409,0.34041487861793734,0.1316523985558409,0.1316523985558409,0.1316523985558409
llama3.2:3b,CAO11395,B,E,0.98,"[0.01, 0.02, 0.96, 0.01, 0.01, 0.01]",,0.8,Ambazonian Separatists (Cameroon),"On 2 January 2024, the Bui Unity Warriors attacked a military convoy on transit with a road planted IED in Wainamah (Jakiri, Bui, Nord-Ouest). This prompted military to fire repelling gunshots. Casualties unknown.",0.6474464579901155,0.98,0.1316523985558409,0.1329755271583586,0.34041487861793734,0.1316523985558409,0.1316523985558409,0.1316523985558409
llama3.2:3b,CAO8359,B,S,0.85,"[0.04, 0.03, 0.02, 0.01, 0.01, 0.29]",,0.83,Military Forces of Cameroon (1982-) Rapid Intervention Battalion,"On 4 January 2024, the military forces killed 1 unidentified armed group member in Bourrha (Bourrha, Mayo-Tsanaga, Extreme-Nord). The member was known to abduct civilians. Food items, clothing, bladed weapons and other items were recovered.",0.4971751412429379,0.85,0.16141620142131086,0.15981008338159103,0.15821994648338492,0.15664563171167747,0.15664563171167747,0.20726250529015108
llama3.2:3b,CAO11563,V,V,0.98,"[0.98, 0.01, 0.0, 0.0, 0.0, 0.01]",,0.8,Military Forces of Cameroon (1982-),"On 21 June 2023, government forces, coded as military, raped a 12-year-old girl in Atoini, coded to Njinikom (Boyo, Nord-Ouest). No further information is available.",0.6474464579901155,0.98,0.3467286909196672,0.13143896555144177,0.13013112599236756,0.13013112599236756,0.13013112599236756,0.13143896555144177
llama3.2:3b,CAO10080,V,V,0.92,"[0.92, 0.02, 0.01, 0.01, 0.01, 0.01]",,0.89,Military Forces of Cameroon (1982-),"On 2 February 2023, the state security forces, coded as the military forces beat civilians in Matondo II (Konye, Meme, Sud-Ouest) for an unknown reason. Casualties unknown. The attack caused the displacement of some civilians.",0.6474464579901155,0.92,0.33149172488159395,0.13477447779193394,0.13343344933153514,0.13343344933153514,0.13343344933153514,0.13343344933153514
llama3.2:3b,CAO7398,V,E,0.96,"[0.02, 0.01, 0.96, 0.01, 0.01, 0.01]",,0.85,Boko Haram - Jamaatu Ahli is-Sunnah lid-Dawati wal-Jihad,"On 18 June 2023, Boko Haram [JAS] militants attacked Gazla, coded to Mora (Mora, Mayo-Sava, Extreme-Nord). 2 were killed and 1 was wounded. The militants looted houses and stole food items.",0.6474464579901155,0.96,0.1329755271583586,0.1316523985558409,0.34041487861793734,0.1316523985558409,0.1316523985558409,0.1316523985558409
llama3.2:3b,CAO15321,S,R,0.85,"[0.01, 0.02, 0.03, 0.04, 0.79, 0.05]",,0.92,Boko Haram - Jamaatu Ahli is-Sunnah lid-Dawati wal-Jihad,"Looting: On 12 October 2024, Boko Haram (JAS) (likely) militants looted 2 stores and nearly 20 houses in Ldoubam (Mokolo, Mayo-Tsanaga, Extreme-Nord).",0.4971751412429379,0.85,0.13730626105731164,0.13868621192264005,0.14008003152473292,0.141487859246712,0.2995298003757811,0.1429098358725227
llama3.2:3b,CAO5584,B,B,0.92,"[0.01, 0.93, 0.02, 0.01, 0.01, 0.03]",,0.86,Military Forces of Cameroon (1982-),"On 3 September 2021, military forces engaged in fire fight with Ambazonian separatists in Ekona town, Bangem subdivision (Kupe-Manenguba, Sud-Ouest).There were no fatalities.",0.6474464579901155,0.92,0.13263405305716333,0.33281735471464097,0.13396704745143823,0.13263405305716333,0.13263405305716333,0.13531343866209786
llama3.2:3b,CAO15173,B,B,0.92,"[0.01, 0.93, 0.02, 0.01, 0.03, 0.01]",,0.94,Ambazonian Separatists (Cameroon),"On 8 August 2024, Ambazonian Separatists from the Restoration Forces faction clashed with the security forces, coded as the military forces in Big Ngwandi (Konye, Meme, Sud-Ouest). The Separatists detonated an IED that killed 2 soldiers and injured 6 others before clashing with security forces. The casualties on the Separatist side are unknown.",0.6474464579901155,0.92,0.13263405305716333,0.33281735471464097,0.13396704745143823,0.13263405305716333,0.13531343866209786,0.13263405305716333
llama3.2:3b,CAO5791,V,E,0.96,"[0.02, 0.01, 0.96, 0.01, 0.01, 0.01]",,0.84,Ambazonian Separatists (Cameroon),"On 22 December 2021, suspected Ambazonian separatists opened fire on the house of the former Mayor of Mamfe town (Manyu, Sud-Ouest) before burning his house down. They accuse him of denouncing human rights violations allegedly committed by one separatist leader. There were no fatalities.",0.6474464579901155,0.96,0.1329755271583586,0.1316523985558409,0.34041487861793734,0.1316523985558409,0.1316523985558409,0.1316523985558409
llama3.2:3b,CAO7007,V,V,0.96,"[0.97, 0.02, 0.01, 0.0, 0.0, 0.0]",,0.85,Military Forces of Cameroon (1982-),"On 29 January 2023, suspected members of the Cameroonian military forces attacked traveling civilians on the Bamenda-Kumbo road, coded to Bamenda (Bamenda 1, Mezam, Nord-Ouest). 2 drivers were killed by the military. The victims were traveling to Jakiri when they were stopped by the soldiers.",0.6474464579901155,0.96,0.34401109086017506,0.13304320135896353,0.13171939938689892,0.13040876946453953,0.13040876946453953,0.13040876946453953
llama3.2:3b,CAO13016,E,E,0.98,"[0.01, 0.02, 0.96, 0.01, 0.01, 0.0]",,0.88,Ambazonian Separatists (Cameroon),"On 23 February 2024, an IED planted by Ambazonian Separatists detonated on the military forces in Bamenda - Mankon (Bamenda 2, Mezam, Nord-Ouest). At least 6 soldiers were killed and their military vehicle was damaged.",0.6474464579901155,0.98,0.13182508457244801,0.1331499486982857,0.34086139451910713,0.13182508457244801,0.13182508457244801,0.13051340306492218
llama3.2:3b,CAO9923,V,V,0.93,"[0.93, 0.02, 0.01, 0.01, 0.01, 0.01]",,0.83,Military Forces of Cameroon (1982-),"On 20 March 2021, state forces, coded as military, raided the village Bengang located in Batibo (Momo, Nord-Ouest).There was 1 civilian killed.",0.6474464579901155,0.93,0.3337114964945496,0.134326961177572,0.1329903855818861,0.1329903855818861,0.1329903855818861,0.1329903855818861
llama3.2:3b,CAO3105,B,V,0.92,"[0.92, 0.01, 0.02, 0.01, 0.01, 0.05]",,0.9,Ambazonian Separatists (Cameroon),"On 15 March 2020, the Ambazonian separatists killed a civilian when they targeted a soldier who he was transporting to his duty post in Mundemba town (Ndian, Sud-Ouest).",0.6474464579901155,0.92,0.3296963559995653,0.13271076986544245,0.1340445352764587,0.13271076986544245,0.13271076986544245,0.138126799127319
llama3.2:3b,CAO12465,S,S,0.85,"[0.04, 0.03, 0.02, 0.01, 0.01, 0.29]",,0.86,Military Forces of Cameroon (1982-),"Property destruction: On 24 July 2023, state security forces (coded as military) set ablaze the traditional house of a village in Belo commune, coded to Oku (Boyo, Nord-Ouest), which had been a secret shrine of 'Beng Aweh.' They also arrested some men, all, with the exception of two, were shortly released.",0.4971751412429379,0.85,0.16141620142131086,0.15981008338159103,0.15821994648338492,0.15664563171167747,0.15664563171167747,0.20726250529015108
llama3.2:3b,CAO5869,B,B,0.92,"[0.01, 0.93, 0.02, 0.01, 0.01, 0.03]",,0.94,Islamic State West Africa Province (ISWAP) - Lake Chad Faction,"Around 12 February 2022, ISWAP militants launched an attack targeting a military post of the Multinational Task force in Gasama (Logone-Birni, Logone-et-Chari), causing the killing of ten militants, injury of two soldiers, and the seizure of arms and ammunition.",0.6474464579901155,0.92,0.13263405305716333,0.33281735471464097,0.13396704745143823,0.13263405305716333,0.13263405305716333,0.13531343866209786
llama3.2:3b,CAO13677,V,S,0.85,"[0.04, 0.03, 0.02, 0.01, 0.01, 0.29]",,0.93,Ambazonian Separatists (Cameroon),"On 16 April 2024, Ambazonian Separatists from the SOCADEF abducted 3 village elders and a traditional ruler from their private residences in Weme (Konye, Meme, Sud-Ouest). The Separatists accused the elders of installing a new traditional council in the village without notifying the Separatists.",0.4971751412429379,0.85,0.16141620142131086,0.15981008338159103,0.15821994648338492,0.15664563171167747,0.15664563171167747,0.20726250529015108
mistral:7b,CAO11875,V,V,0.92,"[1.0, 0.03, 0.01, 0.01, 0.02, 0.04]",,1.0,Unidentified Armed Group (Cameroon),"On 24 September 2023, an unidentified armed group shot and killed a bike rider beside a rice farm in Bamunka (Ngo-Ketunjia, Nord-Ouest) after having abducted him. They accused him of impersonating the armed group and extorting money from civilians.",0.845953002610966,0.92,0.3471691336758202,0.13160592992955492,0.12899995791625152,0.12899995791625152,0.13029642904716052,0.13292859151461425
mistral:7b,CAO9055,V,V,0.92,"[1.0, 0.05, 0.02, 0.01, 0.02, 0.01]",,1.0,Military Forces of Cameroon (1982-),"On 4 September 2022, military forces shot and killed a man in Besali (Wabane, Lebialem, Sud-Ouest) after he was mistaken for a separatist fighter following an exchange of fire between soldiers and Ambazonia Liberation Army fighters.",0.845953002610966,0.92,0.3471599500201658,0.13426099437321243,0.1302929823192654,0.128996545483872,0.1302929823192654,0.128996545483872
mistral:7b,CAO3117,B,B,0.9,"[0.02, 0.03, 0.9, 0.01, 0.01, 0.01]",,1.05,Islamic State West Africa Province (ISWAP) - Lake Chad Faction and/or Boko Haram - Jamaatu Ahli is-Sunnah lid-Dawati wal-Jihad,"On 23 March 2020, Boko Haram were repulsed by the military after staging an attack on the village of Goshikale in Mora subdivision (Mayo-Sava, Extreme-Nord). Militants destroyed the local hospital and looted several houses, taking away 3 motorcycles.",0.845953002610966,0.8999999999999999,0.13529786968040183,0.13665763587682186,0.3261895942913547,0.13395163338369845,0.13395163338369845,0.13395163338369845
mistral:7b,CAO13564,B,B,0.85,"[0.03, 0.85, 0.02, 0.01, 0.02, 0.04]",,1.02,Military Forces of Cameroon (1982-) Gendarmerie,"On 21 April 2024, gendarmerie officers clashed with Ambazonian Separatists from the Restoration Forces faction at the Separatist hideout in Kouki (Mbven, Bui, Nord-Ouest). There were no fatalities. No information on the injuries.",0.5563636363636365,0.85,0.13810536449530517,0.31356820764894405,0.13673119315844512,0.13537069505484398,0.13673119315844512,0.1394933464837029
mistral:7b,CAO8281,S,V,0.95,"[0.02, 0.01, 0.03, 0.0, 0.0, 0.95]",,0.98,Islamic State West Africa Province (ISWAP) and/or Boko Haram - Jamaatu Ahli is-Sunnah lid-Dawati wal-Jihad,"Looting: On 18 December 2023, ISWAP or Boko Haram militants looted 2 houses in Waza (Waza, Logone-et-Chari, Extreme-Nord).",0.845953002610966,0.9499999999999998,0.13342216536509677,0.13209459263816806,0.1347630804197475,0.13078022948058238,0.13078022948058238,0.3381597026154848
mistral:7b,CAO10079,S,S,0.75,"[0.12, 0.03, 0.01, 0.01, 0.04, 0.75]",,0.87,Civilians (Cameroon),"Displacement: On 2 February 2023, civilians were displaced for fear of retaliation attacks from, the state security forces in Diongo (Dibombari, Moungo, Littoral) after suspected Ambazonian Separatists mounted an illegal checkpoint paralyzing vehicle movement.",0.25,0.75,0.15369656260109418,0.14046808163013152,0.13768662725579994,0.13768662725579994,0.14187980932050692,0.2885822919363788
mistral:7b,CAO9679,V,V,0.94,"[0.94, 0.03, 0.01, 0.01, 0.02, 0.02, 0.0]",,1.06,Military Forces of Cameroon (1982-),"On 27 June 2022, military forces shot and killed four civilians in Banten (Bui, Nord-Ouest) who were previously arrested on 25 June during a military operation. The circumstances that led to their execution are unclear.",0.845953002610966,0.9400000000000001,,,,,,
mistral:7b,CAO5718,V,V,0.92,"[0.87, 0.03, 0.01, 0.01, 0.02, 0.06]",,1.02,Military Forces of Cameroon (1982-),"On 16 October 2021, the military forces shot and killed a student in Waindo village, Wum subdivision (Menchum, Nord-Ouest). He was accused of being in possession of a military uniform and some ammunition.",0.845953002610966,0.92,0.3174293115458854,0.13703757423920662,0.1343240484624463,0.1343240484624463,0.13567402759291577,0.14121098969678209
mistral:7b,CAO8534,B,B,0.85,"[0.03, 0.85, 0.02, 0.01, 0.01, 0.06]",,1.0,Unidentified Armed Group (Cameroon),"On 21 February 2024, an unidentified armed group clashed with Boko Haram (JAS) (likely) militants in Kouyape (Kolofata, Mayo-Sava, Extreme-Nord). The bodies of 3 militants were found by civilians. The exact circumstances of their death are unknown.",0.5563636363636365,0.85,0.1379043751541737,0.3131118613825593,0.13653220369467256,0.13517368556931814,0.13517368556931814,0.142104188629645
mistral:7b,CAO4163,V,V,0.94,"[0.94, 0.03, 0.01, 0.01, 0.02, 0.02, 0.0]",,1.05,Military Forces of Cameroon (1982-),"On 12 December 2020, the military forces shot and killed two civilians in Mkpot village, Mamfe subdivision (Manyu, Sud-Ouest).",0.845953002610966,0.9400000000000001,,,,,,
mistral:7b,CAO14080,B,B,0.9,"[0.02, 0.03, 0.04, 0.01, 0.01, 0.9]",,0.98,Military Forces of Cameroon (1982-) Rapid Intervention Battalion,"On 24 July 2024, the military forces from the Rapid Intervention clashed with Boko Haram (JAS) (likely) militants in Yabogo neighborhood in Amchide (Kolofata, Mayo-Sava, Extreme-Nord). There were no fatalities.",0.845953002610966,0.8999999999999999,0.13474817332430086,0.13610241498049652,0.13747026699160927,0.13340740659772815,0.13340740659772815,0.32486433150781224
mistral:7b,CAO13672,V,V,0.87,"[1.0, 0.05, 0.02, 0.03, 0.04, 0.01]",,1.08,Ambazonian Separatists (Cameroon),"On 15 April 2024, Ambazonian Separatists from the ADF abducted 4 men and 2 women at a checkpoint in Mambanda (Kumba 2, Meme, Sud-Ouest). The militants also looted 3 motorbikes. The reason for the abduction is not known.",0.7254901960784313,0.8700000000000001,0.34535100287732545,0.13356140030381525,0.12961406437932188,0.13091670738279215,0.13223244216609836,0.12832438289030157
mistral:7b,CAO3188,V,V,0.9,"[0.85, 0.03, 0.02, 0.01, 0.02, 0.09]",,0.98,Military Forces of Cameroon (1982-),"On 16 April 2020, military forces killed three former Ambazonian separatists in Balikumbat town (Ngo-ketunjia, Nord-Ouest).",0.845953002610966,0.8999999999999999,0.3113415004572535,0.1371246521627685,0.13576023907666143,0.13440940212759597,0.13576023907666143,0.14560396709874776
mistral:7b,CAO8782,B,B,0.9,"[0.02, 0.03, 0.01, 0.01, 0.01, 0.9]",,1.03,Ambazonian Separatists (Cameroon),"On 1 July 2022, suspected Ambazonian Separatist fighters clashed with the military forces in Bambui (Tubah, Mezam, Nord-Ouest). There were no fatalities.",0.845953002610966,0.8999999999999999,0.13529786968040183,0.13665763587682186,0.13395163338369845,0.13395163338369845,0.13395163338369845,0.3261895942913547
mistral:7b,CAO7306,B,B,0.9,"[0.01, 0.02, 0.03, 0.01, 0.01, 0.9]",,0.95,Military Forces of Cameroon (1982-) Rapid Intervention Battalion,"On 19 May 2023, the military forces of Kerawa (Rapid Intervention) clashed with Boko Haram (JAS) (likely) militants in Balatikse neighborhood in Mayo Moskota (Kolofata, Mayo-Sava, Extreme-Nord). 1 militant was killed while 3 soldiers seriously injured. 2 militants were captured. The military seized some equipment.",0.845953002610966,0.8999999999999999,0.13395163338369845,0.13529786968040183,0.13665763587682186,0.13395163338369845,0.13395163338369845,0.3261895942913547
mistral:7b,CAO13551,S,S,0.95,"[0.01, 0.02, 0.03, 0.04, 0.05, 0.95]",,1.03,Boko Haram - Jamaatu Ahli is-Sunnah lid-Dawati wal-Jihad,"On 14 June 2024, 11 members of Boko Haram (JAS) (likely) militants surrendered to the military forces in Madakar (Mayo-Moskota, Mayo-Tsanaga, Extreme-Nord).",0.845953002610966,0.9499999999999998,0.13052277368099033,0.13183454936477335,0.13315950861335532,0.13449778392376527,0.13584950912464944,0.3341358752921321
mistral:7b,CAO4946,V,V,0.85,"[0.85, 0.03, 0.01, 0.02, 0.04, 0.05]",,0.97,Ambazonian Separatists (Cameroon),"On 13 January 2021, Ambazonian separatists kidnapped a truck driver and his assistant in Bukow village, Ndop subdivision (Ngo-Ketunjia, Nord-Ouest).",0.5563636363636365,0.85,0.31226789765386587,0.1375326668128022,0.13480933754624874,0.13616419391309453,0.1389148930938021,0.14031101097987414
mistral:7b,CAO8143,B,B,0.9,"[0.02, 0.01, 0.03, 0.01, 0.01, 0.9]",,1.04,Military Forces of Cameroon (1982-) Rapid Intervention Battalion,"On 14 November 2023, the military forces (Rapid Intervention) ambushed Boko Haram (JAS) (likely) militants along the Limani - Goumbouldi road, coded to Limani (Mora, Mayo-Sava, Extreme-Nord). 2 militants were killed, the militants had approached an abandoned civilian truck near where the military forces were parked and the military recovered a weapon.",0.845953002610966,0.8999999999999999,0.13529786968040183,0.13395163338369845,0.13665763587682186,0.13395163338369845,0.13395163338369845,0.3261895942913547
mistral:7b,CAO15055,V,V,0.85,"[0.12, 0.03, 0.01, 0.01, 0.04, 0.85]",,0.97,Unidentified Armed Group (Cameroon),"Around 17 September 2024 (as reported), an unidentified armed group attacked and killed 1 civilian between Mora and Blabline (Kolofata, Mayo-Sava, Extreme-Nord) for an unknown reason.",0.5563636363636365,0.85,0.14916920784157162,0.13633039092861776,0.13363086831962243,0.13363086831962243,0.1377005341361003,0.30953813045415596
mistral:7b,CAO11956,B,B,0.85,"[0.03, 0.85, 0.02, 0.01, 0.01, 0.06]",,1.01,Military Forces of Cameroon (1982-) Rapid Intervention Battalion,"On 25 October 2023, military forces from the Rapid Intervention Battalion engaged in an armed confrontation with Ambazonian Separatists in Ngarum (Donga-Mantung, Nord-Ouest). There were no casualties.",0.5563636363636365,0.85,0.1379043751541737,0.3131118613825593,0.13653220369467256,0.13517368556931814,0.13517368556931814,0.142104188629645
mistral:7b,CAO12511,V,V,0.92,"[1.0, 0.05, 0.01, 0.01, 0.02, 0.02, 0.0]",,1.18,Military Forces of Cameroon (1982-),"On 19 July 2023, state security forces (coded as military) physically assualted 10 men, including the traditional chief and traditional council chairman, whom they had arrested in Nongomadiba (Kupe-Manenguba, Sud-Ouest), injuring them. They were targeted for not acting against Ambazonian Separatists who had buried a woman alive early in the morning (coded separately).",0.845953002610966,0.92,,,,,,
mistral:7b,CAO4776,S,V,0.87,"[0.13, 0.05, 0.02, 0.01, 0.02, 0.87]",,1.05,Military Forces of Cameroon (1982-),"Looting: Around 15 July 2020 (month of), the military forces raided Bengang village, Batibo subdivision (Momo, Nord-Ouest). They shot in the air, and then looted property.",0.7254901960784313,0.8700000000000001,0.14930631015777995,0.1378270955253197,0.13375368925451006,0.13242281780976556,0.13375368925451006,0.3129363979978017
mistral:7b,CAO12845,V,V,0.87,"[1.0, 0.05, 0.02, 0.01, 0.03, 0.04]",,1.07,Ambazonian Separatists (Cameroon),"On 9 December 2021, suspected Ambazonian separatist fighters killed a Fulani pastoralist at 3 Corners near Ntumbaw (Ndu, Donga-Mantung, Nord-Ouest). In retaliation, local Fulanis set ablaze more than 15 houses, and killed a bike who transported a uniformed officer to the scene [Coded as a separate event].",0.7254901960784313,0.8700000000000001,0.3453510028773255,0.13356140030381528,0.12961406437932188,0.1283243828903016,0.13091670738279218,0.1322324421660984
mistral:7b,CAO11075,B,V,0.92,"[1.0, 0.05, 0.02, 0.01, 0.02, 0.01]",,1.02,Military Forces of Cameroon (1982-),"On 23 November 2023, the military forces ambushed Ambazonian Separatists from the Restoration Forces onboard a motorcycle in Konye (Konye, Meme, Sud-Ouest). The military forces members shot and injured one.",0.845953002610966,0.92,0.3471599500201658,0.13426099437321243,0.1302929823192654,0.128996545483872,0.1302929823192654,0.128996545483872
mistral:7b,CAO13652,V,V,0.87,"[0.87, 0.02, 0.01, 0.01, 0.03, 0.06]",,1.04,Military Forces of Cameroon (1982-) Rapid Intervention Battalion,"On 13 April 2024, state security forces, coded as the military forces from the Rapid Intervention, beat and injured a dump truck driver and 2 other civilians on the main road in Mile 15 Buea (Buea, Fako, Sud-Ouest) after the dump truck blocked the road and delayed their convoy traveling to Buea center. There were no fatalities.",0.7254901960784313,0.8700000000000001,0.3174293115458854,0.13567402759291577,0.1343240484624463,0.1343240484624463,0.13703757423920662,0.14121098969678209
mistral:7b,CAO9051,V,V,0.92,"[1.0, 0.03, 0.01, 0.01, 0.02, 0.03]",,1.0,Military Forces of Cameroon (1982-),"On 23 May 2022, military forces killed a man at the Finance Junction in Bamenda city (Bamenda 1, Mezam, Nord-Ouest). Locals in the early hours of the morning discovered the dead body dumped by the road.",0.845953002610966,0.92,0.3476289291062043,0.13178023057821098,0.12917080718082072,0.12917080718082072,0.1304689953753848,0.13178023057821098
mistral:7b,CAO10854,B,B,0.9,"[0.02, 0.03, 0.01, 0.01, 0.01, 0.01, 0.9]",,1.05,Military Forces of Cameroon (1982-),"On 18 December 2023, the military forces attacked Ambazonian Separatists leading to a clash in Bai Panya (Kumba 1, Meme, Sud-Ouest). Two Ambazonian Separatists were killed and four others arrested.",0.845953002610966,0.8999999999999999,,,,,,
mistral:7b,CAO8295,S,S,0.95,"[0.01, 0.02, 0.03, 0.04, 0.05, 0.95]",,0.99,Military Forces of Cameroon (1982-) Rapid Intervention Battalion,"Defusal: Around 27 December 2023 (as reported), the military forces (Rapid Intervention) defused an IED that was planted by an unidentified armed group on the road in Kumba (Ekondo Titi, Ndian, Sud-Ouest).",0.845953002610966,0.9499999999999998,0.13052277368099033,0.13183454936477335,0.13315950861335532,0.13449778392376527,0.13584950912464944,0.3341358752921321
mistral:7b,CAO10551,B,B,0.85,"[0.03, 0.85, 0.02, 0.01, 0.01, 0.06]",,1.01,Military Forces of Cameroon (1982-),"On 15 September 2022, state security forces, coded as military, clashed with Ambazonian Separatists around Kosala and Fiango, coded to Fiango (Meme, Sud-Ouest). Casualties unknown.",0.5563636363636365,0.85,0.1379043751541737,0.3131118613825593,0.13653220369467256,0.13517368556931814,0.13517368556931814,0.142104188629645
mistral:7b,CAO12982,E,E,0.98,"[1.0, 0.0, 0.0, 0.0, 0.0, 0.0]",,0.94,Unidentified Armed Group (Cameroon),"On 9 April 2024, an IED planted by an unidentified armed group detonated on members of self-defence militia in Tourou (Mokolo, Mayo-Tsanaga, Extreme-Nord). A self-defence militia member was killed when they stepped on an IED when it detonated.",0.845953002610966,0.98,0.3521874283516274,0.12956251432960408,0.12956251432960408,0.12956251432960408,0.12956251432960408,0.12956251432960408
mistral:7b,CAO4198,V,V,0.85,"[0.15, 0.03, 0.02, 0.85, 0.04, 0.01]",,0.98,Ambazonian Separatists (Cameroon),"On 7 January 2021, suspected Ambazonian separatists kidnapped between 6 and 7 students in Mulang neighborhood of Bamenda town (Mezam, Nord-Ouest).",0.5563636363636365,0.85,0.1528126479179198,0.13553266042726667,0.1341840879235978,0.30772688348044364,0.1368947863099225,0.13284893394054176
mistral:7b,CAO12441,V,V,0.9,"[1.0, 0.05, 0.02, 0.01, 0.02, 0.03, 0.01]",,1.09,Military Forces of Cameroon (1982-),"Around 28 July 2023 (as reported), state security forces shot and killed two Ambazonian Separatists in Kumbo commune, coded to Kumbo (Bui, Nord-Ouest) whom they had captured on 28 July (coded separately).",0.845953002610966,0.8999999999999999,,,,,,
mistral:7b,CAO14598,B,B,0.9,"[0.02, 0.03, 0.1, 0.01, 0.01, 0.84]",,1.0,Military Forces of Cameroon (1982-) Rapid Intervention Battalion,"On 28 August 2024, the military forces from the Rapid Intervention clashed with the Boko Haram (JAS) (likely) militants around Amchide (Kolofata, Mayo-Sava, Extreme-Nord). Casualties unknown. The militants stole a motorbike from a civilian and the military forces chased them until the militants abandoned the motorbike.",0.845953002610966,0.8999999999999999,0.1361667502637426,0.13753524885520138,0.14750767960803807,0.13481186846078283,0.13481186846078283,0.3091665843511432
mistral:7b,CAO8757,S,V,0.87,"[1.0, 0.05, 0.02, 0.01, 0.03, 0.01]",,1.05,Unidentified Armed Group (Cameroon),"Looting: Around 17 March 2024 (as reported), an unidentified armed group suspected of being ISWAP or Boko Haram militants looted food items, clothing and 1 bicycle in Ganse (Kolofata, Mayo-Sava, Extreme-Nord).",0.7254901960784313,0.8700000000000001,0.34670595028230017,0.1340854140499422,0.1301225911787688,0.128827849763551,0.1314303449615403,0.128827849763551
mistral:7b,CAO3886,B,B,0.9,"[0.02, 0.03, 0.01, 0.01, 0.01, 0.9]",,0.97,Military Forces of Cameroon (1982-),"On 17 August 2020, the military forces engaged in a fire fight with Ambazonian separatists in Makanga village, Muyuka subdivision (Fako, Sud-Ouest). 1 person was killed, and another arrested.",0.845953002610966,0.8999999999999999,0.13529786968040183,0.13665763587682186,0.13395163338369845,0.13395163338369845,0.13395163338369845,0.3261895942913547
mistral:7b,CAO14603,V,V,0.87,"[1.0, 0.05, 0.02, 0.01, 0.03, 0.04]",,1.12,Ambazonian Separatists (Cameroon),"On 30 June 2024, Ambazonian Separatists beat and injured a commercial motorbike driver and abducted 4 suspected government officials in Bambui (Tubah, Mezam, Nord-Ouest). The Separatists looted the motorbike from the commercial motorbike driver and used it to transport the abducted. The motorbike was later found abandoned and recovered by the military forces.",0.7254901960784313,0.8700000000000001,0.3453510028773255,0.13356140030381528,0.12961406437932188,0.1283243828903016,0.13091670738279218,0.1322324421660984
mistral:7b,CAO13493,V,V,0.95,"[0.01, 0.02, 0.03, 0.04, 0.05, 0.95]",,0.96,Boko Haram - Jamaatu Ahli is-Sunnah lid-Dawati wal-Jihad,"On 20 May 2024, Boko Haram (JAS) (likely) militants slit the throat and killed a civilian between Kordo and Lelede, coded to Kordo (Kolofata, Mayo-Sava, Extreme-Nord). He had been abducted by the militants the previous day (coded as a separate event).",0.845953002610966,0.9499999999999998,0.13052277368099033,0.13183454936477335,0.13315950861335532,0.13449778392376527,0.13584950912464944,0.3341358752921321
mistral:7b,CAO6461,B,B,0.9,"[0.05, 0.9, 0.02, 0.01, 0.03, 0.03]",,1.09,Ambazonian Separatists (Cameroon),"On 17 August 2022, Ambazonian separatists clashed with the Cameroonian military forces in Tinta (Akwaya, Manyu, Sud-Ouest) leading to the death of 3. Unclarity if the fatalities are of civilian or separatist fighters. The clashes also resulted in the destruction of several buildings, including a primary school. Civilians fled the fighting into the bushes.",0.845953002610966,0.8999999999999999,0.13828811975297492,0.3235453640388122,0.13420108815709572,0.13286576501889008,0.1355498315159517,0.1355498315159517
mistral:7b,CAO13869,R,R,0.75,"[0.12, 0.03, 0.01, 0.06, 0.85, 0.03]",,0.85,Rioters (Cameroon),"Around 29 June 2024 (as reported), youth from Ndoumba Kanda clashed with Belabo youths, coded to Belabo (Belabo, Lom-et-Djerem, Est) during a wake for unknown reasons. Casualties unknown.",0.25,0.75,0.14835603017604923,0.1355872025009308,0.13290239600878673,0.13971644756315774,0.30785072124983676,0.1355872025009308
mistral:7b,CAO4334,B,B,0.85,"[0.06, 0.85, 0.02, 0.01, 0.01, 0.07]",,0.93,Ambazonian Separatists (Cameroon),"On 4 February 2021, the military forces engaged in a fire fight with Ambazonian separatists in Mbalangi village (Meme, Sud-Ouest), as they tried to remove a road blockade erected by separatists in order to enforce a lockdown in the area. No fatality and/or casualty reported.",0.5563636363636365,0.85,0.1413089043325538,0.3113595348044911,0.13576810294090366,0.1344171877450816,0.1344171877450816,0.14272908243157667
mistral:7b,CAO6445,B,B,0.94,"[0.02, 0.01, 0.94, 0.01, 0.01, 0.01]",,1.01,Islamic State West Africa Province (ISWAP) - Lake Chad Faction and/or Boko Haram - Jamaatu Ahli is-Sunnah lid-Dawati wal-Jihad,"On 25 September 2021, ISWAP or Boko Haram fighters ambushed the Cameroonian military camp in Sagme (Makary, Logone-et-Chari, Extreme-Nord) leading to the death of 2. The fighters stole weapons and ammunition and burnt the camp and military vehicles.",0.845953002610966,0.9400000000000001,0.13387795375923592,0.13254584586201035,0.3359386627923867,0.13254584586201035,0.13254584586201035,0.13254584586201035
mistral:7b,CAO6236,B,B,0.9,"[0.02, 0.03, 0.9, 0.01, 0.01, 0.01]",,0.99,Boko Haram - Jamaatu Ahli is-Sunnah lid-Dawati wal-Jihad,"On 15 June 2022, suspected Boko Haram (JAS) (likely) clashed with Cameroonian military Forces and MNJTF in Limani (Mora, Mayo-Sava, Extreme-Nord), unknown fatalities, coded to 3.",0.845953002610966,0.8999999999999999,0.13529786968040183,0.13665763587682186,0.3261895942913547,0.13395163338369845,0.13395163338369845,0.13395163338369845
mistral:7b,CAO7298,V,S,0.82,"[0.15, 0.06, 0.03, 0.01, 0.02, 0.82]",,0.82,Islamic State West Africa Province (ISWAP) and/or Boko Haram - Jamaatu Ahli is-Sunnah lid-Dawati wal-Jihad,"On 15 May 2023, ISWAP or Boko Haram militants abducted 2 herders in Zigague (Waza, Logone-et-Chari, Extreme-Nord) and stole a head of oxen. The herders and the oxen were freed when the militants spotted the security forces who had been following them.",0.5563636363636365,0.8200000000000001,0.1537859972842446,0.14054981877610753,0.13639594387232584,0.13369512322807642,0.13503878155485705,0.300534335284088
mistral:7b,CAO12794,S,R,0.85,"[0.1, 0.03, 0.02, 0.04, 0.85, 0.06]",,1.05,Military Forces of Cameroon (1982-),"Property destruction: On 18 March 2022, suspected military forces burnt down 2 shops in Ndop (Ndop, Ngo-Ketunjia, Nord-Ouest) for failing to open their stores on Mondays. The Ambazonian Separatist fighters had imposed lockdown Mondays.",0.5563636363636365,0.85,0.14545318812466207,0.13561965369305218,0.13427021559192606,0.13698265387256436,0.3079244016762761,0.1397498870412114
mistral:7b,CAO2846,B,B,0.9,"[1.03, 0.02, 0.01, 0.01, 0.01, 0.03]",,1.16,Military Forces of Cameroon (1982-),"On 14 January 2020, the military forces engaged in a fire fight with Ambazonian separatists in Peng village, Tombel subdivision (Kupe-Manenguba, Sud-Ouest) [coded: Tombel]. Two civilians were killed after they were reportedly flagged as Ambazonian fighters.",0.845953002610966,0.8999999999999999,0.3553807724982515,0.12943642231865282,0.12814850839766934,0.12814850839766934,0.12814850839766934,0.13073727998973222
mistral:7b,CAO4930,V,V,0.85,[],,0.78,Ambazonian Separatists (Cameroon),"On 21 November 2020, Ambazonian separatists kidnapped a retired military officer from his home in Mankon town, Bamenda 2 subdivision (Bamenda - Mankon, Mezam, Nord-Ouest).",0.5563636363636365,0.85,,,,,,
mistral:7b,CAO3670,S,V,0.75,"[0.12, 0.03, 0.01, 0.08, 0.04, 0.75]",,0.99,Military Forces of Cameroon (1982-) Gendarmerie,"Around 14 September 2020 (as reported), the gendarmerie and police forces arrested 'over a dozen' civilians in Moloundou town (Boumba-Et-Ngoko, Est) for not having national ID cards.",0.25,0.75,0.15217731454518338,0.13907959345367196,0.13632563298733213,0.1462103566935734,0.14047736660587953,0.2857297357140739
mistral:7b,CAO15919,V,V,0.92,"[1.0, 0.05, 0.01, 0.01, 0.02, 0.02, 0.0]",,1.05,Military Forces of Cameroon (1982-) Rapid Intervention Battalion,"On 10 October 2024, the military forces from the Rapid Intervention shot and killed 7 civilians at their private residences in Mbomboko in the Buea subdivision (Buea, Fako, Sud-Ouest), mistakenly believing them to be Ambazonian Separatists.",0.845953002610966,0.92,,,,,,
mistral:7b,CAO13492,V,V,0.92,"[1.0, 0.05, 0.03, 0.01, 0.02, 0.01]",,1.01,Boko Haram - Jamaatu Ahli is-Sunnah lid-Dawati wal-Jihad,"On 20 May 2024, Boko Haram (JAS) (likely) militants attacked and killed a civilian along the Limani - Mora road, coded to Limani (Mora, Mayo-Sava, Extreme-Nord).",0.845953002610966,0.92,0.34670595028230017,0.1340854140499422,0.1314303449615403,0.128827849763551,0.1301225911787688,0.128827849763551
mistral:7b,CAO9846,S,V,0.85,"[0.85, 0.04, 0.01, 0.02, 0.03, 0.05]",,0.86,Ambazonian Separatists (Cameroon),"Looting: On 25 November 2022, Ambazonian Separatists abducted the body of a deceased person in Kai, Mbengwi commune, coded to Mbengwi (Momo, Nord-Ouest). The group accused the family of the deceased of not supporting the struggle against the military. They later released the dead body after the family had paid an unspecified amount of money.",0.5563636363636365,0.85,0.3122678976538659,0.13891489309380212,0.13480933754624877,0.13616419391309456,0.13753266681280224,0.14031101097987417
mistral:7b,CAO9206,V,V,0.87,"[1.0, 0.05, 0.02, 0.01, 0.02, 0.06]",,1.01,Military Forces of Cameroon (1982-),"On 11 March 2023, state security forces coded as military forces shot and wounded two civilians at Ashing, coded to Oku (Boyo, Nord-Ouest) after they shot into the air as they approached a spot where Ambazonian Separatists launched attacks from. The victims were hit by stray bullets and hospitalized.",0.7254901960784313,0.8700000000000001,0.3448789913078572,0.13337885406635672,0.12943691319851416,0.12814899439319444,0.12943691319851416,0.13471933383521847
mistral:7b,CAO3384,B,B,0.85,"[0.03, 0.85, 0.02, 0.01, 0.01, 0.06]",,1.05,Military Forces of Cameroon (1982-),"On 14 June 2020, the military forces engaged in fire fights with Ambazonian separatists in Bamenda town (Mezam, Nord-Ouest). No fatality and/or casualty reported.",0.5563636363636365,0.85,0.1379043751541737,0.3131118613825593,0.13653220369467256,0.13517368556931814,0.13517368556931814,0.142104188629645
mistral:7b,CAO3727,S,V,0.75,"[0.12, 0.03, 0.01, 0.01, 0.01, 0.75]",,0.93,Military Forces of Cameroon (1982-),"On 1 October 2020, the military forces destroyed buildings in Akum town (Mezam, Nord-Ouest), in retaliation for writings on a vehicle that supported the separatists. No fatality and/or casualty reported.",0.25,0.75,0.1543437540624283,0.14105957008948605,0.13826640345893548,0.13826640345893548,0.13826640345893548,0.28979746547098933
mistral:7b,CAO11453,S,V,0.85,"[0.85, 0.04, 0.02, 0.01, 0.02, 0.06]",,1.06,Military Forces of Cameroon (1982-),"Other: On 5 July 2023, state security forces, coded as military forces, fired warning shots into the air at their base in Waindo, coded to Wum (Menchum, Nord-Ouest) after they received news that their colleague was murdered by Ambazonian Separatists at Belo.",0.5563636363636365,0.85,0.3122548840554967,0.13890910388959696,0.13615851934281317,0.13480371943888508,0.13615851934281317,0.14171525393008266
mistral:7b,CAO3758,V,V,0.85,"[0.85, 0.04, 0.01, 0.02, 0.03, 0.05]",,0.95,Ambazonian Separatists (Cameroon),"Around 11 October 2020 (as reported), Ambazonian separatists kidnapped 3 Mbororo ethnic men in Ngarbuh village, near Nkambe (Donga-Mantung, Nord-Ouest). They are suspected to be involved in the killing of a separatist fighter on October 10.",0.5563636363636365,0.85,0.3122678976538659,0.13891489309380212,0.13480933754624877,0.13616419391309456,0.13753266681280224,0.14031101097987417
mistral:7b,CAO13380,B,V,0.92,"[0.06, 0.01, 0.03, 0.89, 0.02, 0.01]",,0.97,Military Forces of Cameroon (1982-),"On 4 April 2024, the security forces, coded as the military forces shot and killed an unknown Separatist commander at the market in Agyati (Bafut, Mezam, Nord-Ouest). The Separatist tried to escape leading to the military forces shooting him. He died of his injuries.",0.845953002610966,0.92,0.14031124420015953,0.1334681840714969,0.13616442024067885,0.32177840579401,0.13480956162183597,0.1334681840714969
mistral:7b,CAO4585,V,R,0.75,"[0.12, 0.03, 0.01, 0.01, 0.04, 0.75]",,1.0,Islamic State West Africa Province (ISWAP) - Lake Chad Faction and/or Boko Haram - Jamaatu Ahli is-Sunnah lid-Dawati wal-Jihad,"On 26 April 2021, suspected Boko Haram fighters attacked Takoudele village, Kourgui town, Mora subdivision (Mayo-Sava, Extreme-Nord). They kidnapped a young girl, and took away goods. No fatality and/or casualty reported.",0.25,0.75,0.15369656260109418,0.14046808163013152,0.13768662725579994,0.13768662725579994,0.14187980932050692,0.2885822919363788
mistral:7b,CAO10717,B,B,0.85,"[0.03, 0.85, 0.02, 0.01, 0.01, 0.06]",,1.02,Ambazonian Separatists (Cameroon),"On 25 May 2023, Ambazonian Separatists and state security forces, coded as military forces, engaged in an armed clash at Melim (Bui, Nord-Ouest) after the separatists detonated an IED which partially destroyed one of the security forces' vehicles. Casualties are unknown.",0.5563636363636365,0.85,0.1379043751541737,0.3131118613825593,0.13653220369467256,0.13517368556931814,0.13517368556931814,0.142104188629645
mistral:7b,CAO4525,B,V,0.94,"[0.02, 0.01, 0.03, 0.01, 0.02, 0.94]",,0.99,Islamic State West Africa Province (ISWAP) - Lake Chad Faction and/or Boko Haram - Jamaatu Ahli is-Sunnah lid-Dawati wal-Jihad,"On 4 April 2021, Boko Haram fighters attacked and tortured a group of local vigilance militiamen in Mahoula village, Mora subdivision (Mayo-Sava, Extreme-Nord), killing two of them.",0.845953002610966,0.9400000000000001,0.13334328564020656,0.13201649777965432,0.1346834079404426,0.13201649777965432,0.13334328564020656,0.334597025219501
mistral:7b,CAO10405,B,B,0.85,"[0.06, 0.85, 0.02, 0.01, 0.02, 0.06]",,1.01,Military Forces of Cameroon (1982-),"On 8 April 2023, the State security forces, coded as the military force, clashed with the Ambazonian Separatists in Batibo (Batibo, Momo, Nord-Ouest). There were no fatalities. During the operation, the military forces arrested about 30 civilians from several villages and moved them to their base.",0.5563636363636365,0.85,0.1413186924754712,0.311381101963615,0.13577750728524762,0.13442649851463587,0.13577750728524762,0.1413186924754712
mistral:7b,CAO10613,S,V,0.87,"[1.0, 0.05, 0.02, 0.03, 0.04, 0.01]",,1.02,Ambazonian Separatists (Cameroon),"Looting: On 10 May 2023, Ambazonian Separatists from the Restoration Forces extorted money amounting to 200,000 FCFA from a civilian whom they imposed as the new traditional chief in Makwe, Upper Bayang commune, coded to Tinto (Manyu, Sud-Ouest). They also forced the civilians to buy a motorcycle for the man to 'support his reign.' The legal leader fled to Mamfe when the Separatists demanded 500,000 FCFA from him.",0.7254901960784313,0.8700000000000001,0.34535100287732545,0.13356140030381525,0.12961406437932188,0.13091670738279215,0.13223244216609836,0.12832438289030157
mistral:7b,CAO4669,V,V,0.9,"[0.1, 0.05, 0.02, 0.01, 0.02, 0.82]",,0.93,Military Forces of Cameroon (1982-),"Around 15 May 2020 (month of), the military forces raided Njembo village, Mbengwi town, Mbeggwi subdivision (Momo, Nord-Ouest), killing one person.",0.845953002610966,0.8999999999999999,0.14780160236895315,0.14059323316170266,0.13643807516891837,0.1350804936380441,0.13643807516891837,0.30364852049315966
mistral:7b,CAO4298,B,V,0.94,"[1.0, 0.03, 0.02, 0.01, 0.02, 0.01]",,1.04,Military Forces of Cameroon (1982-),"On 23 January 2021, the military forces engaged in fire fights with Ambazonian separatists in Mulang and Meta neighborhood of Bamenda town, Bamenda 2 subdivision (Mezam, Nord-Ouest). Four civilians were killed, reportedly by the military forces.",0.845953002610966,0.9400000000000001,0.34808535087185555,0.13195325232779057,0.1306402955297911,0.12934040287021184,0.1306402955297911,0.12934040287021184
mistral:7b,CAO8775,E,E,0.98,"[1.0, 0.0, 0.0, 0.0, 0.0, 0.0]",,0.96,Unidentified Armed Group (Cameroon),"On 17 March 2024, an IED planted by an unidentified armed group detonated on military forces along the Zeleved - Dzamadzaf road, coded to Zelevet (Mayo-Moskota, Mayo-Tsanaga, Extreme-Nord). There were no fatalities and 2 militants were injured.",0.845953002610966,0.98,0.3521874283516274,0.12956251432960408,0.12956251432960408,0.12956251432960408,0.12956251432960408,0.12956251432960408
mistral:7b,CAO14650,V,V,0.85,"[1.0, 0.04, 0.02, 0.01, 0.03, 0.05]",,1.09,Unidentified Armed Group (Cameroon),"On 24 August 2024, an unidentified armed group shot and injured 1 plantation owner who tried to flee an abduction in Sirbia (Touboro, Mayo-Rey, Nord). The plantation owner escaped. 2 other civilians were abducted. The reason for the abduction is not known.",0.5563636363636365,0.85,0.3453510028773255,0.1322324421660984,0.12961406437932188,0.1283243828903016,0.13091670738279218,0.13356140030381528
mistral:7b,CAO9309,V,V,0.85,"[1.0, 0.04, 0.02, 0.01, 0.03, 0.05]",,1.0,Ambazonian Separatists (Cameroon),"On 13 February 2023, Ambazonian Separatists shot a male motorbike rider in his legs near Azire New Church in Bamenda (Mezam, Nord-Ouest) before taking his bike away. He was accused of violating the Monday ghost town. No information on the status of the victim.",0.5563636363636365,0.85,0.3453510028773255,0.1322324421660984,0.12961406437932188,0.1283243828903016,0.13091670738279218,0.13356140030381528
mistral:7b,CAO14584,S,R,0.85,"[1.0, 0.03, 0.02, 0.01, 0.04, 0.07]",,1.05,Boko Haram - Jamaatu Ahli is-Sunnah lid-Dawati wal-Jihad,"Looting: On 21 August 2024, Boko Haram (JAS) (likely) militants looted 1 motorbike and goods along the Amchide - Ganse road in Guederou (Kolofata, Mayo-Sava, Extreme-Nord).",0.5563636363636365,0.85,0.34442171202187266,0.13056442898202542,0.12926529120720934,0.1279790800692354,0.13187662330854377,0.13589286441076898
mistral:7b,CAO7763,S,S,0.8,"[0.15, 0.03, 0.02, 0.01, 0.04, 0.8]",,1.05,Military Forces of Cameroon (1982-) Gendarmerie,"On 3 September 2023, the gendarmerie arrested a suspected former ISWAP or Boko Haram militant leader in Banki (Menoua, Ouest).",0.5563636363636365,0.8,0.15514100681727278,0.1375977295191151,0.13622860923466287,0.13487311192465837,0.13898060969118436,0.2971789328128092
mistral:7b,CAO7437,V,V,0.92,"[1.0, 0.05, 0.01, 0.01, 0.02, 0.02]",,1.01,Military Forces of Cameroon (1982-),"On 25 June 2023, the military forces attacked civilians in Kumba (Ekondo Titi, Ndian, Sud-Ouest). 1 civilian was killed. The victim had challenged a gendarmerie officer to lawfully present a warrant authorizing him to arrest another civilian when the officer shot him at close range in the chest and the other civilian was injured.",0.845953002610966,0.92,0.3471599500201658,0.1342609943732124,0.12899654548387196,0.12899654548387196,0.13029298231926537,0.13029298231926537
mistral:7b,CAO9421,S,V,0.8,"[0.8, 0.05, 0.02, 0.01, 0.02, 0.06]",,0.99,Military Forces of Cameroon (1982-),"Other: On 15 September 2022, the military forces fired gunshots under unclear circumstances at GRA quarter in Mbengwi (Momo, Nord-Ouest).",0.5563636363636365,0.8,0.30119236459581106,0.1422731989760381,0.13806839048995437,0.13669458705059456,0.13806839048995437,0.1437030683973464
mistral:7b,CAO6502,S,V,0.68,"[0.32, 0.01, 0.05, 0.0, 0.0, 0.62, 0.0, 0.0, 0.0, 0.0, 0.0, 0.0, 0.0, 0.0, 0.0, 0.0, 0.0, 0.0, 0.0, 0.0, 0.0, 0.0, 0.0, 0.0, 0.0, 0.0, 0.0, 0.0, 0.0, 0.0, 0.68]",,2.02,Boko Haram - Jamaatu Ahli is-Sunnah lid-Dawati wal-Jihad,"Looting: On 24 August 2022, Boko Haram (JAS) (likely) fighters entered Madakar (Mayo-Moskota, Mayo-Tsanaga, Extreme-Nord) and stole 22 livestock. The Cameroonian military forces returned 175 livestock to their owners.",0.25,0.68,,,,,,
mistral:7b,CAO15428,V,V,0.92,"[1.0, 0.03, 0.01, 0.01, 0.02, 0.04]",,1.08,Military Forces of Cameroon (1982-),"On 25 August 2024, security forces, coded as the military forces, beat and injured a group of 15 civilians along the main road in Ashing (Belo, Boyo, Nord-Ouest) accusing them of leaving a bag they suspected of carrying items used to manufacture IEDs near the military minor base.",0.845953002610966,0.92,0.3471691336758202,0.13160592992955492,0.12899995791625152,0.12899995791625152,0.13029642904716052,0.13292859151461425
mistral:7b,CAO8495,B,E,0.9,"[0.02, 0.01, 0.9, 0.01, 0.01, 0.06]",,0.96,Military Forces of Cameroon (1982-) Rapid Intervention Battalion,"On 6 February 2024, the military forces (Rapid Intervention) and the gendarmerie fired warning shots in the air at the outpost in Fotokol (Fotokol, Logone-et-Chari, Extreme-Nord) to drive back suspected ISWAP or Boko Haram militants. There were no fatalities.",0.845953002610966,0.8999999999999999,0.13473711474538685,0.13339645805351286,0.3248376703831551,0.13339645805351286,0.13339645805351286,0.14023584071059475
mistral:7b,CAO13440,B,B,0.95,"[0.01, 0.02, 0.03, 0.06, 0.07, 0.95]",,1.06,Ambazonian Separatists (Cameroon),"Around 13 May 2024 (as reported), Ambazonian Separatists ambushed patrolling gendarmerie forces along the Ayukaba and Eyangchang villages, coded to Ayukaba (Mamfe, Manyu, Sud-Ouest). The brigade commander and 4 gendarmerie officers were killed. The Separatists looted their weapons and ammunition and burnt the victim's bodies.",0.845953002610966,0.9499999999999998,0.12981381144003573,0.13111846193484075,0.13243622438510505,0.1364695078773168,0.13784104923337803,0.33232094512899124
mistral:7b,CAO3624,V,V,0.9,"[0.1, 0.05, 0.03, 0.02, 0.04, 0.89]",,0.98,Islamic State West Africa Province (ISWAP) - Lake Chad Faction and/or Boko Haram - Jamaatu Ahli is-Sunnah lid-Dawati wal-Jihad,"Around 30 August 2020 (as reported), Boko Haram attacked Makoulahe village, in Mora subdivision (Mayo-Sava, Extreme-Nord). They looted houses and injured 2 women.",0.845953002610966,0.8999999999999999,0.14384555600533716,0.1368301254559421,0.13412070744031132,0.13278618410360105,0.1354686429595333,0.3169487840349581
mistral:7b,CAO11112,S,V,0.85,"[1.0, 0.03, 0.02, 0.01, 0.04, 0.0]",,1.0,Ambazonian Separatists (Cameroon),"Looting: On 2 February 2024, Ambazonian Separatists extorted money and food items from business persons at the market square in Lassin (Noni, Bui, Nord-Ouest).",0.5563636363636365,0.85,0.3476153226327073,0.13177507259489984,0.13046388871486514,0.1291657513324222,0.13309943409200697,0.12788053063275098
mistral:7b,CAO7600,R,R,0.85,"[0.1, 0.02, 0.01, 0.03, 0.85, 0.01]",,0.96,Rioters (Cameroon),"On 26 August 2023, a mob attacked thieves who had killed an elderly woman while robbing her in Brazzaville neighbourhood, in the outskirts of Douala (Douala 1, Wouri, Littoral). Two managed to escape while a third was beaten to death.",0.5563636363636365,0.85,0.14705076701903624,0.13574496678396517,0.13439428179675106,0.13710922638097886,0.3113064762222063,0.13439428179675106
mistral:7b,CAO3498,V,V,0.94,"[0.01, 0.01, 0.02, 0.01, 0.03, 0.94]",,1.01,Military Forces of Cameroon (1982-),"On 21 July 2020, military forces opened fire around a food market in Bamenda town (Mezam, Nord-Ouest). One person was reportedly killed and property destroyed.",0.845953002610966,0.9400000000000001,0.1321918883724103,0.1321918883724103,0.13352043893772472,0.1321918883724103,0.13486234165820032,0.3350415542865089
mistral:7b,CAO4080,B,B,0.91,"[0.02, 0.03, 0.91, 0.01, 0.01, 0.04]",,0.98,Military Forces of Cameroon (1982-),"On 1 December 2020, the military forces repelled an attack of Boko Haram in Boudoua village, Mora subdivision (Mayo-Sava, Extreme-Nord). One Boko Haram fighter was killed, and several others injured. The military seized two motorbikes.",0.845953002610966,0.9100000000000001,0.13430966023324764,0.13565949475960964,0.32706143608864985,0.13297325678483407,0.13297325678483407,0.13702289534849754
mistral:7b,CAO14355,V,V,0.85,"[1.0, 0.04, 0.02, 0.01, 0.03, 0.08]",,1.08,Ambazonian Separatists (Cameroon),"On 8 May 2024, Ambazonian Separatists abducted a ship owner alongside two skippers after intercepting 2 ships in the Cameroon-Nigeria waterway in Mabeta (Limbe 3, Fako, Sud-Ouest). The militants later released the men after they paid the sum of approximately 700,000 Franc CFA.",0.5563636363636365,0.85,0.34395196100938286,0.13169675898768182,0.12908898843852523,0.12780453154241017,0.13038635434105864,0.13707140568059745
mistral:7b,CAO11427,B,B,0.9,"[0.02, 0.03, 0.01, 0.01, 0.01, 0.01, 0.9]",,1.05,Military Forces of Cameroon (1982-),"On 10 January 2024, military forces, disguised as civilians, engaged in gunbattle with Ambazonian Separatists from the Restoration Forces in Yoke (Muyuka, Fako, Sud-Ouest). They freed two civilians held captive by the Ambazonian Separatists. No casualties.",0.845953002610966,0.8999999999999999,,,,,,
mistral:7b,CAO11069,V,V,0.85,"[1.0, 0.04, 0.02, 0.03, 0.05, 0.01]",,0.99,Ambazonian Separatists (Cameroon),"On 15 December 2023, Ambazonian Separatists kidnapped an employee of the Mbonge municipal council in Kombone (Kumba 1, Meme, Sud-Ouest). They accused him of working closely with the Mayor of the municipality, who is seen as a security forces collaborator.",0.5563636363636365,0.85,0.34535100287732545,0.13223244216609836,0.12961406437932188,0.13091670738279215,0.13356140030381525,0.12832438289030157
mistral:7b,CAO4139,V,V,0.94,"[0.01, 0.01, 0.02, 0.0, 0.0, 0.94]",,0.97,Military Forces of Cameroon (1982-),"On 8 November 2020, the military forces raided Luh village, in Ndu subdivision (Donga-Mantung, Nord-Ouest), killing two civilians including a driver and a bike taxi driver.",0.845953002610966,0.9400000000000001,0.1328963875144747,0.1328963875144747,0.1342320184138775,0.13157404636457068,0.13157404636457068,0.336827113827695
mistral:7b,CAO2894,R,V,0.94,"[0.01, 0.01, 0.02, 0.03, 0.94, 0.01]",,1.01,Rioters (Cameroon),"On 26 January 2020, one young man was burnt to death in Bamenda town (Mezam, Nord-Ouest), for allegedly trying to steal a motorcycle.",0.845953002610966,0.9400000000000001,0.13219188837241033,0.13219188837241033,0.13352043893772475,0.13486234165820035,0.33504155428650895,0.13219188837241033
mistral:7b,CAO8266,B,B,0.9,"[1.03, 0.02, 0.04, 0.01, 0.01, 0.01]",,1.01,Boko Haram - Jamaatu Ahli is-Sunnah lid-Dawati wal-Jihad,"On 18 December 2023, Boko Haram militants [JAS faction] ambushed military forces in Moundou, in the Double-Limani area, coded to Limani (Mora, Mayo-Sava, Extreme-Nord). 2 soldiers were killed and 2 others were wounded. The militants stole 2 motorbikes and the rifles from the killed soldiers.",0.845953002610966,0.8999999999999999,0.3549144392338885,0.12926657489296628,0.1318779329264732,0.12798035098210567,0.12798035098210567,0.12798035098210567
mistral:7b,CAO6765,V,V,0.9,"[0.85, 0.03, 0.02, 0.01, 0.04, 0.05]",,0.89,Ambazonian Separatists (Cameroon),"On 24 November 2022, Ambazonian Separatists killed a public transport driver and a passenger in Awing (Santa, Mezam, Nord-Ouest). They set ablaze the driver's vehicle and abducted two other civilian passengers. The fighters left a note on the body of the killed driver on which it was written that he was collaborating with the military and warned any other person who may be collaborating with them. The rest of the civilians were allowed to go. Residents claim the attack was carried out by the Cameroonian military.",0.845953002610966,0.8999999999999999,0.31226789765386587,0.1375326668128022,0.13616419391309453,0.13480933754624874,0.1389148930938021,0.14031101097987414
mistral:7b,CAO14747,S,S,0.84,"[0.06, 0.03, 0.02, 0.01, 0.01, 0.01, 0.84, 0.05, 0.02, 0.01, 0.01, 0.01]",,1.2,Military Forces of Cameroon (1982-),"On 6 July 2024, the security forces, coded as the military forces, arrested 39 men and 11 women from their private residences in Marumba I (Kumba 1, Meme, Sud-Ouest) during a search operation to dislodge Ambazonian Separatists in the area.",0.5563636363636365,0.84,,,,,,
mistral:7b,CAO10353,B,B,0.9,"[0.02, 0.01, 0.03, 0.01, 0.01, 0.01, 0.9]",,1.05,Military Forces of Cameroon (1982-),"On 19 April 2023, state security forces (coded as military) engaged in an armed confrontation with Ambazonian Separatists in Bamenda - Mankon (Mezam, Nord-Ouest). 4 Separatists were killed, and one soldier was severely wounded. Some ammunition was recovered.",0.845953002610966,0.8999999999999999,,,,,,
mistral:7b,CAO10413,S,V,0.87,"[1.0, 0.05, 0.02, 0.01, 0.02, 0.06]",,0.96,Military Forces of Cameroon (1982-),"Property destruction: On 6 April 2023, State security forces (Air Force), coded as the military forces, burned down 7 civilian houses in Maghow, coded to Akwaya (Akwaya,Manyu,Sud-Ouest). The Separatists also stole food items, money and other valuables. The houses were suspected of housing Separatists.",0.7254901960784313,0.8700000000000001,0.3448789913078572,0.13337885406635672,0.12943691319851416,0.12814899439319444,0.12943691319851416,0.13471933383521847
mistral:7b,CAO3901,S,V,0.85,"[1.0, 0.03, 0.02, 0.01, 0.02, 0.04]",,1.08,Military Forces of Cameroon (1982-),"On 17 September 2020, the security forces (assumed Military Forces) arrested 'scores' of civilians during a raid in Bakweri town (Fako, Sud-Ouest).",0.5563636363636365,0.85,0.3467196216957719,0.13143552756249433,0.1301277222119817,0.12883292974213043,0.1301277222119817,0.1327564765752932
mistral:7b,CAO13626,B,B,0.92,"[0.03, 0.01, 0.92, 0.01, 0.01, 0.03]",,1.06,Boko Haram - Jamaatu Ahli is-Sunnah lid-Dawati wal-Jihad,"On 14 June 2024, Boko Haram (JAS) (likely) militants clashed with the Gendarmerie forces in Tourou (Mokolo, Mayo-Tsanaga, Extreme-Nord). 1 soldier was killed. 4 motorbikes and an ambulance were burnt and several materials looted.",0.845953002610966,0.92,0.13557987980802969,0.13289521831492002,0.3301545854388504,0.13289521831492002,0.13289521831492002,0.13557987980802969
mistral:7b,CAO5613,R,V,0.92,"[1.0, 0.05, 0.01, 0.01, 0.02, 0.02, 0.0]",,1.04,Rioters (Cameroon),"On 19 October 2021, a traditional leader and his supporters tortured a pregnant woman and her children and paraded them on the streets of Buea town (Fako, Sud-Ouest) for being the ex-girlfriend of an Ambazonian separatist commander.",0.845953002610966,0.92,,,,,,
mistral:7b,CAO8174,R,R,0.95,"[0.01, 0.02, 0.01, 0.03, 0.95, 0.01]",,0.98,Rioters (Cameroon),"On 3 December 2023, a mob killed a suspect who was accused of killing two people with knives in Obala (Obala, Lekie, Centre). The victim was burnt alive by the mob.",0.845953002610966,0.9499999999999998,0.13174826251352065,0.13307235456483035,0.13174826251352065,0.13440975396249055,0.3372731039317797,0.13174826251352065
mistral:7b,CAO13505,S,V,0.85,"[1.0, 0.03, 0.02, 0.01, 0.04, 0.08]",,1.05,Ambazonian Separatists (Cameroon),"Looting: On 10 April 2024, Ambazonian Separatists from the Restoration Forces faction extorted money from commercial motorbike riders and their passengers in Bulu Camp (Mundemba, Ndian, Sud-Ouest) on their way to the market and farms.",0.5563636363636365,0.85,0.3439519610093828,0.1303863543410586,0.1290889884385252,0.12780453154241014,0.1316967589876818,0.13707140568059742
mistral:7b,CAO3090,B,B,0.94,"[0.01, 0.02, 0.03, 0.06, 0.01, 0.01, 0.89]",,1.08,Ambazonian Separatists (Cameroon),"On 12 March 2020, two groups of Ambazonian separatists clashed in their camp in Vikovi village, near Kikaikom, in Kumbo subdivision (Bui, Nord-Ouest), resulting in 5 deaths.",0.845953002610966,0.9400000000000001,,,,,,
mistral:7b,CAO6193,B,B,0.9,"[0.02, 0.03, 0.04, 0.01, 0.01, 0.9]",,0.98,Military Forces of Cameroon (1982-),"On 21 June 2022, Cameroonian military forces clashed with Ambazonia separatist in Essu (Fungom, Menchum, Nord-Ouest) leading to the death of 1 separatist and 1 civilian was injured. She was taking to the hospital for treatment.",0.845953002610966,0.8999999999999999,0.13474817332430086,0.13610241498049652,0.13747026699160927,0.13340740659772815,0.13340740659772815,0.32486433150781224
mistral:7b,CAO4023,V,V,0.95,"[0.02, 0.01, 0.0, 0.0, 0.0, 0.95]",,0.92,Islamic State West Africa Province (ISWAP) - Lake Chad Faction and/or Boko Haram - Jamaatu Ahli is-Sunnah lid-Dawati wal-Jihad,"On 18 November 2020, Boko Haram shot and killed a traditional chief and 3 of his children (total of 4 fatalities) in Satomi village, around Mora (Mayo-Sava, Extreme-Nord).",0.845953002610966,0.9499999999999998,0.13395569091446194,0.132622809519618,0.13130319051624537,0.13130319051624537,0.13130319051624537,0.33951192801684443
mistral:7b,CAO4443,B,B,0.85,"[0.02, 0.03, 0.01, 0.01, 0.01, 0.85]",,1.01,MNJTF: Multinational Joint Task Force,"On 4 March 2021, the MNJTF military forces repelled an attack of Boko Haram in Gouzoudou village (Mayo-Sava, Extreme-Nord). No fatality and/or casualty reported.",0.5563636363636365,0.85,0.1374850442143493,0.13886679188027776,0.13611704516741355,0.13611704516741355,0.13611704516741355,0.315297028402817
mistral:7b,CAO10147,B,S,0.75,"[0.12, 0.06, 0.03, 0.01, 0.04, 0.75]",,0.87,Military Forces of Cameroon (1982-),"On 3 January 2023, state security forces (coded as military) captured and arrested 1 Ambazonian Separatist in Adiemukong, Bafut commune, coded to Bafut (Mezam, Nord-Ouest). Gunshots could be heard, no casualties. It is unclear if the gunshots were an armed confrontation between the two.",0.25,0.75,0.1526191713185242,0.1437313226928045,0.13948342013825146,0.13672146336780283,0.1408852518161121,0.2865593706662183
mistral:7b,CAO7973,S,V,0.85,"[0.15, 0.02, 0.03, 0.01, 0.04, 0.85]",,1.01,Islamic State West Africa Province (ISWAP) and/or Boko Haram - Jamaatu Ahli is-Sunnah lid-Dawati wal-Jihad,"Looting: On 18 October 2023, ISWAP or Boko Haram militants demanded money and food items from fishermen in the Tsoukiya zone around Darak (Darak, Logone-et-Chari, Extreme-Nord) as taxes for fishing rights. The militants also searched the fishermen for mobile phones and any person from Darak. Finding neither the militants retreated toward Nigeria.",0.5563636363636365,0.85,0.15281264791791982,0.13418408792359782,0.1355326604272667,0.13284893394054179,0.13689478630992252,0.3077268834804437
mistral:7b,CAO9827,V,V,0.9,"[1.0, 0.05, 0.02, 0.01, 0.02, 0.02, 0.01]",,1.12,Military Forces of Cameroon (1982-),"On 7 January 2023, the state security forces, coded as the military forces shot and killed a masquerade in Bambui (Tubah, Mezam, Nord-Ouest) accusing him of being an Ambazonian Separatists.",0.845953002610966,0.8999999999999999,,,,,,
mistral:7b,CAO7395,B,B,0.9,"[0.02, 0.01, 0.03, 0.01, 0.01, 0.01, 0.9]",,1.07,Military Forces of Cameroon (1982-) Rapid Intervention Battalion,"On 23 June 2023, the military forces (Rapid Intervention) ambushed Boko Haram (JAS) (likely) militants in Ganse (Kolofata, Mayo-Sava, Extreme-Nord). 1 militant was killed and various items recovered by the military forces.",0.845953002610966,0.8999999999999999,,,,,,
mistral:7b,CAO6147,V,V,0.87,[],,0.8,Ambazonian Separatists (Cameroon),"On 1 June 2022, Ambazonia separatists abducted 9 commercial bike riders near Fundong (Njinikom, Boyo, Nord-Ouest) after they had participated in the 20th May celebration despite the ban imposed by the Separatists. The Separatists also burnt their motorbikes.",0.7254901960784313,0.8700000000000001,,,,,,
mistral:7b,CAO16029,V,V,0.85,"[1.0, 0.03, 0.02, 0.01, 0.02, 0.04, 0.0]",,1.11,Ambazonian Separatists (Cameroon),"On 22 October 2024, Ambazonian Separatists abducted a male civilian from his private residences in Bamenda - Nkwen (Bamenda 3, Mezam, Nord-Ouest) for an unknown reason.",0.5563636363636365,0.85,,,,,,
mistral:7b,CAO11761,B,B,0.85,"[0.03, 0.85, 0.02, 0.01, 0.01, 0.06]",,1.01,Military Forces of Cameroon (1982-),"On 16 July 2023, state security forces (coded as military) engaged in an armed confrontation with Ambazonian Separatists in Agyati (Mezam, Nord-Ouest). No casualties.",0.5563636363636365,0.85,0.1379043751541737,0.3131118613825593,0.13653220369467256,0.13517368556931814,0.13517368556931814,0.142104188629645
mistral:7b,CAO11220,B,V,0.92,"[1.0, 0.05, 0.02, 0.01, 0.03, 0.01]",,1.01,Military Forces of Cameroon (1982-),"On 8 November 2023, the military forces attacked Ambazonian Separatists from the Restoration Forces during an operation in Mfuni (Mamfe, Manyu, Sud-Ouest). The military forces shot and killed one, while several others sustained life-threatening injuries.",0.845953002610966,0.92,0.34670595028230017,0.1340854140499422,0.1301225911787688,0.128827849763551,0.1314303449615403,0.128827849763551
mistral:7b,CAO3650,R,V,0.85,"[0.12, 0.03, 0.01, 0.04, 0.06, 0.85]",,0.96,Rioters (Cameroon),"On 5 September 2020, residents beat one woman to death in Yokosire village (Lom-Et-Djerem, Est) after she was accused of attempting to use witchcraft against her co-wife.",0.5563636363636365,0.85,0.1481541443696562,0.13540269276660458,0.13272153981198798,0.13676351245255522,0.1395263186708627,0.3074317919280259
mistral:7b,CAO12120,V,V,0.92,"[1.0, 0.05, 0.02, 0.01, 0.02, 0.01]",,0.97,Military Forces of Cameroon (1982-),"On 13 August 2023, state security forces, coded as military forces, shot and killed a suspected Ambazonian Separatist in Nkundu quarter in Njenka (Balikumbat, Ngo-Ketunjia, Nord-Ouest) and left his body by the road. He had been arrested earlier from his private residence after a tip-off.",0.845953002610966,0.92,0.3471599500201658,0.13426099437321243,0.1302929823192654,0.128996545483872,0.1302929823192654,0.128996545483872
mistral:7b,CAO13210,B,V,0.65,"[0.1, 0.03, 0.02, 0.01, 0.02, 0.65]",,1.1,Military Forces of Cameroon (1982-),"On 23 March 2024, state security forces, coded as the military forces, fired several warning gunshots to dislodge and dismantle an Ambazonian Separatist illegal checkpoint in Bobong (Njinikom, Boyo, Nord-Ouest). There were no fatalities or injuries.",0.25,0.65,0.1556223866878182,0.14510135158673537,0.14365756901522694,0.1422281523203351,0.14365756901522694,0.2697329713743876
mistral:7b,CAO10312,S,R,0.82,"[0.06, 0.03, 0.01, 0.01, 0.15, 0.75]",,0.91,Ambazonian Separatists (Cameroon),"Property destruction: On 28 April 2023, Ambazonian Separatists Restoration forces burned a vehicle belonging to an unnamed road construction company working along the Kumba -Mundemba road axis in Dibonda (Toko, Ndian, Sud-Ouest). The burning was an attempt by the perpetrators to enforce the ban on any government sponsored projects especially reconstruction projects the perpetrators had declared.",0.5563636363636365,0.8200000000000001,0.1436617678011223,0.13941592090428204,0.13665530070821677,0.13665530070821677,0.15719101187961723,0.2864206979982584
mistral:7b,CAO4521,V,V,0.94,"[0.03, 0.01, 0.94, 0.01, 0.01, 0.01]",,0.98,Islamic State West Africa Province (ISWAP) - Lake Chad Faction and/or Boko Haram - Jamaatu Ahli is-Sunnah lid-Dawati wal-Jihad,"On 3 April 2021, Boko Haram fighters nightly attacked Goudjimdele village, Mora subdivision (Mayo-Sava, Extreme-Nord), killing 2 people.",0.845953002610966,0.9400000000000001,0.13504175145343483,0.1323677456156774,0.3354872660835199,0.1323677456156774,0.1323677456156774,0.1323677456156774
mistral:7b,CAO8337,V,V,0.85,"[0.06, 0.01, 0.02, 0.03, 0.04, 0.85]",,1.0,Boko Haram - Jamaatu Ahli is-Sunnah lid-Dawati wal-Jihad,"Around 30 December 2023 (as reported), Boko Haram (JAS) (likely) militants attacked Soukoule, coded to Mora (Mora, Mayo-Sava, Extreme-Nord). 1 civilian was killed and 3 motorbikes were taken away.",0.5563636363636365,0.85,0.14152159353563587,0.13461950397332687,0.13597245248104664,0.13733899834732527,0.13871927822788815,0.31182817343446534
mistral:7b,CAO9705,V,V,0.94,"[0.94, 0.03, 0.01, 0.01, 0.02, 0.02, 0.0]",,1.05,Military Forces of Cameroon (1982-),"On 23 June 2022, military forces shot and killed two male civilians in Ekombe Bonji (Kumba 1, Meme, Sud-Ouest).",0.845953002610966,0.9400000000000001,,,,,,
mistral:7b,CAO13243,S,R,0.87,"[1.0, 0.05, 0.02, 0.01, 0.03, 0.05]",,1.01,Boko Haram - Jamaatu Ahli is-Sunnah lid-Dawati wal-Jihad,"Looting: On 26 April 2024, ISWAP or Boko Haram militants looted some 150 oxen and cows in a grazing area in Dougza (Kolofata, Mayo-Sava, Extreme-Nord).",0.7254901960784313,0.8700000000000001,0.34489265497685523,0.13338413836768917,0.12944204132514014,0.12815407149410796,0.13074295546817358,0.13338413836768917
mistral:7b,CAO6787,S,V,0.85,[],,0.77,Boko Haram - Jamaatu Ahli is-Sunnah lid-Dawati wal-Jihad,"Looting: On 4 December 2022, Boko Haram [JAS] looted farmers in Amchide (Kolofata, Mayo-Sava, Extreme-Nord) stealing 2 motorbikes and 1 bicycle.",0.5563636363636365,0.85,,,,,,
mistral:7b,CAO4545,B,B,0.85,"[0.03, 0.85, 0.02, 0.01, 0.01, 0.06]",,1.09,Military Forces of Cameroon (1982-),"On 12 April 2021, the military forces repelled a nightly attack of Boko Haram fighters in Djanpala village, assumedly in Mora subdivision (Mayo-Sava, Extreme-Nord). One assailant was killed, and foodstuffs retrieved.",0.5563636363636365,0.85,0.1379043751541737,0.3131118613825593,0.13653220369467256,0.13517368556931814,0.13517368556931814,0.142104188629645
mistral:7b,CAO3621,P,P,0.95,"[0.01, 0.0, 0.0, 0.95, 0.03, 0.01]",,1.0,Protesters (Cameroon),"On 28 August 2020, women of the SUFC movement demonstrated in the Nord-ouest region, around Bamenda town (Mezam, Nord-Ouest), calling for a ceasefire in the North West and South West regions.",0.845953002610966,0.9499999999999998,0.13227019093624065,0.13095408054639576,0.13095408054639576,0.33860923099564083,0.13494222603874756,0.13227019093624065
mistral:7b,CAO6152,B,V,0.85,"[1.0, 0.04, 0.02, 0.01, 0.03, 0.08]",,1.1,Military Forces of Cameroon (1982-),"On 10 June 2022, Cameroonian military forces exchanged gunshots with suspected separatists and killed 2 civilians in Belo (Tubah, Mezam, Nord-Ouest). Unclear why the military was targeting civilians.",0.5563636363636365,0.85,0.34395196100938286,0.13169675898768182,0.12908898843852523,0.12780453154241017,0.13038635434105864,0.13707140568059745
mistral:7b,CAO6296,P,P,0.9,"[0.01, 0.0, 0.0, 0.9, 0.04, 0.05]",,0.97,Protesters (Cameroon),"Around 15 July 2022, residents of Koza and Gaboua protested in front of the sub-prefecture of Koza in Koza (Koza, Mayo-Tsanaga, Extreme-Nord) after a Boko Haram attack. They protested against the lack of security measures in the community.",0.845953002610966,0.8999999999999999,0.1335738619783391,0.13224477984488894,0.13224477984488894,0.3252696719407547,0.1376417916932608,0.13902511469754233
mistral:7b,CAO4239,B,B,0.85,"[0.03, 0.85, 0.02, 0.01, 0.01, 0.06]",,1.03,Military Forces of Cameroon (1982-),"On 24 December 2020, the military forces repelled an attack of Boko Haram in Makoulahe village, Mora subdivision (Mayo-Sava, Extreme-Nord), killing one assailant.",0.5563636363636365,0.85,0.1379043751541737,0.3131118613825593,0.13653220369467256,0.13517368556931814,0.13517368556931814,0.142104188629645
mistral:7b,CAO6523,B,E,0.9,"[1.0, 0.05, 0.02, 0.01, 0.01, 0.03, 0.0]",,1.08,Boko Haram - Jamaatu Ahli is-Sunnah lid-Dawati wal-Jihad,"On 12 September 2022, Boko Haram (JAS) fighters ambushed the Cameroonian military forces on the Limani - Mora Road, coded to Limani (Mora, Mayo-Sava, Extreme-Nord). Unknown fatalities or injuries but 4 motorbikes, mobile phones and a luggage were stolen by the assailants.",0.845953002610966,0.8999999999999999,,,,,,
mistral:7b,CAO5844,B,B,0.9,"[0.02, 0.03, 0.04, 0.01, 0.01, 0.9]",,0.92,Military Forces of Cameroon (1982-),"On 25 January 2022, the military intercepted Ambazonian separatists and engaged in fire fights with them in Bamenyam town, Penka-Michel subdivision (Menoua, Ouest). At least one soldier was killed and several others injured.",0.845953002610966,0.8999999999999999,0.13474817332430086,0.13610241498049652,0.13747026699160927,0.13340740659772815,0.13340740659772815,0.32486433150781224
mistral:7b,CAO9976,S,E,0.98,"[0.01, 0.01, 0.98, 0.01, 0.01, 0.01]",,0.98,Military Forces of Cameroon (1982-),"Defusal: On 1 October 2021, state forces, coded as military, defused an IED planted by Ambazonian Separatists in Oku (Bui, Nord-Ouest).",0.845953002610966,0.98,0.13092527777875626,0.13092527777875626,0.3453736111058734,0.13092527777875626,0.13092527777875626,0.13092527777875626
mistral:7b,CAO12429,B,B,0.9,"[0.01, 0.02, 0.03, 0.04, 0.05, 0.9]",,0.98,Ambazonian Separatists (Cameroon),"On 28 July 2023, Ambazonian Separatists exchanged fire with other Ambazonian Separatists in Bali (Mezam, Nord-Ouest) in a dispute over money extorted from civilians. Two Ambazonian Separatists were killed and their bodies were abandoned in the forest.",0.845953002610966,0.8999999999999999,0.13268500843689934,0.1340185149412544,0.1353654234087861,0.13672586853146354,0.13809998635493276,0.3231051983263407
mistral:7b,CAO12201,S,V,0.87,"[1.0, 0.05, 0.02, 0.01, 0.02, 0.06]",,1.18,Ambazonian Separatists (Cameroon),"Other: On 11 August 2023, Ambazonian Separatists fired gunshots in the air and rounded up civilians in Ikiliwindi Mile 10 (Meme, Sud-Ouest). They accused the population of collaborating with state security forces and threatened to kill anyone who collaborated with them.",0.7254901960784313,0.8700000000000001,0.3448789913078572,0.13337885406635672,0.12943691319851416,0.12814899439319444,0.12943691319851416,0.13471933383521847
mistral:7b,CAO6363,B,B,0.9,"[0.03, 0.9, 0.02, 0.01, 0.01, 0.01]",,1.03,Military Forces of Cameroon (1982-),"Around 7 August 2022, the Cameroonian military forces clashed with Boko Haram (JAS) (likely) fighters in Mora (Mora, Mayo-Sava, Extreme-Nord) killing many. The military also recovered weapons including 2 Kalashnikov rifles.",0.845953002610966,0.8999999999999999,0.13665763587682186,0.3261895942913547,0.13529786968040183,0.13395163338369845,0.13395163338369845,0.13395163338369845
mistral:7b,CAO7132,B,B,0.9,"[0.03, 0.9, 0.02, 0.01, 0.01, 0.04]",,1.09,Islamic State West Africa Province (ISWAP) and/or Boko Haram - Jamaatu Ahli is-Sunnah lid-Dawati wal-Jihad,"Around 5 March 2023, suspected ISWAP or Boko Haram fighters clashed with the Cameroonian military forces in Marouare, coded to Ngaoundere (Ngaoundere 1, Vina, Adamaoua). 2 fighters were killed while 2 civilians were wounded.",0.845953002610966,0.8999999999999999,0.13610241498049652,0.32486433150781224,0.13474817332430086,0.13340740659772815,0.13340740659772815,0.13747026699160927
mistral:7b,CAO4190,V,V,0.92,"[1.0, 0.05, 0.01, 0.01, 0.02, 0.02, 0.0]",,1.07,Ambazonian Separatists (Cameroon),"On 4 January 2021, Ambazonian separatists burnt a transport truck, killed the driver and reportedly injured his assistant in Ewili village, around Buea (Fako, Sud-Ouest). They accused the victims of not respecting their stop order.",0.845953002610966,0.92,,,,,,
mistral:7b,CAO13670,V,V,0.87,"[0.13, 0.02, 0.01, 0.01, 0.02, 0.87]",,1.02,Military Forces of Cameroon (1982-) Rapid Intervention Battalion,"On 15 April 2024, state security forces, coded as the military forces from the Rapid Intervention, beat and arrested 2 civilian from the road in Bonganjo (Buea, Fako, Sud-Ouest). There were no fatalities.",0.7254901960784313,0.8700000000000001,0.15011758728948124,0.13448045900227354,0.13314235607771271,0.13314235607771271,0.13448045900227354,0.31463678255023153
mistral:7b,CAO8729,V,V,0.75,"[0.12, 0.03, 0.04, 0.08, 0.05, 0.68]",,1.02,Ambazonian Separatists (Cameroon),"On 10 February 2024, Ambazonian Separatists from the Fako Mountain Lions faction fired several shots as a warning to enforce the Separatist-imposed lockdown in Bokova (Buea, Fako, Sud-Ouest) against the Youth Day celebration. There were no fatalities.",0.25,0.75,0.15429947880668687,0.14101910555252808,0.14243637112539093,0.14824930970417247,0.14386788045406368,0.2701278543568878
mistral:7b,CAO10745,B,E,0.98,"[1.0, 0.0, 0.0, 0.0, 0.0, 0.0]",,1.09,Ambazonian Separatists (Cameroon),"On 2 June 2023, Ambazonian Separatists detonated an IED targeting a state security forces convoy (coded as military) in Bufi (Menchum, Nord-Ouest). The explosion missed the target, but the soldiers stopped and fired gunshots in the area which caused civilians to flee.",0.845953002610966,0.98,0.3521874283516274,0.12956251432960408,0.12956251432960408,0.12956251432960408,0.12956251432960408,0.12956251432960408
mistral:7b,CAO2881,V,V,0.95,"[1.0, 0.02, 0.01, 0.01, 0.03, 0.01]",,1.0,Military Forces of Cameroon (1982-),"On 23 January 2020, the military forces attacked the villages of Bekora Barombi, Ndoh, Njima, Mokono Barombi and Mberenge, in Ekondo Titi subdivision (Ndian, Sud-Ouest). They reportedly killed at least 14 civilians, and injured at least 3 people including a humanitarian worker and two beneficiaries of a humanitarian project.",0.845953002610966,0.9499999999999998,0.34853841339701175,0.13081033492395586,0.12950875034413548,0.12950875034413548,0.13212500064627758,0.12950875034413548
mistral:7b,CAO12755,R,V,0.85,"[1.0, 0.04, 0.02, 0.03, 0.06, 0.05]",,1.03,Rioters (Cameroon),"On 4 April 2022, residents killed 1 Ambazonian Separatist fighter in Mbengwi (Mbengwi, Momo, Nord-Ouest) because of the atrocities committed by the separatists in their community.",0.5563636363636365,0.85,0.34309367574523675,0.131368127665903,0.12876686445291058,0.13006099295556675,0.1340219398815602,0.13268839929847964
mistral:7b,CAO11779,V,V,0.91,"[0.91, 0.03, 0.02, 0.01, 0.02, 0.03]",,0.99,Military Forces of Cameroon (1982-),"On 14 May 2022, state security forces, coded as military, killed a female civilian in Tobin (Bui, Nord-Ouest). The women who approached the military base and was mistaken to be an intruder.",0.845953002610966,0.9100000000000001,0.32707026605056744,0.13566315727692382,0.13431328630790568,0.13297684677944643,0.13431328630790568,0.13566315727692382
mistral:7b,CAO10497,V,V,0.85,"[1.0, 0.03, 0.02, 0.01, 0.02, 0.04]",,1.05,Military Forces of Cameroon (1982-),"On 16 March 2023, state security forces (coded as military) fired shots at a vehicle, injuring some civilians, at a vehicular checkpoint in Ntarinkon (Bamenda - Mankon, Mezam, Nord-Ouest) after the driver failed to stop.",0.5563636363636365,0.85,0.3467196216957719,0.13143552756249433,0.1301277222119817,0.12883292974213043,0.1301277222119817,0.1327564765752932
mistral:7b,CAO5725,V,V,0.92,"[1.0, 0.05, 0.01, 0.01, 0.02, 0.02, 0.0]",,1.07,Military Forces of Cameroon (1982-),"On 27 October 2021, the military forces alongside Fulani militiamen attacked and killed a 15 year old boy in Ngarbuh village, near Ntamruh, Ndu subdivision (Donga-Mantung, Nord-Ouest). He was accused of collaborating with Ambazonian separatists fighters.",0.845953002610966,0.92,,,,,,
mistral:7b,CAO6214,S,R,0.85,"[0.1, 0.03, 0.02, 0.01, 0.04, 0.85]",,1.0,Boko Haram - Jamaatu Ahli is-Sunnah lid-Dawati wal-Jihad,"Property destruction: Around 20 June 2022, Boko Haram (JAS) (likely) burnt houses and looted items in Djakana village, around Limani (Limani, Mayo-Sava, Extreme-Nord), including 4 bicycles.",0.5563636363636365,0.85,0.14645135404335533,0.13655033742688252,0.13519163886787786,0.13384645958542005,0.13792269113342223,0.31003751894273196
mistral:7b,CAO12645,B,B,0.9,"[0.02, 0.03, 0.04, 0.01, 0.06, 0.9]",,0.99,Military Forces of Cameroon (1982-),"On 15 January 2022, Ambazonian separatists and the military engaged in an armed clash at Total gas station in Bamunka near Bamenda (Bamenda 1, Mezam, Nord-Ouest). Three civilians were killed in the crossfire.",0.845953002610966,0.8999999999999999,0.13383276470820474,0.13517780635485835,0.13653636589479598,0.13250110644954963,0.1392945834482543,0.3226573731440143
mistral:7b,CAO3193,B,B,0.9,"[0.02, 0.01, 0.03, 0.01, 0.01, 0.9]",,1.0,Military Forces of Cameroon (1982-) Rapid Intervention Battalion,"On 18 April 2020, the military's rapid intervention battalion engaged in a fire fight with Ambazonian separatists in Oku village, Belo subdivision (Boyo, Nord-Ouest). Some separatists were killed. Some fatalities coded as 3.",0.845953002610966,0.8999999999999999,0.13529786968040183,0.13395163338369845,0.13665763587682186,0.13395163338369845,0.13395163338369845,0.3261895942913547
mistral:7b,CAO3287,V,E,0.85,"[0.1, 0.03, 0.95, 0.0, 0.01, 0.01]",,1.56,Islamic State West Africa Province (ISWAP) - Lake Chad Faction and/or Boko Haram - Jamaatu Ahli is-Sunnah lid-Dawati wal-Jihad,"On 18 May 2020, Boko Haram attacked the village of Tolkomari, Kolofata subdivision (Mayo-Sava, Extreme-Nord). No fatality and/or casualty reported.",0.5563636363636365,0.85,0.14276046423868266,0.13310897458305182,0.3340090707355268,0.12917500985934455,0.13047324029153,0.13047324029153
mistral:7b,CAO8924,B,B,0.87,"[0.04, 0.03, 0.12, 0.01, 0.02, 0.87]",,1.02,Military Forces of Cameroon (1982-),"On 29 May 2022, the military forces in a joint operation with the self-defense militia (COVI) ambushed Ambazonian Separatist fighter at a checkpoint in Ngarum (Ndu, Donga-Mantung, Nord-Ouest). 1 separatist was killed.",0.7254901960784313,0.8700000000000001,0.13666243295998393,0.13530261903178892,0.14804464626254657,0.13262344766988882,0.13395633547824964,0.3134105185972287
mistral:7b,CAO2836,V,V,0.94,"[0.01, 0.02, 0.03, 0.89, 0.04, 0.05]",,1.01,Military Forces of Cameroon (1982-),"On 13 January 2020, the military forces attacked Kumbo town, in Jakiri subdivision (Bui, Nord-Ouest). They reportedly killed one person, and burnt over 8 houses in several areas of the town.",0.845953002610966,0.9400000000000001,0.13311296000622216,0.13445076749535287,0.1358020201732758,0.32092199619932676,0.1371668531663848,0.1385454029591165
mistral:7b,CAO10508,B,B,0.9,"[0.02, 0.01, 0.03, 0.01, 0.02, 0.9]",,0.96,Military Forces of Cameroon (1982-),"On 14 March 2023, the state security forces, coded as military, shot and killed 3 Ambazonian Separatists at the Ndekwai - Ntenako road axis, coded to Ntenaku (Mamfe, Manyu, Sud-Ouest).",0.845953002610966,0.8999999999999999,0.1351159716550954,0.1337715452739845,0.13647390974596882,0.1337715452739845,0.1351159716550954,0.3257510563955455
mistral:7b,CAO3184,B,B,0.85,"[0.03, 0.85, 0.02, 0.01, 0.01, 0.06]",,1.01,Ambazonian Separatists (Cameroon),"On 15 April 2020, Ambazonian separatists engaged in fire fights with military forces in Bafut town, Bamenda subdivision (Mezam, Nord-Ouest). No fatality and/or casualty reported.",0.5563636363636365,0.85,0.1379043751541737,0.3131118613825593,0.13653220369467256,0.13517368556931814,0.13517368556931814,0.142104188629645
mistral:7b,CAO5032,B,B,0.85,"[0.03, 0.85, 0.02, 0.01, 0.01, 0.06]",,0.99,Military Forces of Cameroon (1982-),"On 10 February 2021, the military forces repelled an incursion of Ambazonian separatists in Meanja water tank neighborhood of Muyuka town (Fako, Sud-Ouest). No fatality and/or casualty reported.",0.5563636363636365,0.85,0.1379043751541737,0.3131118613825593,0.13653220369467256,0.13517368556931814,0.13517368556931814,0.142104188629645
mistral:7b,CAO5789,S,S,0.87,"[0.06, 0.04, 0.02, 0.01, 0.03, 0.87]",,0.87,Military Forces of Cameroon (1982-),"Around 21 December 2021 (as reported), the security forces (assumedly Military Forces) arrested at least 30 people including 7 Chadians and seized machetes, knives and spears during a security operation in Kousseri town (Logone-et-Chari, Extreme-Nord). The aim was to restore peace in the city in the context of tensions between the Musgum and Arab Shoa communities.",0.7254901960784313,0.8700000000000001,0.1406356805884456,0.13785090753238702,0.13512127667737794,0.13377679751041338,0.1364792680846117,0.31613606960644813
mistral:7b,CAO13094,V,V,0.87,"[1.0, 0.05, 0.02, 0.01, 0.02, 0.06]",,1.01,Ambazonian Separatists (Cameroon),"On 19 March 2024, Ambazonian Separatists from the Restoration Forces faction shot and injured a civilian in his private residence in Bole (Kumba 1, Meme, Sud-Ouest). They accused the man of collaborating with the military forces.",0.7254901960784313,0.8700000000000001,0.3448789913078572,0.13337885406635672,0.12943691319851416,0.12814899439319444,0.12943691319851416,0.13471933383521847
mistral:7b,CAO2871,B,B,0.9,"[1.0, 0.05, 0.02, 0.01, 0.02, 0.01, 0.0]",,1.07,Military Forces of Cameroon (1982-),"On 21 January 2020, the military forces attacked an Ambazonian separatists' camp in Kossala village, Kumba subdivision (Ndian, Sud-Ouest) [coded: Kumba], killing two Ambazonian separatists. The military also rescued 23 children hostages.",0.845953002610966,0.8999999999999999,,,,,,
mistral:7b,CAO11284,V,V,0.85,"[1.0, 0.04, 0.02, 0.03, 0.05, 0.06]",,1.03,Ambazonian Separatists (Cameroon),"On 15 December 2023, Ambazonian Separatists temporally detained a civilian masked in a traditional masquerade outfit at an illegal vehicle checkpoint for two hours alongside some motorcycle riders in Ngwa (Bangangte, Nde, Ouest). They were accused of not having paid a stipulated sum of money motorcycle riders pay before plying the road.",0.5563636363636365,0.85,0.34309367574523675,0.131368127665903,0.12876686445291058,0.13006099295556675,0.13268839929847964,0.1340219398815602
mistral:7b,CAO3310,V,V,0.91,"[0.02, 0.01, 0.03, 0.86, 0.04, 0.06]",,1.03,Military Forces of Cameroon (1982-),"On 28 May 2020, military forces killed four people suspected to be armed bandits in Bonduma neighbourhood of Buea town (Fako, Sud-Ouest). Residents say the victims were not armed.",0.845953002610966,0.9100000000000001,0.1355476562592534,0.13419893454456322,0.13690993285252628,0.3139781147390094,0.13828590055317638,0.14107946105115723
mistral:7b,CAO12582,S,P,0.85,"[0.1, 0.03, 0.02, 0.85, 0.04, 0.06]",,0.98,Ambazonian Separatists (Cameroon),"Other: On 20 May 2022, Ambazonian Separatists fired warning shots for about 30 minutes in Alabukam near Nlabakam (Bamenda - Mankon, Mezam, Nord-Ouest) to enforce the lockdown for 20 May.",0.5563636363636365,0.85,0.14545318812466204,0.13561965369305215,0.13427021559192603,0.30792440167627605,0.13698265387256434,0.1397498870412114
mistral:7b,CAO12898,V,V,0.92,"[1.0, 0.05, 0.02, 0.01, 0.03, 0.01]",,1.04,Military Forces of Cameroon (1982-),"On 14 February 2024, security forces, coded as the military shot and killed a traditional doctor at his residence in Bessom, coded to Batibo (Batibo, Momo, Nord-Ouest) during a cordon and search operation. They accused the victim of providing fortification charms to Ambazonian Separatists.",0.845953002610966,0.92,0.34670595028230017,0.1340854140499422,0.1301225911787688,0.128827849763551,0.1314303449615403,0.128827849763551
mistral:7b,CAO13115,B,B,0.9,"[0.02, 0.03, 0.01, 0.01, 0.01, 0.9]",,1.0,Ambazonian Separatists (Cameroon),"On 20 March 2024, Ambazonian Separatists from the Restoration Forces faction clashed with the military forces from the Rapid Intervention in Bombe Bakundu (Kumba 3, Meme, Sud-Ouest) during an operation to dislodge Separatists hideouts. 1 Separatist was killed. The military forces recovered a weapon.",0.845953002610966,0.8999999999999999,0.13529786968040183,0.13665763587682186,0.13395163338369845,0.13395163338369845,0.13395163338369845,0.3261895942913547
mistral:7b,CAO11938,B,B,0.85,"[0.06, 0.85, 0.02, 0.01, 0.02, 0.04, 0.03]",,1.05,Military Forces of Cameroon (1982-) Gendarmerie,"On 10 October 2023, Gendarmerie forces, clashed with Ambazonian Separatists at an illegal Separatist checkpoint in Bamessing (Tubah, Mezam, Nord-Ouest) as Separatists were looting money from commercial vehicles. Casualties unknown. No information on the injuries. The military forces seized 2 motorbikes.",0.5563636363636365,0.85,,,,,,
mistral:7b,CAO13051,S,R,0.82,"[0.13, 0.04, 0.02, 0.01, 0.06, 0.82]",,1.02,Boko Haram - Jamaatu Ahli is-Sunnah lid-Dawati wal-Jihad,"Property destruction: Around 3 April 2024 (as reported), suspected ISWAP or Boko Haram militants removed sheet metal Roofs of schools and professional training buildings in Tchahack (Chahack) (Darak, Logone-et-Chari, Extreme-Nord).",0.5563636363636365,0.8200000000000001,0.15099364895408582,0.1379978045570354,0.135265264946051,0.13391935307187497,0.14078554512983785,0.30103838334081395
mistral:7b,CAO11684,V,B,0.9,"[0.01, 0.02, 0.03, 0.04, 0.05, 0.9]",,0.96,Ambazonian Separatists (Cameroon),"On 26 June 2023, Ambazonian Separatists from the Restoration Forces shot and killed two members of the state security forces (coded as military) in Konye (Meme, Sud-Ouest). The soldiers had been previously abducted by the Separatists on 25 June 2023 (coded separately).",0.845953002610966,0.8999999999999999,0.13268500843689934,0.1340185149412544,0.1353654234087861,0.13672586853146354,0.13809998635493276,0.3231051983263407
mistral:7b,CAO14510,V,V,0.75,"[0.12, 0.03, 0.04, 0.01, 0.02, 0.75]",,0.99,Boko Haram - Jamaatu Ahli is-Sunnah lid-Dawati wal-Jihad,"On 20 August 2024, Boko Haram (JAS) (likely) militants abducted 2 farmers from their fields in Alagarno (Kolofata, Mayo-Sava, Extreme-Nord). They were later released for an unknown reason.",0.25,0.75,0.1534841752499571,0.1402739742065702,0.14168375108490652,0.13749636341674612,0.1388782248425499,0.2881835111989819
mistral:7b,CAO13082,B,B,0.9,"[0.02, 0.03, 0.01, 0.01, 0.01, 0.9]",,0.98,Military Forces of Cameroon (1982-),"On 21 February 2024, the state security forces, coded as the military forces ambushed and clashed with the Ambazonian Separatists restoration forces along Buea - Kumba main road, coded to Kumba (Kumba 1, Meme, Sud-Ouest). A driver of a public transport vehicle was hit and killed by a stray bullet. No information on the injuries.",0.845953002610966,0.8999999999999999,0.13529786968040183,0.13665763587682186,0.13395163338369845,0.13395163338369845,0.13395163338369845,0.3261895942913547
mistral:7b,CAO5627,B,B,0.9,"[0.03, 0.9, 0.02, 0.01, 0.01, 0.04]",,0.99,Military Forces of Cameroon (1982-),"Around 24 October 2021 (as reported), the military forces opened fire on BNL fighters who were erecting barricades in Cameroon-Nigeria border area in Bakassi Peninsula, Kombo Abedimo subdivision (Ndian, Sud-Ouest). 2 BNL fighters were killed.",0.845953002610966,0.8999999999999999,0.13610241498049652,0.32486433150781224,0.13474817332430086,0.13340740659772815,0.13340740659772815,0.13747026699160927
mistral:7b,CAO8784,B,E,0.96,"[1.0, 0.02, 0.03, 0.01, 0.01, 0.01, 0.0]",,1.13,Ambazonian Separatists (Cameroon),"On 10 May 2022, suspected Ambazonian Separatist fighters detonated a remote controlled IED targeting traveling military along the Bamenda-Belo road road, coded to Bamenda (Bamenda 1, Mezam, Nord-Ouest). 1 separatist was killed during clashes that followed the detonation. 2 civlians were also killed by stray bullets.",0.845953002610966,0.96,,,,,,
mistral:7b,CAO4808,B,B,0.9,"[0.02, 0.03, 0.01, 0.01, 0.01, 0.9]",,1.01,Military Forces of Cameroon (1982-),"Around 16 October 2020 (week of), the military forces engaged in fire fights with Ambazonian separatists in Bamessing village, Ndop subdivision (Mezam, Nord-Ouest), resulting in 3 people getting killed.",0.845953002610966,0.8999999999999999,0.13529786968040183,0.13665763587682186,0.13395163338369845,0.13395163338369845,0.13395163338369845,0.3261895942913547
mistral:7b,CAO14672,S,V,0.85,[],,0.73,Ambazonian Separatists (Cameroon),"Looting: On 3 July 2024, Ambazonian Separatists from the Restoration Forces faction extorted money, coded as looting, from civilians at an illegal checkpoint on the main road in Bamessing (Tubah, Mezam, Nord-Ouest).",0.5563636363636365,0.85,,,,,,
mistral:7b,CAO12986,P,P,0.98,"[1.0, 0.0, 0.0, 0.98, 0.02, 0.0]",,0.98,Protesters (Cameroon),"On 17 April 2024, people protested in front of the Town Hall in Yaounde (Yaounde 1, Mfoundi, Centre) after the municipal police officers attempted to arrest a civilian who had refused to pay them money causing an accident that killed 2 civilians. The protesters voiced their growing concern about the actions of the police officers.",0.845953002610966,0.98,0.28908851900580573,0.10634972282093569,0.10634972282093569,0.2833641827977055,0.10849812973339265,0.10634972282093569
mistral:7b,CAO11562,B,B,0.95,"[0.01, 0.02, 0.03, 0.06, 0.01, 0.01, 0.01, 0.04, 0.85, 0.02]",,1.28,Military Forces of Cameroon (1982-),"On 16 June 2023, government forces, coded as military, clashed with Ambazonian Separatists in Kedjem Keku (Tubah, Mezam, Nord-Ouest), leading to the killing of at least 13 civilians and 3 Ambazonian separatists.",0.845953002610966,0.9499999999999998,,,,,,
mistral:7b,CAO14799,V,V,0.92,"[1.02, 0.03, 0.01, 0.01, 0.02, 0.02, 0]",,1.12,Ambazonian Separatists (Cameroon),"On 12 July 2024, Ambazonian Separatists from the Bui Unity Warriors faction shot and killed 1 civilian in Jakiri (Jakiri, Bui, Nord-Ouest) after the Separatists had taken him out of his private residence. They accused him of collaborating with the security forces.",0.845953002610966,0.92,,,,,,
mistral:7b,CAO4310,S,E,0.98,"[0.01, 0.01, 0.98, 0.01, 0.01, 0.01]",,1.03,Police Forces of Cameroon (1982-),"Defusal: On 27 January 2021, the police forces retrieved and defused an IED planted by unidentified men in Bamenda town (Mezam, Nord-Ouest). No fatality and/or casualty reported.",0.845953002610966,0.98,0.13092527777875626,0.13092527777875626,0.3453736111058734,0.13092527777875626,0.13092527777875626,0.13092527777875626
mistral:7b,CAO10471,V,V,0.85,"[0.85, 0.06, 0.02, 0.01, 0.03, 0.03]",,1.12,Military Forces of Cameroon (1982-),"On 22 March 2023, state security forces, coded as military forces, beat up civilians and broke into homes where they looted properties in Ngomgham Mankon, coded to Ntarinkon (Bamenda - Mankon, Mezam, Nord-Ouest). They also harrassed civilians, the attack was after separatists attacked their position in the area and engaged them in an armed clash (coded separately). No information on injuries.",0.5563636363636365,0.85,0.3122591784960645,0.141717202939583,0.13616039193055793,0.13480557339407043,0.13752882661970584,0.13752882661970584
mistral:7b,CAO11896,B,B,0.9,"[0.02, 0.03, 0.01, 0.01, 0.02, 0.01, 0.89]",,1.02,Military Forces of Cameroon (1982-),"On 28 September 2023, state forces, coded as military, exchanged fire with Ambazonian Separatists in Benade (Menchum, Nord-Ouest) during an operation to dislodge the Ambazonian Separatists. Four civilians, including the traditional chief of Banum village, were killed caught by stray bullets.",0.845953002610966,0.8999999999999999,,,,,,
mistral:7b,CAO11447,S,V,0.85,"[0.1, 0.03, 0.02, 0.01, 0.02, 0.85]",,0.98,Military Forces of Cameroon (1982-),"Other: On 4 July 2023, state security forces, coded as military forces, on vehicular patrol shot into the air at the cattle market in Lassin (Bui, Nord-Ouest) to prevent an attack by Ambazonian Separatists after they tipped off that a separatists camp opened in the area.",0.5563636363636365,0.85,0.14685241566586024,0.13692428480510757,0.13556186540752047,0.13421300230944275,0.13556186540752047,0.31088656640423756
mistral:7b,CAO3261,V,V,0.9,"[0.85, 0.03, 0.02, 0.01, 0.02, 0.09]",,0.97,Ambazonian Separatists (Cameroon),"On 10 May 2020, suspected Ambazonian separatists killed one person in Bakebe village, Mamfe subdivision (Manyu, Sud-Ouest).",0.845953002610966,0.8999999999999999,0.3113415004572535,0.1371246521627685,0.13576023907666143,0.13440940212759597,0.13576023907666143,0.14560396709874776
mistral:7b,CAO11281,V,V,0.85,"[0.85, 0.03, 0.01, 0.02, 0.04, 0.05]",,0.96,Ambazonian Separatists (Cameroon),"On 24 November 2023, the Ambazonian Restoration Forces abducted a builder from a public transport vehicle at a vehicle checkpoint in Nguti (Nguti, Kupe-Manenguba, Sud-Ouest).",0.5563636363636365,0.85,0.31226789765386587,0.1375326668128022,0.13480933754624874,0.13616419391309453,0.1389148930938021,0.14031101097987414
mistral:7b,CAO11825,V,V,0.75,"[0.12, 0.03, 0.01, 0.85, 0.04, 0.05]",,1.0,Ambazonian Separatists (Cameroon),"On 3 July 2022, Ambazonian Separatists abducted two workers of a government-owned agro-industrial company, (PAMOL) in Mabonji (Meme, Sud-Ouest).",0.25,0.75,0.1483601142097759,0.1355909350267153,0.13290605462560878,0.30785919594902406,0.13695364657883236,0.13833005360973571
mistral:7b,CAO12114,V,V,0.92,"[0.87, 0.03, 0.01, 0.01, 0.04, 0.05]",,0.87,Ambazonian Separatists (Cameroon),"On 15 August 2023, Ambazonian Separatists shot and killed a woman in Akwaya (Manyu, Sud-Ouest). They also abducted four civilians from a home for unknown reasons. No additional information.",0.845953002610966,0.92,0.3170058790771913,0.1368547739865098,0.13414486789727276,0.13414486789727276,0.1382301873313403,0.13961942381009612
mistral:7b,CAO15247,S,V,0.87,"[0.87, 0.02, 0.01, 0.01, 0.02, 0.03, 0.01]",,1.09,Military Forces of Cameroon (1982-) Gendarmerie,"Looting: On 10 August 2024, gendarmerie forces broke into 8 civilian private residences and looted an unspecified amount of money and valuables in Bamunka (Ndop, Ngo-Ketunjia, Nord-Ouest) during an operation to dislodge Ambazonian Separatists from their hideouts.",0.7254901960784313,0.8700000000000001,,,,,,
mistral:7b,CAO6111,V,V,0.87,"[0.87, 0.02, 0.01, 0.01, 0.02, 0.03, 0.01]",,1.08,Military Forces of Cameroon (1982-),"Around 24 May 2022, the Cameroonian military shot randomly in Mbve area of Kumbo (Kumbo, Bui, Nord-Ouest). The bullets went through some houses.",0.7254901960784313,0.8700000000000001,,,,,,
mistral:7b,CAO13590,S,E,0.98,"[1.0, 0.0, 0.0, 0.0, 0.0, 0.0]",,0.97,Military Forces of Cameroon (1982-) Gendarmerie,"Defusal: On 19 April 2024, gendarmerie forces recovered an IED planted by an Ambazonian Separatist at the Market in Great Soppo (Buea, Fako, Sud-Ouest). The were no fatalities. The Separatist had attempted to detonate the IED on a minister's convoy but nearby civilians alerted the gendarmerie forces and he was arrested.",0.845953002610966,0.98,0.3521874283516274,0.12956251432960408,0.12956251432960408,0.12956251432960408,0.12956251432960408,0.12956251432960408
mistral:7b,CAO4947,S,S,0.84,"[0.05, 0.03, 0.02, 0.01, 0.04, 0.84]",,0.94,Military Forces of Cameroon (1982-),"On 13 January 2021, a joint police and military forces operation was conducted in Mudeka village, Tiko subdivision (Fako, Sud-Ouest), resulting in 86 people getting arrested.",0.5563636363636365,0.84,0.1407483325866513,0.13796132887157353,0.1365885907131157,0.13522951152755333,0.1393478632778867,0.31012437302290935
mistral:7b,CAO5487,V,V,0.94,"[0.94, 0.03, 0.01, 0.01, 0.02, 0.02, 0.0]",,1.1,Military Forces of Cameroon (1982-),"On 16 August 2021, the military forces tortured several civilians, and looted properties during a raid in Bamenda - Chomba village, Bamenda 2 subdivision (Mezam, Nord-Ouest).",0.845953002610966,0.9400000000000001,,,,,,
mistral:7b,CAO12450,V,V,0.92,"[1.02, 0.03, 0.01, 0.01, 0.02, 0.02, 0.0]",,1.14,Ambazonian Separatists (Cameroon),"On 26 July 2023, Ambazonian Separatists shot and killed a civilian in Mezam department, coded to Bamenda (Mezam, Nord-Ouest), after getting in an argument with him. They let another man go who was with the victim after seizing his phone and an unknown amount of money.",0.845953002610966,0.92,,,,,,
mistral:7b,CAO10410,S,V,0.85,"[0.12, 0.03, 0.01, 0.04, 0.06, 0.85]",,1.0,Military Forces of Cameroon (1982-),"Property destruction: On 7 April 2023, State security forces, coded as the military forces, set fire to 3 civilian houses in Aboh, coded to Fundong (Njinikom, Boyo, Nord-Ouest).",0.5563636363636365,0.85,0.1481541443696562,0.13540269276660458,0.13272153981198798,0.13676351245255522,0.1395263186708627,0.3074317919280259
mistral:7b,CAO6584,S,S,0.82,"[0.06, 0.04, 0.02, 0.01, 0.03, 0.82]",,0.89,Military Forces of Cameroon (1982-),"On 25 September 2022, Cameroonian security forces arrested at least 60 people in Kourgui (Mora, Mayo-Sava, Extreme-Nord). 30 motorbikes without official documents were seized. The military were looking for armed group members.",0.5563636363636365,0.8200000000000001,0.14283797622477673,0.140009594793348,0.13723721906665612,0.13587168592114104,0.1386164760484426,0.30542704794533
mistral:7b,CAO10587,B,E,0.9,"[1.0, 0.05, 0.03, 0.02, 0.04, 0.01]",,1.01,Ambazonian Separatists (Cameroon),"On 7 May 2023, Ambazonian Separatists from the Bui Warriors, led by 'General Mad Dog,' engaged in an armed confrontation with state security forces (coded as military) in Njavnyuy, Kumbo commune, coded to Kumbo (Bui, Nord-Ouest). During the attack, the Separatists fired 2 rockets at the base. An unknown number of soldiers were injured.",0.845953002610966,0.8999999999999999,0.34535100287732545,0.13356140030381525,0.13091670738279215,0.12961406437932188,0.13223244216609836,0.12832438289030157
mistral:7b,CAO4741,V,V,0.9,"[0.1, 0.05, 0.02, 0.06, 0.03, 0.8]",,0.99,Military Forces of Cameroon (1982-),"On 18 December 2020, the military forces raided Dyeny village, Mbonge subdivision (Meme, Sud-Ouest), resulting in 2 people getting injured and houses burnt down.",0.845953002610966,0.8999999999999999,0.14746474762759781,0.1402728070199429,0.13612711905081543,0.1416825721678586,0.13749521934196257,0.29695753479152565
mistral:7b,CAO6254,E,E,0.98,"[1.0, 0.0, 0.0, 0.0, 0.0, 0.0]",,1.07,Unidentified Armed Group (Cameroon),"On 2 July 2022, an explosive device planted by an unidentified armed group exploded at Mokolo market in Yaounde (Yaounde 1, Mfoundi, Centre) leading to 4 injured, including 2 severely. No fatalities.",0.845953002610966,0.98,0.3521874283516274,0.12956251432960408,0.12956251432960408,0.12956251432960408,0.12956251432960408,0.12956251432960408
mistral:7b,CAO11395,B,E,0.92,"[1.0, 0.05, 0.03, 0.01, 0.02, 0.01]",,1.07,Ambazonian Separatists (Cameroon),"On 2 January 2024, the Bui Unity Warriors attacked a military convoy on transit with a road planted IED in Wainamah (Jakiri, Bui, Nord-Ouest). This prompted military to fire repelling gunshots. Casualties unknown.",0.845953002610966,0.92,0.34670595028230017,0.1340854140499422,0.1314303449615403,0.128827849763551,0.1301225911787688,0.128827849763551
mistral:7b,CAO8359,B,B,0.85,"[0.03, 0.85, 0.02, 0.01, 0.01, 0.04, 0.01]",,1.06,Military Forces of Cameroon (1982-) Rapid Intervention Battalion,"On 4 January 2024, the military forces killed 1 unidentified armed group member in Bourrha (Bourrha, Mayo-Tsanaga, Extreme-Nord). The member was known to abduct civilians. Food items, clothing, bladed weapons and other items were recovered.",0.5563636363636365,0.85,,,,,,
mistral:7b,CAO11563,V,V,0.98,"[1.0, 0.0, 0.0, 0.0, 0.0, 0.0]",,0.95,Military Forces of Cameroon (1982-),"On 21 June 2023, government forces, coded as military, raped a 12-year-old girl in Atoini, coded to Njinikom (Boyo, Nord-Ouest). No further information is available.",0.845953002610966,0.98,0.3521874283516274,0.12956251432960408,0.12956251432960408,0.12956251432960408,0.12956251432960408,0.12956251432960408
mistral:7b,CAO10080,V,V,0.85,"[1.0, 0.03, 0.02, 0.01, 0.02, 0.04]",,1.03,Military Forces of Cameroon (1982-),"On 2 February 2023, the state security forces, coded as the military forces beat civilians in Matondo II (Konye, Meme, Sud-Ouest) for an unknown reason. Casualties unknown. The attack caused the displacement of some civilians.",0.5563636363636365,0.85,0.3467196216957719,0.13143552756249433,0.1301277222119817,0.12883292974213043,0.1301277222119817,0.1327564765752932
mistral:7b,CAO7398,V,V,0.87,[],,0.74,Boko Haram - Jamaatu Ahli is-Sunnah lid-Dawati wal-Jihad,"On 18 June 2023, Boko Haram [JAS] militants attacked Gazla, coded to Mora (Mora, Mayo-Sava, Extreme-Nord). 2 were killed and 1 was wounded. The militants looted houses and stole food items.",0.7254901960784313,0.8700000000000001,,,,,,
mistral:7b,CAO15321,S,R,0.95,"[0.01, 0.02, 0.03, 0.04, 0.95, 0.01]",,0.96,Boko Haram - Jamaatu Ahli is-Sunnah lid-Dawati wal-Jihad,"Looting: On 12 October 2024, Boko Haram (JAS) (likely) militants looted 2 stores and nearly 20 houses in Ldoubam (Mokolo, Mayo-Tsanaga, Extreme-Nord).",0.845953002610966,0.9499999999999998,0.1312217572664005,0.13254055785200597,0.13387261260384747,0.13521805472851023,0.3359252602824993,0.1312217572664005
mistral:7b,CAO5584,B,B,0.85,"[0.03, 0.85, 0.02, 0.01, 0.01, 0.06]",,1.0,Military Forces of Cameroon (1982-),"On 3 September 2021, military forces engaged in fire fight with Ambazonian separatists in Ekona town, Bangem subdivision (Kupe-Manenguba, Sud-Ouest).There were no fatalities.",0.5563636363636365,0.85,0.1379043751541737,0.3131118613825593,0.13653220369467256,0.13517368556931814,0.13517368556931814,0.142104188629645
mistral:7b,CAO15173,B,B,0.9,"[0.02, 0.03, 0.15, 0.01, 0.01, 0.8]",,1.11,Ambazonian Separatists (Cameroon),"On 8 August 2024, Ambazonian Separatists from the Restoration Forces faction clashed with the security forces, coded as the military forces in Big Ngwandi (Konye, Meme, Sud-Ouest). The Separatists detonated an IED that killed 2 soldiers and injured 6 others before clashing with security forces. The casualties on the Separatist side are unknown.",0.845953002610966,0.8999999999999999,0.13679047580852843,0.138165242945927,0.15578087641923224,0.1354293878327032,0.1354293878327032,0.29840462916060745
mistral:7b,CAO5791,V,V,0.85,"[1.0, 0.03, 0.02, 0.01, 0.02, 0.04, 0.0]",,1.07,Ambazonian Separatists (Cameroon),"On 22 December 2021, suspected Ambazonian separatists opened fire on the house of the former Mayor of Mamfe town (Manyu, Sud-Ouest) before burning his house down. They accuse him of denouncing human rights violations allegedly committed by one separatist leader. There were no fatalities.",0.5563636363636365,0.85,,,,,,
mistral:7b,CAO7007,V,V,0.94,"[1.0, 0.03, 0.02, 0.01, 0.02, 0.01]",,1.19,Military Forces of Cameroon (1982-),"On 29 January 2023, suspected members of the Cameroonian military forces attacked traveling civilians on the Bamenda-Kumbo road, coded to Bamenda (Bamenda 1, Mezam, Nord-Ouest). 2 drivers were killed by the military. The victims were traveling to Jakiri when they were stopped by the soldiers.",0.845953002610966,0.9400000000000001,0.34808535087185555,0.13195325232779057,0.1306402955297911,0.12934040287021184,0.1306402955297911,0.12934040287021184
mistral:7b,CAO13016,E,E,0.98,"[1.0, 0.0, 0.0, 0.0, 0.0, 0.0]",,1.05,Ambazonian Separatists (Cameroon),"On 23 February 2024, an IED planted by Ambazonian Separatists detonated on the military forces in Bamenda - Mankon (Bamenda 2, Mezam, Nord-Ouest). At least 6 soldiers were killed and their military vehicle was damaged.",0.845953002610966,0.98,0.3521874283516274,0.12956251432960408,0.12956251432960408,0.12956251432960408,0.12956251432960408,0.12956251432960408
mistral:7b,CAO9923,V,V,0.9,"[0.85, 0.03, 0.01, 0.02, 0.04, 0.05]",,1.02,Military Forces of Cameroon (1982-),"On 20 March 2021, state forces, coded as military, raided the village Bengang located in Batibo (Momo, Nord-Ouest).There was 1 civilian killed.",0.845953002610966,0.8999999999999999,0.31226789765386587,0.1375326668128022,0.13480933754624874,0.13616419391309453,0.1389148930938021,0.14031101097987414
mistral:7b,CAO3105,B,V,0.87,"[1.0, 0.05, 0.02, 0.01, 0.02, 0.06]",,0.99,Ambazonian Separatists (Cameroon),"On 15 March 2020, the Ambazonian separatists killed a civilian when they targeted a soldier who he was transporting to his duty post in Mundemba town (Ndian, Sud-Ouest).",0.7254901960784313,0.8700000000000001,0.3448789913078572,0.13337885406635672,0.12943691319851416,0.12814899439319444,0.12943691319851416,0.13471933383521847
mistral:7b,CAO12465,S,V,0.85,"[1.0, 0.04, 0.02, 0.03, 0.05, 0.06]",,1.12,Military Forces of Cameroon (1982-),"Property destruction: On 24 July 2023, state security forces (coded as military) set ablaze the traditional house of a village in Belo commune, coded to Oku (Boyo, Nord-Ouest), which had been a secret shrine of 'Beng Aweh.' They also arrested some men, all, with the exception of two, were shortly released.",0.5563636363636365,0.85,0.34309367574523675,0.131368127665903,0.12876686445291058,0.13006099295556675,0.13268839929847964,0.1340219398815602
mistral:7b,CAO5869,B,B,0.92,"[1.03, 0.04, 0.02, 0.01, 0.01, 0.01]",,0.88,Islamic State West Africa Province (ISWAP) - Lake Chad Faction,"Around 12 February 2022, ISWAP militants launched an attack targeting a military post of the Multinational Task force in Gasama (Logone-Birni, Logone-et-Chari), causing the killing of ten militants, injury of two soldiers, and the seizure of arms and ammunition.",0.845953002610966,0.92,0.3549144392338885,0.1318779329264732,0.12926657489296628,0.12798035098210567,0.12798035098210567,0.12798035098210567
mistral:7b,CAO13677,V,V,0.87,"[1.0, 0.05, 0.02, 0.01, 0.02, 0.06]",,1.17,Ambazonian Separatists (Cameroon),"On 16 April 2024, Ambazonian Separatists from the SOCADEF abducted 3 village elders and a traditional ruler from their private residences in Weme (Konye, Meme, Sud-Ouest). The Separatists accused the elders of installing a new traditional council in the village without notifying the Separatists.",0.7254901960784313,0.8700000000000001,0.3448789913078572,0.13337885406635672,0.12943691319851416,0.12814899439319444,0.12943691319851416,0.13471933383521847
olmo2:7b,CAO11875,V,V,0.95,"[0.95, 0.03, 0.01, 0.01, 0.02]",,0.85,Unidentified Armed Group (Cameroon),"On 24 September 2023, an unidentified armed group shot and killed a bike rider beside a rice farm in Bamunka (Ngo-Ketunjia, Nord-Ouest) after having abducted him. They accused him of impersonating the armed group and extorting money from civilians.",0.7443762781186093,0.9499999999999998,,,,,,
olmo2:7b,CAO9055,V,V,0.95,"[0.95, 0.03, 0.02, 0.01, 0.01]",,0.88,Military Forces of Cameroon (1982-),"On 4 September 2022, military forces shot and killed a man in Besali (Wabane, Lebialem, Sud-Ouest) after he was mistaken for a separatist fighter following an exchange of fire between soldiers and Ambazonia Liberation Army fighters.",0.7443762781186093,0.9499999999999998,,,,,,
olmo2:7b,CAO3117,B,B,0.95,"[0.93, 0.03, 0.02, 0.01, 0.01, 0.0]",,0.87,Islamic State West Africa Province (ISWAP) - Lake Chad Faction and/or Boko Haram - Jamaatu Ahli is-Sunnah lid-Dawati wal-Jihad,"On 23 March 2020, Boko Haram were repulsed by the military after staging an attack on the village of Goshikale in Mora subdivision (Mayo-Sava, Extreme-Nord). Militants destroyed the local hospital and looted several houses, taking away 3 motorcycles.",0.7443762781186093,0.9499999999999998,0.3332571644850734,0.1354922519708132,0.13414408153800397,0.13280932562513567,0.13280932562513567,0.13148785075550468
olmo2:7b,CAO13564,B,B,0.85,"[0.85, 0.03, 0.02, 0.01, 0.01]",,0.87,Military Forces of Cameroon (1982-) Gendarmerie,"On 21 April 2024, gendarmerie officers clashed with Ambazonian Separatists from the Restoration Forces faction at the Separatist hideout in Kouki (Mbven, Bui, Nord-Ouest). There were no fatalities. No information on the injuries.",0.4729064039408867,0.85,,,,,,
olmo2:7b,CAO8281,S,V,0.85,"[0.85, 0.15]",,0.63,Islamic State West Africa Province (ISWAP) and/or Boko Haram - Jamaatu Ahli is-Sunnah lid-Dawati wal-Jihad,"Looting: On 18 December 2023, ISWAP or Boko Haram militants looted 2 houses in Waza (Waza, Logone-et-Chari, Extreme-Nord).",0.4729064039408867,0.85,,,,,,
olmo2:7b,CAO10079,S,S,0.88,"[0.75, 0.15, 0.05, 0.02, 0.03, 0.03]",,0.85,Civilians (Cameroon),"Displacement: On 2 February 2023, civilians were displaced for fear of retaliation attacks from, the state security forces in Diongo (Dibombari, Moungo, Littoral) after suspected Ambazonian Separatists mounted an illegal checkpoint paralyzing vehicle movement.",0.7422680412371134,0.8800000000000001,0.28564814250789455,0.1567670244369772,0.14184866962473466,0.1376564078771217,0.13903987777649315,0.13903987777649315
olmo2:7b,CAO9679,V,V,0.95,"[0.95, 0.03, 0.01, 0.02, 0.01]",,0.88,Military Forces of Cameroon (1982-),"On 27 June 2022, military forces shot and killed four civilians in Banten (Bui, Nord-Ouest) who were previously arrested on 25 June during a military operation. The circumstances that led to their execution are unclear.",0.7443762781186093,0.9499999999999998,,,,,,
olmo2:7b,CAO5718,V,V,0.95,"[0.95, 0.03, 0.01, 0.01, 0.02]",,0.81,Military Forces of Cameroon (1982-),"On 16 October 2021, the military forces shot and killed a student in Waindo village, Wum subdivision (Menchum, Nord-Ouest). He was accused of being in possession of a military uniform and some ammunition.",0.7443762781186093,0.9499999999999998,,,,,,
olmo2:7b,CAO8534,B,B,0.88,"[0.85, 0.01, 0.03, 0.01, 0.02]",,0.86,Unidentified Armed Group (Cameroon),"On 21 February 2024, an unidentified armed group clashed with Boko Haram (JAS) (likely) militants in Kouyape (Kolofata, Mayo-Sava, Extreme-Nord). The bodies of 3 militants were found by civilians. The exact circumstances of their death are unknown.",0.7422680412371134,0.8800000000000001,,,,,,
olmo2:7b,CAO4163,V,V,0.95,"[0.95, 0.05, 0.02, 0.01, 0.02]",,0.83,Military Forces of Cameroon (1982-),"On 12 December 2020, the military forces shot and killed two civilians in Mkpot village, Mamfe subdivision (Manyu, Sud-Ouest).",0.7443762781186093,0.9499999999999998,,,,,,
olmo2:7b,CAO14080,B,B,0.88,"[0.85, 0.12, 0.03, 0.01, 0.01, 0.0]",,0.93,Military Forces of Cameroon (1982-) Rapid Intervention Battalion,"On 24 July 2024, the military forces from the Rapid Intervention clashed with Boko Haram (JAS) (likely) militants in Yabogo neighborhood in Amchide (Kolofata, Mayo-Sava, Extreme-Nord). There were no fatalities.",0.7422680412371134,0.8800000000000001,0.3112184972080945,0.14997899168694334,0.1370704776382318,0.1343563003305181,0.1343563003305181,0.13301943280538273
olmo2:7b,CAO13672,V,V,0.85,"[0.85, 0.02, 0.01, 0.03, 0.02]",,0.74,Ambazonian Separatists (Cameroon),"On 15 April 2024, Ambazonian Separatists from the ADF abducted 4 men and 2 women at a checkpoint in Mambanda (Kumba 2, Meme, Sud-Ouest). The militants also looted 3 motorbikes. The reason for the abduction is not known.",0.4729064039408867,0.85,,,,,,
olmo2:7b,CAO3188,V,V,0.95,"[0.95, 0.03, 0.02, 0.01, 0.01]",,0.82,Military Forces of Cameroon (1982-),"On 16 April 2020, military forces killed three former Ambazonian separatists in Balikumbat town (Ngo-ketunjia, Nord-Ouest).",0.7443762781186093,0.9499999999999998,,,,,,
olmo2:7b,CAO8782,B,B,0.88,"[0.88, 0.02, 0.01, 0.01, 0.03]",,0.81,Ambazonian Separatists (Cameroon),"On 1 July 2022, suspected Ambazonian Separatist fighters clashed with the military forces in Bambui (Tubah, Mezam, Nord-Ouest). There were no fatalities.",0.7422680412371134,0.8800000000000001,,,,,,
olmo2:7b,CAO7306,B,B,0.95,"[0.89, 0.05, 0.02, 0.01, 0.04, 0.01]",,0.87,Military Forces of Cameroon (1982-) Rapid Intervention Battalion,"On 19 May 2023, the military forces of Kerawa (Rapid Intervention) clashed with Boko Haram (JAS) (likely) militants in Balatikse neighborhood in Mayo Moskota (Kolofata, Mayo-Sava, Extreme-Nord). 1 militant was killed while 3 soldiers seriously injured. 2 militants were captured. The military seized some equipment.",0.7443762781186093,0.9499999999999998,0.32178730161436164,0.13891896441276722,0.1348132885395541,0.13347187390576415,0.13753669762146678,0.13347187390576415
olmo2:7b,CAO13551,S,S,0.95,"[0.85, 0.05, 0.02, 0.01, 0.03]",,0.89,Boko Haram - Jamaatu Ahli is-Sunnah lid-Dawati wal-Jihad,"On 14 June 2024, 11 members of Boko Haram (JAS) (likely) militants surrendered to the military forces in Madakar (Mayo-Moskota, Mayo-Tsanaga, Extreme-Nord).",0.7443762781186093,0.9499999999999998,,,,,,
olmo2:7b,CAO4946,V,V,0.85,"[0.85, 0.02, 0.01, 0.01, 0.03]",,0.75,Ambazonian Separatists (Cameroon),"On 13 January 2021, Ambazonian separatists kidnapped a truck driver and his assistant in Bukow village, Ndop subdivision (Ngo-Ketunjia, Nord-Ouest).",0.4729064039408867,0.85,,,,,,
olmo2:7b,CAO8143,B,B,0.95,"[0.94, 0.03, 0.01, 0.01, 0.0]",,0.78,Military Forces of Cameroon (1982-) Rapid Intervention Battalion,"On 14 November 2023, the military forces (Rapid Intervention) ambushed Boko Haram (JAS) (likely) militants along the Limani - Goumbouldi road, coded to Limani (Mora, Mayo-Sava, Extreme-Nord). 2 militants were killed, the militants had approached an abandoned civilian truck near where the military forces were parked and the military recovered a weapon.",0.7443762781186093,0.9499999999999998,,,,,,
olmo2:7b,CAO15055,V,V,0.88,"[0.85, 0.02, 0.93, 0.01, 0.01]",,0.93,Unidentified Armed Group (Cameroon),"Around 17 September 2024 (as reported), an unidentified armed group attacked and killed 1 civilian between Mora and Blabline (Kolofata, Mayo-Sava, Extreme-Nord) for an unknown reason.",0.7422680412371134,0.8800000000000001,,,,,,
olmo2:7b,CAO11956,B,B,0.88,"[0.85, 0.02, 0.01, 0.01, 0.03]",,0.81,Military Forces of Cameroon (1982-) Rapid Intervention Battalion,"On 25 October 2023, military forces from the Rapid Intervention Battalion engaged in an armed confrontation with Ambazonian Separatists in Ngarum (Donga-Mantung, Nord-Ouest). There were no casualties.",0.7422680412371134,0.8800000000000001,,,,,,
olmo2:7b,CAO12511,V,V,0.95,"[0.95, 0.03, 0.01, 0.01, 0.02, 0.0]",,0.87,Military Forces of Cameroon (1982-),"On 19 July 2023, state security forces (coded as military) physically assualted 10 men, including the traditional chief and traditional council chairman, whom they had arrested in Nongomadiba (Kupe-Manenguba, Sud-Ouest), injuring them. They were targeted for not acting against Ambazonian Separatists who had buried a woman alive early in the morning (coded separately).",0.7443762781186093,0.9499999999999998,0.3377158213821263,0.13458618529627406,0.13192120027282497,0.13192120027282497,0.13324703037751084,0.13060856239810106
olmo2:7b,CAO4776,S,R,0.85,"[0.75, 0.05, 0.02, 0.03, 0.75]",,0.87,Military Forces of Cameroon (1982-),"Looting: Around 15 July 2020 (month of), the military forces raided Bengang village, Batibo subdivision (Momo, Nord-Ouest). They shot in the air, and then looted property.",0.4729064039408867,0.85,,,,,,
olmo2:7b,CAO12845,V,V,0.85,"[0.85, 0.02, 0.01, 0.03, 0.01]",,0.84,Ambazonian Separatists (Cameroon),"On 9 December 2021, suspected Ambazonian separatist fighters killed a Fulani pastoralist at 3 Corners near Ntumbaw (Ndu, Donga-Mantung, Nord-Ouest). In retaliation, local Fulanis set ablaze more than 15 houses, and killed a bike who transported a uniformed officer to the scene [Coded as a separate event].",0.4729064039408867,0.85,,,,,,
olmo2:7b,CAO11075,B,V,0.95,"[0.95, 0.05, 0.02, 0.01, 0.03]",,0.82,Military Forces of Cameroon (1982-),"On 23 November 2023, the military forces ambushed Ambazonian Separatists from the Restoration Forces onboard a motorcycle in Konye (Konye, Meme, Sud-Ouest). The military forces members shot and injured one.",0.7443762781186093,0.9499999999999998,,,,,,
olmo2:7b,CAO13652,V,V,0.88,"[0.88, 0.02, 0.01, 0.01, 0.01]",,0.87,Military Forces of Cameroon (1982-) Rapid Intervention Battalion,"On 13 April 2024, state security forces, coded as the military forces from the Rapid Intervention, beat and injured a dump truck driver and 2 other civilians on the main road in Mile 15 Buea (Buea, Fako, Sud-Ouest) after the dump truck blocked the road and delayed their convoy traveling to Buea center. There were no fatalities.",0.7422680412371134,0.8800000000000001,,,,,,
olmo2:7b,CAO9051,V,V,0.95,"[0.95, 0.03, 0.01, 0.01, 0.02]",,0.83,Military Forces of Cameroon (1982-),"On 23 May 2022, military forces killed a man at the Finance Junction in Bamenda city (Bamenda 1, Mezam, Nord-Ouest). Locals in the early hours of the morning discovered the dead body dumped by the road.",0.7443762781186093,0.9499999999999998,,,,,,
olmo2:7b,CAO10854,B,B,0.95,"[0.89, 0.05, 0.02, 0.01, 0.01]",,0.85,Military Forces of Cameroon (1982-),"On 18 December 2023, the military forces attacked Ambazonian Separatists leading to a clash in Bai Panya (Kumba 1, Meme, Sud-Ouest). Two Ambazonian Separatists were killed and four others arrested.",0.7443762781186093,0.9499999999999998,,,,,,
olmo2:7b,CAO8295,S,E,0.95,"[0.88, 0.02, 0.95, 0.0, 0.01, 0.0]",,0.86,Military Forces of Cameroon (1982-) Rapid Intervention Battalion,"Defusal: Around 27 December 2023 (as reported), the military forces (Rapid Intervention) defused an IED that was planted by an unidentified armed group on the road in Kumba (Ekondo Titi, Ndian, Sud-Ouest).",0.7443762781186093,0.9499999999999998,0.26708063194696685,0.11301839636141876,0.2864461628176682,0.1107804821727197,0.11189384452822024,0.1107804821727197
olmo2:7b,CAO10551,B,B,0.88,"[0.85, 0.15]",,0.66,Military Forces of Cameroon (1982-),"On 15 September 2022, state security forces, coded as military, clashed with Ambazonian Separatists around Kosala and Fiango, coded to Fiango (Meme, Sud-Ouest). Casualties unknown.",0.7422680412371134,0.8800000000000001,,,,,,
olmo2:7b,CAO12982,E,E,0.95,"[0.88, 0.02, 0.95, 0.0, 0.01, 0.0]",,0.83,Unidentified Armed Group (Cameroon),"On 9 April 2024, an IED planted by an unidentified armed group detonated on members of self-defence militia in Tourou (Mokolo, Mayo-Tsanaga, Extreme-Nord). A self-defence militia member was killed when they stepped on an IED when it detonated.",0.7443762781186093,0.9499999999999998,0.26708063194696685,0.11301839636141876,0.2864461628176682,0.1107804821727197,0.11189384452822024,0.1107804821727197
olmo2:7b,CAO4198,V,V,0.85,"[0.85, 0.02, 0.01, 0.01, 0.03]",,0.8,Ambazonian Separatists (Cameroon),"On 7 January 2021, suspected Ambazonian separatists kidnapped between 6 and 7 students in Mulang neighborhood of Bamenda town (Mezam, Nord-Ouest).",0.4729064039408867,0.85,,,,,,
olmo2:7b,CAO12441,V,B,0.95,"[0.95, 0.05, 0.01, 0.01, 0.0]",,0.87,Military Forces of Cameroon (1982-),"Around 28 July 2023 (as reported), state security forces shot and killed two Ambazonian Separatists in Kumbo commune, coded to Kumbo (Bui, Nord-Ouest) whom they had captured on 28 July (coded separately).",0.7443762781186093,0.9499999999999998,,,,,,
olmo2:7b,CAO14598,B,B,0.95,"[0.93, 0.03, 0.02, 0.01, 0.04]",,0.86,Military Forces of Cameroon (1982-) Rapid Intervention Battalion,"On 28 August 2024, the military forces from the Rapid Intervention clashed with the Boko Haram (JAS) (likely) militants around Amchide (Kolofata, Mayo-Sava, Extreme-Nord). Casualties unknown. The militants stole a motorbike from a civilian and the military forces chased them until the militants abandoned the motorbike.",0.7443762781186093,0.9499999999999998,,,,,,
olmo2:7b,CAO8757,S,V,0.85,"[0.85, 0.03, 0.02, 0.01, 0.04]",,0.81,Unidentified Armed Group (Cameroon),"Looting: Around 17 March 2024 (as reported), an unidentified armed group suspected of being ISWAP or Boko Haram militants looted food items, clothing and 1 bicycle in Ganse (Kolofata, Mayo-Sava, Extreme-Nord).",0.4729064039408867,0.85,,,,,,
olmo2:7b,CAO3886,B,B,0.95,"[0.89, 0.05, 0.02, 0.01, 0.01]",,0.84,Military Forces of Cameroon (1982-),"On 17 August 2020, the military forces engaged in a fire fight with Ambazonian separatists in Makanga village, Muyuka subdivision (Fako, Sud-Ouest). 1 person was killed, and another arrested.",0.7443762781186093,0.9499999999999998,,,,,,
olmo2:7b,CAO14603,V,V,0.95,"[0.95, 0.03, 0.02, 0.01, 0.01]",,0.8,Ambazonian Separatists (Cameroon),"On 30 June 2024, Ambazonian Separatists beat and injured a commercial motorbike driver and abducted 4 suspected government officials in Bambui (Tubah, Mezam, Nord-Ouest). The Separatists looted the motorbike from the commercial motorbike driver and used it to transport the abducted. The motorbike was later found abandoned and recovered by the military forces.",0.7443762781186093,0.9499999999999998,,,,,,
olmo2:7b,CAO13493,V,V,0.95,"[0.95, 0.03, 0.02, 0.01, 0.01]",,0.83,Boko Haram - Jamaatu Ahli is-Sunnah lid-Dawati wal-Jihad,"On 20 May 2024, Boko Haram (JAS) (likely) militants slit the throat and killed a civilian between Kordo and Lelede, coded to Kordo (Kolofata, Mayo-Sava, Extreme-Nord). He had been abducted by the militants the previous day (coded as a separate event).",0.7443762781186093,0.9499999999999998,,,,,,
olmo2:7b,CAO6461,B,B,0.95,"[0.95, 0.05, 0.02, 0.01, 0.01]",,0.79,Ambazonian Separatists (Cameroon),"On 17 August 2022, Ambazonian separatists clashed with the Cameroonian military forces in Tinta (Akwaya, Manyu, Sud-Ouest) leading to the death of 3. Unclarity if the fatalities are of civilian or separatist fighters. The clashes also resulted in the destruction of several buildings, including a primary school. Civilians fled the fighting into the bushes.",0.7443762781186093,0.9499999999999998,,,,,,
olmo2:7b,CAO13869,R,R,0.75,"[0.55, 0.25, 0.02, 0.02, 0.03]",,0.83,Rioters (Cameroon),"Around 29 June 2024 (as reported), youth from Ndoumba Kanda clashed with Belabo youths, coded to Belabo (Belabo, Lom-et-Djerem, Est) during a wake for unknown reasons. Casualties unknown.",0.4545454545454545,0.75,,,,,,
olmo2:7b,CAO4334,B,B,0.85,"[0.85, 0.03, 0.01, 0.02, 0.04]",,0.82,Ambazonian Separatists (Cameroon),"On 4 February 2021, the military forces engaged in a fire fight with Ambazonian separatists in Mbalangi village (Meme, Sud-Ouest), as they tried to remove a road blockade erected by separatists in order to enforce a lockdown in the area. No fatality and/or casualty reported.",0.4729064039408867,0.85,,,,,,
olmo2:7b,CAO6445,B,E,0.95,"[0.88, 0.02, 0.93, 0.0, 0.01, 0.0]",,0.81,Islamic State West Africa Province (ISWAP) - Lake Chad Faction and/or Boko Haram - Jamaatu Ahli is-Sunnah lid-Dawati wal-Jihad,"On 25 September 2021, ISWAP or Boko Haram fighters ambushed the Cameroonian military camp in Sagme (Makary, Logone-et-Chari, Extreme-Nord) leading to the death of 2. The fighters stole weapons and ammunition and burnt the camp and military vehicles.",0.7443762781186093,0.9499999999999998,0.26860415850790803,0.11366309503341303,0.2823757882057678,0.11141241495569108,0.11253212834124644,0.11141241495569108
olmo2:7b,CAO6236,B,B,0.95,"[0.93, 0.03, 0.02, 0.01, 0.01]",,0.83,Boko Haram - Jamaatu Ahli is-Sunnah lid-Dawati wal-Jihad,"On 15 June 2022, suspected Boko Haram (JAS) (likely) clashed with Cameroonian military Forces and MNJTF in Limani (Mora, Mayo-Sava, Extreme-Nord), unknown fatalities, coded to 3.",0.7443762781186093,0.9499999999999998,,,,,,
olmo2:7b,CAO7298,V,E,0.95,"[0.88, 0.02, 0.93, 0.0, 0.01]",,0.79,Islamic State West Africa Province (ISWAP) and/or Boko Haram - Jamaatu Ahli is-Sunnah lid-Dawati wal-Jihad,"On 15 May 2023, ISWAP or Boko Haram militants abducted 2 herders in Zigague (Waza, Logone-et-Chari, Extreme-Nord) and stole a head of oxen. The herders and the oxen were freed when the militants spotted the security forces who had been following them.",0.7443762781186093,0.9499999999999998,,,,,,
olmo2:7b,CAO12794,S,R,0.85,"[0.75, 0.15, 0.01, 0.02, 0.08, 0.03]",,0.93,Military Forces of Cameroon (1982-),"Property destruction: On 18 March 2022, suspected military forces burnt down 2 shops in Ndop (Ndop, Ngo-Ketunjia, Nord-Ouest) for failing to open their stores on Mondays. The Ambazonian Separatist fighters had imposed lockdown Mondays.",0.4729064039408867,0.85,0.2852013002101591,0.156521792184481,0.13607350905495902,0.13744107055669041,0.14593995171341326,0.1388223762800121
olmo2:7b,CAO2846,B,V,0.95,"[0.95, 0.05, 0.01, 0.01, 0.02]",,0.82,Military Forces of Cameroon (1982-),"On 14 January 2020, the military forces engaged in a fire fight with Ambazonian separatists in Peng village, Tombel subdivision (Kupe-Manenguba, Sud-Ouest) [coded: Tombel]. Two civilians were killed after they were reportedly flagged as Ambazonian fighters.",0.7443762781186093,0.9499999999999998,,,,,,
olmo2:7b,CAO4930,V,V,0.85,"[0.85, 0.03, 0.02, 0.01, 0.01]",,0.81,Ambazonian Separatists (Cameroon),"On 21 November 2020, Ambazonian separatists kidnapped a retired military officer from his home in Mankon town, Bamenda 2 subdivision (Bamenda - Mankon, Mezam, Nord-Ouest).",0.4729064039408867,0.85,,,,,,
olmo2:7b,CAO3670,S,S,0.88,"[0.75, 0.15, 0.02, 0.01, 0.03, 0.05]",,0.92,Military Forces of Cameroon (1982-) Gendarmerie,"Around 14 September 2020 (as reported), the gendarmerie and police forces arrested 'over a dozen' civilians in Moloundou town (Boumba-Et-Ngoko, Est) for not having national ID cards.",0.7422680412371134,0.8800000000000001,0.2864367527405702,0.1571998229090124,0.1380364462379252,0.13666296064918382,0.13942373558632112,0.1422402818767009
olmo2:7b,CAO15919,V,V,0.95,"[0.95, 0.03, 0.02, 0.01, 0.01]",,0.84,Military Forces of Cameroon (1982-) Rapid Intervention Battalion,"On 10 October 2024, the military forces from the Rapid Intervention shot and killed 7 civilians at their private residences in Mbomboko in the Buea subdivision (Buea, Fako, Sud-Ouest), mistakenly believing them to be Ambazonian Separatists.",0.7443762781186093,0.9499999999999998,,,,,,
olmo2:7b,CAO13492,V,V,0.85,"[0.85, 0.03, 0.02, 0.01, 0.01]",,0.79,Boko Haram - Jamaatu Ahli is-Sunnah lid-Dawati wal-Jihad,"On 20 May 2024, Boko Haram (JAS) (likely) militants attacked and killed a civilian along the Limani - Mora road, coded to Limani (Mora, Mayo-Sava, Extreme-Nord).",0.4729064039408867,0.85,,,,,,
olmo2:7b,CAO9846,S,R,0.85,"[0.75, 0.15, 0.02, 0.03, 0.05, 0.03]",,0.95,Ambazonian Separatists (Cameroon),"Looting: On 25 November 2022, Ambazonian Separatists abducted the body of a deceased person in Kai, Mbengwi commune, coded to Mbengwi (Momo, Nord-Ouest). The group accused the family of the deceased of not supporting the struggle against the military. They later released the dead body after the family had paid an unspecified amount of money.",0.4729064039408867,0.85,0.28564814250789455,0.1567670244369772,0.1376564078771217,0.13903987777649315,0.14184866962473466,0.13903987777649315
olmo2:7b,CAO9206,V,V,0.95,"[0.95, 0.05, 0.02, 0.01, 0.01]",,0.8,Military Forces of Cameroon (1982-),"On 11 March 2023, state security forces coded as military forces shot and wounded two civilians at Ashing, coded to Oku (Boyo, Nord-Ouest) after they shot into the air as they approached a spot where Ambazonian Separatists launched attacks from. The victims were hit by stray bullets and hospitalized.",0.7443762781186093,0.9499999999999998,,,,,,
olmo2:7b,CAO3384,B,B,0.85,"[0.85, 0.03, 0.01, 0.01, 0.02]",,0.81,Military Forces of Cameroon (1982-),"On 14 June 2020, the military forces engaged in fire fights with Ambazonian separatists in Bamenda town (Mezam, Nord-Ouest). No fatality and/or casualty reported.",0.4729064039408867,0.85,,,,,,
olmo2:7b,CAO3727,S,S,0.88,"[0.75, 0.15, 0.02, 0.01, 0.03, 0.05]",,0.93,Military Forces of Cameroon (1982-),"On 1 October 2020, the military forces destroyed buildings in Akum town (Mezam, Nord-Ouest), in retaliation for writings on a vehicle that supported the separatists. No fatality and/or casualty reported.",0.7422680412371134,0.8800000000000001,0.2864367527405702,0.1571998229090124,0.1380364462379252,0.13666296064918382,0.13942373558632112,0.1422402818767009
olmo2:7b,CAO11453,S,S,0.85,"[0.75, 0.15, 0.02, 0.01, 0.03, 0.05]",,0.91,Military Forces of Cameroon (1982-),"Other: On 5 July 2023, state security forces, coded as military forces, fired warning shots into the air at their base in Waindo, coded to Wum (Menchum, Nord-Ouest) after they received news that their colleague was murdered by Ambazonian Separatists at Belo.",0.4729064039408867,0.85,0.2864367527405702,0.1571998229090124,0.1380364462379252,0.13666296064918382,0.13942373558632112,0.1422402818767009
olmo2:7b,CAO3758,V,V,0.85,"[0.85, 0.02, 0.01, 0.01, 0.03]",,0.77,Ambazonian Separatists (Cameroon),"Around 11 October 2020 (as reported), Ambazonian separatists kidnapped 3 Mbororo ethnic men in Ngarbuh village, near Nkambe (Donga-Mantung, Nord-Ouest). They are suspected to be involved in the killing of a separatist fighter on October 10.",0.4729064039408867,0.85,,,,,,
olmo2:7b,CAO13380,B,V,0.95,"[0.95, 0.05, 0.02, 0.01, 0.01]",,0.86,Military Forces of Cameroon (1982-),"On 4 April 2024, the security forces, coded as the military forces shot and killed an unknown Separatist commander at the market in Agyati (Bafut, Mezam, Nord-Ouest). The Separatist tried to escape leading to the military forces shooting him. He died of his injuries.",0.7443762781186093,0.9499999999999998,,,,,,
olmo2:7b,CAO4585,V,E,0.95,"[0.85, 0.03, 0.01, 0.01, 0.02]",,0.78,Islamic State West Africa Province (ISWAP) - Lake Chad Faction and/or Boko Haram - Jamaatu Ahli is-Sunnah lid-Dawati wal-Jihad,"On 26 April 2021, suspected Boko Haram fighters attacked Takoudele village, Kourgui town, Mora subdivision (Mayo-Sava, Extreme-Nord). They kidnapped a young girl, and took away goods. No fatality and/or casualty reported.",0.7443762781186093,0.9499999999999998,,,,,,
olmo2:7b,CAO10717,B,B,0.95,"[0.89, 0.05, 0.02, 0.01, 0.01]",,0.86,Ambazonian Separatists (Cameroon),"On 25 May 2023, Ambazonian Separatists and state security forces, coded as military forces, engaged in an armed clash at Melim (Bui, Nord-Ouest) after the separatists detonated an IED which partially destroyed one of the security forces' vehicles. Casualties are unknown.",0.7443762781186093,0.9499999999999998,,,,,,
olmo2:7b,CAO4525,B,V,0.95,"[0.95, 0.03, 0.01, 0.01, 0.02]",,0.83,Islamic State West Africa Province (ISWAP) - Lake Chad Faction and/or Boko Haram - Jamaatu Ahli is-Sunnah lid-Dawati wal-Jihad,"On 4 April 2021, Boko Haram fighters attacked and tortured a group of local vigilance militiamen in Mahoula village, Mora subdivision (Mayo-Sava, Extreme-Nord), killing two of them.",0.7443762781186093,0.9499999999999998,,,,,,
olmo2:7b,CAO10405,B,B,0.85,"[0.85, 0.03, 0.02, 0.01, 0.01]",,0.81,Military Forces of Cameroon (1982-),"On 8 April 2023, the State security forces, coded as the military force, clashed with the Ambazonian Separatists in Batibo (Batibo, Momo, Nord-Ouest). There were no fatalities. During the operation, the military forces arrested about 30 civilians from several villages and moved them to their base.",0.4729064039408867,0.85,,,,,,
olmo2:7b,CAO10613,S,V,0.95,"[0.95, 0.03, 0.01, 0.02, 0.01, 0.0]",,0.84,Ambazonian Separatists (Cameroon),"Looting: On 10 May 2023, Ambazonian Separatists from the Restoration Forces extorted money amounting to 200,000 FCFA from a civilian whom they imposed as the new traditional chief in Makwe, Upper Bayang commune, coded to Tinto (Manyu, Sud-Ouest). They also forced the civilians to buy a motorcycle for the man to 'support his reign.' The legal leader fled to Mamfe when the Separatists demanded 500,000 FCFA from him.",0.7443762781186093,0.9499999999999998,0.3377158213821263,0.13458618529627406,0.13192120027282497,0.13324703037751084,0.13192120027282497,0.13060856239810106
olmo2:7b,CAO4669,V,V,0.95,"[0.95, 0.03, 0.01, 0.01, 0.02]",,0.86,Military Forces of Cameroon (1982-),"Around 15 May 2020 (month of), the military forces raided Njembo village, Mbengwi town, Mbeggwi subdivision (Momo, Nord-Ouest), killing one person.",0.7443762781186093,0.9499999999999998,,,,,,
olmo2:7b,CAO4298,B,V,0.95,"[0.95, 0.03, 0.01, 0.01, 0.0]",,0.92,Military Forces of Cameroon (1982-),"On 23 January 2021, the military forces engaged in fire fights with Ambazonian separatists in Mulang and Meta neighborhood of Bamenda town, Bamenda 2 subdivision (Mezam, Nord-Ouest). Four civilians were killed, reportedly by the military forces.",0.7443762781186093,0.9499999999999998,,,,,,
olmo2:7b,CAO8775,E,E,0.95,"[0.88, 0.02, 0.95]",,0.74,Unidentified Armed Group (Cameroon),"On 17 March 2024, an IED planted by an unidentified armed group detonated on military forces along the Zeleved - Dzamadzaf road, coded to Zelevet (Mayo-Moskota, Mayo-Tsanaga, Extreme-Nord). There were no fatalities and 2 militants were injured.",0.7443762781186093,0.9499999999999998,,,,,,
olmo2:7b,CAO14650,V,V,0.85,"[0.85, 0.02, 0.01, 0.01, 0.02]",,0.8,Unidentified Armed Group (Cameroon),"On 24 August 2024, an unidentified armed group shot and injured 1 plantation owner who tried to flee an abduction in Sirbia (Touboro, Mayo-Rey, Nord). The plantation owner escaped. 2 other civilians were abducted. The reason for the abduction is not known.",0.4729064039408867,0.85,,,,,,
olmo2:7b,CAO9309,V,V,0.95,"[0.95, 0.03, 0.01, 0.01, 0.02]",,0.78,Ambazonian Separatists (Cameroon),"On 13 February 2023, Ambazonian Separatists shot a male motorbike rider in his legs near Azire New Church in Bamenda (Mezam, Nord-Ouest) before taking his bike away. He was accused of violating the Monday ghost town. No information on the status of the victim.",0.7443762781186093,0.9499999999999998,,,,,,
olmo2:7b,CAO14584,S,V,0.85,"[0.85, 0.02, 0.01, 0.03, 0.01]",,0.86,Boko Haram - Jamaatu Ahli is-Sunnah lid-Dawati wal-Jihad,"Looting: On 21 August 2024, Boko Haram (JAS) (likely) militants looted 1 motorbike and goods along the Amchide - Ganse road in Guederou (Kolofata, Mayo-Sava, Extreme-Nord).",0.4729064039408867,0.85,,,,,,
olmo2:7b,CAO7763,S,S,0.88,"[0.75, 0.15, 0.02, 0.01, 0.03, 0.05]",,0.86,Military Forces of Cameroon (1982-) Gendarmerie,"On 3 September 2023, the gendarmerie arrested a suspected former ISWAP or Boko Haram militant leader in Banki (Menoua, Ouest).",0.7422680412371134,0.8800000000000001,0.2864367527405702,0.1571998229090124,0.1380364462379252,0.13666296064918382,0.13942373558632112,0.1422402818767009
olmo2:7b,CAO7437,V,V,0.95,"[0.95, 0.03, 0.01, 0.01, 0.02]",,0.79,Military Forces of Cameroon (1982-),"On 25 June 2023, the military forces attacked civilians in Kumba (Ekondo Titi, Ndian, Sud-Ouest). 1 civilian was killed. The victim had challenged a gendarmerie officer to lawfully present a warrant authorizing him to arrest another civilian when the officer shot him at close range in the chest and the other civilian was injured.",0.7443762781186093,0.9499999999999998,,,,,,
olmo2:7b,CAO9421,S,V,0.85,"[0.85, 0.02, 0.01, 0.01, 0.03]",,0.81,Military Forces of Cameroon (1982-),"Other: On 15 September 2022, the military forces fired gunshots under unclear circumstances at GRA quarter in Mbengwi (Momo, Nord-Ouest).",0.4729064039408867,0.85,,,,,,
olmo2:7b,CAO6502,S,S,0.95,"[0.85, 0.03, 0.02, 0.01, 0.04]",,0.83,Boko Haram - Jamaatu Ahli is-Sunnah lid-Dawati wal-Jihad,"Looting: On 24 August 2022, Boko Haram (JAS) (likely) fighters entered Madakar (Mayo-Moskota, Mayo-Tsanaga, Extreme-Nord) and stole 22 livestock. The Cameroonian military forces returned 175 livestock to their owners.",0.7443762781186093,0.9499999999999998,,,,,,
olmo2:7b,CAO15428,V,V,0.95,"[0.95, 0.03, 0.02]",,0.72,Military Forces of Cameroon (1982-),"On 25 August 2024, security forces, coded as the military forces, beat and injured a group of 15 civilians along the main road in Ashing (Belo, Boyo, Nord-Ouest) accusing them of leaving a bag they suspected of carrying items used to manufacture IEDs near the military minor base.",0.7443762781186093,0.9499999999999998,,,,,,
olmo2:7b,CAO8495,B,R,0.95,"[0.85, 0.05, 0.02, 0.01, 0.04]",,0.86,Military Forces of Cameroon (1982-) Rapid Intervention Battalion,"On 6 February 2024, the military forces (Rapid Intervention) and the gendarmerie fired warning shots in the air at the outpost in Fotokol (Fotokol, Logone-et-Chari, Extreme-Nord) to drive back suspected ISWAP or Boko Haram militants. There were no fatalities.",0.7443762781186093,0.9499999999999998,,,,,,
olmo2:7b,CAO13440,B,V,0.99,"[0.99, 0.01, 0.02, 0.03, 0.01]",,0.87,Ambazonian Separatists (Cameroon),"Around 13 May 2024 (as reported), Ambazonian Separatists ambushed patrolling gendarmerie forces along the Ayukaba and Eyangchang villages, coded to Ayukaba (Mamfe, Manyu, Sud-Ouest). The brigade commander and 4 gendarmerie officers were killed. The Separatists looted their weapons and ammunition and burnt the victim's bodies.",0.7443762781186093,0.99,,,,,,
olmo2:7b,CAO3624,V,V,0.95,"[0.95, 0.03, 0.01, 0.01, 0.02]",,0.77,Islamic State West Africa Province (ISWAP) - Lake Chad Faction and/or Boko Haram - Jamaatu Ahli is-Sunnah lid-Dawati wal-Jihad,"Around 30 August 2020 (as reported), Boko Haram attacked Makoulahe village, in Mora subdivision (Mayo-Sava, Extreme-Nord). They looted houses and injured 2 women.",0.7443762781186093,0.9499999999999998,,,,,,
olmo2:7b,CAO11112,S,V,0.85,"[0.85, 0.02, 0.01, 0.03, 0.01]",,0.85,Ambazonian Separatists (Cameroon),"Looting: On 2 February 2024, Ambazonian Separatists extorted money and food items from business persons at the market square in Lassin (Noni, Bui, Nord-Ouest).",0.4729064039408867,0.85,,,,,,
olmo2:7b,CAO7600,R,R,0.85,"[0.75, 0.15, 0.02, 0.03, 0.75]",,0.78,Rioters (Cameroon),"On 26 August 2023, a mob attacked thieves who had killed an elderly woman while robbing her in Brazzaville neighbourhood, in the outskirts of Douala (Douala 1, Wouri, Littoral). Two managed to escape while a third was beaten to death.",0.4729064039408867,0.85,,,,,,
olmo2:7b,CAO3498,V,V,0.95,"[0.95, 0.03, 0.01, 0.01, 0.02]",,0.85,Military Forces of Cameroon (1982-),"On 21 July 2020, military forces opened fire around a food market in Bamenda town (Mezam, Nord-Ouest). One person was reportedly killed and property destroyed.",0.7443762781186093,0.9499999999999998,,,,,,
olmo2:7b,CAO4080,B,B,0.95,"[0.93, 0.03, 0.01, 0.01, 0.02]",,0.84,Military Forces of Cameroon (1982-),"On 1 December 2020, the military forces repelled an attack of Boko Haram in Boudoua village, Mora subdivision (Mayo-Sava, Extreme-Nord). One Boko Haram fighter was killed, and several others injured. The military seized two motorbikes.",0.7443762781186093,0.9499999999999998,,,,,,
olmo2:7b,CAO14355,V,S,0.95,"[0.85, 0.05, 0.02, 0.01, 0.03, 0.77]",,0.88,Ambazonian Separatists (Cameroon),"On 8 May 2024, Ambazonian Separatists abducted a ship owner alongside two skippers after intercepting 2 ships in the Cameroon-Nigeria waterway in Mabeta (Limbe 3, Fako, Sud-Ouest). The militants later released the men after they paid the sum of approximately 700,000 Franc CFA.",0.7443762781186093,0.9499999999999998,0.2716921177490561,0.12207913782699757,0.11847115404366253,0.11729234636500016,0.11966180893645555,0.2508034350785563
olmo2:7b,CAO11427,B,B,0.95,"[0.89, 0.05, 0.02, 0.01, 0.01, 0.0]",,0.87,Military Forces of Cameroon (1982-),"On 10 January 2024, military forces, disguised as civilians, engaged in gunbattle with Ambazonian Separatists from the Restoration Forces in Yoke (Muyuka, Fako, Sud-Ouest). They freed two civilians held captive by the Ambazonian Separatists. No casualties.",0.7443762781186093,0.9499999999999998,0.3235320748454668,0.13967220137763267,0.13554426398781141,0.13419557602678603,0.13419557602678603,0.13286030773519336
olmo2:7b,CAO11069,V,V,0.85,"[0.85, 0.02, 0.01, 0.03, 0.01]",,0.84,Ambazonian Separatists (Cameroon),"On 15 December 2023, Ambazonian Separatists kidnapped an employee of the Mbonge municipal council in Kombone (Kumba 1, Meme, Sud-Ouest). They accused him of working closely with the Mayor of the municipality, who is seen as a security forces collaborator.",0.4729064039408867,0.85,,,,,,
olmo2:7b,CAO4139,V,V,0.95,"[0.95, 0.05, 0.01, 0.01, 0.02]",,0.79,Military Forces of Cameroon (1982-),"On 8 November 2020, the military forces raided Luh village, in Ndu subdivision (Donga-Mantung, Nord-Ouest), killing two civilians including a driver and a bike taxi driver.",0.7443762781186093,0.9499999999999998,,,,,,
olmo2:7b,CAO2894,R,V,0.95,"[0.95, 0.03, 0.01, 0.02, 0.01, 0.0]",,0.87,Rioters (Cameroon),"On 26 January 2020, one young man was burnt to death in Bamenda town (Mezam, Nord-Ouest), for allegedly trying to steal a motorcycle.",0.7443762781186093,0.9499999999999998,0.3377158213821263,0.13458618529627406,0.13192120027282497,0.13324703037751084,0.13192120027282497,0.13060856239810106
olmo2:7b,CAO8266,B,B,0.95,"[0.93, 0.05, 0.02, 0.01, 0.01, 0.0]",,0.89,Boko Haram - Jamaatu Ahli is-Sunnah lid-Dawati wal-Jihad,"On 18 December 2023, Boko Haram militants [JAS faction] ambushed military forces in Moundou, in the Double-Limani area, coded to Limani (Mora, Mayo-Sava, Extreme-Nord). 2 soldiers were killed and 2 others were wounded. The militants stole 2 motorbikes and the rifles from the killed soldiers.",0.7443762781186093,0.9499999999999998,0.33234748784976054,0.13785205870038267,0.1337779146562531,0.13244680216473378,0.13244680216473378,0.13112893446380364
olmo2:7b,CAO6765,V,V,0.95,"[0.95, 0.05, 0.02, 0.01, 0.01, 0.01]",,0.85,Ambazonian Separatists (Cameroon),"On 24 November 2022, Ambazonian Separatists killed a public transport driver and a passenger in Awing (Santa, Mezam, Nord-Ouest). They set ablaze the driver's vehicle and abducted two other civilian passengers. The fighters left a note on the body of the killed driver on which it was written that he was collaborating with the military and warned any other person who may be collaborating with them. The rest of the civilians were allowed to go. Residents claim the attack was carried out by the Cameroonian military.",0.7443762781186093,0.9499999999999998,0.3363598005807327,0.1367536896725243,0.13271200733897995,0.13139150080247547,0.13139150080247547,0.13139150080247547
olmo2:7b,CAO14747,S,S,0.88,"[0.75, 0.15, 0.02, 0.01, 0.03, 0.75]",,0.96,Military Forces of Cameroon (1982-),"On 6 July 2024, the security forces, coded as the military forces, arrested 39 men and 11 women from their private residences in Marumba I (Kumba 1, Meme, Sud-Ouest) during a search operation to dislodge Ambazonian Separatists in the area.",0.7422680412371134,0.8800000000000001,0.25033878362193357,0.1373888374173418,0.12064051039565571,0.11944011726063371,0.12185296768225136,0.25033878362193357
olmo2:7b,CAO10353,B,B,0.95,"[0.94, 0.03, 0.01, 0.01, 0.0]",,0.83,Military Forces of Cameroon (1982-),"On 19 April 2023, state security forces (coded as military) engaged in an armed confrontation with Ambazonian Separatists in Bamenda - Mankon (Mezam, Nord-Ouest). 4 Separatists were killed, and one soldier was severely wounded. Some ammunition was recovered.",0.7443762781186093,0.9499999999999998,,,,,,
olmo2:7b,CAO10413,S,V,0.95,"[0.95, 0.03, 0.01, 0.02, 0.01, 0.0]",,0.76,Military Forces of Cameroon (1982-),"Property destruction: On 6 April 2023, State security forces (Air Force), coded as the military forces, burned down 7 civilian houses in Maghow, coded to Akwaya (Akwaya,Manyu,Sud-Ouest). The Separatists also stole food items, money and other valuables. The houses were suspected of housing Separatists.",0.7443762781186093,0.9499999999999998,0.3377158213821263,0.13458618529627406,0.13192120027282497,0.13324703037751084,0.13192120027282497,0.13060856239810106
olmo2:7b,CAO3901,S,S,0.85,"[0.75, 0.15, 0.02, 0.01, 0.03, 0.05]",,0.84,Military Forces of Cameroon (1982-),"On 17 September 2020, the security forces (assumed Military Forces) arrested 'scores' of civilians during a raid in Bakweri town (Fako, Sud-Ouest).",0.4729064039408867,0.85,0.2864367527405702,0.1571998229090124,0.1380364462379252,0.13666296064918382,0.13942373558632112,0.1422402818767009
olmo2:7b,CAO13626,B,B,0.95,"[0.9, 0.05, 0.02, 0.01, 0.03]",,0.83,Boko Haram - Jamaatu Ahli is-Sunnah lid-Dawati wal-Jihad,"On 14 June 2024, Boko Haram (JAS) (likely) militants clashed with the Gendarmerie forces in Tourou (Mokolo, Mayo-Tsanaga, Extreme-Nord). 1 soldier was killed. 4 motorbikes and an ambulance were burnt and several materials looted.",0.7443762781186093,0.9499999999999998,,,,,,
olmo2:7b,CAO5613,R,V,0.95,"[0.95, 0.03, 0.01, 0.01, 0.02]",,0.92,Rioters (Cameroon),"On 19 October 2021, a traditional leader and his supporters tortured a pregnant woman and her children and paraded them on the streets of Buea town (Fako, Sud-Ouest) for being the ex-girlfriend of an Ambazonian separatist commander.",0.7443762781186093,0.9499999999999998,,,,,,
olmo2:7b,CAO8174,R,V,0.95,"[0.95, 0.03, 0.02, 0.01, 0.01]",,0.8,Rioters (Cameroon),"On 3 December 2023, a mob killed a suspect who was accused of killing two people with knives in Obala (Obala, Lekie, Centre). The victim was burnt alive by the mob.",0.7443762781186093,0.9499999999999998,,,,,,
olmo2:7b,CAO13505,S,V,0.88,"[0.88, 0.02, 0.01, 0.03, 0.01]",,0.86,Ambazonian Separatists (Cameroon),"Looting: On 10 April 2024, Ambazonian Separatists from the Restoration Forces faction extorted money from commercial motorbike riders and their passengers in Bulu Camp (Mundemba, Ndian, Sud-Ouest) on their way to the market and farms.",0.7422680412371134,0.8800000000000001,,,,,,
olmo2:7b,CAO3090,B,B,0.95,"[0.93, 0.03, 0.01, 0.01, 0.0]",,0.86,Ambazonian Separatists (Cameroon),"On 12 March 2020, two groups of Ambazonian separatists clashed in their camp in Vikovi village, near Kikaikom, in Kumbo subdivision (Bui, Nord-Ouest), resulting in 5 deaths.",0.7443762781186093,0.9499999999999998,,,,,,
olmo2:7b,CAO6193,B,B,0.88,"[0.88, 0.02, 0.01, 0.01]",,0.75,Military Forces of Cameroon (1982-),"On 21 June 2022, Cameroonian military forces clashed with Ambazonia separatist in Essu (Fungom, Menchum, Nord-Ouest) leading to the death of 1 separatist and 1 civilian was injured. She was taking to the hospital for treatment.",0.7422680412371134,0.8800000000000001,,,,,,
olmo2:7b,CAO4023,V,V,0.95,"[0.95, 0.03, 0.02, 0.01, 0.01]",,0.86,Islamic State West Africa Province (ISWAP) - Lake Chad Faction and/or Boko Haram - Jamaatu Ahli is-Sunnah lid-Dawati wal-Jihad,"On 18 November 2020, Boko Haram shot and killed a traditional chief and 3 of his children (total of 4 fatalities) in Satomi village, around Mora (Mayo-Sava, Extreme-Nord).",0.7443762781186093,0.9499999999999998,,,,,,
olmo2:7b,CAO4443,B,S,0.95,"[0.85, 0.05, 0.02, 0.01, 0.03, 0.77]",,0.82,MNJTF: Multinational Joint Task Force,"On 4 March 2021, the MNJTF military forces repelled an attack of Boko Haram in Gouzoudou village (Mayo-Sava, Extreme-Nord). No fatality and/or casualty reported.",0.7443762781186093,0.9499999999999998,0.2716921177490561,0.12207913782699757,0.11847115404366253,0.11729234636500016,0.11966180893645555,0.2508034350785563
olmo2:7b,CAO10147,B,B,0.85,"[0.85, 0.03, 0.02, 0.01, 0.01, 0.0]",,0.93,Military Forces of Cameroon (1982-),"On 3 January 2023, state security forces (coded as military) captured and arrested 1 Ambazonian Separatist in Adiemukong, Bafut commune, coded to Bafut (Mezam, Nord-Ouest). Gunshots could be heard, no casualties. It is unclear if the gunshots were an armed confrontation between the two.",0.4729064039408867,0.85,0.31572464182558224,0.1390551263675552,0.1376715047421676,0.13630165038198083,0.13630165038198083,0.13494542630041736
olmo2:7b,CAO7973,S,V,0.85,"[0.85, 0.02, 0.01, 0.03, 0.02, 0.01]",,0.9,Islamic State West Africa Province (ISWAP) and/or Boko Haram - Jamaatu Ahli is-Sunnah lid-Dawati wal-Jihad,"Looting: On 18 October 2023, ISWAP or Boko Haram militants demanded money and food items from fishermen in the Tsoukiya zone around Darak (Darak, Logone-et-Chari, Extreme-Nord) as taxes for fishing rights. The militants also searched the fishermen for mobile phones and any person from Darak. Finding neither the militants retreated toward Nigeria.",0.4729064039408867,0.85,0.3148662916159742,0.13729722174585404,0.13593109156370548,0.13867708176459195,0.13729722174585404,0.13593109156370548
olmo2:7b,CAO9827,V,V,0.95,"[0.95, 0.03, 0.02]",,0.74,Military Forces of Cameroon (1982-),"On 7 January 2023, the state security forces, coded as the military forces shot and killed a masquerade in Bambui (Tubah, Mezam, Nord-Ouest) accusing him of being an Ambazonian Separatists.",0.7443762781186093,0.9499999999999998,,,,,,
olmo2:7b,CAO7395,B,B,0.95,"[0.93, 0.03, 0.02, 0.01, 0.04]",,0.76,Military Forces of Cameroon (1982-) Rapid Intervention Battalion,"On 23 June 2023, the military forces (Rapid Intervention) ambushed Boko Haram (JAS) (likely) militants in Ganse (Kolofata, Mayo-Sava, Extreme-Nord). 1 militant was killed and various items recovered by the military forces.",0.7443762781186093,0.9499999999999998,,,,,,
olmo2:7b,CAO6147,V,V,0.95,"[0.95, 0.03, 0.02, 0.01, 0.01]",,0.87,Ambazonian Separatists (Cameroon),"On 1 June 2022, Ambazonia separatists abducted 9 commercial bike riders near Fundong (Njinikom, Boyo, Nord-Ouest) after they had participated in the 20th May celebration despite the ban imposed by the Separatists. The Separatists also burnt their motorbikes.",0.7443762781186093,0.9499999999999998,,,,,,
olmo2:7b,CAO16029,V,V,0.85,"[0.85, 0.03, 0.02, 0.01, 0.01]",,0.88,Ambazonian Separatists (Cameroon),"On 22 October 2024, Ambazonian Separatists abducted a male civilian from his private residences in Bamenda - Nkwen (Bamenda 3, Mezam, Nord-Ouest) for an unknown reason.",0.4729064039408867,0.85,,,,,,
olmo2:7b,CAO11761,B,B,0.85,"[0.85, 0.02, 0.01, 0.01, 0.03]",,0.94,Military Forces of Cameroon (1982-),"On 16 July 2023, state security forces (coded as military) engaged in an armed confrontation with Ambazonian Separatists in Agyati (Mezam, Nord-Ouest). No casualties.",0.4729064039408867,0.85,,,,,,
olmo2:7b,CAO11220,B,V,0.95,"[0.95, 0.05, 0.02, 0.01, 0.01]",,0.79,Military Forces of Cameroon (1982-),"On 8 November 2023, the military forces attacked Ambazonian Separatists from the Restoration Forces during an operation in Mfuni (Mamfe, Manyu, Sud-Ouest). The military forces shot and killed one, while several others sustained life-threatening injuries.",0.7443762781186093,0.9499999999999998,,,,,,
olmo2:7b,CAO3650,R,V,0.95,"[0.95, 0.03, 0.01, 0.02, 0.79]",,0.75,Rioters (Cameroon),"On 5 September 2020, residents beat one woman to death in Yokosire village (Lom-Et-Djerem, Est) after she was accused of attempting to use witchcraft against her co-wife.",0.7443762781186093,0.9499999999999998,,,,,,
olmo2:7b,CAO12120,V,V,0.95,"[0.95, 0.05, 0.02, 0.01, 0.01]",,0.84,Military Forces of Cameroon (1982-),"On 13 August 2023, state security forces, coded as military forces, shot and killed a suspected Ambazonian Separatist in Nkundu quarter in Njenka (Balikumbat, Ngo-Ketunjia, Nord-Ouest) and left his body by the road. He had been arrested earlier from his private residence after a tip-off.",0.7443762781186093,0.9499999999999998,,,,,,
olmo2:7b,CAO13210,B,S,0.95,"[0.85, 0.05, 0.02, 0.01, 0.03, 0.77]",,0.94,Military Forces of Cameroon (1982-),"On 23 March 2024, state security forces, coded as the military forces, fired several warning gunshots to dislodge and dismantle an Ambazonian Separatist illegal checkpoint in Bobong (Njinikom, Boyo, Nord-Ouest). There were no fatalities or injuries.",0.7443762781186093,0.9499999999999998,0.2716921177490561,0.12207913782699757,0.11847115404366253,0.11729234636500016,0.11966180893645555,0.2508034350785563
olmo2:7b,CAO10312,S,R,0.85,"[0.75, 0.15, 0.02, 0.03, 0.05, 0.03]",,0.94,Ambazonian Separatists (Cameroon),"Property destruction: On 28 April 2023, Ambazonian Separatists Restoration forces burned a vehicle belonging to an unnamed road construction company working along the Kumba -Mundemba road axis in Dibonda (Toko, Ndian, Sud-Ouest). The burning was an attempt by the perpetrators to enforce the ban on any government sponsored projects especially reconstruction projects the perpetrators had declared.",0.4729064039408867,0.85,0.28564814250789455,0.1567670244369772,0.1376564078771217,0.13903987777649315,0.14184866962473466,0.13903987777649315
olmo2:7b,CAO4521,V,V,0.95,"[0.95, 0.03, 0.01, 0.01, 0.02]",,0.77,Islamic State West Africa Province (ISWAP) - Lake Chad Faction and/or Boko Haram - Jamaatu Ahli is-Sunnah lid-Dawati wal-Jihad,"On 3 April 2021, Boko Haram fighters nightly attacked Goudjimdele village, Mora subdivision (Mayo-Sava, Extreme-Nord), killing 2 people.",0.7443762781186093,0.9499999999999998,,,,,,
olmo2:7b,CAO8337,V,B,0.95,"[0.93, 0.03, 0.02, 0.01, 0.01]",,0.81,Boko Haram - Jamaatu Ahli is-Sunnah lid-Dawati wal-Jihad,"Around 30 December 2023 (as reported), Boko Haram (JAS) (likely) militants attacked Soukoule, coded to Mora (Mora, Mayo-Sava, Extreme-Nord). 1 civilian was killed and 3 motorbikes were taken away.",0.7443762781186093,0.9499999999999998,,,,,,
olmo2:7b,CAO9705,V,V,0.95,"[0.95, 0.05, 0.02, 0.01, 0.01]",,0.84,Military Forces of Cameroon (1982-),"On 23 June 2022, military forces shot and killed two male civilians in Ekombe Bonji (Kumba 1, Meme, Sud-Ouest).",0.7443762781186093,0.9499999999999998,,,,,,
olmo2:7b,CAO13243,S,V,0.85,"[0.75, 0.05, 0.02, 0.01, 0.03, 0.03]",,0.94,Boko Haram - Jamaatu Ahli is-Sunnah lid-Dawati wal-Jihad,"Looting: On 26 April 2024, ISWAP or Boko Haram militants looted some 150 oxen and cows in a grazing area in Dougza (Kolofata, Mayo-Sava, Extreme-Nord).",0.4729064039408867,0.85,0.29162062646165043,0.14481451738329984,0.1405346015876061,0.139136258937815,0.14194699781466855,0.14194699781466855
olmo2:7b,CAO6787,S,V,0.95,"[0.85, 0.05, 0.02, 0.01, 0.03]",,0.93,Boko Haram - Jamaatu Ahli is-Sunnah lid-Dawati wal-Jihad,"Looting: On 4 December 2022, Boko Haram [JAS] looted farmers in Amchide (Kolofata, Mayo-Sava, Extreme-Nord) stealing 2 motorbikes and 1 bicycle.",0.7443762781186093,0.9499999999999998,,,,,,
olmo2:7b,CAO4545,B,B,0.95,"[0.93, 0.03, 0.02, 0.01, 0.01]",,0.84,Military Forces of Cameroon (1982-),"On 12 April 2021, the military forces repelled a nightly attack of Boko Haram fighters in Djanpala village, assumedly in Mora subdivision (Mayo-Sava, Extreme-Nord). One assailant was killed, and foodstuffs retrieved.",0.7443762781186093,0.9499999999999998,,,,,,
olmo2:7b,CAO3621,P,P,0.95,"[0.98, 0.02, 0.01, 0.03, 0.01]",,0.86,Protesters (Cameroon),"On 28 August 2020, women of the SUFC movement demonstrated in the Nord-ouest region, around Bamenda town (Mezam, Nord-Ouest), calling for a ceasefire in the North West and South West regions.",0.7443762781186093,0.9499999999999998,,,,,,
olmo2:7b,CAO6152,B,V,0.95,"[0.95, 0.05, 0.02, 0.01, 0.01]",,0.81,Military Forces of Cameroon (1982-),"On 10 June 2022, Cameroonian military forces exchanged gunshots with suspected separatists and killed 2 civilians in Belo (Tubah, Mezam, Nord-Ouest). Unclear why the military was targeting civilians.",0.7443762781186093,0.9499999999999998,,,,,,
olmo2:7b,CAO6296,P,P,0.95,"[0.99, 0.01, 0.01, 0.03, 0.02]",,0.82,Protesters (Cameroon),"Around 15 July 2022, residents of Koza and Gaboua protested in front of the sub-prefecture of Koza in Koza (Koza, Mayo-Tsanaga, Extreme-Nord) after a Boko Haram attack. They protested against the lack of security measures in the community.",0.7443762781186093,0.9499999999999998,,,,,,
olmo2:7b,CAO4239,B,B,0.95,"[0.93, 0.03, 0.02, 0.01, 0.01]",,0.81,Military Forces of Cameroon (1982-),"On 24 December 2020, the military forces repelled an attack of Boko Haram in Makoulahe village, Mora subdivision (Mayo-Sava, Extreme-Nord), killing one assailant.",0.7443762781186093,0.9499999999999998,,,,,,
olmo2:7b,CAO6523,B,B,0.95,"[0.95, 0.03, 0.02, 0.01, 0.04]",,0.79,Boko Haram - Jamaatu Ahli is-Sunnah lid-Dawati wal-Jihad,"On 12 September 2022, Boko Haram (JAS) fighters ambushed the Cameroonian military forces on the Limani - Mora Road, coded to Limani (Mora, Mayo-Sava, Extreme-Nord). Unknown fatalities or injuries but 4 motorbikes, mobile phones and a luggage were stolen by the assailants.",0.7443762781186093,0.9499999999999998,,,,,,
olmo2:7b,CAO5844,B,B,0.95,"[0.94, 0.03, 0.01, 0.01, 0.02]",,0.81,Military Forces of Cameroon (1982-),"On 25 January 2022, the military intercepted Ambazonian separatists and engaged in fire fights with them in Bamenyam town, Penka-Michel subdivision (Menoua, Ouest). At least one soldier was killed and several others injured.",0.7443762781186093,0.9499999999999998,,,,,,
olmo2:7b,CAO9976,S,S,0.95,"[0.85, 0.05, 0.02, 0.01, 0.01, 0.0]",,0.95,Military Forces of Cameroon (1982-),"Defusal: On 1 October 2021, state forces, coded as military, defused an IED planted by Ambazonian Separatists in Oku (Bui, Nord-Ouest).",0.7443762781186093,0.9499999999999998,0.3148402241863852,0.14146683179610228,0.13728585506178553,0.13591983798003315,0.13591983798003315,0.1345674129953457
olmo2:7b,CAO12429,B,V,0.95,"[0.95, 0.05, 0.01, 0.01, 0.02]",,0.87,Ambazonian Separatists (Cameroon),"On 28 July 2023, Ambazonian Separatists exchanged fire with other Ambazonian Separatists in Bali (Mezam, Nord-Ouest) in a dispute over money extorted from civilians. Two Ambazonian Separatists were killed and their bodies were abandoned in the forest.",0.7443762781186093,0.9499999999999998,,,,,,
olmo2:7b,CAO12201,S,V,0.88,"[0.88, 0.02, 0.01, 0.03, 0.01]",,0.83,Ambazonian Separatists (Cameroon),"Other: On 11 August 2023, Ambazonian Separatists fired gunshots in the air and rounded up civilians in Ikiliwindi Mile 10 (Meme, Sud-Ouest). They accused the population of collaborating with state security forces and threatened to kill anyone who collaborated with them.",0.7422680412371134,0.8800000000000001,,,,,,
olmo2:7b,CAO6363,B,B,0.95,"[0.95, 0.03, 0.01, 0.01, 0.0]",,0.75,Military Forces of Cameroon (1982-),"Around 7 August 2022, the Cameroonian military forces clashed with Boko Haram (JAS) (likely) fighters in Mora (Mora, Mayo-Sava, Extreme-Nord) killing many. The military also recovered weapons including 2 Kalashnikov rifles.",0.7443762781186093,0.9499999999999998,,,,,,
olmo2:7b,CAO7132,B,B,0.95,"[0.88, 0.12, 0.02, 0.01, 0.03]",,0.79,Islamic State West Africa Province (ISWAP) and/or Boko Haram - Jamaatu Ahli is-Sunnah lid-Dawati wal-Jihad,"Around 5 March 2023, suspected ISWAP or Boko Haram fighters clashed with the Cameroonian military forces in Marouare, coded to Ngaoundere (Ngaoundere 1, Vina, Adamaoua). 2 fighters were killed while 2 civilians were wounded.",0.7443762781186093,0.9499999999999998,,,,,,
olmo2:7b,CAO4190,V,V,0.95,"[0.95, 0.03, 0.01, 0.01, 0.02]",,0.81,Ambazonian Separatists (Cameroon),"On 4 January 2021, Ambazonian separatists burnt a transport truck, killed the driver and reportedly injured his assistant in Ewili village, around Buea (Fako, Sud-Ouest). They accused the victims of not respecting their stop order.",0.7443762781186093,0.9499999999999998,,,,,,
olmo2:7b,CAO13670,V,V,0.88,"[0.88, 0.02, 0.01, 0.01, 0.02]",,0.82,Military Forces of Cameroon (1982-) Rapid Intervention Battalion,"On 15 April 2024, state security forces, coded as the military forces from the Rapid Intervention, beat and arrested 2 civilian from the road in Bonganjo (Buea, Fako, Sud-Ouest). There were no fatalities.",0.7422680412371134,0.8800000000000001,,,,,,
olmo2:7b,CAO8729,V,R,0.85,"[0.75, 0.15, 0.02, 0.03, 0.05, 0.03]",,1.0,Ambazonian Separatists (Cameroon),"On 10 February 2024, Ambazonian Separatists from the Fako Mountain Lions faction fired several shots as a warning to enforce the Separatist-imposed lockdown in Bokova (Buea, Fako, Sud-Ouest) against the Youth Day celebration. There were no fatalities.",0.4729064039408867,0.85,0.28564814250789455,0.1567670244369772,0.1376564078771217,0.13903987777649315,0.14184866962473466,0.13903987777649315
olmo2:7b,CAO10745,B,E,0.95,"[0.88, 0.02, 0.95, 0.0, 0.01, 0.0]",,0.86,Ambazonian Separatists (Cameroon),"On 2 June 2023, Ambazonian Separatists detonated an IED targeting a state security forces convoy (coded as military) in Bufi (Menchum, Nord-Ouest). The explosion missed the target, but the soldiers stopped and fired gunshots in the area which caused civilians to flee.",0.7443762781186093,0.9499999999999998,0.26708063194696685,0.11301839636141876,0.2864461628176682,0.1107804821727197,0.11189384452822024,0.1107804821727197
olmo2:7b,CAO2881,V,V,0.95,"[0.95, 0.03, 0.01, 0.02, 0.01]",,0.78,Military Forces of Cameroon (1982-),"On 23 January 2020, the military forces attacked the villages of Bekora Barombi, Ndoh, Njima, Mokono Barombi and Mberenge, in Ekondo Titi subdivision (Ndian, Sud-Ouest). They reportedly killed at least 14 civilians, and injured at least 3 people including a humanitarian worker and two beneficiaries of a humanitarian project.",0.7443762781186093,0.9499999999999998,,,,,,
olmo2:7b,CAO12755,R,V,0.95,"[0.95, 0.05, 0.02, 0.01, 0.03]",,0.82,Rioters (Cameroon),"On 4 April 2022, residents killed 1 Ambazonian Separatist fighter in Mbengwi (Mbengwi, Momo, Nord-Ouest) because of the atrocities committed by the separatists in their community.",0.7443762781186093,0.9499999999999998,,,,,,
olmo2:7b,CAO11779,V,V,0.95,"[0.95, 0.05, 0.01, 0.01, 0.02]",,0.82,Military Forces of Cameroon (1982-),"On 14 May 2022, state security forces, coded as military, killed a female civilian in Tobin (Bui, Nord-Ouest). The women who approached the military base and was mistaken to be an intruder.",0.7443762781186093,0.9499999999999998,,,,,,
olmo2:7b,CAO10497,V,V,0.88,"[0.88, 0.02, 0.01, 0.01]",,0.77,Military Forces of Cameroon (1982-),"On 16 March 2023, state security forces (coded as military) fired shots at a vehicle, injuring some civilians, at a vehicular checkpoint in Ntarinkon (Bamenda - Mankon, Mezam, Nord-Ouest) after the driver failed to stop.",0.7422680412371134,0.8800000000000001,,,,,,
olmo2:7b,CAO5725,V,V,0.95,"[0.95, 0.03, 0.01, 0.02, 0.01, 0.0]",,0.9,Military Forces of Cameroon (1982-),"On 27 October 2021, the military forces alongside Fulani militiamen attacked and killed a 15 year old boy in Ngarbuh village, near Ntamruh, Ndu subdivision (Donga-Mantung, Nord-Ouest). He was accused of collaborating with Ambazonian separatists fighters.",0.7443762781186093,0.9499999999999998,0.3377158213821263,0.13458618529627406,0.13192120027282497,0.13324703037751084,0.13192120027282497,0.13060856239810106
olmo2:7b,CAO6214,S,V,0.85,"[0.85, 0.02, 0.01, 0.03, 0.01]",,0.84,Boko Haram - Jamaatu Ahli is-Sunnah lid-Dawati wal-Jihad,"Property destruction: Around 20 June 2022, Boko Haram (JAS) (likely) burnt houses and looted items in Djakana village, around Limani (Limani, Mayo-Sava, Extreme-Nord), including 4 bicycles.",0.4729064039408867,0.85,,,,,,
olmo2:7b,CAO12645,B,B,0.95,"[0.93, 0.03, 0.02, 0.01, 0.01]",,0.77,Military Forces of Cameroon (1982-),"On 15 January 2022, Ambazonian separatists and the military engaged in an armed clash at Total gas station in Bamunka near Bamenda (Bamenda 1, Mezam, Nord-Ouest). Three civilians were killed in the crossfire.",0.7443762781186093,0.9499999999999998,,,,,,
olmo2:7b,CAO3193,B,B,0.95,"[0.94, 0.03, 0.01, 0.01, 0.02]",,0.81,Military Forces of Cameroon (1982-) Rapid Intervention Battalion,"On 18 April 2020, the military's rapid intervention battalion engaged in a fire fight with Ambazonian separatists in Oku village, Belo subdivision (Boyo, Nord-Ouest). Some separatists were killed. Some fatalities coded as 3.",0.7443762781186093,0.9499999999999998,,,,,,
olmo2:7b,CAO3287,V,E,0.95,"[0.02, 0.93, 0.02, 0.0, 0.01, 0.01]",,0.83,Islamic State West Africa Province (ISWAP) - Lake Chad Faction and/or Boko Haram - Jamaatu Ahli is-Sunnah lid-Dawati wal-Jihad,"On 18 May 2020, Boko Haram attacked the village of Tolkomari, Kolofata subdivision (Mayo-Sava, Extreme-Nord). No fatality and/or casualty reported.",0.7443762781186093,0.9499999999999998,0.13432517476700678,0.33370705847452853,0.13432517476700678,0.13166535809831806,0.132988616946403,0.132988616946403
olmo2:7b,CAO8924,B,B,0.95,"[0.89, 0.05, 0.01, 0.01, 0.02]",,0.82,Military Forces of Cameroon (1982-),"On 29 May 2022, the military forces in a joint operation with the self-defense militia (COVI) ambushed Ambazonian Separatist fighter at a checkpoint in Ngarum (Ndu, Donga-Mantung, Nord-Ouest). 1 separatist was killed.",0.7443762781186093,0.9499999999999998,,,,,,
olmo2:7b,CAO2836,V,V,0.95,"[0.95, 0.03, 0.01, 0.02, 0.01, 0.0]",,0.87,Military Forces of Cameroon (1982-),"On 13 January 2020, the military forces attacked Kumbo town, in Jakiri subdivision (Bui, Nord-Ouest). They reportedly killed one person, and burnt over 8 houses in several areas of the town.",0.7443762781186093,0.9499999999999998,0.3377158213821263,0.13458618529627406,0.13192120027282497,0.13324703037751084,0.13192120027282497,0.13060856239810106
olmo2:7b,CAO10508,B,V,0.95,"[0.95, 0.03, 0.02]",,0.71,Military Forces of Cameroon (1982-),"On 14 March 2023, the state security forces, coded as military, shot and killed 3 Ambazonian Separatists at the Ndekwai - Ntenako road axis, coded to Ntenaku (Mamfe, Manyu, Sud-Ouest).",0.7443762781186093,0.9499999999999998,,,,,,
olmo2:7b,CAO3184,B,B,0.85,"[0.85, 0.03, 0.01, 0.01, 0.02]",,0.81,Ambazonian Separatists (Cameroon),"On 15 April 2020, Ambazonian separatists engaged in fire fights with military forces in Bafut town, Bamenda subdivision (Mezam, Nord-Ouest). No fatality and/or casualty reported.",0.4729064039408867,0.85,,,,,,
olmo2:7b,CAO5032,B,S,0.88,"[0.75, 0.15, 0.02, 0.01, 0.03, 0.05]",,0.88,Military Forces of Cameroon (1982-),"On 10 February 2021, the military forces repelled an incursion of Ambazonian separatists in Meanja water tank neighborhood of Muyuka town (Fako, Sud-Ouest). No fatality and/or casualty reported.",0.7422680412371134,0.8800000000000001,0.2864367527405702,0.1571998229090124,0.1380364462379252,0.13666296064918382,0.13942373558632112,0.1422402818767009
olmo2:7b,CAO5789,S,S,0.88,"[0.75, 0.15, 0.03, 0.01, 0.04, 0.03]",,0.95,Military Forces of Cameroon (1982-),"Around 21 December 2021 (as reported), the security forces (assumedly Military Forces) arrested at least 30 people including 7 Chadians and seized machetes, knives and spears during a security operation in Kousseri town (Logone-et-Chari, Extreme-Nord). The aim was to restore peace in the city in the context of tensions between the Musgum and Arab Shoa communities.",0.7422680412371134,0.8800000000000001,0.2864447803852856,0.15720422857384267,0.1394276430604964,0.1366667907501864,0.14082891416940613,0.1394276430604964
olmo2:7b,CAO13094,V,V,0.88,"[0.88, 0.02, 0.01, 0.01]",,0.81,Ambazonian Separatists (Cameroon),"On 19 March 2024, Ambazonian Separatists from the Restoration Forces faction shot and injured a civilian in his private residence in Bole (Kumba 1, Meme, Sud-Ouest). They accused the man of collaborating with the military forces.",0.7422680412371134,0.8800000000000001,,,,,,
olmo2:7b,CAO2871,B,V,0.95,"[0.95, 0.05, 0.01, 0.01, 0.02]",,0.84,Military Forces of Cameroon (1982-),"On 21 January 2020, the military forces attacked an Ambazonian separatists' camp in Kossala village, Kumba subdivision (Ndian, Sud-Ouest) [coded: Kumba], killing two Ambazonian separatists. The military also rescued 23 children hostages.",0.7443762781186093,0.9499999999999998,,,,,,
olmo2:7b,CAO11284,V,R,0.85,"[0.75, 0.15, 0.02, 0.03, 0.05, 0.03]",,0.92,Ambazonian Separatists (Cameroon),"On 15 December 2023, Ambazonian Separatists temporally detained a civilian masked in a traditional masquerade outfit at an illegal vehicle checkpoint for two hours alongside some motorcycle riders in Ngwa (Bangangte, Nde, Ouest). They were accused of not having paid a stipulated sum of money motorcycle riders pay before plying the road.",0.4729064039408867,0.85,0.28564814250789455,0.1567670244369772,0.1376564078771217,0.13903987777649315,0.14184866962473466,0.13903987777649315
olmo2:7b,CAO3310,V,V,0.85,"[0.85, 0.02, 0.01, 0.03]",,0.82,Military Forces of Cameroon (1982-),"On 28 May 2020, military forces killed four people suspected to be armed bandits in Bonduma neighbourhood of Buea town (Fako, Sud-Ouest). Residents say the victims were not armed.",0.4729064039408867,0.85,,,,,,
olmo2:7b,CAO12582,S,E,0.95,"[0.89, 0.03, 0.01, 0.01, 0.02]",,0.82,Ambazonian Separatists (Cameroon),"Other: On 20 May 2022, Ambazonian Separatists fired warning shots for about 30 minutes in Alabukam near Nlabakam (Bamenda - Mankon, Mezam, Nord-Ouest) to enforce the lockdown for 20 May.",0.7443762781186093,0.9499999999999998,,,,,,
olmo2:7b,CAO12898,V,V,0.95,"[0.95, 0.05, 0.02, 0.01, 0.03]",,0.85,Military Forces of Cameroon (1982-),"On 14 February 2024, security forces, coded as the military shot and killed a traditional doctor at his residence in Bessom, coded to Batibo (Batibo, Momo, Nord-Ouest) during a cordon and search operation. They accused the victim of providing fortification charms to Ambazonian Separatists.",0.7443762781186093,0.9499999999999998,,,,,,
olmo2:7b,CAO13115,B,B,0.95,"[0.93, 0.05, 0.02, 0.01, 0.01]",,0.91,Ambazonian Separatists (Cameroon),"On 20 March 2024, Ambazonian Separatists from the Restoration Forces faction clashed with the military forces from the Rapid Intervention in Bombe Bakundu (Kumba 3, Meme, Sud-Ouest) during an operation to dislodge Separatists hideouts. 1 Separatist was killed. The military forces recovered a weapon.",0.7443762781186093,0.9499999999999998,,,,,,
olmo2:7b,CAO11938,B,B,0.88,"[0.88, 0.02, 0.01, 0.01, 0.0]",,0.87,Military Forces of Cameroon (1982-) Gendarmerie,"On 10 October 2023, Gendarmerie forces, clashed with Ambazonian Separatists at an illegal Separatist checkpoint in Bamessing (Tubah, Mezam, Nord-Ouest) as Separatists were looting money from commercial vehicles. Casualties unknown. No information on the injuries. The military forces seized 2 motorbikes.",0.7422680412371134,0.8800000000000001,,,,,,
olmo2:7b,CAO13051,S,E,0.95,"[0.88, 0.02, 0.95, 0.0, 0.01, 0.0]",,0.93,Boko Haram - Jamaatu Ahli is-Sunnah lid-Dawati wal-Jihad,"Property destruction: Around 3 April 2024 (as reported), suspected ISWAP or Boko Haram militants removed sheet metal Roofs of schools and professional training buildings in Tchahack (Chahack) (Darak, Logone-et-Chari, Extreme-Nord).",0.7443762781186093,0.9499999999999998,0.26708063194696685,0.11301839636141876,0.2864461628176682,0.1107804821727197,0.11189384452822024,0.1107804821727197
olmo2:7b,CAO11684,V,V,0.95,"[0.95, 0.05, 0.02, 0.01, 0.01]",,0.79,Ambazonian Separatists (Cameroon),"On 26 June 2023, Ambazonian Separatists from the Restoration Forces shot and killed two members of the state security forces (coded as military) in Konye (Meme, Sud-Ouest). The soldiers had been previously abducted by the Separatists on 25 June 2023 (coded separately).",0.7443762781186093,0.9499999999999998,,,,,,
olmo2:7b,CAO14510,V,S,0.85,"[0.55, 0.05, 0.02, 0.01, 0.03, 0.75]",,0.91,Boko Haram - Jamaatu Ahli is-Sunnah lid-Dawati wal-Jihad,"On 20 August 2024, Boko Haram (JAS) (likely) militants abducted 2 farmers from their fields in Alagarno (Kolofata, Mayo-Sava, Extreme-Nord). They were later released for an unknown reason.",0.4729064039408867,0.85,0.21768436486292436,0.1320322414294351,0.1281300989795936,0.12685518319301106,0.1294178278828495,0.2658802836519205
olmo2:7b,CAO13082,B,B,0.95,"[0.95, 0.03, 0.02]",,0.75,Military Forces of Cameroon (1982-),"On 21 February 2024, the state security forces, coded as the military forces ambushed and clashed with the Ambazonian Separatists restoration forces along Buea - Kumba main road, coded to Kumba (Kumba 1, Meme, Sud-Ouest). A driver of a public transport vehicle was hit and killed by a stray bullet. No information on the injuries.",0.7443762781186093,0.9499999999999998,,,,,,
olmo2:7b,CAO5627,B,V,0.95,"[0.95, 0.05, 0.02, 0.01, 0.01]",,0.88,Military Forces of Cameroon (1982-),"Around 24 October 2021 (as reported), the military forces opened fire on BNL fighters who were erecting barricades in Cameroon-Nigeria border area in Bakassi Peninsula, Kombo Abedimo subdivision (Ndian, Sud-Ouest). 2 BNL fighters were killed.",0.7443762781186093,0.9499999999999998,,,,,,
olmo2:7b,CAO8784,B,E,0.95,"[0.88, 0.02, 0.95]",,0.69,Ambazonian Separatists (Cameroon),"On 10 May 2022, suspected Ambazonian Separatist fighters detonated a remote controlled IED targeting traveling military along the Bamenda-Belo road road, coded to Bamenda (Bamenda 1, Mezam, Nord-Ouest). 1 separatist was killed during clashes that followed the detonation. 2 civlians were also killed by stray bullets.",0.7443762781186093,0.9499999999999998,,,,,,
olmo2:7b,CAO4808,B,B,0.92,"[0.89, 0.03, 0.02, 0.01, 0.01]",,0.83,Military Forces of Cameroon (1982-),"Around 16 October 2020 (week of), the military forces engaged in fire fights with Ambazonian separatists in Bamessing village, Ndop subdivision (Mezam, Nord-Ouest), resulting in 3 people getting killed.",0.7433221596778614,0.92,,,,,,
olmo2:7b,CAO14672,S,R,0.85,"[0.75, 0.15, 0.05, 0.02, 0.03, 0.01]",,0.91,Ambazonian Separatists (Cameroon),"Looting: On 3 July 2024, Ambazonian Separatists from the Restoration Forces faction extorted money, coded as looting, from civilians at an illegal checkpoint on the main road in Bamessing (Tubah, Mezam, Nord-Ouest).",0.4729064039408867,0.85,0.2864367527405702,0.1571998229090124,0.1422402818767009,0.1380364462379252,0.13942373558632112,0.13666296064918382
olmo2:7b,CAO12986,P,P,0.95,"[0.99, 0.01, 0.01, 0.02, 0.03]",,0.8,Protesters (Cameroon),"On 17 April 2024, people protested in front of the Town Hall in Yaounde (Yaounde 1, Mfoundi, Centre) after the municipal police officers attempted to arrest a civilian who had refused to pay them money causing an accident that killed 2 civilians. The protesters voiced their growing concern about the actions of the police officers.",0.7443762781186093,0.9499999999999998,,,,,,
olmo2:7b,CAO11562,B,B,0.95,"[0.95, 0.03, 0.02, 0.01, 0.01]",,0.86,Military Forces of Cameroon (1982-),"On 16 June 2023, government forces, coded as military, clashed with Ambazonian Separatists in Kedjem Keku (Tubah, Mezam, Nord-Ouest), leading to the killing of at least 13 civilians and 3 Ambazonian separatists.",0.7443762781186093,0.9499999999999998,,,,,,
olmo2:7b,CAO14799,V,V,0.95,"[0.95, 0.03, 0.01, 0.01, 0.02]",,0.8,Ambazonian Separatists (Cameroon),"On 12 July 2024, Ambazonian Separatists from the Bui Unity Warriors faction shot and killed 1 civilian in Jakiri (Jakiri, Bui, Nord-Ouest) after the Separatists had taken him out of his private residence. They accused him of collaborating with the security forces.",0.7443762781186093,0.9499999999999998,,,,,,
olmo2:7b,CAO4310,S,E,0.95,"[0.88, 0.02, 0.95, 0.0, 0.01, 0.0]",,0.85,Police Forces of Cameroon (1982-),"Defusal: On 27 January 2021, the police forces retrieved and defused an IED planted by unidentified men in Bamenda town (Mezam, Nord-Ouest). No fatality and/or casualty reported.",0.7443762781186093,0.9499999999999998,0.26708063194696685,0.11301839636141876,0.2864461628176682,0.1107804821727197,0.11189384452822024,0.1107804821727197
olmo2:7b,CAO10471,V,V,0.88,"[0.88, 0.02, 0.01, 0.03, 0.01]",,0.8,Military Forces of Cameroon (1982-),"On 22 March 2023, state security forces, coded as military forces, beat up civilians and broke into homes where they looted properties in Ngomgham Mankon, coded to Ntarinkon (Bamenda - Mankon, Mezam, Nord-Ouest). They also harrassed civilians, the attack was after separatists attacked their position in the area and engaged them in an armed clash (coded separately). No information on injuries.",0.7422680412371134,0.8800000000000001,,,,,,
olmo2:7b,CAO11896,B,B,0.95,"[0.89, 0.05, 0.02, 0.01, 0.01]",,0.82,Military Forces of Cameroon (1982-),"On 28 September 2023, state forces, coded as military, exchanged fire with Ambazonian Separatists in Benade (Menchum, Nord-Ouest) during an operation to dislodge the Ambazonian Separatists. Four civilians, including the traditional chief of Banum village, were killed caught by stray bullets.",0.7443762781186093,0.9499999999999998,,,,,,
olmo2:7b,CAO11447,S,S,0.88,"[0.75, 0.15, 0.02, 0.01, 0.03, 0.05]",,0.91,Military Forces of Cameroon (1982-),"Other: On 4 July 2023, state security forces, coded as military forces, on vehicular patrol shot into the air at the cattle market in Lassin (Bui, Nord-Ouest) to prevent an attack by Ambazonian Separatists after they tipped off that a separatists camp opened in the area.",0.7422680412371134,0.8800000000000001,0.2864367527405702,0.1571998229090124,0.1380364462379252,0.13666296064918382,0.13942373558632112,0.1422402818767009
olmo2:7b,CAO3261,V,V,0.95,"[0.95, 0.05, 0.02, 0.01, 0.02]",,0.83,Ambazonian Separatists (Cameroon),"On 10 May 2020, suspected Ambazonian separatists killed one person in Bakebe village, Mamfe subdivision (Manyu, Sud-Ouest).",0.7443762781186093,0.9499999999999998,,,,,,
olmo2:7b,CAO11281,V,V,0.85,"[0.85, 0.02, 0.01, 0.03, 0.01]",,0.83,Ambazonian Separatists (Cameroon),"On 24 November 2023, the Ambazonian Restoration Forces abducted a builder from a public transport vehicle at a vehicle checkpoint in Nguti (Nguti, Kupe-Manenguba, Sud-Ouest).",0.4729064039408867,0.85,,,,,,
olmo2:7b,CAO11825,V,P,0.95,"[0.88, 0.01, 0.03, 0.01, 0.02]",,0.78,Ambazonian Separatists (Cameroon),"On 3 July 2022, Ambazonian Separatists abducted two workers of a government-owned agro-industrial company, (PAMOL) in Mabonji (Meme, Sud-Ouest).",0.7443762781186093,0.9499999999999998,,,,,,
olmo2:7b,CAO12114,V,V,0.95,"[0.95, 0.05, 0.01, 0.01, 0.0]",,0.81,Ambazonian Separatists (Cameroon),"On 15 August 2023, Ambazonian Separatists shot and killed a woman in Akwaya (Manyu, Sud-Ouest). They also abducted four civilians from a home for unknown reasons. No additional information.",0.7443762781186093,0.9499999999999998,,,,,,
olmo2:7b,CAO15247,S,V,0.95,"[0.95, 0.03, 0.01, 0.02, 0.01]",,0.8,Military Forces of Cameroon (1982-) Gendarmerie,"Looting: On 10 August 2024, gendarmerie forces broke into 8 civilian private residences and looted an unspecified amount of money and valuables in Bamunka (Ndop, Ngo-Ketunjia, Nord-Ouest) during an operation to dislodge Ambazonian Separatists from their hideouts.",0.7443762781186093,0.9499999999999998,,,,,,
olmo2:7b,CAO6111,V,V,0.95,"[0.95, 0.03, 0.02, 0.01, 0.01]",,0.81,Military Forces of Cameroon (1982-),"Around 24 May 2022, the Cameroonian military shot randomly in Mbve area of Kumbo (Kumbo, Bui, Nord-Ouest). The bullets went through some houses.",0.7443762781186093,0.9499999999999998,,,,,,
olmo2:7b,CAO13590,S,S,0.95,"[0.85, 0.05, 0.02, 0.01, 0.03, 0.77]",,0.87,Military Forces of Cameroon (1982-) Gendarmerie,"Defusal: On 19 April 2024, gendarmerie forces recovered an IED planted by an Ambazonian Separatist at the Market in Great Soppo (Buea, Fako, Sud-Ouest). The were no fatalities. The Separatist had attempted to detonate the IED on a minister's convoy but nearby civilians alerted the gendarmerie forces and he was arrested.",0.7443762781186093,0.9499999999999998,0.2716921177490561,0.12207913782699757,0.11847115404366253,0.11729234636500016,0.11966180893645555,0.2508034350785563
olmo2:7b,CAO4947,S,S,0.88,"[0.75, 0.15, 0.02, 0.01, 0.03, 0.05]",,0.85,Military Forces of Cameroon (1982-),"On 13 January 2021, a joint police and military forces operation was conducted in Mudeka village, Tiko subdivision (Fako, Sud-Ouest), resulting in 86 people getting arrested.",0.7422680412371134,0.8800000000000001,0.2864367527405702,0.1571998229090124,0.1380364462379252,0.13666296064918382,0.13942373558632112,0.1422402818767009
olmo2:7b,CAO5487,V,V,0.95,"[0.95, 0.03, 0.01, 0.02, 0.01]",,0.81,Military Forces of Cameroon (1982-),"On 16 August 2021, the military forces tortured several civilians, and looted properties during a raid in Bamenda - Chomba village, Bamenda 2 subdivision (Mezam, Nord-Ouest).",0.7443762781186093,0.9499999999999998,,,,,,
olmo2:7b,CAO12450,V,V,0.95,"[0.95, 0.03, 0.01, 0.01, 0.02]",,0.85,Ambazonian Separatists (Cameroon),"On 26 July 2023, Ambazonian Separatists shot and killed a civilian in Mezam department, coded to Bamenda (Mezam, Nord-Ouest), after getting in an argument with him. They let another man go who was with the victim after seizing his phone and an unknown amount of money.",0.7443762781186093,0.9499999999999998,,,,,,
olmo2:7b,CAO10410,S,V,0.95,"[0.95, 0.03, 0.02]",,0.72,Military Forces of Cameroon (1982-),"Property destruction: On 7 April 2023, State security forces, coded as the military forces, set fire to 3 civilian houses in Aboh, coded to Fundong (Njinikom, Boyo, Nord-Ouest).",0.7443762781186093,0.9499999999999998,,,,,,
olmo2:7b,CAO6584,S,S,0.88,"[0.75, 0.15, 0.03, 0.01, 0.04, 0.03]",,0.84,Military Forces of Cameroon (1982-),"On 25 September 2022, Cameroonian security forces arrested at least 60 people in Kourgui (Mora, Mayo-Sava, Extreme-Nord). 30 motorbikes without official documents were seized. The military were looking for armed group members.",0.7422680412371134,0.8800000000000001,0.2864447803852856,0.15720422857384267,0.1394276430604964,0.1366667907501864,0.14082891416940613,0.1394276430604964
olmo2:7b,CAO10587,B,B,0.95,"[0.93, 0.05]",,0.63,Ambazonian Separatists (Cameroon),"On 7 May 2023, Ambazonian Separatists from the Bui Warriors, led by 'General Mad Dog,' engaged in an armed confrontation with state security forces (coded as military) in Njavnyuy, Kumbo commune, coded to Kumbo (Bui, Nord-Ouest). During the attack, the Separatists fired 2 rockets at the base. An unknown number of soldiers were injured.",0.7443762781186093,0.9499999999999998,,,,,,
olmo2:7b,CAO4741,V,V,0.88,"[0.88, 0.12, 0.02, 0.01, 0.02, 0.0]",,0.85,Military Forces of Cameroon (1982-),"On 18 December 2020, the military forces raided Dyeny village, Mbonge subdivision (Meme, Sud-Ouest), resulting in 2 people getting injured and houses burnt down.",0.7422680412371134,0.8800000000000001,0.31768975475851985,0.1485728325055713,0.1344342581546302,0.13309661493618438,0.1344342581546302,0.1317722814901464
olmo2:7b,CAO6254,E,E,0.95,"[0.9, 0.05, 0.95, 0.0, 0.01, 0.0]",,0.82,Unidentified Armed Group (Cameroon),"On 2 July 2022, an explosive device planted by an unidentified armed group exploded at Mokolo market in Yaounde (Yaounde 1, Mfoundi, Centre) leading to 4 injured, including 2 severely. No fatalities.",0.7443762781186093,0.9499999999999998,0.2700891572002695,0.11544013874484213,0.2839369244092036,0.10981005674253874,0.11091366616032323,0.10981005674253874
olmo2:7b,CAO11395,B,E,0.95,"[0.88, 0.05, 0.93, 0.01, 0.02]",,0.81,Ambazonian Separatists (Cameroon),"On 2 January 2024, the Bui Unity Warriors attacked a military convoy on transit with a road planted IED in Wainamah (Jakiri, Bui, Nord-Ouest). This prompted military to fire repelling gunshots. Casualties unknown.",0.7443762781186093,0.9499999999999998,,,,,,
olmo2:7b,CAO8359,B,S,0.88,"[0.75, 0.15, 0.02, 0.01, 0.03, 0.75]",,0.99,Military Forces of Cameroon (1982-) Rapid Intervention Battalion,"On 4 January 2024, the military forces killed 1 unidentified armed group member in Bourrha (Bourrha, Mayo-Tsanaga, Extreme-Nord). The member was known to abduct civilians. Food items, clothing, bladed weapons and other items were recovered.",0.7422680412371134,0.8800000000000001,0.25033878362193357,0.1373888374173418,0.12064051039565571,0.11944011726063371,0.12185296768225136,0.25033878362193357
olmo2:7b,CAO11563,V,V,0.95,"[0.95, 0.03, 0.01, 0.01, 0.02]",,0.81,Military Forces of Cameroon (1982-),"On 21 June 2023, government forces, coded as military, raped a 12-year-old girl in Atoini, coded to Njinikom (Boyo, Nord-Ouest). No further information is available.",0.7443762781186093,0.9499999999999998,,,,,,
olmo2:7b,CAO10080,V,V,0.88,"[0.88, 0.02, 0.01]",,0.68,Military Forces of Cameroon (1982-),"On 2 February 2023, the state security forces, coded as the military forces beat civilians in Matondo II (Konye, Meme, Sud-Ouest) for an unknown reason. Casualties unknown. The attack caused the displacement of some civilians.",0.7422680412371134,0.8800000000000001,,,,,,
olmo2:7b,CAO7398,V,V,0.95,"[0.95, 0.03, 0.02, 0.01, 0.01]",,0.78,Boko Haram - Jamaatu Ahli is-Sunnah lid-Dawati wal-Jihad,"On 18 June 2023, Boko Haram [JAS] militants attacked Gazla, coded to Mora (Mora, Mayo-Sava, Extreme-Nord). 2 were killed and 1 was wounded. The militants looted houses and stole food items.",0.7443762781186093,0.9499999999999998,,,,,,
olmo2:7b,CAO15321,S,V,0.85,"[0.85, 0.15]",,0.67,Boko Haram - Jamaatu Ahli is-Sunnah lid-Dawati wal-Jihad,"Looting: On 12 October 2024, Boko Haram (JAS) (likely) militants looted 2 stores and nearly 20 houses in Ldoubam (Mokolo, Mayo-Tsanaga, Extreme-Nord).",0.4729064039408867,0.85,,,,,,
olmo2:7b,CAO5584,B,B,0.88,"[0.88, 0.02, 0.01, 0.01, 0.03]",,0.88,Military Forces of Cameroon (1982-),"On 3 September 2021, military forces engaged in fire fight with Ambazonian separatists in Ekona town, Bangem subdivision (Kupe-Manenguba, Sud-Ouest).There were no fatalities.",0.7422680412371134,0.8800000000000001,,,,,,
olmo2:7b,CAO15173,B,B,0.95,"[0.94, 0.05, 0.01]",,0.65,Ambazonian Separatists (Cameroon),"On 8 August 2024, Ambazonian Separatists from the Restoration Forces faction clashed with the security forces, coded as the military forces in Big Ngwandi (Konye, Meme, Sud-Ouest). The Separatists detonated an IED that killed 2 soldiers and injured 6 others before clashing with security forces. The casualties on the Separatist side are unknown.",0.7443762781186093,0.9499999999999998,,,,,,
olmo2:7b,CAO5791,V,V,0.95,"[0.95, 0.03, 0.01, 0.02, 0.01, 0.0]",,0.88,Ambazonian Separatists (Cameroon),"On 22 December 2021, suspected Ambazonian separatists opened fire on the house of the former Mayor of Mamfe town (Manyu, Sud-Ouest) before burning his house down. They accuse him of denouncing human rights violations allegedly committed by one separatist leader. There were no fatalities.",0.7443762781186093,0.9499999999999998,0.3377158213821263,0.13458618529627406,0.13192120027282497,0.13324703037751084,0.13192120027282497,0.13060856239810106
olmo2:7b,CAO7007,V,V,0.95,"[0.95, 0.05, 0.01, 0.01, 0.02]",,0.81,Military Forces of Cameroon (1982-),"On 29 January 2023, suspected members of the Cameroonian military forces attacked traveling civilians on the Bamenda-Kumbo road, coded to Bamenda (Bamenda 1, Mezam, Nord-Ouest). 2 drivers were killed by the military. The victims were traveling to Jakiri when they were stopped by the soldiers.",0.7443762781186093,0.9499999999999998,,,,,,
olmo2:7b,CAO13016,E,E,0.95,"[0.9, 0.05, 0.02, 0.01, 0.01, 0.02]",,0.84,Ambazonian Separatists (Cameroon),"On 23 February 2024, an IED planted by Ambazonian Separatists detonated on the military forces in Bamenda - Mankon (Bamenda 2, Mezam, Nord-Ouest). At least 6 soldiers were killed and their military vehicle was damaged.",0.7443762781186093,0.9499999999999998,0.3248554442762379,0.1388480676085016,0.13474448705251166,0.1334037570049561,0.1334037570049561,0.13474448705251166
olmo2:7b,CAO9923,V,V,0.95,"[0.95, 0.05, 0.01, 0.01, 0.02]",,0.85,Military Forces of Cameroon (1982-),"On 20 March 2021, state forces, coded as military, raided the village Bengang located in Batibo (Momo, Nord-Ouest).There was 1 civilian killed.",0.7443762781186093,0.9499999999999998,,,,,,
olmo2:7b,CAO3105,B,V,0.95,"[0.95, 0.05, 0.01, 0.01, 0.02]",,0.79,Ambazonian Separatists (Cameroon),"On 15 March 2020, the Ambazonian separatists killed a civilian when they targeted a soldier who he was transporting to his duty post in Mundemba town (Ndian, Sud-Ouest).",0.7443762781186093,0.9499999999999998,,,,,,
olmo2:7b,CAO12465,S,R,0.85,"[0.75, 0.15, 0.02, 0.01, 0.03, 0.01]",,0.92,Military Forces of Cameroon (1982-),"Property destruction: On 24 July 2023, state security forces (coded as military) set ablaze the traditional house of a village in Belo commune, coded to Oku (Boyo, Nord-Ouest), which had been a secret shrine of 'Beng Aweh.' They also arrested some men, all, with the exception of two, were shortly released.",0.4729064039408867,0.85,0.2880432625431956,0.1580814941821924,0.13881063775447844,0.13742944883143737,0.14020570785697087,0.13742944883143737
olmo2:7b,CAO5869,B,E,0.95,"[0.89, 0.03, 0.01, 0.01, 0.02]",,0.76,Islamic State West Africa Province (ISWAP) - Lake Chad Faction,"Around 12 February 2022, ISWAP militants launched an attack targeting a military post of the Multinational Task force in Gasama (Logone-Birni, Logone-et-Chari), causing the killing of ten militants, injury of two soldiers, and the seizure of arms and ammunition.",0.7443762781186093,0.9499999999999998,,,,,,
olmo2:7b,CAO13677,V,V,0.95,"[0.95, 0.03, 0.02, 0.01, 0.01]",,0.82,Ambazonian Separatists (Cameroon),"On 16 April 2024, Ambazonian Separatists from the SOCADEF abducted 3 village elders and a traditional ruler from their private residences in Weme (Konye, Meme, Sud-Ouest). The Separatists accused the elders of installing a new traditional council in the village without notifying the Separatists.",0.7443762781186093,0.9499999999999998,,,,,,
gemma3:4b,CAO11875,V,V,0.92,[],,1.26,Unidentified Armed Group (Cameroon),"On 24 September 2023, an unidentified armed group shot and killed a bike rider beside a rice farm in Bamunka (Ngo-Ketunjia, Nord-Ouest) after having abducted him. They accused him of impersonating the armed group and extorting money from civilians.",0.7503900156006241,0.92,,,,,,
gemma3:4b,CAO9055,V,V,0.92,[],,1.44,Military Forces of Cameroon (1982-),"On 4 September 2022, military forces shot and killed a man in Besali (Wabane, Lebialem, Sud-Ouest) after he was mistaken for a separatist fighter following an exchange of fire between soldiers and Ambazonia Liberation Army fighters.",0.7503900156006241,0.92,,,,,,
gemma3:4b,CAO3117,B,B,0.92,[],,1.35,Islamic State West Africa Province (ISWAP) - Lake Chad Faction and/or Boko Haram - Jamaatu Ahli is-Sunnah lid-Dawati wal-Jihad,"On 23 March 2020, Boko Haram were repulsed by the military after staging an attack on the village of Goshikale in Mora subdivision (Mayo-Sava, Extreme-Nord). Militants destroyed the local hospital and looted several houses, taking away 3 motorcycles.",0.7503900156006241,0.92,,,,,,
gemma3:4b,CAO13564,B,B,0.92,[],,1.46,Military Forces of Cameroon (1982-) Gendarmerie,"On 21 April 2024, gendarmerie officers clashed with Ambazonian Separatists from the Restoration Forces faction at the Separatist hideout in Kouki (Mbven, Bui, Nord-Ouest). There were no fatalities. No information on the injuries.",0.7503900156006241,0.92,,,,,,
gemma3:4b,CAO8281,S,R,0.88,[],,1.46,Islamic State West Africa Province (ISWAP) and/or Boko Haram - Jamaatu Ahli is-Sunnah lid-Dawati wal-Jihad,"Looting: On 18 December 2023, ISWAP or Boko Haram militants looted 2 houses in Waza (Waza, Logone-et-Chari, Extreme-Nord).",0.22972972972972974,0.8800000000000001,,,,,,
gemma3:4b,CAO10079,S,V,0.92,[],,1.34,Civilians (Cameroon),"Displacement: On 2 February 2023, civilians were displaced for fear of retaliation attacks from, the state security forces in Diongo (Dibombari, Moungo, Littoral) after suspected Ambazonian Separatists mounted an illegal checkpoint paralyzing vehicle movement.",0.7503900156006241,0.92,,,,,,
gemma3:4b,CAO9679,V,V,0.92,[],,1.34,Military Forces of Cameroon (1982-),"On 27 June 2022, military forces shot and killed four civilians in Banten (Bui, Nord-Ouest) who were previously arrested on 25 June during a military operation. The circumstances that led to their execution are unclear.",0.7503900156006241,0.92,,,,,,
gemma3:4b,CAO5718,V,V,0.92,[],,1.35,Military Forces of Cameroon (1982-),"On 16 October 2021, the military forces shot and killed a student in Waindo village, Wum subdivision (Menchum, Nord-Ouest). He was accused of being in possession of a military uniform and some ammunition.",0.7503900156006241,0.92,,,,,,
gemma3:4b,CAO8534,B,B,0.92,[],,1.36,Unidentified Armed Group (Cameroon),"On 21 February 2024, an unidentified armed group clashed with Boko Haram (JAS) (likely) militants in Kouyape (Kolofata, Mayo-Sava, Extreme-Nord). The bodies of 3 militants were found by civilians. The exact circumstances of their death are unknown.",0.7503900156006241,0.92,,,,,,
gemma3:4b,CAO4163,V,V,0.92,[],,1.3,Military Forces of Cameroon (1982-),"On 12 December 2020, the military forces shot and killed two civilians in Mkpot village, Mamfe subdivision (Manyu, Sud-Ouest).",0.7503900156006241,0.92,,,,,,
gemma3:4b,CAO14080,B,B,0.92,[],,1.31,Military Forces of Cameroon (1982-) Rapid Intervention Battalion,"On 24 July 2024, the military forces from the Rapid Intervention clashed with Boko Haram (JAS) (likely) militants in Yabogo neighborhood in Amchide (Kolofata, Mayo-Sava, Extreme-Nord). There were no fatalities.",0.7503900156006241,0.92,,,,,,
gemma3:4b,CAO13672,V,B,0.92,[],,1.34,Ambazonian Separatists (Cameroon),"On 15 April 2024, Ambazonian Separatists from the ADF abducted 4 men and 2 women at a checkpoint in Mambanda (Kumba 2, Meme, Sud-Ouest). The militants also looted 3 motorbikes. The reason for the abduction is not known.",0.7503900156006241,0.92,,,,,,
gemma3:4b,CAO3188,V,B,0.92,[],,1.35,Military Forces of Cameroon (1982-),"On 16 April 2020, military forces killed three former Ambazonian separatists in Balikumbat town (Ngo-ketunjia, Nord-Ouest).",0.7503900156006241,0.92,,,,,,
gemma3:4b,CAO8782,B,B,0.92,[],,1.33,Ambazonian Separatists (Cameroon),"On 1 July 2022, suspected Ambazonian Separatist fighters clashed with the military forces in Bambui (Tubah, Mezam, Nord-Ouest). There were no fatalities.",0.7503900156006241,0.92,,,,,,
gemma3:4b,CAO7306,B,B,0.92,[],,1.29,Military Forces of Cameroon (1982-) Rapid Intervention Battalion,"On 19 May 2023, the military forces of Kerawa (Rapid Intervention) clashed with Boko Haram (JAS) (likely) militants in Balatikse neighborhood in Mayo Moskota (Kolofata, Mayo-Sava, Extreme-Nord). 1 militant was killed while 3 soldiers seriously injured. 2 militants were captured. The military seized some equipment.",0.7503900156006241,0.92,,,,,,
gemma3:4b,CAO13551,S,B,0.92,[],,1.37,Boko Haram - Jamaatu Ahli is-Sunnah lid-Dawati wal-Jihad,"On 14 June 2024, 11 members of Boko Haram (JAS) (likely) militants surrendered to the military forces in Madakar (Mayo-Moskota, Mayo-Tsanaga, Extreme-Nord).",0.7503900156006241,0.92,,,,,,
gemma3:4b,CAO4946,V,V,0.92,[],,1.43,Ambazonian Separatists (Cameroon),"On 13 January 2021, Ambazonian separatists kidnapped a truck driver and his assistant in Bukow village, Ndop subdivision (Ngo-Ketunjia, Nord-Ouest).",0.7503900156006241,0.92,,,,,,
gemma3:4b,CAO8143,B,B,0.92,[],,1.4,Military Forces of Cameroon (1982-) Rapid Intervention Battalion,"On 14 November 2023, the military forces (Rapid Intervention) ambushed Boko Haram (JAS) (likely) militants along the Limani - Goumbouldi road, coded to Limani (Mora, Mayo-Sava, Extreme-Nord). 2 militants were killed, the militants had approached an abandoned civilian truck near where the military forces were parked and the military recovered a weapon.",0.7503900156006241,0.92,,,,,,
gemma3:4b,CAO15055,V,V,0.92,[],,1.4,Unidentified Armed Group (Cameroon),"Around 17 September 2024 (as reported), an unidentified armed group attacked and killed 1 civilian between Mora and Blabline (Kolofata, Mayo-Sava, Extreme-Nord) for an unknown reason.",0.7503900156006241,0.92,,,,,,
gemma3:4b,CAO11956,B,B,0.92,[],,1.38,Military Forces of Cameroon (1982-) Rapid Intervention Battalion,"On 25 October 2023, military forces from the Rapid Intervention Battalion engaged in an armed confrontation with Ambazonian Separatists in Ngarum (Donga-Mantung, Nord-Ouest). There were no casualties.",0.7503900156006241,0.92,,,,,,
gemma3:4b,CAO12511,V,V,0.92,[],,1.4,Military Forces of Cameroon (1982-),"On 19 July 2023, state security forces (coded as military) physically assualted 10 men, including the traditional chief and traditional council chairman, whom they had arrested in Nongomadiba (Kupe-Manenguba, Sud-Ouest), injuring them. They were targeted for not acting against Ambazonian Separatists who had buried a woman alive early in the morning (coded separately).",0.7503900156006241,0.92,,,,,,
gemma3:4b,CAO4776,S,R,0.88,[],,1.28,Military Forces of Cameroon (1982-),"Looting: Around 15 July 2020 (month of), the military forces raided Bengang village, Batibo subdivision (Momo, Nord-Ouest). They shot in the air, and then looted property.",0.22972972972972974,0.8800000000000001,,,,,,
gemma3:4b,CAO12845,V,V,0.92,[],,1.42,Ambazonian Separatists (Cameroon),"On 9 December 2021, suspected Ambazonian separatist fighters killed a Fulani pastoralist at 3 Corners near Ntumbaw (Ndu, Donga-Mantung, Nord-Ouest). In retaliation, local Fulanis set ablaze more than 15 houses, and killed a bike who transported a uniformed officer to the scene [Coded as a separate event].",0.7503900156006241,0.92,,,,,,
gemma3:4b,CAO11075,B,B,0.92,[],,1.36,Military Forces of Cameroon (1982-),"On 23 November 2023, the military forces ambushed Ambazonian Separatists from the Restoration Forces onboard a motorcycle in Konye (Konye, Meme, Sud-Ouest). The military forces members shot and injured one.",0.7503900156006241,0.92,,,,,,
gemma3:4b,CAO13652,V,V,0.92,[],,1.36,Military Forces of Cameroon (1982-) Rapid Intervention Battalion,"On 13 April 2024, state security forces, coded as the military forces from the Rapid Intervention, beat and injured a dump truck driver and 2 other civilians on the main road in Mile 15 Buea (Buea, Fako, Sud-Ouest) after the dump truck blocked the road and delayed their convoy traveling to Buea center. There were no fatalities.",0.7503900156006241,0.92,,,,,,
gemma3:4b,CAO9051,V,V,0.92,[],,1.39,Military Forces of Cameroon (1982-),"On 23 May 2022, military forces killed a man at the Finance Junction in Bamenda city (Bamenda 1, Mezam, Nord-Ouest). Locals in the early hours of the morning discovered the dead body dumped by the road.",0.7503900156006241,0.92,,,,,,
gemma3:4b,CAO10854,B,B,0.92,[],,1.42,Military Forces of Cameroon (1982-),"On 18 December 2023, the military forces attacked Ambazonian Separatists leading to a clash in Bai Panya (Kumba 1, Meme, Sud-Ouest). Two Ambazonian Separatists were killed and four others arrested.",0.7503900156006241,0.92,,,,,,
gemma3:4b,CAO8295,S,E,0.97,[],,1.36,Military Forces of Cameroon (1982-) Rapid Intervention Battalion,"Defusal: Around 27 December 2023 (as reported), the military forces (Rapid Intervention) defused an IED that was planted by an unidentified armed group on the road in Kumba (Ekondo Titi, Ndian, Sud-Ouest).",0.7503900156006241,0.9699999999999999,,,,,,
gemma3:4b,CAO10551,B,B,0.92,[],,1.47,Military Forces of Cameroon (1982-),"On 15 September 2022, state security forces, coded as military, clashed with Ambazonian Separatists around Kosala and Fiango, coded to Fiango (Meme, Sud-Ouest). Casualties unknown.",0.7503900156006241,0.92,,,,,,
gemma3:4b,CAO12982,E,E,0.97,[],,1.39,Unidentified Armed Group (Cameroon),"On 9 April 2024, an IED planted by an unidentified armed group detonated on members of self-defence militia in Tourou (Mokolo, Mayo-Tsanaga, Extreme-Nord). A self-defence militia member was killed when they stepped on an IED when it detonated.",0.7503900156006241,0.9699999999999999,,,,,,
gemma3:4b,CAO4198,V,V,0.92,[],,1.42,Ambazonian Separatists (Cameroon),"On 7 January 2021, suspected Ambazonian separatists kidnapped between 6 and 7 students in Mulang neighborhood of Bamenda town (Mezam, Nord-Ouest).",0.7503900156006241,0.92,,,,,,
gemma3:4b,CAO12441,V,B,0.92,[],,1.26,Military Forces of Cameroon (1982-),"Around 28 July 2023 (as reported), state security forces shot and killed two Ambazonian Separatists in Kumbo commune, coded to Kumbo (Bui, Nord-Ouest) whom they had captured on 28 July (coded separately).",0.7503900156006241,0.92,,,,,,
gemma3:4b,CAO14598,B,B,0.92,[],,1.55,Military Forces of Cameroon (1982-) Rapid Intervention Battalion,"On 28 August 2024, the military forces from the Rapid Intervention clashed with the Boko Haram (JAS) (likely) militants around Amchide (Kolofata, Mayo-Sava, Extreme-Nord). Casualties unknown. The militants stole a motorbike from a civilian and the military forces chased them until the militants abandoned the motorbike.",0.7503900156006241,0.92,,,,,,
gemma3:4b,CAO8757,S,R,0.88,[],,1.42,Unidentified Armed Group (Cameroon),"Looting: Around 17 March 2024 (as reported), an unidentified armed group suspected of being ISWAP or Boko Haram militants looted food items, clothing and 1 bicycle in Ganse (Kolofata, Mayo-Sava, Extreme-Nord).",0.22972972972972974,0.8800000000000001,,,,,,
gemma3:4b,CAO3886,B,B,0.92,[],,1.37,Military Forces of Cameroon (1982-),"On 17 August 2020, the military forces engaged in a fire fight with Ambazonian separatists in Makanga village, Muyuka subdivision (Fako, Sud-Ouest). 1 person was killed, and another arrested.",0.7503900156006241,0.92,,,,,,
gemma3:4b,CAO14603,V,V,0.92,[],,1.33,Ambazonian Separatists (Cameroon),"On 30 June 2024, Ambazonian Separatists beat and injured a commercial motorbike driver and abducted 4 suspected government officials in Bambui (Tubah, Mezam, Nord-Ouest). The Separatists looted the motorbike from the commercial motorbike driver and used it to transport the abducted. The motorbike was later found abandoned and recovered by the military forces.",0.7503900156006241,0.92,,,,,,
gemma3:4b,CAO13493,V,V,0.92,[],,1.37,Boko Haram - Jamaatu Ahli is-Sunnah lid-Dawati wal-Jihad,"On 20 May 2024, Boko Haram (JAS) (likely) militants slit the throat and killed a civilian between Kordo and Lelede, coded to Kordo (Kolofata, Mayo-Sava, Extreme-Nord). He had been abducted by the militants the previous day (coded as a separate event).",0.7503900156006241,0.92,,,,,,
gemma3:4b,CAO6461,B,B,0.92,[],,1.38,Ambazonian Separatists (Cameroon),"On 17 August 2022, Ambazonian separatists clashed with the Cameroonian military forces in Tinta (Akwaya, Manyu, Sud-Ouest) leading to the death of 3. Unclarity if the fatalities are of civilian or separatist fighters. The clashes also resulted in the destruction of several buildings, including a primary school. Civilians fled the fighting into the bushes.",0.7503900156006241,0.92,,,,,,
gemma3:4b,CAO13869,R,R,0.87,[],,1.32,Rioters (Cameroon),"Around 29 June 2024 (as reported), youth from Ndoumba Kanda clashed with Belabo youths, coded to Belabo (Belabo, Lom-et-Djerem, Est) during a wake for unknown reasons. Casualties unknown.",0.22972972972972974,0.8700000000000001,,,,,,
gemma3:4b,CAO4334,B,B,0.92,[],,1.4,Ambazonian Separatists (Cameroon),"On 4 February 2021, the military forces engaged in a fire fight with Ambazonian separatists in Mbalangi village (Meme, Sud-Ouest), as they tried to remove a road blockade erected by separatists in order to enforce a lockdown in the area. No fatality and/or casualty reported.",0.7503900156006241,0.92,,,,,,
gemma3:4b,CAO6445,B,B,0.92,[],,1.36,Islamic State West Africa Province (ISWAP) - Lake Chad Faction and/or Boko Haram - Jamaatu Ahli is-Sunnah lid-Dawati wal-Jihad,"On 25 September 2021, ISWAP or Boko Haram fighters ambushed the Cameroonian military camp in Sagme (Makary, Logone-et-Chari, Extreme-Nord) leading to the death of 2. The fighters stole weapons and ammunition and burnt the camp and military vehicles.",0.7503900156006241,0.92,,,,,,
gemma3:4b,CAO6236,B,B,0.92,[],,1.29,Boko Haram - Jamaatu Ahli is-Sunnah lid-Dawati wal-Jihad,"On 15 June 2022, suspected Boko Haram (JAS) (likely) clashed with Cameroonian military Forces and MNJTF in Limani (Mora, Mayo-Sava, Extreme-Nord), unknown fatalities, coded to 3.",0.7503900156006241,0.92,,,,,,
gemma3:4b,CAO7298,V,B,0.92,[],,1.37,Islamic State West Africa Province (ISWAP) and/or Boko Haram - Jamaatu Ahli is-Sunnah lid-Dawati wal-Jihad,"On 15 May 2023, ISWAP or Boko Haram militants abducted 2 herders in Zigague (Waza, Logone-et-Chari, Extreme-Nord) and stole a head of oxen. The herders and the oxen were freed when the militants spotted the security forces who had been following them.",0.7503900156006241,0.92,,,,,,
gemma3:4b,CAO12794,S,R,0.87,[],,1.34,Military Forces of Cameroon (1982-),"Property destruction: On 18 March 2022, suspected military forces burnt down 2 shops in Ndop (Ndop, Ngo-Ketunjia, Nord-Ouest) for failing to open their stores on Mondays. The Ambazonian Separatist fighters had imposed lockdown Mondays.",0.22972972972972974,0.8700000000000001,,,,,,
gemma3:4b,CAO2846,B,V,0.92,[],,1.38,Military Forces of Cameroon (1982-),"On 14 January 2020, the military forces engaged in a fire fight with Ambazonian separatists in Peng village, Tombel subdivision (Kupe-Manenguba, Sud-Ouest) [coded: Tombel]. Two civilians were killed after they were reportedly flagged as Ambazonian fighters.",0.7503900156006241,0.92,,,,,,
gemma3:4b,CAO4930,V,V,0.92,[],,1.38,Ambazonian Separatists (Cameroon),"On 21 November 2020, Ambazonian separatists kidnapped a retired military officer from his home in Mankon town, Bamenda 2 subdivision (Bamenda - Mankon, Mezam, Nord-Ouest).",0.7503900156006241,0.92,,,,,,
gemma3:4b,CAO3670,S,V,0.88,[],,1.38,Military Forces of Cameroon (1982-) Gendarmerie,"Around 14 September 2020 (as reported), the gendarmerie and police forces arrested 'over a dozen' civilians in Moloundou town (Boumba-Et-Ngoko, Est) for not having national ID cards.",0.22972972972972974,0.8800000000000001,,,,,,
gemma3:4b,CAO15919,V,V,0.92,[],,1.39,Military Forces of Cameroon (1982-) Rapid Intervention Battalion,"On 10 October 2024, the military forces from the Rapid Intervention shot and killed 7 civilians at their private residences in Mbomboko in the Buea subdivision (Buea, Fako, Sud-Ouest), mistakenly believing them to be Ambazonian Separatists.",0.7503900156006241,0.92,,,,,,
gemma3:4b,CAO13492,V,V,0.92,[],,1.36,Boko Haram - Jamaatu Ahli is-Sunnah lid-Dawati wal-Jihad,"On 20 May 2024, Boko Haram (JAS) (likely) militants attacked and killed a civilian along the Limani - Mora road, coded to Limani (Mora, Mayo-Sava, Extreme-Nord).",0.7503900156006241,0.92,,,,,,
gemma3:4b,CAO9846,S,R,0.87,[],,1.31,Ambazonian Separatists (Cameroon),"Looting: On 25 November 2022, Ambazonian Separatists abducted the body of a deceased person in Kai, Mbengwi commune, coded to Mbengwi (Momo, Nord-Ouest). The group accused the family of the deceased of not supporting the struggle against the military. They later released the dead body after the family had paid an unspecified amount of money.",0.22972972972972974,0.8700000000000001,,,,,,
gemma3:4b,CAO9206,V,V,0.92,[],,1.41,Military Forces of Cameroon (1982-),"On 11 March 2023, state security forces coded as military forces shot and wounded two civilians at Ashing, coded to Oku (Boyo, Nord-Ouest) after they shot into the air as they approached a spot where Ambazonian Separatists launched attacks from. The victims were hit by stray bullets and hospitalized.",0.7503900156006241,0.92,,,,,,
gemma3:4b,CAO3384,B,B,0.92,[],,1.41,Military Forces of Cameroon (1982-),"On 14 June 2020, the military forces engaged in fire fights with Ambazonian separatists in Bamenda town (Mezam, Nord-Ouest). No fatality and/or casualty reported.",0.7503900156006241,0.92,,,,,,
gemma3:4b,CAO3727,S,V,0.92,[],,1.37,Military Forces of Cameroon (1982-),"On 1 October 2020, the military forces destroyed buildings in Akum town (Mezam, Nord-Ouest), in retaliation for writings on a vehicle that supported the separatists. No fatality and/or casualty reported.",0.7503900156006241,0.92,,,,,,
gemma3:4b,CAO11453,S,V,0.92,[],,1.4,Military Forces of Cameroon (1982-),"Other: On 5 July 2023, state security forces, coded as military forces, fired warning shots into the air at their base in Waindo, coded to Wum (Menchum, Nord-Ouest) after they received news that their colleague was murdered by Ambazonian Separatists at Belo.",0.7503900156006241,0.92,,,,,,
gemma3:4b,CAO3758,V,V,0.92,[],,1.42,Ambazonian Separatists (Cameroon),"Around 11 October 2020 (as reported), Ambazonian separatists kidnapped 3 Mbororo ethnic men in Ngarbuh village, near Nkambe (Donga-Mantung, Nord-Ouest). They are suspected to be involved in the killing of a separatist fighter on October 10.",0.7503900156006241,0.92,,,,,,
gemma3:4b,CAO13380,B,B,0.92,[],,1.43,Military Forces of Cameroon (1982-),"On 4 April 2024, the security forces, coded as the military forces shot and killed an unknown Separatist commander at the market in Agyati (Bafut, Mezam, Nord-Ouest). The Separatist tried to escape leading to the military forces shooting him. He died of his injuries.",0.7503900156006241,0.92,,,,,,
gemma3:4b,CAO4585,V,E,0.97,[],,1.41,Islamic State West Africa Province (ISWAP) - Lake Chad Faction and/or Boko Haram - Jamaatu Ahli is-Sunnah lid-Dawati wal-Jihad,"On 26 April 2021, suspected Boko Haram fighters attacked Takoudele village, Kourgui town, Mora subdivision (Mayo-Sava, Extreme-Nord). They kidnapped a young girl, and took away goods. No fatality and/or casualty reported.",0.7503900156006241,0.9699999999999999,,,,,,
gemma3:4b,CAO10717,B,B,0.92,[],,1.39,Ambazonian Separatists (Cameroon),"On 25 May 2023, Ambazonian Separatists and state security forces, coded as military forces, engaged in an armed clash at Melim (Bui, Nord-Ouest) after the separatists detonated an IED which partially destroyed one of the security forces' vehicles. Casualties are unknown.",0.7503900156006241,0.92,,,,,,
gemma3:4b,CAO4525,B,V,0.92,[],,1.38,Islamic State West Africa Province (ISWAP) - Lake Chad Faction and/or Boko Haram - Jamaatu Ahli is-Sunnah lid-Dawati wal-Jihad,"On 4 April 2021, Boko Haram fighters attacked and tortured a group of local vigilance militiamen in Mahoula village, Mora subdivision (Mayo-Sava, Extreme-Nord), killing two of them.",0.7503900156006241,0.92,,,,,,
gemma3:4b,CAO10405,B,B,0.92,[],,1.34,Military Forces of Cameroon (1982-),"On 8 April 2023, the State security forces, coded as the military force, clashed with the Ambazonian Separatists in Batibo (Batibo, Momo, Nord-Ouest). There were no fatalities. During the operation, the military forces arrested about 30 civilians from several villages and moved them to their base.",0.7503900156006241,0.92,,,,,,
gemma3:4b,CAO10613,S,R,0.87,[],,1.37,Ambazonian Separatists (Cameroon),"Looting: On 10 May 2023, Ambazonian Separatists from the Restoration Forces extorted money amounting to 200,000 FCFA from a civilian whom they imposed as the new traditional chief in Makwe, Upper Bayang commune, coded to Tinto (Manyu, Sud-Ouest). They also forced the civilians to buy a motorcycle for the man to 'support his reign.' The legal leader fled to Mamfe when the Separatists demanded 500,000 FCFA from him.",0.22972972972972974,0.8700000000000001,,,,,,
gemma3:4b,CAO4669,V,V,0.92,[],,1.35,Military Forces of Cameroon (1982-),"Around 15 May 2020 (month of), the military forces raided Njembo village, Mbengwi town, Mbeggwi subdivision (Momo, Nord-Ouest), killing one person.",0.7503900156006241,0.92,,,,,,
gemma3:4b,CAO4298,B,V,0.92,[],,1.33,Military Forces of Cameroon (1982-),"On 23 January 2021, the military forces engaged in fire fights with Ambazonian separatists in Mulang and Meta neighborhood of Bamenda town, Bamenda 2 subdivision (Mezam, Nord-Ouest). Four civilians were killed, reportedly by the military forces.",0.7503900156006241,0.92,,,,,,
gemma3:4b,CAO8775,E,E,0.97,[],,1.3,Unidentified Armed Group (Cameroon),"On 17 March 2024, an IED planted by an unidentified armed group detonated on military forces along the Zeleved - Dzamadzaf road, coded to Zelevet (Mayo-Moskota, Mayo-Tsanaga, Extreme-Nord). There were no fatalities and 2 militants were injured.",0.7503900156006241,0.9699999999999999,,,,,,
gemma3:4b,CAO14650,V,V,0.92,[],,1.4,Unidentified Armed Group (Cameroon),"On 24 August 2024, an unidentified armed group shot and injured 1 plantation owner who tried to flee an abduction in Sirbia (Touboro, Mayo-Rey, Nord). The plantation owner escaped. 2 other civilians were abducted. The reason for the abduction is not known.",0.7503900156006241,0.92,,,,,,
gemma3:4b,CAO9309,V,V,0.92,[],,1.32,Ambazonian Separatists (Cameroon),"On 13 February 2023, Ambazonian Separatists shot a male motorbike rider in his legs near Azire New Church in Bamenda (Mezam, Nord-Ouest) before taking his bike away. He was accused of violating the Monday ghost town. No information on the status of the victim.",0.7503900156006241,0.92,,,,,,
gemma3:4b,CAO14584,S,R,0.88,[],,1.25,Boko Haram - Jamaatu Ahli is-Sunnah lid-Dawati wal-Jihad,"Looting: On 21 August 2024, Boko Haram (JAS) (likely) militants looted 1 motorbike and goods along the Amchide - Ganse road in Guederou (Kolofata, Mayo-Sava, Extreme-Nord).",0.22972972972972974,0.8800000000000001,,,,,,
gemma3:4b,CAO7763,S,S,0.92,[],,1.37,Military Forces of Cameroon (1982-) Gendarmerie,"On 3 September 2023, the gendarmerie arrested a suspected former ISWAP or Boko Haram militant leader in Banki (Menoua, Ouest).",0.7503900156006241,0.92,,,,,,
gemma3:4b,CAO7437,V,V,0.92,[],,1.36,Military Forces of Cameroon (1982-),"On 25 June 2023, the military forces attacked civilians in Kumba (Ekondo Titi, Ndian, Sud-Ouest). 1 civilian was killed. The victim had challenged a gendarmerie officer to lawfully present a warrant authorizing him to arrest another civilian when the officer shot him at close range in the chest and the other civilian was injured.",0.7503900156006241,0.92,,,,,,
gemma3:4b,CAO9421,S,V,0.92,[],,1.27,Military Forces of Cameroon (1982-),"Other: On 15 September 2022, the military forces fired gunshots under unclear circumstances at GRA quarter in Mbengwi (Momo, Nord-Ouest).",0.7503900156006241,0.92,,,,,,
gemma3:4b,CAO6502,S,V,0.88,[],,1.41,Boko Haram - Jamaatu Ahli is-Sunnah lid-Dawati wal-Jihad,"Looting: On 24 August 2022, Boko Haram (JAS) (likely) fighters entered Madakar (Mayo-Moskota, Mayo-Tsanaga, Extreme-Nord) and stole 22 livestock. The Cameroonian military forces returned 175 livestock to their owners.",0.22972972972972974,0.8800000000000001,,,,,,
gemma3:4b,CAO15428,V,V,0.92,[],,1.39,Military Forces of Cameroon (1982-),"On 25 August 2024, security forces, coded as the military forces, beat and injured a group of 15 civilians along the main road in Ashing (Belo, Boyo, Nord-Ouest) accusing them of leaving a bag they suspected of carrying items used to manufacture IEDs near the military minor base.",0.7503900156006241,0.92,,,,,,
gemma3:4b,CAO8495,B,B,0.92,[],,1.39,Military Forces of Cameroon (1982-) Rapid Intervention Battalion,"On 6 February 2024, the military forces (Rapid Intervention) and the gendarmerie fired warning shots in the air at the outpost in Fotokol (Fotokol, Logone-et-Chari, Extreme-Nord) to drive back suspected ISWAP or Boko Haram militants. There were no fatalities.",0.7503900156006241,0.92,,,,,,
gemma3:4b,CAO13440,B,B,0.92,[],,1.34,Ambazonian Separatists (Cameroon),"Around 13 May 2024 (as reported), Ambazonian Separatists ambushed patrolling gendarmerie forces along the Ayukaba and Eyangchang villages, coded to Ayukaba (Mamfe, Manyu, Sud-Ouest). The brigade commander and 4 gendarmerie officers were killed. The Separatists looted their weapons and ammunition and burnt the victim's bodies.",0.7503900156006241,0.92,,,,,,
gemma3:4b,CAO3624,V,E,0.97,[],,1.39,Islamic State West Africa Province (ISWAP) - Lake Chad Faction and/or Boko Haram - Jamaatu Ahli is-Sunnah lid-Dawati wal-Jihad,"Around 30 August 2020 (as reported), Boko Haram attacked Makoulahe village, in Mora subdivision (Mayo-Sava, Extreme-Nord). They looted houses and injured 2 women.",0.7503900156006241,0.9699999999999999,,,,,,
gemma3:4b,CAO11112,S,R,0.88,[],,1.39,Ambazonian Separatists (Cameroon),"Looting: On 2 February 2024, Ambazonian Separatists extorted money and food items from business persons at the market square in Lassin (Noni, Bui, Nord-Ouest).",0.22972972972972974,0.8800000000000001,,,,,,
gemma3:4b,CAO7600,R,R,0.88,[],,1.36,Rioters (Cameroon),"On 26 August 2023, a mob attacked thieves who had killed an elderly woman while robbing her in Brazzaville neighbourhood, in the outskirts of Douala (Douala 1, Wouri, Littoral). Two managed to escape while a third was beaten to death.",0.22972972972972974,0.8800000000000001,,,,,,
gemma3:4b,CAO3498,V,V,0.92,[],,1.36,Military Forces of Cameroon (1982-),"On 21 July 2020, military forces opened fire around a food market in Bamenda town (Mezam, Nord-Ouest). One person was reportedly killed and property destroyed.",0.7503900156006241,0.92,,,,,,
gemma3:4b,CAO4080,B,B,0.92,[],,1.35,Military Forces of Cameroon (1982-),"On 1 December 2020, the military forces repelled an attack of Boko Haram in Boudoua village, Mora subdivision (Mayo-Sava, Extreme-Nord). One Boko Haram fighter was killed, and several others injured. The military seized two motorbikes.",0.7503900156006241,0.92,,,,,,
gemma3:4b,CAO14355,V,V,0.92,[],,1.34,Ambazonian Separatists (Cameroon),"On 8 May 2024, Ambazonian Separatists abducted a ship owner alongside two skippers after intercepting 2 ships in the Cameroon-Nigeria waterway in Mabeta (Limbe 3, Fako, Sud-Ouest). The militants later released the men after they paid the sum of approximately 700,000 Franc CFA.",0.7503900156006241,0.92,,,,,,
gemma3:4b,CAO11427,B,B,0.92,[],,1.36,Military Forces of Cameroon (1982-),"On 10 January 2024, military forces, disguised as civilians, engaged in gunbattle with Ambazonian Separatists from the Restoration Forces in Yoke (Muyuka, Fako, Sud-Ouest). They freed two civilians held captive by the Ambazonian Separatists. No casualties.",0.7503900156006241,0.92,,,,,,
gemma3:4b,CAO11069,V,V,0.92,[],,1.43,Ambazonian Separatists (Cameroon),"On 15 December 2023, Ambazonian Separatists kidnapped an employee of the Mbonge municipal council in Kombone (Kumba 1, Meme, Sud-Ouest). They accused him of working closely with the Mayor of the municipality, who is seen as a security forces collaborator.",0.7503900156006241,0.92,,,,,,
gemma3:4b,CAO4139,V,V,0.92,[],,1.37,Military Forces of Cameroon (1982-),"On 8 November 2020, the military forces raided Luh village, in Ndu subdivision (Donga-Mantung, Nord-Ouest), killing two civilians including a driver and a bike taxi driver.",0.7503900156006241,0.92,,,,,,
gemma3:4b,CAO2894,R,R,0.88,[],,1.33,Rioters (Cameroon),"On 26 January 2020, one young man was burnt to death in Bamenda town (Mezam, Nord-Ouest), for allegedly trying to steal a motorcycle.",0.22972972972972974,0.8800000000000001,,,,,,
gemma3:4b,CAO8266,B,B,0.92,[],,1.41,Boko Haram - Jamaatu Ahli is-Sunnah lid-Dawati wal-Jihad,"On 18 December 2023, Boko Haram militants [JAS faction] ambushed military forces in Moundou, in the Double-Limani area, coded to Limani (Mora, Mayo-Sava, Extreme-Nord). 2 soldiers were killed and 2 others were wounded. The militants stole 2 motorbikes and the rifles from the killed soldiers.",0.7503900156006241,0.92,,,,,,
gemma3:4b,CAO6765,V,V,0.92,[],,1.38,Ambazonian Separatists (Cameroon),"On 24 November 2022, Ambazonian Separatists killed a public transport driver and a passenger in Awing (Santa, Mezam, Nord-Ouest). They set ablaze the driver's vehicle and abducted two other civilian passengers. The fighters left a note on the body of the killed driver on which it was written that he was collaborating with the military and warned any other person who may be collaborating with them. The rest of the civilians were allowed to go. Residents claim the attack was carried out by the Cameroonian military.",0.7503900156006241,0.92,,,,,,
gemma3:4b,CAO14747,S,B,0.92,[],,1.38,Military Forces of Cameroon (1982-),"On 6 July 2024, the security forces, coded as the military forces, arrested 39 men and 11 women from their private residences in Marumba I (Kumba 1, Meme, Sud-Ouest) during a search operation to dislodge Ambazonian Separatists in the area.",0.7503900156006241,0.92,,,,,,
gemma3:4b,CAO10353,B,B,0.92,[],,1.37,Military Forces of Cameroon (1982-),"On 19 April 2023, state security forces (coded as military) engaged in an armed confrontation with Ambazonian Separatists in Bamenda - Mankon (Mezam, Nord-Ouest). 4 Separatists were killed, and one soldier was severely wounded. Some ammunition was recovered.",0.7503900156006241,0.92,,,,,,
gemma3:4b,CAO10413,S,V,0.92,[],,1.38,Military Forces of Cameroon (1982-),"Property destruction: On 6 April 2023, State security forces (Air Force), coded as the military forces, burned down 7 civilian houses in Maghow, coded to Akwaya (Akwaya,Manyu,Sud-Ouest). The Separatists also stole food items, money and other valuables. The houses were suspected of housing Separatists.",0.7503900156006241,0.92,,,,,,
gemma3:4b,CAO3901,S,R,0.87,[],,1.32,Military Forces of Cameroon (1982-),"On 17 September 2020, the security forces (assumed Military Forces) arrested 'scores' of civilians during a raid in Bakweri town (Fako, Sud-Ouest).",0.22972972972972974,0.8700000000000001,,,,,,
gemma3:4b,CAO13626,B,B,0.92,[],,1.44,Boko Haram - Jamaatu Ahli is-Sunnah lid-Dawati wal-Jihad,"On 14 June 2024, Boko Haram (JAS) (likely) militants clashed with the Gendarmerie forces in Tourou (Mokolo, Mayo-Tsanaga, Extreme-Nord). 1 soldier was killed. 4 motorbikes and an ambulance were burnt and several materials looted.",0.7503900156006241,0.92,,,,,,
gemma3:4b,CAO5613,R,V,0.92,[],,1.34,Rioters (Cameroon),"On 19 October 2021, a traditional leader and his supporters tortured a pregnant woman and her children and paraded them on the streets of Buea town (Fako, Sud-Ouest) for being the ex-girlfriend of an Ambazonian separatist commander.",0.7503900156006241,0.92,,,,,,
gemma3:4b,CAO8174,R,R,0.92,[],,1.41,Rioters (Cameroon),"On 3 December 2023, a mob killed a suspect who was accused of killing two people with knives in Obala (Obala, Lekie, Centre). The victim was burnt alive by the mob.",0.7503900156006241,0.92,,,,,,
gemma3:4b,CAO13505,S,R,0.88,[],,1.31,Ambazonian Separatists (Cameroon),"Looting: On 10 April 2024, Ambazonian Separatists from the Restoration Forces faction extorted money from commercial motorbike riders and their passengers in Bulu Camp (Mundemba, Ndian, Sud-Ouest) on their way to the market and farms.",0.22972972972972974,0.8800000000000001,,,,,,
gemma3:4b,CAO3090,B,B,0.92,[],,1.33,Ambazonian Separatists (Cameroon),"On 12 March 2020, two groups of Ambazonian separatists clashed in their camp in Vikovi village, near Kikaikom, in Kumbo subdivision (Bui, Nord-Ouest), resulting in 5 deaths.",0.7503900156006241,0.92,,,,,,
gemma3:4b,CAO6193,B,B,0.92,[],,1.27,Military Forces of Cameroon (1982-),"On 21 June 2022, Cameroonian military forces clashed with Ambazonia separatist in Essu (Fungom, Menchum, Nord-Ouest) leading to the death of 1 separatist and 1 civilian was injured. She was taking to the hospital for treatment.",0.7503900156006241,0.92,,,,,,
gemma3:4b,CAO4023,V,V,0.92,[],,1.38,Islamic State West Africa Province (ISWAP) - Lake Chad Faction and/or Boko Haram - Jamaatu Ahli is-Sunnah lid-Dawati wal-Jihad,"On 18 November 2020, Boko Haram shot and killed a traditional chief and 3 of his children (total of 4 fatalities) in Satomi village, around Mora (Mayo-Sava, Extreme-Nord).",0.7503900156006241,0.92,,,,,,
gemma3:4b,CAO4443,B,B,0.92,[],,1.31,MNJTF: Multinational Joint Task Force,"On 4 March 2021, the MNJTF military forces repelled an attack of Boko Haram in Gouzoudou village (Mayo-Sava, Extreme-Nord). No fatality and/or casualty reported.",0.7503900156006241,0.92,,,,,,
gemma3:4b,CAO10147,B,B,0.92,[],,1.39,Military Forces of Cameroon (1982-),"On 3 January 2023, state security forces (coded as military) captured and arrested 1 Ambazonian Separatist in Adiemukong, Bafut commune, coded to Bafut (Mezam, Nord-Ouest). Gunshots could be heard, no casualties. It is unclear if the gunshots were an armed confrontation between the two.",0.7503900156006241,0.92,,,,,,
gemma3:4b,CAO7973,S,R,0.82,[],,1.41,Islamic State West Africa Province (ISWAP) and/or Boko Haram - Jamaatu Ahli is-Sunnah lid-Dawati wal-Jihad,"Looting: On 18 October 2023, ISWAP or Boko Haram militants demanded money and food items from fishermen in the Tsoukiya zone around Darak (Darak, Logone-et-Chari, Extreme-Nord) as taxes for fishing rights. The militants also searched the fishermen for mobile phones and any person from Darak. Finding neither the militants retreated toward Nigeria.",0.1818181818181818,0.8200000000000001,,,,,,
gemma3:4b,CAO9827,V,V,0.92,[],,1.38,Military Forces of Cameroon (1982-),"On 7 January 2023, the state security forces, coded as the military forces shot and killed a masquerade in Bambui (Tubah, Mezam, Nord-Ouest) accusing him of being an Ambazonian Separatists.",0.7503900156006241,0.92,,,,,,
gemma3:4b,CAO7395,B,B,0.92,[],,1.3,Military Forces of Cameroon (1982-) Rapid Intervention Battalion,"On 23 June 2023, the military forces (Rapid Intervention) ambushed Boko Haram (JAS) (likely) militants in Ganse (Kolofata, Mayo-Sava, Extreme-Nord). 1 militant was killed and various items recovered by the military forces.",0.7503900156006241,0.92,,,,,,
gemma3:4b,CAO6147,V,R,0.87,[],,1.36,Ambazonian Separatists (Cameroon),"On 1 June 2022, Ambazonia separatists abducted 9 commercial bike riders near Fundong (Njinikom, Boyo, Nord-Ouest) after they had participated in the 20th May celebration despite the ban imposed by the Separatists. The Separatists also burnt their motorbikes.",0.22972972972972974,0.8700000000000001,,,,,,
gemma3:4b,CAO16029,V,V,0.92,[],,1.36,Ambazonian Separatists (Cameroon),"On 22 October 2024, Ambazonian Separatists abducted a male civilian from his private residences in Bamenda - Nkwen (Bamenda 3, Mezam, Nord-Ouest) for an unknown reason.",0.7503900156006241,0.92,,,,,,
gemma3:4b,CAO11761,B,B,0.92,[],,1.32,Military Forces of Cameroon (1982-),"On 16 July 2023, state security forces (coded as military) engaged in an armed confrontation with Ambazonian Separatists in Agyati (Mezam, Nord-Ouest). No casualties.",0.7503900156006241,0.92,,,,,,
gemma3:4b,CAO11220,B,B,0.92,[],,1.37,Military Forces of Cameroon (1982-),"On 8 November 2023, the military forces attacked Ambazonian Separatists from the Restoration Forces during an operation in Mfuni (Mamfe, Manyu, Sud-Ouest). The military forces shot and killed one, while several others sustained life-threatening injuries.",0.7503900156006241,0.92,,,,,,
gemma3:4b,CAO3650,R,R,0.87,[],,1.41,Rioters (Cameroon),"On 5 September 2020, residents beat one woman to death in Yokosire village (Lom-Et-Djerem, Est) after she was accused of attempting to use witchcraft against her co-wife.",0.22972972972972974,0.8700000000000001,,,,,,
gemma3:4b,CAO12120,V,V,0.92,[],,1.37,Military Forces of Cameroon (1982-),"On 13 August 2023, state security forces, coded as military forces, shot and killed a suspected Ambazonian Separatist in Nkundu quarter in Njenka (Balikumbat, Ngo-Ketunjia, Nord-Ouest) and left his body by the road. He had been arrested earlier from his private residence after a tip-off.",0.7503900156006241,0.92,,,,,,
gemma3:4b,CAO13210,B,B,0.92,[],,1.26,Military Forces of Cameroon (1982-),"On 23 March 2024, state security forces, coded as the military forces, fired several warning gunshots to dislodge and dismantle an Ambazonian Separatist illegal checkpoint in Bobong (Njinikom, Boyo, Nord-Ouest). There were no fatalities or injuries.",0.7503900156006241,0.92,,,,,,
gemma3:4b,CAO10312,S,R,0.86,[],,1.36,Ambazonian Separatists (Cameroon),"Property destruction: On 28 April 2023, Ambazonian Separatists Restoration forces burned a vehicle belonging to an unnamed road construction company working along the Kumba -Mundemba road axis in Dibonda (Toko, Ndian, Sud-Ouest). The burning was an attempt by the perpetrators to enforce the ban on any government sponsored projects especially reconstruction projects the perpetrators had declared.",0.1818181818181818,0.86,,,,,,
gemma3:4b,CAO4521,V,B,0.92,[],,1.31,Islamic State West Africa Province (ISWAP) - Lake Chad Faction and/or Boko Haram - Jamaatu Ahli is-Sunnah lid-Dawati wal-Jihad,"On 3 April 2021, Boko Haram fighters nightly attacked Goudjimdele village, Mora subdivision (Mayo-Sava, Extreme-Nord), killing 2 people.",0.7503900156006241,0.92,,,,,,
gemma3:4b,CAO8337,V,B,0.92,[],,1.35,Boko Haram - Jamaatu Ahli is-Sunnah lid-Dawati wal-Jihad,"Around 30 December 2023 (as reported), Boko Haram (JAS) (likely) militants attacked Soukoule, coded to Mora (Mora, Mayo-Sava, Extreme-Nord). 1 civilian was killed and 3 motorbikes were taken away.",0.7503900156006241,0.92,,,,,,
gemma3:4b,CAO9705,V,V,0.92,[],,1.32,Military Forces of Cameroon (1982-),"On 23 June 2022, military forces shot and killed two male civilians in Ekombe Bonji (Kumba 1, Meme, Sud-Ouest).",0.7503900156006241,0.92,,,,,,
gemma3:4b,CAO13243,S,R,0.88,[],,1.36,Boko Haram - Jamaatu Ahli is-Sunnah lid-Dawati wal-Jihad,"Looting: On 26 April 2024, ISWAP or Boko Haram militants looted some 150 oxen and cows in a grazing area in Dougza (Kolofata, Mayo-Sava, Extreme-Nord).",0.22972972972972974,0.8800000000000001,,,,,,
gemma3:4b,CAO6787,S,R,0.87,[],,1.42,Boko Haram - Jamaatu Ahli is-Sunnah lid-Dawati wal-Jihad,"Looting: On 4 December 2022, Boko Haram [JAS] looted farmers in Amchide (Kolofata, Mayo-Sava, Extreme-Nord) stealing 2 motorbikes and 1 bicycle.",0.22972972972972974,0.8700000000000001,,,,,,
gemma3:4b,CAO4545,B,B,0.92,[],,1.49,Military Forces of Cameroon (1982-),"On 12 April 2021, the military forces repelled a nightly attack of Boko Haram fighters in Djanpala village, assumedly in Mora subdivision (Mayo-Sava, Extreme-Nord). One assailant was killed, and foodstuffs retrieved.",0.7503900156006241,0.92,,,,,,
gemma3:4b,CAO3621,P,P,0.92,[],,1.27,Protesters (Cameroon),"On 28 August 2020, women of the SUFC movement demonstrated in the Nord-ouest region, around Bamenda town (Mezam, Nord-Ouest), calling for a ceasefire in the North West and South West regions.",0.7503900156006241,0.92,,,,,,
gemma3:4b,CAO6152,B,B,0.92,[],,1.3,Military Forces of Cameroon (1982-),"On 10 June 2022, Cameroonian military forces exchanged gunshots with suspected separatists and killed 2 civilians in Belo (Tubah, Mezam, Nord-Ouest). Unclear why the military was targeting civilians.",0.7503900156006241,0.92,,,,,,
gemma3:4b,CAO6296,P,P,0.87,[],,1.42,Protesters (Cameroon),"Around 15 July 2022, residents of Koza and Gaboua protested in front of the sub-prefecture of Koza in Koza (Koza, Mayo-Tsanaga, Extreme-Nord) after a Boko Haram attack. They protested against the lack of security measures in the community.",0.22972972972972974,0.8700000000000001,,,,,,
gemma3:4b,CAO4239,B,B,0.92,[],,1.31,Military Forces of Cameroon (1982-),"On 24 December 2020, the military forces repelled an attack of Boko Haram in Makoulahe village, Mora subdivision (Mayo-Sava, Extreme-Nord), killing one assailant.",0.7503900156006241,0.92,,,,,,
gemma3:4b,CAO6523,B,B,0.92,[],,1.4,Boko Haram - Jamaatu Ahli is-Sunnah lid-Dawati wal-Jihad,"On 12 September 2022, Boko Haram (JAS) fighters ambushed the Cameroonian military forces on the Limani - Mora Road, coded to Limani (Mora, Mayo-Sava, Extreme-Nord). Unknown fatalities or injuries but 4 motorbikes, mobile phones and a luggage were stolen by the assailants.",0.7503900156006241,0.92,,,,,,
gemma3:4b,CAO5844,B,B,0.92,[],,1.33,Military Forces of Cameroon (1982-),"On 25 January 2022, the military intercepted Ambazonian separatists and engaged in fire fights with them in Bamenyam town, Penka-Michel subdivision (Menoua, Ouest). At least one soldier was killed and several others injured.",0.7503900156006241,0.92,,,,,,
gemma3:4b,CAO9976,S,E,0.97,[],,1.44,Military Forces of Cameroon (1982-),"Defusal: On 1 October 2021, state forces, coded as military, defused an IED planted by Ambazonian Separatists in Oku (Bui, Nord-Ouest).",0.7503900156006241,0.9699999999999999,,,,,,
gemma3:4b,CAO12429,B,B,0.92,[],,1.41,Ambazonian Separatists (Cameroon),"On 28 July 2023, Ambazonian Separatists exchanged fire with other Ambazonian Separatists in Bali (Mezam, Nord-Ouest) in a dispute over money extorted from civilians. Two Ambazonian Separatists were killed and their bodies were abandoned in the forest.",0.7503900156006241,0.92,,,,,,
gemma3:4b,CAO12201,S,R,0.82,[],,1.31,Ambazonian Separatists (Cameroon),"Other: On 11 August 2023, Ambazonian Separatists fired gunshots in the air and rounded up civilians in Ikiliwindi Mile 10 (Meme, Sud-Ouest). They accused the population of collaborating with state security forces and threatened to kill anyone who collaborated with them.",0.1818181818181818,0.8200000000000001,,,,,,
gemma3:4b,CAO6363,B,B,0.92,[],,1.34,Military Forces of Cameroon (1982-),"Around 7 August 2022, the Cameroonian military forces clashed with Boko Haram (JAS) (likely) fighters in Mora (Mora, Mayo-Sava, Extreme-Nord) killing many. The military also recovered weapons including 2 Kalashnikov rifles.",0.7503900156006241,0.92,,,,,,
gemma3:4b,CAO7132,B,B,0.92,[],,1.44,Islamic State West Africa Province (ISWAP) and/or Boko Haram - Jamaatu Ahli is-Sunnah lid-Dawati wal-Jihad,"Around 5 March 2023, suspected ISWAP or Boko Haram fighters clashed with the Cameroonian military forces in Marouare, coded to Ngaoundere (Ngaoundere 1, Vina, Adamaoua). 2 fighters were killed while 2 civilians were wounded.",0.7503900156006241,0.92,,,,,,
gemma3:4b,CAO4190,V,V,0.92,[],,1.41,Ambazonian Separatists (Cameroon),"On 4 January 2021, Ambazonian separatists burnt a transport truck, killed the driver and reportedly injured his assistant in Ewili village, around Buea (Fako, Sud-Ouest). They accused the victims of not respecting their stop order.",0.7503900156006241,0.92,,,,,,
gemma3:4b,CAO13670,V,V,0.92,[],,1.34,Military Forces of Cameroon (1982-) Rapid Intervention Battalion,"On 15 April 2024, state security forces, coded as the military forces from the Rapid Intervention, beat and arrested 2 civilian from the road in Bonganjo (Buea, Fako, Sud-Ouest). There were no fatalities.",0.7503900156006241,0.92,,,,,,
gemma3:4b,CAO8729,V,B,0.92,[],,1.29,Ambazonian Separatists (Cameroon),"On 10 February 2024, Ambazonian Separatists from the Fako Mountain Lions faction fired several shots as a warning to enforce the Separatist-imposed lockdown in Bokova (Buea, Fako, Sud-Ouest) against the Youth Day celebration. There were no fatalities.",0.7503900156006241,0.92,,,,,,
gemma3:4b,CAO10745,B,E,0.97,[],,1.27,Ambazonian Separatists (Cameroon),"On 2 June 2023, Ambazonian Separatists detonated an IED targeting a state security forces convoy (coded as military) in Bufi (Menchum, Nord-Ouest). The explosion missed the target, but the soldiers stopped and fired gunshots in the area which caused civilians to flee.",0.7503900156006241,0.9699999999999999,,,,,,
gemma3:4b,CAO2881,V,V,0.95,[],,1.34,Military Forces of Cameroon (1982-),"On 23 January 2020, the military forces attacked the villages of Bekora Barombi, Ndoh, Njima, Mokono Barombi and Mberenge, in Ekondo Titi subdivision (Ndian, Sud-Ouest). They reportedly killed at least 14 civilians, and injured at least 3 people including a humanitarian worker and two beneficiaries of a humanitarian project.",0.7503900156006241,0.9499999999999998,,,,,,
gemma3:4b,CAO12755,R,V,0.92,[],,1.35,Rioters (Cameroon),"On 4 April 2022, residents killed 1 Ambazonian Separatist fighter in Mbengwi (Mbengwi, Momo, Nord-Ouest) because of the atrocities committed by the separatists in their community.",0.7503900156006241,0.92,,,,,,
gemma3:4b,CAO11779,V,V,0.92,[],,1.38,Military Forces of Cameroon (1982-),"On 14 May 2022, state security forces, coded as military, killed a female civilian in Tobin (Bui, Nord-Ouest). The women who approached the military base and was mistaken to be an intruder.",0.7503900156006241,0.92,,,,,,
gemma3:4b,CAO10497,V,V,0.92,[],,1.36,Military Forces of Cameroon (1982-),"On 16 March 2023, state security forces (coded as military) fired shots at a vehicle, injuring some civilians, at a vehicular checkpoint in Ntarinkon (Bamenda - Mankon, Mezam, Nord-Ouest) after the driver failed to stop.",0.7503900156006241,0.92,,,,,,
gemma3:4b,CAO5725,V,V,0.96,[],,1.34,Military Forces of Cameroon (1982-),"On 27 October 2021, the military forces alongside Fulani militiamen attacked and killed a 15 year old boy in Ngarbuh village, near Ntamruh, Ndu subdivision (Donga-Mantung, Nord-Ouest). He was accused of collaborating with Ambazonian separatists fighters.",0.7503900156006241,0.96,,,,,,
gemma3:4b,CAO6214,S,R,0.88,[],,1.36,Boko Haram - Jamaatu Ahli is-Sunnah lid-Dawati wal-Jihad,"Property destruction: Around 20 June 2022, Boko Haram (JAS) (likely) burnt houses and looted items in Djakana village, around Limani (Limani, Mayo-Sava, Extreme-Nord), including 4 bicycles.",0.22972972972972974,0.8800000000000001,,,,,,
gemma3:4b,CAO12645,B,V,0.92,[],,1.41,Military Forces of Cameroon (1982-),"On 15 January 2022, Ambazonian separatists and the military engaged in an armed clash at Total gas station in Bamunka near Bamenda (Bamenda 1, Mezam, Nord-Ouest). Three civilians were killed in the crossfire.",0.7503900156006241,0.92,,,,,,
gemma3:4b,CAO3193,B,B,0.92,[],,1.38,Military Forces of Cameroon (1982-) Rapid Intervention Battalion,"On 18 April 2020, the military's rapid intervention battalion engaged in a fire fight with Ambazonian separatists in Oku village, Belo subdivision (Boyo, Nord-Ouest). Some separatists were killed. Some fatalities coded as 3.",0.7503900156006241,0.92,,,,,,
gemma3:4b,CAO3287,V,B,0.92,[],,1.35,Islamic State West Africa Province (ISWAP) - Lake Chad Faction and/or Boko Haram - Jamaatu Ahli is-Sunnah lid-Dawati wal-Jihad,"On 18 May 2020, Boko Haram attacked the village of Tolkomari, Kolofata subdivision (Mayo-Sava, Extreme-Nord). No fatality and/or casualty reported.",0.7503900156006241,0.92,,,,,,
gemma3:4b,CAO8924,B,B,0.92,[],,1.35,Military Forces of Cameroon (1982-),"On 29 May 2022, the military forces in a joint operation with the self-defense militia (COVI) ambushed Ambazonian Separatist fighter at a checkpoint in Ngarum (Ndu, Donga-Mantung, Nord-Ouest). 1 separatist was killed.",0.7503900156006241,0.92,,,,,,
gemma3:4b,CAO2836,V,B,0.92,[],,1.39,Military Forces of Cameroon (1982-),"On 13 January 2020, the military forces attacked Kumbo town, in Jakiri subdivision (Bui, Nord-Ouest). They reportedly killed one person, and burnt over 8 houses in several areas of the town.",0.7503900156006241,0.92,,,,,,
gemma3:4b,CAO10508,B,B,0.92,[],,1.36,Military Forces of Cameroon (1982-),"On 14 March 2023, the state security forces, coded as military, shot and killed 3 Ambazonian Separatists at the Ndekwai - Ntenako road axis, coded to Ntenaku (Mamfe, Manyu, Sud-Ouest).",0.7503900156006241,0.92,,,,,,
gemma3:4b,CAO3184,B,B,0.92,[],,1.42,Ambazonian Separatists (Cameroon),"On 15 April 2020, Ambazonian separatists engaged in fire fights with military forces in Bafut town, Bamenda subdivision (Mezam, Nord-Ouest). No fatality and/or casualty reported.",0.7503900156006241,0.92,,,,,,
gemma3:4b,CAO5032,B,B,0.92,[],,1.37,Military Forces of Cameroon (1982-),"On 10 February 2021, the military forces repelled an incursion of Ambazonian separatists in Meanja water tank neighborhood of Muyuka town (Fako, Sud-Ouest). No fatality and/or casualty reported.",0.7503900156006241,0.92,,,,,,
gemma3:4b,CAO5789,S,S,0.88,[],,1.34,Military Forces of Cameroon (1982-),"Around 21 December 2021 (as reported), the security forces (assumedly Military Forces) arrested at least 30 people including 7 Chadians and seized machetes, knives and spears during a security operation in Kousseri town (Logone-et-Chari, Extreme-Nord). The aim was to restore peace in the city in the context of tensions between the Musgum and Arab Shoa communities.",0.22972972972972974,0.8800000000000001,,,,,,
gemma3:4b,CAO13094,V,V,0.92,[],,1.37,Ambazonian Separatists (Cameroon),"On 19 March 2024, Ambazonian Separatists from the Restoration Forces faction shot and injured a civilian in his private residence in Bole (Kumba 1, Meme, Sud-Ouest). They accused the man of collaborating with the military forces.",0.7503900156006241,0.92,,,,,,
gemma3:4b,CAO2871,B,B,0.92,[],,1.43,Military Forces of Cameroon (1982-),"On 21 January 2020, the military forces attacked an Ambazonian separatists' camp in Kossala village, Kumba subdivision (Ndian, Sud-Ouest) [coded: Kumba], killing two Ambazonian separatists. The military also rescued 23 children hostages.",0.7503900156006241,0.92,,,,,,
gemma3:4b,CAO11284,V,R,0.86,[],,1.42,Ambazonian Separatists (Cameroon),"On 15 December 2023, Ambazonian Separatists temporally detained a civilian masked in a traditional masquerade outfit at an illegal vehicle checkpoint for two hours alongside some motorcycle riders in Ngwa (Bangangte, Nde, Ouest). They were accused of not having paid a stipulated sum of money motorcycle riders pay before plying the road.",0.1818181818181818,0.86,,,,,,
gemma3:4b,CAO3310,V,V,0.92,[],,1.33,Military Forces of Cameroon (1982-),"On 28 May 2020, military forces killed four people suspected to be armed bandits in Bonduma neighbourhood of Buea town (Fako, Sud-Ouest). Residents say the victims were not armed.",0.7503900156006241,0.92,,,,,,
gemma3:4b,CAO12582,S,B,0.92,[],,1.38,Ambazonian Separatists (Cameroon),"Other: On 20 May 2022, Ambazonian Separatists fired warning shots for about 30 minutes in Alabukam near Nlabakam (Bamenda - Mankon, Mezam, Nord-Ouest) to enforce the lockdown for 20 May.",0.7503900156006241,0.92,,,,,,
gemma3:4b,CAO12898,V,V,0.92,[],,1.47,Military Forces of Cameroon (1982-),"On 14 February 2024, security forces, coded as the military shot and killed a traditional doctor at his residence in Bessom, coded to Batibo (Batibo, Momo, Nord-Ouest) during a cordon and search operation. They accused the victim of providing fortification charms to Ambazonian Separatists.",0.7503900156006241,0.92,,,,,,
gemma3:4b,CAO13115,B,B,0.92,[],,1.38,Ambazonian Separatists (Cameroon),"On 20 March 2024, Ambazonian Separatists from the Restoration Forces faction clashed with the military forces from the Rapid Intervention in Bombe Bakundu (Kumba 3, Meme, Sud-Ouest) during an operation to dislodge Separatists hideouts. 1 Separatist was killed. The military forces recovered a weapon.",0.7503900156006241,0.92,,,,,,
gemma3:4b,CAO11938,B,B,0.92,[],,1.41,Military Forces of Cameroon (1982-) Gendarmerie,"On 10 October 2023, Gendarmerie forces, clashed with Ambazonian Separatists at an illegal Separatist checkpoint in Bamessing (Tubah, Mezam, Nord-Ouest) as Separatists were looting money from commercial vehicles. Casualties unknown. No information on the injuries. The military forces seized 2 motorbikes.",0.7503900156006241,0.92,,,,,,
gemma3:4b,CAO13051,S,R,0.88,[],,1.45,Boko Haram - Jamaatu Ahli is-Sunnah lid-Dawati wal-Jihad,"Property destruction: Around 3 April 2024 (as reported), suspected ISWAP or Boko Haram militants removed sheet metal Roofs of schools and professional training buildings in Tchahack (Chahack) (Darak, Logone-et-Chari, Extreme-Nord).",0.22972972972972974,0.8800000000000001,,,,,,
gemma3:4b,CAO11684,V,B,0.92,[],,1.4,Ambazonian Separatists (Cameroon),"On 26 June 2023, Ambazonian Separatists from the Restoration Forces shot and killed two members of the state security forces (coded as military) in Konye (Meme, Sud-Ouest). The soldiers had been previously abducted by the Separatists on 25 June 2023 (coded separately).",0.7503900156006241,0.92,,,,,,
gemma3:4b,CAO14510,V,B,0.92,[],,1.45,Boko Haram - Jamaatu Ahli is-Sunnah lid-Dawati wal-Jihad,"On 20 August 2024, Boko Haram (JAS) (likely) militants abducted 2 farmers from their fields in Alagarno (Kolofata, Mayo-Sava, Extreme-Nord). They were later released for an unknown reason.",0.7503900156006241,0.92,,,,,,
gemma3:4b,CAO13082,B,B,0.92,[],,1.3,Military Forces of Cameroon (1982-),"On 21 February 2024, the state security forces, coded as the military forces ambushed and clashed with the Ambazonian Separatists restoration forces along Buea - Kumba main road, coded to Kumba (Kumba 1, Meme, Sud-Ouest). A driver of a public transport vehicle was hit and killed by a stray bullet. No information on the injuries.",0.7503900156006241,0.92,,,,,,
gemma3:4b,CAO5627,B,B,0.92,[],,1.34,Military Forces of Cameroon (1982-),"Around 24 October 2021 (as reported), the military forces opened fire on BNL fighters who were erecting barricades in Cameroon-Nigeria border area in Bakassi Peninsula, Kombo Abedimo subdivision (Ndian, Sud-Ouest). 2 BNL fighters were killed.",0.7503900156006241,0.92,,,,,,
gemma3:4b,CAO8784,B,E,0.97,[],,1.39,Ambazonian Separatists (Cameroon),"On 10 May 2022, suspected Ambazonian Separatist fighters detonated a remote controlled IED targeting traveling military along the Bamenda-Belo road road, coded to Bamenda (Bamenda 1, Mezam, Nord-Ouest). 1 separatist was killed during clashes that followed the detonation. 2 civlians were also killed by stray bullets.",0.7503900156006241,0.9699999999999999,,,,,,
gemma3:4b,CAO4808,B,B,0.92,[],,1.36,Military Forces of Cameroon (1982-),"Around 16 October 2020 (week of), the military forces engaged in fire fights with Ambazonian separatists in Bamessing village, Ndop subdivision (Mezam, Nord-Ouest), resulting in 3 people getting killed.",0.7503900156006241,0.92,,,,,,
gemma3:4b,CAO14672,S,R,0.88,[],,1.42,Ambazonian Separatists (Cameroon),"Looting: On 3 July 2024, Ambazonian Separatists from the Restoration Forces faction extorted money, coded as looting, from civilians at an illegal checkpoint on the main road in Bamessing (Tubah, Mezam, Nord-Ouest).",0.22972972972972974,0.8800000000000001,,,,,,
gemma3:4b,CAO12986,P,P,0.89,[],,1.42,Protesters (Cameroon),"On 17 April 2024, people protested in front of the Town Hall in Yaounde (Yaounde 1, Mfoundi, Centre) after the municipal police officers attempted to arrest a civilian who had refused to pay them money causing an accident that killed 2 civilians. The protesters voiced their growing concern about the actions of the police officers.",0.7503900156006241,0.8899999999999999,,,,,,
gemma3:4b,CAO11562,B,V,0.92,[],,1.4,Military Forces of Cameroon (1982-),"On 16 June 2023, government forces, coded as military, clashed with Ambazonian Separatists in Kedjem Keku (Tubah, Mezam, Nord-Ouest), leading to the killing of at least 13 civilians and 3 Ambazonian separatists.",0.7503900156006241,0.92,,,,,,
gemma3:4b,CAO14799,V,V,0.92,[],,1.38,Ambazonian Separatists (Cameroon),"On 12 July 2024, Ambazonian Separatists from the Bui Unity Warriors faction shot and killed 1 civilian in Jakiri (Jakiri, Bui, Nord-Ouest) after the Separatists had taken him out of his private residence. They accused him of collaborating with the security forces.",0.7503900156006241,0.92,,,,,,
gemma3:4b,CAO4310,S,E,0.97,[],,1.42,Police Forces of Cameroon (1982-),"Defusal: On 27 January 2021, the police forces retrieved and defused an IED planted by unidentified men in Bamenda town (Mezam, Nord-Ouest). No fatality and/or casualty reported.",0.7503900156006241,0.9699999999999999,,,,,,
gemma3:4b,CAO10471,V,R,0.88,[],,1.42,Military Forces of Cameroon (1982-),"On 22 March 2023, state security forces, coded as military forces, beat up civilians and broke into homes where they looted properties in Ngomgham Mankon, coded to Ntarinkon (Bamenda - Mankon, Mezam, Nord-Ouest). They also harrassed civilians, the attack was after separatists attacked their position in the area and engaged them in an armed clash (coded separately). No information on injuries.",0.22972972972972974,0.8800000000000001,,,,,,
gemma3:4b,CAO11896,B,V,0.92,[],,1.37,Military Forces of Cameroon (1982-),"On 28 September 2023, state forces, coded as military, exchanged fire with Ambazonian Separatists in Benade (Menchum, Nord-Ouest) during an operation to dislodge the Ambazonian Separatists. Four civilians, including the traditional chief of Banum village, were killed caught by stray bullets.",0.7503900156006241,0.92,,,,,,
gemma3:4b,CAO11447,S,B,0.92,[],,1.34,Military Forces of Cameroon (1982-),"Other: On 4 July 2023, state security forces, coded as military forces, on vehicular patrol shot into the air at the cattle market in Lassin (Bui, Nord-Ouest) to prevent an attack by Ambazonian Separatists after they tipped off that a separatists camp opened in the area.",0.7503900156006241,0.92,,,,,,
gemma3:4b,CAO3261,V,V,0.92,[],,1.39,Ambazonian Separatists (Cameroon),"On 10 May 2020, suspected Ambazonian separatists killed one person in Bakebe village, Mamfe subdivision (Manyu, Sud-Ouest).",0.7503900156006241,0.92,,,,,,
gemma3:4b,CAO11281,V,V,0.92,[],,1.32,Ambazonian Separatists (Cameroon),"On 24 November 2023, the Ambazonian Restoration Forces abducted a builder from a public transport vehicle at a vehicle checkpoint in Nguti (Nguti, Kupe-Manenguba, Sud-Ouest).",0.7503900156006241,0.92,,,,,,
gemma3:4b,CAO11825,V,V,0.92,[],,1.36,Ambazonian Separatists (Cameroon),"On 3 July 2022, Ambazonian Separatists abducted two workers of a government-owned agro-industrial company, (PAMOL) in Mabonji (Meme, Sud-Ouest).",0.7503900156006241,0.92,,,,,,
gemma3:4b,CAO12114,V,V,0.92,[],,1.41,Ambazonian Separatists (Cameroon),"On 15 August 2023, Ambazonian Separatists shot and killed a woman in Akwaya (Manyu, Sud-Ouest). They also abducted four civilians from a home for unknown reasons. No additional information.",0.7503900156006241,0.92,,,,,,
gemma3:4b,CAO15247,S,R,0.88,[],,1.33,Military Forces of Cameroon (1982-) Gendarmerie,"Looting: On 10 August 2024, gendarmerie forces broke into 8 civilian private residences and looted an unspecified amount of money and valuables in Bamunka (Ndop, Ngo-Ketunjia, Nord-Ouest) during an operation to dislodge Ambazonian Separatists from their hideouts.",0.22972972972972974,0.8800000000000001,,,,,,
gemma3:4b,CAO6111,V,V,0.92,[],,1.43,Military Forces of Cameroon (1982-),"Around 24 May 2022, the Cameroonian military shot randomly in Mbve area of Kumbo (Kumbo, Bui, Nord-Ouest). The bullets went through some houses.",0.7503900156006241,0.92,,,,,,
gemma3:4b,CAO13590,S,E,0.97,[],,1.36,Military Forces of Cameroon (1982-) Gendarmerie,"Defusal: On 19 April 2024, gendarmerie forces recovered an IED planted by an Ambazonian Separatist at the Market in Great Soppo (Buea, Fako, Sud-Ouest). The were no fatalities. The Separatist had attempted to detonate the IED on a minister's convoy but nearby civilians alerted the gendarmerie forces and he was arrested.",0.7503900156006241,0.9699999999999999,,,,,,
gemma3:4b,CAO4947,S,S,0.88,[],,1.41,Military Forces of Cameroon (1982-),"On 13 January 2021, a joint police and military forces operation was conducted in Mudeka village, Tiko subdivision (Fako, Sud-Ouest), resulting in 86 people getting arrested.",0.22972972972972974,0.8800000000000001,,,,,,
gemma3:4b,CAO5487,V,V,0.92,[],,1.36,Military Forces of Cameroon (1982-),"On 16 August 2021, the military forces tortured several civilians, and looted properties during a raid in Bamenda - Chomba village, Bamenda 2 subdivision (Mezam, Nord-Ouest).",0.7503900156006241,0.92,,,,,,
gemma3:4b,CAO12450,V,V,0.92,[],,1.36,Ambazonian Separatists (Cameroon),"On 26 July 2023, Ambazonian Separatists shot and killed a civilian in Mezam department, coded to Bamenda (Mezam, Nord-Ouest), after getting in an argument with him. They let another man go who was with the victim after seizing his phone and an unknown amount of money.",0.7503900156006241,0.92,,,,,,
gemma3:4b,CAO10410,S,R,0.88,[],,1.34,Military Forces of Cameroon (1982-),"Property destruction: On 7 April 2023, State security forces, coded as the military forces, set fire to 3 civilian houses in Aboh, coded to Fundong (Njinikom, Boyo, Nord-Ouest).",0.22972972972972974,0.8800000000000001,,,,,,
gemma3:4b,CAO6584,S,S,0.92,[],,1.35,Military Forces of Cameroon (1982-),"On 25 September 2022, Cameroonian security forces arrested at least 60 people in Kourgui (Mora, Mayo-Sava, Extreme-Nord). 30 motorbikes without official documents were seized. The military were looking for armed group members.",0.7503900156006241,0.92,,,,,,
gemma3:4b,CAO10587,B,B,0.92,[],,1.3,Ambazonian Separatists (Cameroon),"On 7 May 2023, Ambazonian Separatists from the Bui Warriors, led by 'General Mad Dog,' engaged in an armed confrontation with state security forces (coded as military) in Njavnyuy, Kumbo commune, coded to Kumbo (Bui, Nord-Ouest). During the attack, the Separatists fired 2 rockets at the base. An unknown number of soldiers were injured.",0.7503900156006241,0.92,,,,,,
gemma3:4b,CAO4741,V,R,0.88,[],,1.41,Military Forces of Cameroon (1982-),"On 18 December 2020, the military forces raided Dyeny village, Mbonge subdivision (Meme, Sud-Ouest), resulting in 2 people getting injured and houses burnt down.",0.22972972972972974,0.8800000000000001,,,,,,
gemma3:4b,CAO6254,E,E,0.97,[],,1.42,Unidentified Armed Group (Cameroon),"On 2 July 2022, an explosive device planted by an unidentified armed group exploded at Mokolo market in Yaounde (Yaounde 1, Mfoundi, Centre) leading to 4 injured, including 2 severely. No fatalities.",0.7503900156006241,0.9699999999999999,,,,,,
gemma3:4b,CAO11395,B,B,0.92,[],,1.41,Ambazonian Separatists (Cameroon),"On 2 January 2024, the Bui Unity Warriors attacked a military convoy on transit with a road planted IED in Wainamah (Jakiri, Bui, Nord-Ouest). This prompted military to fire repelling gunshots. Casualties unknown.",0.7503900156006241,0.92,,,,,,
gemma3:4b,CAO8359,B,B,0.92,[],,1.35,Military Forces of Cameroon (1982-) Rapid Intervention Battalion,"On 4 January 2024, the military forces killed 1 unidentified armed group member in Bourrha (Bourrha, Mayo-Tsanaga, Extreme-Nord). The member was known to abduct civilians. Food items, clothing, bladed weapons and other items were recovered.",0.7503900156006241,0.92,,,,,,
gemma3:4b,CAO11563,V,V,0.97,[],,1.43,Military Forces of Cameroon (1982-),"On 21 June 2023, government forces, coded as military, raped a 12-year-old girl in Atoini, coded to Njinikom (Boyo, Nord-Ouest). No further information is available.",0.7503900156006241,0.9699999999999999,,,,,,
gemma3:4b,CAO10080,V,V,0.92,[],,1.38,Military Forces of Cameroon (1982-),"On 2 February 2023, the state security forces, coded as the military forces beat civilians in Matondo II (Konye, Meme, Sud-Ouest) for an unknown reason. Casualties unknown. The attack caused the displacement of some civilians.",0.7503900156006241,0.92,,,,,,
gemma3:4b,CAO7398,V,B,0.92,[],,1.34,Boko Haram - Jamaatu Ahli is-Sunnah lid-Dawati wal-Jihad,"On 18 June 2023, Boko Haram [JAS] militants attacked Gazla, coded to Mora (Mora, Mayo-Sava, Extreme-Nord). 2 were killed and 1 was wounded. The militants looted houses and stole food items.",0.7503900156006241,0.92,,,,,,
gemma3:4b,CAO15321,S,R,0.88,[],,1.41,Boko Haram - Jamaatu Ahli is-Sunnah lid-Dawati wal-Jihad,"Looting: On 12 October 2024, Boko Haram (JAS) (likely) militants looted 2 stores and nearly 20 houses in Ldoubam (Mokolo, Mayo-Tsanaga, Extreme-Nord).",0.22972972972972974,0.8800000000000001,,,,,,
gemma3:4b,CAO5584,B,B,0.92,[],,1.3,Military Forces of Cameroon (1982-),"On 3 September 2021, military forces engaged in fire fight with Ambazonian separatists in Ekona town, Bangem subdivision (Kupe-Manenguba, Sud-Ouest).There were no fatalities.",0.7503900156006241,0.92,,,,,,
gemma3:4b,CAO15173,B,B,0.92,[],,1.38,Ambazonian Separatists (Cameroon),"On 8 August 2024, Ambazonian Separatists from the Restoration Forces faction clashed with the security forces, coded as the military forces in Big Ngwandi (Konye, Meme, Sud-Ouest). The Separatists detonated an IED that killed 2 soldiers and injured 6 others before clashing with security forces. The casualties on the Separatist side are unknown.",0.7503900156006241,0.92,,,,,,
gemma3:4b,CAO5791,V,V,0.92,[],,1.41,Ambazonian Separatists (Cameroon),"On 22 December 2021, suspected Ambazonian separatists opened fire on the house of the former Mayor of Mamfe town (Manyu, Sud-Ouest) before burning his house down. They accuse him of denouncing human rights violations allegedly committed by one separatist leader. There were no fatalities.",0.7503900156006241,0.92,,,,,,
gemma3:4b,CAO7007,V,V,0.92,[],,1.26,Military Forces of Cameroon (1982-),"On 29 January 2023, suspected members of the Cameroonian military forces attacked traveling civilians on the Bamenda-Kumbo road, coded to Bamenda (Bamenda 1, Mezam, Nord-Ouest). 2 drivers were killed by the military. The victims were traveling to Jakiri when they were stopped by the soldiers.",0.7503900156006241,0.92,,,,,,
gemma3:4b,CAO13016,E,B,0.92,[],,1.44,Ambazonian Separatists (Cameroon),"On 23 February 2024, an IED planted by Ambazonian Separatists detonated on the military forces in Bamenda - Mankon (Bamenda 2, Mezam, Nord-Ouest). At least 6 soldiers were killed and their military vehicle was damaged.",0.7503900156006241,0.92,,,,,,
gemma3:4b,CAO9923,V,V,0.92,[],,1.38,Military Forces of Cameroon (1982-),"On 20 March 2021, state forces, coded as military, raided the village Bengang located in Batibo (Momo, Nord-Ouest).There was 1 civilian killed.",0.7503900156006241,0.92,,,,,,
gemma3:4b,CAO3105,B,V,0.92,[],,1.34,Ambazonian Separatists (Cameroon),"On 15 March 2020, the Ambazonian separatists killed a civilian when they targeted a soldier who he was transporting to his duty post in Mundemba town (Ndian, Sud-Ouest).",0.7503900156006241,0.92,,,,,,
gemma3:4b,CAO12465,S,R,0.87,[],,1.32,Military Forces of Cameroon (1982-),"Property destruction: On 24 July 2023, state security forces (coded as military) set ablaze the traditional house of a village in Belo commune, coded to Oku (Boyo, Nord-Ouest), which had been a secret shrine of 'Beng Aweh.' They also arrested some men, all, with the exception of two, were shortly released.",0.22972972972972974,0.8700000000000001,,,,,,
gemma3:4b,CAO5869,B,B,0.92,[],,1.29,Islamic State West Africa Province (ISWAP) - Lake Chad Faction,"Around 12 February 2022, ISWAP militants launched an attack targeting a military post of the Multinational Task force in Gasama (Logone-Birni, Logone-et-Chari), causing the killing of ten militants, injury of two soldiers, and the seizure of arms and ammunition.",0.7503900156006241,0.92,,,,,,
gemma3:4b,CAO13677,V,V,0.92,[],,1.42,Ambazonian Separatists (Cameroon),"On 16 April 2024, Ambazonian Separatists from the SOCADEF abducted 3 village elders and a traditional ruler from their private residences in Weme (Konye, Meme, Sud-Ouest). The Separatists accused the elders of installing a new traditional council in the village without notifying the Separatists.",0.7503900156006241,0.92,,,,,,
