model,event_id,true_label,pred_label,pred_conf,logits,reasoning,latency_sec,actor_norm,notes,pred_conf_iso,pred_conf_temp,prob_V,prob_B,prob_E,prob_P,prob_R,prob_S
llama3.2:3b,NIG17300,V,V,0.95,"{""V"": 0.95, ""B"": 0.01, ""E"": 0.02, ""P"": 0.01, ""R"": 0.01, ""S"": 0.0}",,2.03,Unidentified Communal Militia (Nigeria),"On 6 June 2020, unidentified gunmen attacked Maigoge (Bali LGA, Taraba) and killed 4 residents. The attack is believed to be related to the ongoing Tiv-Jukun conflict in the area.",0.7864406779661017,0.9499999999999998,0.33861823390414764,0.1322737077229026,0.13360308058636017,0.1322737077229026,0.1322737077229026,0.13095756234044575
llama3.2:3b,NIG31066,B,S,0.83,"{""V"": 0.04, ""B"": 0.03, ""E"": 0.02, ""P"": 0.01, ""R"": 0.04, ""S"": 0.83}",,2.03,Military Forces of Nigeria (2015-2023),"On 20 April 2023, troops of 21 Armored Brigade of Operation Hadin Kai, 199 Special Forces Battalion and Civilian JTF clashed with dozens of Boko Haram [JAS] militants at Ukuba and Garin Glucose in Bama LGA (Borno). 9 militants were killed others escaped with bullet wounds, one truck and two 122 artillery guns were recovered by the troops, some women who were held by captive were rescued during the operations which lasted three days.",0.5107526881720446,0.83,0.13997583102263877,0.13858304823286516,0.13720412386340108,0.1358389200206605,0.13997583102263877,0.3084222458374871
llama3.2:3b,NIG21935,B,V,0.98,"{""V"": 0.98, ""B"": 0.01, ""E"": 0.0, ""P"": 0.0, ""R"": 0.01, ""S"": 0.0}",,2.44,Zamfara Communal Militia (Nigeria),"On 11 September 2021, a Zamfara militias attacked a security forces base in Dan Sadau (Maru, Zamfara). Twelve security personnel, including military and police officers, were killed.",0.7864406779661017,0.98,0.3467286909196672,0.13143896555144177,0.13013112599236756,0.13013112599236756,0.13143896555144177,0.13013112599236756
llama3.2:3b,NIG34842,B,V,0.95,"{""V"": 0.95, ""B"": 0.01, ""E"": 0.02, ""P"": 0.01, ""R"": 0.01, ""S"": 0.0}",,2.22,Military Forces of Nigeria (2023-),"On 6 February 2024, soldiers attacked policemen at their camp in Sabon Gari area of Mangu (Mangu, Plateau). An unspecified number of policemen were wounded, and they claimed that the attack was unprovoked.",0.7864406779661017,0.9499999999999998,0.33861823390414764,0.1322737077229026,0.13360308058636017,0.1322737077229026,0.1322737077229026,0.13095756234044575
llama3.2:3b,NIG38559,P,P,0.99,"{""V"": 0.01, ""B"": 0.01, ""E"": 0.0, ""P"": 0.99, ""R"": 0.02, ""S"": 0.01}",,2.2,Protesters (Nigeria),"Around 15 September 2024 (as reported), the Otulu community people protested in Asaba (Oshimili South, Delta) over the alleged seizure of their land by the Ogwashi-Uku people. They displayed placards with various inscriptions calling on the government to intervene and stop the seizure of their land.",0.7864406779661017,0.99,0.1304706976276547,0.1304706976276547,0.12917249249539753,0.34763346468289014,0.1317819499384006,0.1304706976276547
llama3.2:3b,NIG16585,R,R,0.83,"{""V"": 0.11, ""B"": 0.01, ""E"": 0.02, ""P"": 0.01, ""R"": 0.83, ""S"": 0.02}",,2.13,Rioters (Nigeria),"On 20 March 2020, youths clashed with police in Amakohia (Owerri North LGA, Imo), after they refused a police demand to move on when they blocked a local bank during a burial procession. One person was shot and injured by a police officer who fired warning shots to disperse the crowd.",0.5107526881720446,0.83,0.14943281838496209,0.13521240555728556,0.13657131282498858,0.13521240555728556,0.3069997448501826,0.13657131282498858
llama3.2:3b,NIG27104,V,V,0.95,"{""V"": 0.95, ""B"": 0.01, ""E"": 0.02, ""P"": 0.01, ""R"": 0.01, ""S"": 0.0}",,2.32,Military Forces of Nigeria (2015-2023),"On 4 September 2021, a soldier opened fire while trying to disperse a crowd during local elections in Gwanki (Makarfi LGA, Kaduna). A girl was killed by a stray bullet.",0.7864406779661017,0.9499999999999998,0.33861823390414764,0.1322737077229026,0.13360308058636017,0.1322737077229026,0.1322737077229026,0.13095756234044575
llama3.2:3b,NIG26316,V,V,0.85,"{""V"": 0.85, ""B"": 0.01, ""E"": 0.01, ""P"": 0.02, ""R"": 0.04, ""S"": 0.07}",,1.85,Police Forces of Nigeria (2015-2023),"On 15 September 2022, officials of Yakurr LGA task force beat up a civilian and caused him some burns on his body in Ugep (Yakurr, Cross River) following the victim's refusal to hand over his car keys to the officials who were dressed in mufti. The assailants fled after the victim was wounded.",0.7864406779661017,0.85,0.3122331956893892,0.1347943563430005,0.1347943563430005,0.13614906214625053,0.13889945564499084,0.14312957383305622
llama3.2:3b,NIG30329,B,V,0.95,"{""V"": 0.95, ""B"": 0.01, ""E"": 0.02, ""P"": 0.01, ""R"": 0.01, ""S"": 0.0}",,2.39,Unidentified Cult Militia (Nigeria),"Around 30 September 2021 (week of), an unidentified cult group killed four suspected members of a rival group in Kuchibena, near the Life Camp, Abuja (Abuja Municipal, FCT). The assailants dismembered the body of one of their victims, chopped off his head and hung it on a stick. The community had been in palpable fear over the incessant cult clashes and killing in the area, prompting the police to request that the slums in the area be demolished. 4 fatalities reported.",0.7864406779661017,0.9499999999999998,0.33861823390414764,0.1322737077229026,0.13360308058636017,0.1322737077229026,0.1322737077229026,0.13095756234044575
llama3.2:3b,NIG21980,B,B,0.83,"{""V"": 0.04, ""B"": 0.83, ""E"": 0.03, ""P"": 0.01, ""R"": 0.02, ""S"": 0.07}",,1.98,Military Forces of Nigeria (2015-2023),"Around 16 September 2021 (as reported), military forces clashed with militia members fleeing from Zamfara state in Maiha (Maiha, Adamawa). Some militia members were killed by the soldiers, eleven rocket launchers and three grenades were recovered. Unknown fatalities coded as 10.",0.5107526881720446,0.83,0.13938166112084494,0.3071130539992857,0.13799479042037538,0.1352623104932957,0.13662171931394393,0.14362646465194726
llama3.2:3b,NIG34255,B,S,0.83,"{""V"": 0.05, ""B"": 0.03, ""E"": 0.02, ""P"": 0.01, ""R"": 0.04, ""S"": 0.83}",,2.09,Police Forces of Nigeria (2023-),"On 14 December 2023, policemen engaged an unidentified armed group in an armed clash at their hideout in a forest in Emohua LGA (Rivers) and rescued four abductees. Two members of the group were killed.",0.5107526881720446,0.83,0.1411839966202833,0.1383883661793471,0.1370113789286816,0.13564809293008548,0.1397791923819546,0.30798897295933975
llama3.2:3b,NIG21852,V,E,0.99,"{""V"": 0.01, ""B"": 0.02, ""E"": 0.97, ""P"": 0.0, ""R"": 0.01, ""S"": 0.0}",,1.94,Islamic State West Africa Province (ISWAP) - Lake Chad Faction,"On 30 August 2021, ISWAP claimed an attack on a Christian town in Borno (location coded to Maiduguri, Maiduguri Metro). A church and school were burnt. No reported injuries or fatalities.",0.7864406779661017,0.99,0.13154698996565362,0.1328690591942278,0.3435608097827238,0.13023807554569886,0.13154698996565362,0.13023807554569886
llama3.2:3b,NIG18752,V,V,0.85,"{""V"": 0.85, ""B"": 0.01, ""E"": 0.01, ""P"": 0.02, ""R"": 0.04, ""S"": 0.07}",,1.95,Police Forces of Nigeria (2015-2023),"On 23 October 2020, Nigerian police forces attacked a journalist in Udu LGA, Delta over the enforcement of the state-wide curfew despite the journalist being on an official assignment. No reported fatalities.",0.7864406779661017,0.85,0.3122331956893892,0.1347943563430005,0.1347943563430005,0.13614906214625053,0.13889945564499084,0.14312957383305622
llama3.2:3b,NIG38445,B,B,0.98,"{""V"": 0.01, ""B"": 0.98, ""E"": 0.0, ""P"": 0.0, ""R"": 0.01, ""S"": 0.0}",,2.17,SEC: Supreme Eiye Confraternity (Nigeria),"On 5 August 2024, the Buccaneers and Eiye clashed and killed one person in Ake Junction, Abeokuta (Abeokuta South, Ogun).",0.7864406779661017,0.98,0.13143896555144177,0.3467286909196672,0.13013112599236756,0.13013112599236756,0.13143896555144177,0.13013112599236756
llama3.2:3b,NIG35617,B,B,0.99,"{""V"": 0.01, ""B"": 0.99, ""E"": 0.0, ""P"": 0.0, ""R"": 0.0, ""S"": 0.0}",,2.25,Military Forces of Nigeria (2023-),"On 15 March 2024, Nigerian troops raided the hideout of a Katsina militia and engaged them in an armed clash at Dutsen Kura in Batsari LGA (Batsari, Katsina). Two militia members were killed, one 81mm mortar bomb among other items were recovered by the troops.",0.7864406779661017,0.99,0.13115346521695664,0.3494526690479928,0.12984846643367523,0.12984846643367523,0.12984846643367523,0.12984846643367523
llama3.2:3b,NIG34375,S,E,0.99,"{""V"": 0.01, ""B"": 0.02, ""E"": 0.97, ""P"": 0.0, ""R"": 0.01, ""S"": 0.0}",,2.02,Islamic State West Africa Province (ISWAP),"Looting: On 26 December 2023, ISWAP raided and looted drugs from a Primary Health Care center in Mainok (Kaga, Borno).",0.7864406779661017,0.99,0.13154698996565362,0.1328690591942278,0.3435608097827238,0.13023807554569886,0.13154698996565362,0.13023807554569886
llama3.2:3b,NIG26000,V,V,0.95,"{""V"": 0.95, ""B"": 0.01, ""E"": 0.02, ""P"": 0.01, ""R"": 0.01, ""S"": 0.0}",,2.3,Igbide Communal Militia (Nigeria),"On 5 September 2022, a presumed faction of Igbide communal militia killed one person and wounded the vice president of a faction of the community at Igbide (Isoko South, Delta). The two victims were driving together when they were shot by the assailants, soldiers were deployed to the area to restore calm.",0.7864406779661017,0.9499999999999998,0.33861823390414764,0.1322737077229026,0.13360308058636017,0.1322737077229026,0.1322737077229026,0.13095756234044575
llama3.2:3b,NIG30514,B,B,0.95,"{""V"": 0.02, ""B"": 0.95, ""E"": 0.01, ""P"": 0.01, ""R"": 0.01, ""S"": 0.0}",,2.09,Police Forces of Nigeria (2015-2023),"On 13 March 2023, policemen attached to Operation Whirl Punch engaged a Kaduna militia in an armed clash, after the militia blocked the Galadimawa-Tumbruku road (Giwa, Kaduna). One militia member was killed, others fled with bullet wounds and the policemen recovered one rifle and two live rounds of ammunition.",0.7864406779661017,0.9499999999999998,0.13360308058636017,0.33861823390414764,0.1322737077229026,0.1322737077229026,0.1322737077229026,0.13095756234044575
llama3.2:3b,NIG36992,V,E,0.98,"{""V"": 0.01, ""B"": 0.02, ""E"": 0.97, ""P"": 0.0, ""R"": 0.01, ""S"": 0.0}",,2.05,Islamic State West Africa Province (ISWAP),"On 19 May 2024, ISWAP fighters abducted a man and later killed him along the Banki-Kumshe Road near Kumshe (Bama, Borno). They also stole an unspecified number of bicycles belonging to IDPs.",0.7864406779661017,0.98,0.13154698996565362,0.1328690591942278,0.3435608097827238,0.13023807554569886,0.13154698996565362,0.13023807554569886
llama3.2:3b,NIG29598,B,B,0.98,"{""V"": 0.02, ""B"": 0.98, ""E"": 0.01, ""P"": 0.0, ""R"": 0.0, ""S"": 0.0}",,2.18,Police Forces of Nigeria (2015-2023),"On 7 January 2023, the police and the local hunters attacked an unidentified armed group in their enclave in Mansur forest, Mansur (Alkaleri, Bauchi). The police shot and killed two members of the group during a gun battle and recovered a fabricated SMG rifle and three operational motorcycles (Honda Bajaj). 2 fatalities reported.",0.7864406779661017,0.98,0.13258480676587606,0.346271272259924,0.13126556589622115,0.12995945169254422,0.12995945169254422,0.12995945169254422
llama3.2:3b,NIG29112,B,B,0.95,"{""V"": 0.02, ""B"": 0.95, ""E"": 0.01, ""P"": 0.01, ""R"": 0.01, ""S"": 0.0}",,1.99,Military Forces of Nigeria (2015-2023),"On 19 December 2022, Nigerian troops in collaboration with the police and DSS clashed with IPOB militants when they raided their camp at Umuleje Amaeze in Ishielu LGA (Ebonyi). Four militants were killed, weapons, ammunition, 13 military hand grenades and other items were recovered.",0.7864406779661017,0.9499999999999998,0.13360308058636017,0.33861823390414764,0.1322737077229026,0.1322737077229026,0.1322737077229026,0.13095756234044575
llama3.2:3b,NIG34705,S,S,0.83,"{""V"": 0.05, ""B"": 0.03, ""E"": 0.02, ""P"": 0.01, ""R"": 0.04, ""S"": 0.85}",,2.3,Government of Nigeria (2023-),"Security measures: On 23 January 2024, the governor of Plateau state imposed a 24 hour curfew on Mangu LGA (Plateau) following violence which broke out in different parts of the town [coded separately].",0.5107526881720446,0.83,0.14031101097987417,0.13753266681280224,0.13616419391309456,0.13480933754624877,0.13891489309380212,0.3122678976538659
llama3.2:3b,NIG29332,V,V,0.95,"{""V"": 0.95, ""B"": 0.01, ""E"": 0.02, ""P"": 0.01, ""R"": 0.01, ""S"": 0.0}",,2.3,Kaduna Communal Militia (Nigeria),"On 25 December 2022, a Kaduna militia on motorcycles attacked civilians at Anguwan Aku in Kajuru LGA (Kaduna) and conducted a house to house search. One person was killed; 53 person were abducted, 7 persons among the abductees escaped and 45 others were taken away.",0.7864406779661017,0.9499999999999998,0.33861823390414764,0.1322737077229026,0.13360308058636017,0.1322737077229026,0.1322737077229026,0.13095756234044575
llama3.2:3b,NIG21210,B,B,0.99,"{""V"": 0.01, ""B"": 0.99, ""E"": 0.0, ""P"": 0.0, ""R"": 0.0, ""S"": 0.0}",,2.32,Military Forces of Nigeria (2015-2023),"On 26 June 2021, military and police members of the Task Force killed two kidnappers in Koton-Karfe (Kogi LGA, Kogi).",0.7864406779661017,0.99,0.13115346521695664,0.3494526690479928,0.12984846643367523,0.12984846643367523,0.12984846643367523,0.12984846643367523
llama3.2:3b,NIG21090,B,B,0.95,"{""V"": 0.02, ""B"": 0.95, ""E"": 0.01, ""P"": 0.01, ""R"": 0.01, ""S"": 0.0}",,2.41,Police Forces of Nigeria (2015-2023),"On 17 June 2021, ISWAP fighters clashed with Nigerian police operatives following an attack on Gujba town (Gujba LGA, Yobe). At least three policemen were killed. ISWAP fighters also looted medical supplies and set properties and houses ablaze.",0.7864406779661017,0.9499999999999998,0.13360308058636017,0.33861823390414764,0.1322737077229026,0.1322737077229026,0.1322737077229026,0.13095756234044575
llama3.2:3b,NIG35108,V,V,0.95,"{""V"": 0.95, ""B"": 0.01, ""E"": 0.02, ""P"": 0.01, ""R"": 0.01, ""S"": 0.0}",,2.44,Military Forces of Nigeria (2023-),"On 15 February 2024, a Naval officer shot and killed a man at a military checkpoint at Owerri-Nta (Isiala Ngwa South, Abia) after he refused to stop at the checkpoint. The Navy claimed that the victim was shot because he was struggling for a gun with the soldier after he was invited over an allegation of theft levelled against him.",0.7864406779661017,0.9499999999999998,0.33861823390414764,0.1322737077229026,0.13360308058636017,0.1322737077229026,0.1322737077229026,0.13095756234044575
llama3.2:3b,NIG19404,B,B,0.99,"{""V"": 0.01, ""B"": 0.99, ""E"": 0.0, ""P"": 0.0, ""R"": 0.0, ""S"": 0.0}",,2.27,Military Forces of Nigeria (2015-2023),"On 9 January 2021, Nigerian military troops clashed with Boko Haram elements at Gonan Kaji Village along Damaturu-Buni Yadi Road (Gujba LGA, Yobe), killing 30 militants and recovering weapons and ammunition.",0.7864406779661017,0.99,0.13115346521695664,0.3494526690479928,0.12984846643367523,0.12984846643367523,0.12984846643367523,0.12984846643367523
llama3.2:3b,NIG36383,S,S,0.83,"{""V"": 0.04, ""B"": 0.03, ""E"": 0.02, ""P"": 0.01, ""R"": 0.05, ""S"": 0.85}",,2.07,Police Forces of Nigeria (2023-),"On 12 January 2024, the Nigerian police arrested a Kaduna militia's kingpin around the Abuja-Kaduna Road flyover by Rido Junction, coded to Rido (Chikun, Kaduna). The kingpin was responsible for many high-profile attacks and abductions in the area. The police recovered forty- eight AK-47 rifles from him.",0.5107526881720446,0.83,0.1389148930938021,0.1375326668128022,0.13616419391309453,0.13480933754624874,0.14031101097987414,0.31226789765386587
llama3.2:3b,NIG38569,B,B,0.95,"{""V"": 0.02, ""B"": 0.95, ""E"": 0.01, ""P"": 0.01, ""R"": 0.01, ""S"": 0.0}",,2.34,Military Forces of Nigeria (2023-),"On 17 September 2024, the Nigerian troops clashed with a Kaduna militia, killing two in an ambush at Hayin Nakwakina village in Giwa LGA, coded to Hayin Kanwa (Giwa, Kaduna). The troops recovered two motorcycles, a mobile phone, and machetes.",0.7864406779661017,0.9499999999999998,0.13360308058636017,0.33861823390414764,0.1322737077229026,0.1322737077229026,0.1322737077229026,0.13095756234044575
llama3.2:3b,NIG20519,P,P,0.99,"{""V"": 0.01, ""B"": 0.01, ""E"": 0.0, ""P"": 0.99, ""R"": 0.02, ""S"": 0.77}",,1.96,Protesters (Nigeria),"On 22 April 2021, the Osun Chapter of the Nigerian Bar Association with the Judiciary Staff Union of Nigeria staged protest marches on major roads and at the Governor's Office in Oshogbo (Osogbo LGA, Ogun) to demand for the autonomy of the judiciary and legislature.",0.7864406779661017,0.99,0.11359979917525441,0.11359979917525441,0.1124694622873995,0.30268169399443484,0.11474149613769365,0.24290774922966057
llama3.2:3b,NIG22612,V,R,0.83,"{""V"": 0.07, ""B"": 0.01, ""E"": 0.02, ""P"": 0.01, ""R"": 0.83, ""S"": 0.08}",,1.9,Zamfara Communal Militia (Nigeria),"On 14 November 2021, members of a Zamfara militia numbering up to a hundred attacked Kwarin Mai Saje (Tsafe, Gusau), coded as Tsafe, raped an unspecified number of women, abducted six persons and looted valuables. The attack was a punitive measure on the village over its failure to pay a levy imposed by the militia.",0.5107526881720446,0.83,0.14320318559654507,0.1348636812911089,0.13621908382167053,0.1348636812911089,0.30620796646048487,0.1446424015387755
llama3.2:3b,NIG36868,B,B,0.83,"{""V"": 0.03, ""B"": 0.83, ""E"": 0.01, ""P"": 0.01, ""R"": 0.01, ""S"": 0.01}",,1.89,Military Forces of Nigeria (2023-),"Around 21 June 2024 (as reported), Nigerian troops, hunters and KSVS clashed with a Kogi militia at a ransom collection point in the Okunran Okoloke area, coded to Okoloke (Yagba West, Kogi). The troops killed one of the militiamen and recovered an AK-47 rifle with a magazine containing 15 rounds of 7.62 mm (Special) ammunition and one motorcycle.",0.5107526881720446,0.83,0.13993185499998628,0.31142407050234283,0.13716101862433983,0.13716101862433983,0.13716101862433983,0.13716101862433983
llama3.2:3b,NIG35481,B,B,0.99,"{""V"": 0.01, ""B"": 0.99, ""E"": 0.0, ""P"": 0.0, ""R"": 0.0, ""S"": 0.0}",,1.93,Military Forces of Nigeria (2023-),"On 10 March 2024, military forces together with hybrid forces, coded as Civilian JTF engaged Boko Haram/ ISWAP militants in an armed clash at their enclave at Ukuba in Sambisa Forest Reserve (Gwoza, Borno). 8 militants were killed, 5 locally fabricated guns, two motorcycles and assorted food items were recovered by the troops.",0.7864406779661017,0.99,0.13115346521695664,0.3494526690479928,0.12984846643367523,0.12984846643367523,0.12984846643367523,0.12984846643367523
llama3.2:3b,NIG29019,P,P,0.99,"{""V"": 0.01, ""B"": 0.01, ""E"": 0.0, ""P"": 0.99, ""R"": 0.02, ""S"": 0.01}",,2.21,Protesters (Nigeria),"On 7 December 2022, members of the Kaduna state chapter of ARPON protested at the Kaduna state police command (Kaduna North, Kaduna) to demand that the National Assembly urgently pass the two police bills that are before the house in order to address the challenges faced by its members.",0.7864406779661017,0.99,0.1304706976276547,0.1304706976276547,0.12917249249539753,0.34763346468289014,0.1317819499384006,0.1304706976276547
llama3.2:3b,NIG16121,B,S,0.83,"{""V"": 0.04, ""B"": 0.03, ""E"": 0.02, ""P"": 0.01, ""R"": 0.04, ""S"": 0.83}",,2.15,Military Forces of Nigeria (2015-2023),"On 20 January 2020, Nigerian Armed Forces, Cameroon Armed Forces and Civilian JTF clashed with Boko Haram (JAS) at Abbaram. Other villages include Nguzuwa and Cina (Bama LGA, Borno, no locations found coded as Bama (Borno, Bama)). 5 BH fighters were killed and abducted civilians rescued. Fatalities split between 2 events.",0.5107526881720446,0.83,0.13997583102263877,0.13858304823286516,0.13720412386340108,0.1358389200206605,0.13997583102263877,0.3084222458374871
llama3.2:3b,NIG38088,V,V,0.95,"{""V"": 0.95, ""B"": 0.01, ""E"": 0.02, ""P"": 0.01, ""R"": 0.01, ""S"": 0.0}",,2.41,Katsina Communal Militia (Nigeria),"On 24 July 2024, a Katsina militia attacked and killed two people in Godiya village, coded as Ruwan Godiya (Faskari, Katsina). An unspecified number of others were injured and abducted.",0.7864406779661017,0.9499999999999998,0.33861823390414764,0.1322737077229026,0.13360308058636017,0.1322737077229026,0.1322737077229026,0.13095756234044575
llama3.2:3b,NIG22187,V,E,0.98,"{""V"": 0.01, ""B"": 0.02, ""E"": 0.97, ""P"": 0.0, ""R"": 0.01, ""S"": 0.0}",,2.01,Unidentified Armed Group (Nigeria),"On 4 October 2021, unidentified armed men shot sporadically while enforcing a sit at home order in Owerri (Owerri Municipal, Imo). Casualties unknown. Police sources denied reports of the attack.",0.7864406779661017,0.98,0.13154698996565362,0.1328690591942278,0.3435608097827238,0.13023807554569886,0.13154698996565362,0.13023807554569886
llama3.2:3b,NIG34305,B,S,0.83,"{""V"": 0.04, ""B"": 0.02, ""E"": 0.01, ""P"": 0.01, ""R"": 0.03, ""S"": 0.87}",,2.38,Unidentified Armed Group (Nigeria),"On 18 December 2023, an unidentified armed group killed the police orderly of a high court judge, then proceeded to abduct the judge and her driver as they were traveling along Okobo axis of Oron-Uyo road (Oron, Akwa Ibom). The assailants had posed as a local defense militia on the road. The abductees were released on 23 December, there are no reports on ransom payment.",0.5107526881720446,0.83,0.13880294067335258,0.13605445829909646,0.13470069381985356,0.13470069381985356,0.13742182833754837,0.31831938504997703
llama3.2:3b,NIG38025,P,P,0.99,"{""V"": 0.01, ""B"": 0.01, ""E"": 0.0, ""P"": 0.99, ""R"": 0.02, ""S"": 0.01}",,2.14,Protesters (Nigeria),"On 6 August 2024, protesters marched, in their large number, to the residence of the former Governor of Rivers State and Minister of the Federal Capital Territory in Port Harcourt (Port Harcourt, Rivers). They displayed placards with various inscriptions decrying the high cost of living and alleged bad governance in Nigeria.",0.7864406779661017,0.99,0.1304706976276547,0.1304706976276547,0.12917249249539753,0.34763346468289014,0.1317819499384006,0.1304706976276547
llama3.2:3b,NIG34649,E,E,0.99,"{""V"": 0.01, ""B"": 0.02, ""E"": 0.97, ""P"": 0.0, ""R"": 0.01, ""S"": 0.0}",,2.21,Islamic State West Africa Province (ISWAP),"On 14 January 2024, ISWAP claimed to have fired two mortal shells at the Nigerian Army's position in Nduva (Damboa, Borno). There were no fatalities.",0.7864406779661017,0.99,0.13154698996565362,0.1328690591942278,0.3435608097827238,0.13023807554569886,0.13154698996565362,0.13023807554569886
llama3.2:3b,NIG25857,V,S,0.83,"{""V"": 0.04, ""B"": 0.02, ""E"": 0.01, ""P"": 0.01, ""R"": 0.03, ""S"": 0.87}",,2.29,Unidentified Armed Group (Nigeria),"On 29 July 2022, an unidentified armed group abducted a gold miner and his driver along Ilesa-Oshogbo (Osogbo, Osun). A ransom of 100 million naira was demanded for the miner, the victims were released around 8 August after 20 million naira was paid as ransom.",0.5107526881720446,0.83,0.13880294067335258,0.13605445829909646,0.13470069381985356,0.13470069381985356,0.13742182833754837,0.31831938504997703
llama3.2:3b,NIG21924,B,B,0.99,"{""V"": 0.01, ""B"": 0.99, ""E"": 0.0, ""P"": 0.0, ""R"": 0.0, ""S"": 0.0}",,2.15,Unidentified Armed Group (Nigeria),"On 9 September 2021, gunmen engaged police officers in an armed clash that led to the killing of three police officers and the abduction of an unspecified number of expatriates in Akukutoru LGA (Rivers) coded as Abonnema. The abducted expatriates were released around 4 October.",0.7864406779661017,0.99,0.13115346521695664,0.3494526690479928,0.12984846643367523,0.12984846643367523,0.12984846643367523,0.12984846643367523
llama3.2:3b,NIG35468,V,S,0.83,"{""V"": 0.04, ""B"": 0.02, ""E"": 0.01, ""P"": 0.01, ""R"": 0.03, ""S"": 0.87}",,2.32,Unidentified Armed Group (Nigeria),"On 10 March 2024, an unidentified armed group numbering six abducted a Chinese national from a guest house around Eyenkorin in Ilorin (Ilorin West, Kwara) where he was lodged. The police claimed to have arrested three suspects in connection with the abduction. The abductee was rescued on 19 March by operatives of the state police command (there are no further details on ransom payment or a clash).",0.5107526881720446,0.83,0.13880294067335258,0.13605445829909646,0.13470069381985356,0.13470069381985356,0.13742182833754837,0.31831938504997703
llama3.2:3b,NIG23775,E,S,0.83,"{""V"": 0.04, ""B"": 0.03, ""E"": 0.02, ""P"": 0.01, ""R"": 0.04, ""S"": 0.83}",,2.14,Military Forces of Nigeria (2015-2023),"Around 13 February 2022 (as reported), Nigerian troops carried out airstrikes against ISWAP camps in Tumbun Kaiyowa (Abadan, Borno), Tumbun Madayi, Tumbun Allura, Parisu and Njimia [coded separately]. Five militant leaders were killed in the strikes across the locations, five fatalities split across five events, coded as 1.",0.5107526881720446,0.83,0.13997583102263877,0.13858304823286516,0.13720412386340108,0.1358389200206605,0.13997583102263877,0.3084222458374871
llama3.2:3b,NIG27039,B,E,0.96,"{""V"": 0.02, ""B"": 0.01, ""E"": 0.96, ""P"": 0.0, ""R"": 0.01, ""S"": 0.0}",,2.31,Police Forces of Nigeria (2015-2023),"On 13 May 2021, an unidentified armed group attacked Moniokoro police station Rumuola (Obio, Rivers). Casualties unknown.",0.7864406779661017,0.96,0.13332482841020543,0.13199822420216023,0.34130908333206444,0.13068481992653416,0.13199822420216023,0.13068481992653416
llama3.2:3b,NIG32699,V,S,0.83,"{""V"": 0.03, ""B"": 0.02, ""E"": 0.01, ""P"": 0.01, ""R"": 0.04, ""S"": 0.83}",,1.95,Zamfara Communal Militia (Nigeria),"On 9 September 2023, a Zamfara militia abducted over 50 civilians around Darita forest while they were on transit to Bagega (Anka, Zamfara) for the weekly market. One of the abductees who escaped claimed that the militiamen were followers of Halilu Buzu and that the abduction was a response to the government's closure of the Bagega cattle market.",0.5107526881720446,0.83,0.13915873553692928,0.13777408298308128,0.1364032079523437,0.1364032079523437,0.14055730408029699,0.3097034614946953
llama3.2:3b,NIG29483,E,V,0.95,"{""V"": 0.95, ""B"": 0.01, ""E"": 0.02, ""P"": 0.01, ""R"": 0.01, ""S"": 0.0}",,1.91,Military Forces of Nigeria (2015-2023),"On 7 July 2022, the Nigerian Airforce accidentally killed one person and injured 13 others in an air strike targeting some camps of militiamen in Kunkuna (Safana, Katsina). 1 fatality reported.",0.7864406779661017,0.9499999999999998,0.33861823390414764,0.1322737077229026,0.13360308058636017,0.1322737077229026,0.1322737077229026,0.13095756234044575
llama3.2:3b,NIG25991,B,B,0.99,"{""V"": 0.01, ""B"": 0.99, ""E"": 0.0, ""P"": 0.0, ""R"": 0.0, ""S"": 0.0}",,2.37,Military Forces of Nigeria (2015-2023),"On 3 September 2022, Nigerian troops on a fighting patrol clashed with a Kaduna militia at Farin-Ruwa (Birnin Gwari, Kaduna), Dogon Dawa-Kuyelo and Sabon Birni [coded separately]. Three militiamen were killed, two rifles, nine magazines, seven Boafeng communication radio and other items were recovered by the troops. 3 fatalities split across 3 events coded as 1.",0.7864406779661017,0.99,0.13115346521695664,0.3494526690479928,0.12984846643367523,0.12984846643367523,0.12984846643367523,0.12984846643367523
llama3.2:3b,NIG26004,V,V,0.92,"{""V"": 0.92, ""B"": 0.01, ""E"": 0.002, ""P"": 0.001, ""R"": 0.003, ""S"": 0.001}",,2.07,Kaduna Communal Militia (Nigeria),"On 6 September 2022, a Kaduna militia attacked civilians when they invaded Katun Gida in Idon (Kajuru, Kaduna) and shot sporadically. Two persons who were siblings were killed, 13 others were abducted; three of whom escaped, one other man was released by the abductors to tend to his sick wife.",0.7864406779661017,0.92,0.3334007899804055,0.13420189427906395,0.13313256215642058,0.132999496138362,0.1332657613070524,0.132999496138362
llama3.2:3b,NIG19278,P,P,0.99,"{""V"": 0.01, ""B"": 0.01, ""E"": 0.0, ""P"": 0.99, ""R"": 0.02, ""S"": 0.01}",,2.23,Protesters (Nigeria),"On 17 December 2020, members of the Coalition of Northern Groups (CNG) staged a demonstration in Katsina State to demand that the government rescue hundreds of male schoolboys kidnapped from Government Science Secondary School in Kankara.",0.7864406779661017,0.99,0.1304706976276547,0.1304706976276547,0.12917249249539753,0.34763346468289014,0.1317819499384006,0.1304706976276547
llama3.2:3b,NIG28692,B,B,0.99,"{""V"": 0.01, ""B"": 0.99, ""E"": 0.0, ""P"": 0.0, ""R"": 0.0, ""S"": 0.0}",,2.11,Military Forces of Nigeria (2015-2023),"On 10 November 2022, Nigerian troops clashed with a Zamfara militia that had come to evacuate the remains of their colleagues that were killed the previous day [coded separately] at Gando forest, coded to Bukuyum (Bukkuyum, Zamfara). Hundreds of militia members were killed, coded as 100.",0.7864406779661017,0.99,0.13115346521695664,0.3494526690479928,0.12984846643367523,0.12984846643367523,0.12984846643367523,0.12984846643367523
llama3.2:3b,NIG34229,B,B,0.95,"{""V"": 0.02, ""B"": 0.95, ""E"": 0.01, ""P"": 0.01, ""R"": 0.01, ""S"": 0.0}",,2.23,Military Forces of Nigeria (2023-),"On 15 December 2023, Nigerian troops engaged a Kaduna militia in an armed clash along Dende - Buruku road (Chikun, Kaduna). Several militiamen fled with gunshot wounds, one loaded rifle was recovered by the troops.",0.7864406779661017,0.9499999999999998,0.13360308058636017,0.33861823390414764,0.1322737077229026,0.1322737077229026,0.1322737077229026,0.13095756234044575
llama3.2:3b,NIG33741,S,S,0.83,"{""V"": 0.04, ""B"": 0.03, ""E"": 0.02, ""P"": 0.01, ""R"": 0.04, ""S"": 0.86}",,2.4,Military Forces of Nigeria (2023-),"Around 17 November 2023, the Security Joint Task Force, including the police, the military and NSCDC, arrested 135 people at various locations in Abuja (Abuja Municipal, Federal Capital Territory). They raided various locations in a clearance operation to get the hoodlums off the city. The suspects were arrested for various offences.",0.5107526881720446,0.83,0.13867329278602838,0.1372934704682571,0.13592737761194426,0.1345748776066658,0.13867329278602838,0.31485768874076114
llama3.2:3b,NIG36519,E,B,0.99,"{""V"": 0.01, ""B"": 0.98, ""E"": 0.01, ""P"": 0.0, ""R"": 0.01, ""S"": 0.01}",,2.41,Military Forces of Nigeria (2023-),"On 3 May 2024, the air component of Operation Hadin Kai conducted an airstrike which targeted Boko Haram/ ISWAP militants at Chinine (Gwoza, Borno). Seven gun trucks which were observed at the location were targeted, several militants were killed and logistics were destroyed. Fatalities coded as 10.",0.7864406779661017,0.99,0.13109606032398083,0.34582412597480294,0.13109606032398083,0.12979163272892813,0.13109606032398083,0.13109606032398083
llama3.2:3b,NIG22019,V,V,0.95,"{""V"": 0.95, ""B"": 0.01, ""E"": 0.02, ""P"": 0.01, ""R"": 0.01, ""S"": 0.0}",,1.99,Sokoto Communal Militia (Nigeria),"On 19 September 2021, a Sokoto miltia attacked civilians including women and children in Saminaka village, along the Bale-Tangaza road (Tangaza, Sokoto), coded to Gidan Madi. Six people were killed in the attack, which was reportedly a reprisal for the armed group members that were killed by residents of Tangaza LGA (coded separately).",0.7864406779661017,0.9499999999999998,0.33861823390414764,0.1322737077229026,0.13360308058636017,0.1322737077229026,0.1322737077229026,0.13095756234044575
llama3.2:3b,NIG31180,B,B,0.93,"{""V"": 0.02, ""B"": 0.93, ""E"": 0.01, ""P"": 0.01, ""R"": 0.01, ""S"": 0.01}",,2.02,Military Forces of Nigeria (2015-2023),"On 21 April 2023, Nigerian troops clashed with suspected IPOB militants when they raided their camps within 9th Mile (Udi, Enugu) and Nkanu East LGA [coded separately]. One militant was killed, 7 others were arrested, the makeshift camps were destroyed and other items were recovered. Fatality split across 2 events, coded to 0.",0.7864406779661017,0.93,0.134326961177572,0.3337114964945496,0.1329903855818861,0.1329903855818861,0.1329903855818861,0.1329903855818861
llama3.2:3b,NIG21998,V,V,0.95,"{""V"": 0.95, ""B"": 0.01, ""E"": 0.02, ""P"": 0.01, ""R"": 0.01, ""S"": 0.0}",,1.95,Fulani Ethnic Militia (Nigeria),"On 1 August 2021, suspected Fulani pastoralists attacked and killed seven persons, while nine others were wounded in Kpachudu (Bassa, Plateau), coded as Bassa. The police claims four people were killed and fifty houses burnt.",0.7864406779661017,0.9499999999999998,0.33861823390414764,0.1322737077229026,0.13360308058636017,0.1322737077229026,0.1322737077229026,0.13095756234044575
llama3.2:3b,NIG38655,B,B,0.98,"{""V"": 0.01, ""B"": 0.98, ""E"": 0.0, ""P"": 0.0, ""R"": 0.01, ""S"": 0.0}",,1.86,Black Axe (Nigeria),"On 14 August 2024, the Aye (Black Axe) and the Eiye clashed and killed one person at Oki Olodo (Lagelu, Oyo).",0.7864406779661017,0.98,0.13143896555144177,0.3467286909196672,0.13013112599236756,0.13013112599236756,0.13143896555144177,0.13013112599236756
llama3.2:3b,NIG17122,B,R,0.73,"{""V"": 0.11, ""B"": 0.01, ""E"": 0.02, ""P"": 0.01, ""R"": 0.73, ""S"": 0.12}",,2.49,Urum Communal Militia (Nigeria),"On 27 May 2020, communal militias from Urum and Achalla clashed over a parcel of land in Urum (Awka North LGA, Anambra). 1 person was killed and several were reported injured.",0.1818181818181818,0.7299999999999999,0.15168558566269666,0.13725079368430682,0.13863018709326877,0.13725079368430682,0.28197258873227227,0.15321005114286665
llama3.2:3b,NIG25126,B,B,0.83,"{""V"": 0.04, ""B"": 0.83, ""E"": 0.02, ""P"": 0.01, ""R"": 0.01, ""S"": 0.08}",,2.04,Military Forces of Nigeria (2015-2023),"On 6 June 2022, Nigerian troops clashed with ISWAP militants at Goniri (Gujba, Yobe). One of the militants' gun trucks was destroyed, casualties are unknown. ISWAP claimed to have launched the attack and succeeded.",0.5107526881720446,0.83,0.13956155735825967,0.30750943672590225,0.13679805336719075,0.13543688999339704,0.13543688999339704,0.14525717256154563
llama3.2:3b,NIG17096,R,R,0.83,"{""V"": 0.09, ""B"": 0.01, ""E"": 0.02, ""P"": 0.01, ""R"": 0.83, ""S"": 0.03}",,2.04,Rioters (Nigeria),"Around 24 May 2020 (as reported), three local chiefs and women were burnt by a mob in Oku (Boki LGA, Cross River) over witchcraft allegations. 1 victim died.",0.5107526881720446,0.83,0.14670658617748406,0.1354272478230152,0.13678831429138555,0.1354272478230152,0.3074875441796169,0.13816305970517567
llama3.2:3b,NIG22555,V,V,0.95,"{""V"": 0.95, ""B"": 0.01, ""E"": 0.02, ""P"": 0.01, ""R"": 0.01, ""S"": 0.0}",,2.17,Police Forces of Nigeria (2015-2023) NSCDC: Nigeria Security and Civil Defence Corps,"On 10 November 2021, a NSCDC officer shot and wounded a man for urinating within the corps' premises in Calabar (Calabar Municipal, Cross River). The victim was taken to the hospital and is in critical condition.",0.7864406779661017,0.9499999999999998,0.33861823390414764,0.1322737077229026,0.13360308058636017,0.1322737077229026,0.1322737077229026,0.13095756234044575
llama3.2:3b,NIG35200,B,B,0.99,"{""V"": 0.01, ""B"": 0.99, ""E"": 0.0, ""P"": 0.0, ""R"": 0.0, ""S"": 0.0}",,2.51,Police Forces of Nigeria (2023-),"On 15 February 2024, the Nigerian police clashed with a Kaduna militia trying to abduct some commuters along the Tumburku-Galadimawa Road, coded to Galadimawa (Giwa, Kaduna). The militiamen in large numbers, had blocked the road before the police engaged them. They fled into the bush with gun wounds. The police recovered an AK47 rifle, three AK47 magazines, five rounds of 7.62 x 39mm live ammunition, a Techno mobile phone and two Bajaj motorcycles. There were no fatalities.",0.7864406779661017,0.99,0.13115346521695664,0.3494526690479928,0.12984846643367523,0.12984846643367523,0.12984846643367523,0.12984846643367523
llama3.2:3b,NIG35561,P,P,0.99,"{""V"": 0.01, ""B"": 0.01, ""E"": 0.0, ""P"": 0.99, ""R"": 0.02, ""S"": 0.77}",,2.4,Protesters (Nigeria),"On 12 March 2024, IMN members protested at the US Embassy, AMAC, Abuja (Abuja Municipal, FCT), over the Israeli-Palestinian conflict. They submitted a petition demanding the US government intervene in the crisis.",0.7864406779661017,0.99,0.11359979917525441,0.11359979917525441,0.1124694622873995,0.30268169399443484,0.11474149613769365,0.24290774922966057
llama3.2:3b,NIG24460,V,V,0.99,"{""V"": 0.99, ""B"": 0.01, ""E"": 0.0, ""P"": 0.0, ""R"": 0.0, ""S"": 0.0}",,2.13,Unidentified Armed Group (Nigeria),"On 10 April 2022, armed individuals attacked civilians in Gyambawu / Gyambar (Kanam, Plateau), Wanka, Shuwaka, Dadin Kowa, Kukawa, Gwammadaji, Dungur, Kyaram, Dadda and Wase [coded separately]. At least 106 people were killed in the attacks; over 70 persons, including women and children, were abducted and over 100 houses were burnt. Fatalities split across two events and coded as 53",0.7864406779661017,0.99,0.3494526690479928,0.13115346521695664,0.12984846643367523,0.12984846643367523,0.12984846643367523,0.12984846643367523
llama3.2:3b,NIG33963,V,V,0.85,"{""V"": 0.85, ""B"": 0.01, ""E"": 0.01, ""P"": 0.01, ""R"": 0.02, ""S"": 0.1}",,2.19,Unidentified Armed Group (Nigeria),"On 28 November 2023, an unidentified armed group killed two farmers on their farms in Kwambai, also called Kpombal (Takum, Taraba).",0.7864406779661017,0.85,0.31215395691698333,0.13476014813108927,0.13476014813108927,0.13476014813108927,0.13611451013609396,0.14745108855334263
llama3.2:3b,NIG25204,S,S,0.83,"{""V"": 0.04, ""B"": 0.03, ""E"": 0.02, ""P"": 0.01, ""R"": 0.04, ""S"": 0.83}",,1.94,Bassa Kwomu Communal Militia (Nigeria),"Property destruction: On 9 June 2022, Bassa Kwomu militiamen set eight houses ablaze including the palace of the traditional ruler when they invaded Mozum (Bassa, Kogi). The militiamen were suspected to have been hired from Agatu in Benue state, the attack was a reprisal for the murder of a palm wine tapper [coded separately].",0.5107526881720446,0.83,0.13997583102263877,0.13858304823286516,0.13720412386340108,0.1358389200206605,0.13997583102263877,0.3084222458374871
llama3.2:3b,NIG36572,S,S,0.83,"{""V"": 0.05, ""B"": 0.03, ""E"": 0.02, ""P"": 0.01, ""R"": 0.04, ""S"": 0.85}",,2.14,Military Forces of Nigeria (2023-),"Weapons seizure: Around 9 May 2024 (as reported), the Nigerian troops intercepted weapons from three gunrunners in the Sukuk community, coded to Kirsinga (Madagali, Adamawa). A locally fabricated Gun, a pistol, 59 rounds of 7.62 mm x 39 ammunition, two locally fabricated guns and 29 cartridges were recovered.",0.5107526881720446,0.83,0.14031101097987417,0.13753266681280224,0.13616419391309456,0.13480933754624877,0.13891489309380212,0.3122678976538659
llama3.2:3b,NIG33950,B,S,0.81,"{""V"": 0.03, ""B"": 0.02, ""E"": 0.01, ""P"": 0.01, ""R"": 0.04, ""S"": 0.89}",,2.37,Military Forces of Nigeria (2023-),"On 26 November 2023, troops of the Nigerian army responded to a distress call and raided the hideout of an unidentified armed group in Jalingo (Jalingo, Taraba). Two abductees were rescued, two members of the group were arrested and others fled. It is not clear if a clash occurred, casualties are unknown.",0.510752688172043,0.81,0.13654378650403115,0.13518515312779794,0.13384003837953218,0.13384003837953218,0.13791607437270165,0.3226749092360822
llama3.2:3b,NIG36315,S,S,0.83,"{""V"": 0.04, ""B"": 0.03, ""E"": 0.02, ""P"": 0.01, ""R"": 0.04, ""S"": 0.86}",,2.18,Military Forces of Nigeria (2023-),"Property destruction: Around 24 April 2024 (as reported), Nigerian troops and Katsina state Civilian JTF cleared suspected hideouts of Katsina militias at Shawu, Dugun Fakwu and Tafki villages in Faskari LGA (Katsina). One fabricated gun and other weapons were recovered.",0.5107526881720446,0.83,0.13867329278602838,0.1372934704682571,0.13592737761194426,0.1345748776066658,0.13867329278602838,0.31485768874076114
llama3.2:3b,NIG23414,R,P,0.99,"{""V"": 0.01, ""B"": 0.02, ""E"": 0.0, ""P"": 0.97, ""R"": 0.0, ""S"": 0.0}",,1.88,Rioters (Nigeria),"On 27 January 2022, a group of motorists tried to attack a soldier at a checkpoint at the Onitsha Bridgehead (Onisha North, Anambra) after a revenue collector was killed by a stray bullet. Reinforcement of soldiers were deployed to dispel the motorists, and the soldier was unharmed.",0.7864406779661017,0.99,0.13171939938689892,0.1330432013589635,0.13040876946453953,0.344011090860175,0.13040876946453953,0.13040876946453953
llama3.2:3b,NIG20977,B,B,0.98,"{""V"": 0.01, ""B"": 0.98, ""E"": 0.0, ""P"": 0.0, ""R"": 0.01, ""S"": 0.0}",,2.34,Police Forces of Nigeria (2015-2023),"On 7 June 2021, Nigerian police clashed with a Kaduna communal militia along the Jagindi-Godo-Godo Road (Jemaa LGA, Kaduna) following a distress call about their kidnapping activities in the area. Three kidnapped victims were rescued. No reported fatalities.",0.7864406779661017,0.98,0.13143896555144177,0.3467286909196672,0.13013112599236756,0.13013112599236756,0.13143896555144177,0.13013112599236756
llama3.2:3b,NIG37659,B,B,0.99,"{""V"": 0.01, ""B"": 0.99, ""E"": 0.0, ""P"": 0.0, ""R"": 0.0, ""S"": 0.0}",,2.33,Military Forces of Nigeria (2023-),"On 11 July 2024, Nigerian troops of Operation Whirl Stroke clashed with a Taraba militia in Geshi village, Damisa Ward (Donga, Taraba). The troops, acting on intelligence that the militia was attacking Geshi village, responded and confronted the militiamen. The militia escaped with gunshot wounds. The troops trailed them and arrested two and two motorcycles. There were no fatalities.",0.7864406779661017,0.99,0.13115346521695664,0.3494526690479928,0.12984846643367523,0.12984846643367523,0.12984846643367523,0.12984846643367523
llama3.2:3b,NIG16810,B,B,0.85,"{""V"": 0.03, ""B"": 0.85, ""E"": 0.01, ""P"": 0.01, ""R"": 0.01, ""S"": 0.09}",,2.2,Agudama Communal Militia (Nigeria),"On 17 April 2020, communal militias from Agudama and Akenfa neighborhoods of Yenagoa (Yenagoa LGA, Bayelsa) clashed over land. 3 people were killed in the clashes.",0.7864406779661017,0.85,0.13749612184625476,0.3121849223132573,0.13477351621852288,0.13477351621852288,0.13477351621852288,0.1459984071846071
llama3.2:3b,NIG27221,V,V,0.85,"{""V"": 0.85, ""B"": 0.01, ""E"": 0.01, ""P"": 0.01, ""R"": 0.02, ""S"": 0.1}",,2.47,Katsina Communal Militia (Nigeria),"On 27 June 2020, a Katsina militia attacked civilians in Mara Zamfarawa (Dan-Musa, Katsina), three locals were killed and three others were wounded.",0.7864406779661017,0.85,0.31215395691698333,0.13476014813108927,0.13476014813108927,0.13476014813108927,0.13611451013609396,0.14745108855334263
llama3.2:3b,NIG20782,R,R,0.83,"{""V"": 0.07, ""B"": 0.02, ""E"": 0.01, ""P"": 0.01, ""R"": 0.83, ""S"": 0.08}",,2.16,Rioters (Nigeria),"On 22 May 2021, youth residents clashed with Nigerian custom operatives at Eruwa (Ibarapa East LGA, Oyo) over smuggled election materials in light of the local government elections. Two reported fatalities.",0.5107526881720446,0.83,0.14320318559654507,0.1362190838216705,0.13486368129110887,0.13486368129110887,0.3062079664604848,0.14464240153877547
llama3.2:3b,NIG20932,P,P,0.99,"{""V"": 0.01, ""B"": 0.01, ""E"": 0.0, ""P"": 0.99, ""R"": 0.02, ""S"": 0.01}",,1.91,Protesters (Nigeria),"On 3 June 2021, thousands of Urhobo youth led by the Urhobo Progress Union - Youth Wing shut down the Delta State Office of the Niger Delta Development Commission in Warri (Warri South LGA, Delta) in a demonstration against the president's refusal to constitute a new board for the Commission.",0.7864406779661017,0.99,0.1304706976276547,0.1304706976276547,0.12917249249539753,0.34763346468289014,0.1317819499384006,0.1304706976276547
llama3.2:3b,NIG34685,B,B,0.99,"{""V"": 0.01, ""B"": 0.98, ""E"": 0.01, ""P"": 0.0, ""R"": 0.01, ""S"": 0.01}",,2.54,Military Forces of Nigeria (2023-),"On 21 January 2024, Nigerian troops ambushed and killed a Boko Haram (JAS) fighter in Luskori, coded to Konduga (Konduga, Borno). Another one escaped with gun wounds. The military recovered an AK 47 rifle. There was one fatality.",0.7864406779661017,0.99,0.13109606032398083,0.34582412597480294,0.13109606032398083,0.12979163272892813,0.13109606032398083,0.13109606032398083
llama3.2:3b,NIG20554,B,B,0.99,"{""V"": 0.01, ""B"": 0.99, ""E"": 0.0, ""P"": 0.0, ""R"": 0.0, ""S"": 0.0}",,2.28,Military Forces of Nigeria (2015-2023),"On 26 April 2021, Nigerian military clashed with ISWAP fighters following an attack on Gwoza LGA (Borno). No reported fatalities.",0.7864406779661017,0.99,0.13115346521695664,0.3494526690479928,0.12984846643367523,0.12984846643367523,0.12984846643367523,0.12984846643367523
llama3.2:3b,NIG24442,V,V,0.95,"{""V"": 0.95, ""B"": 0.01, ""E"": 0.02, ""P"": 0.01, ""R"": 0.01, ""S"": 0.0}",,2.16,Fulani Ethnic Militia (Nigeria),"On 7 April 2022, suspected armed pastoralists attacked the Odiguetue community (Ovia North East, Edo) and killed 5 persons. The community leader claimed the assailants had repeatedly invaded the community and destroyed the locals' crops to feed their cattle.",0.7864406779661017,0.9499999999999998,0.33861823390414764,0.1322737077229026,0.13360308058636017,0.1322737077229026,0.1322737077229026,0.13095756234044575
llama3.2:3b,NIG19921,B,B,0.95,"{""V"": 0.02, ""B"": 0.95, ""E"": 0.01, ""P"": 0.01, ""R"": 0.01, ""S"": 0.0}",,1.87,Police Forces of Nigeria (2015-2023),"On 25 February 2021, unidentified gunmen clashed with a police patrol team at Akai Effa roundabout in Calabar (Calabar-Municipal LGA, Cross River), Killing some policemen and seizing their weapons and ammunition. Unknown fatalities coded as 3.",0.7864406779661017,0.9499999999999998,0.13360308058636017,0.33861823390414764,0.1322737077229026,0.1322737077229026,0.1322737077229026,0.13095756234044575
llama3.2:3b,NIG24883,V,V,0.95,"{""V"": 0.95, ""B"": 0.01, ""E"": 0.02, ""P"": 0.01, ""R"": 0.01, ""S"": 0.0}",,2.32,Unidentified Armed Group (Nigeria),"On 18 May 2022, armed individuals enforcing a sit in order killed a woman at PRODA junction along Enugu-Abakaliki highway, coded to Amorji-Nike (Enugu East, Enugu).",0.7864406779661017,0.9499999999999998,0.33861823390414764,0.1322737077229026,0.13360308058636017,0.1322737077229026,0.1322737077229026,0.13095756234044575
llama3.2:3b,NIG17107,V,P,0.99,"{""V"": 0.01, ""B"": 0.01, ""E"": 0.0, ""P"": 0.99, ""R"": 0.01, ""S"": 0.01}",,2.25,Police Forces of Nigeria (2015-2023),"On 26 May 2020, Police officers attacked and detained a group of officers from Lagos State Building Control Agency during an inspection in Aja (Eti-Osa LGA, Lagos). They also shot in the air. No fatalities and/or injuries reported.",0.7864406779661017,0.99,0.13064200225499203,0.13064200225499203,0.1293420926132133,0.3480898983664705,0.13064200225499203,0.13064200225499203
llama3.2:3b,NIG25091,P,P,0.99,"{""V"": 0.01, ""B"": 0.01, ""E"": 0.0, ""P"": 0.99, ""R"": 0.02, ""S"": 0.01}",,1.83,Protesters (Nigeria),"On 3 June 2022, scores of supporters of former president Goodluck Jonathan protested at the national secretariat of the APC in Abuja (Abuja Municipal, FCT) to demand that the party chose the former president as its presidential candidate for the 2023 elections.",0.7864406779661017,0.99,0.1304706976276547,0.1304706976276547,0.12917249249539753,0.34763346468289014,0.1317819499384006,0.1304706976276547
llama3.2:3b,NIG31049,B,B,0.83,"{""V"": 0.03, ""B"": 0.83, ""E"": 0.02, ""P"": 0.01, ""R"": 0.01, ""S"": 0.0}",,2.14,Gbagyi Ethnic Militia (Nigeria),"On 24 April 2023, Gbagyi and Hausa ethnic militias clashed in Gwarinpa (Abuja Municipal, FCT). The clash started the previous day and was temporarily brought under control [coded separately]; three persons were killed, several others were wounded and cars were vandalized. Some sources report that the clash resulted from an attempt by the Gbagyi militia to retaliate the robbery of a local politician by a group of Hausa persons. 3 fatalities split across 2 events coded as 1.",0.5107526881720446,0.83,0.1399299356907406,0.31141979900106215,0.13853760956714953,0.13715913731996354,0.13715913731996354,0.1357943811008092
llama3.2:3b,NIG33543,V,V,0.95,"{""V"": 0.95, ""B"": 0.01, ""E"": 0.02, ""P"": 0.01, ""R"": 0.01, ""S"": 0.0}",,2.08,Unidentified Armed Group (Nigeria),"On 22 October 2023, an unidentified armed group shot and killed one person at Alu Oko, Ebge Egume, Aja-Odi, coded to Agojeju (Ofu, Kogi). No further details.",0.7864406779661017,0.9499999999999998,0.33861823390414764,0.1322737077229026,0.13360308058636017,0.1322737077229026,0.1322737077229026,0.13095756234044575
llama3.2:3b,NIG29194,E,B,0.99,"{""V"": 0.01, ""B"": 0.99, ""E"": 0.0, ""P"": 0.0, ""R"": 0.0, ""S"": 0.0}",,2.33,Military Forces of Nigeria (2015-2023),"Around 12 December 2022 (as reported), the Nigerian Air Force targeted and destroyed camps of Kaduna militias with rockets at Kufita and Kuyanbana forest (Birnin Gwari, Kaduna) and other locations in Igabi LGA, Chikun LGA and Giwa LGA. Several militiamen were killed, and their camps were destroyed, unknown fatalities coded as 3.",0.7864406779661017,0.99,0.13115346521695664,0.3494526690479928,0.12984846643367523,0.12984846643367523,0.12984846643367523,0.12984846643367523
llama3.2:3b,NIG32631,B,S,0.83,"{""V"": 0.05, ""B"": 0.03, ""E"": 0.02, ""P"": 0.01, ""R"": 0.04, ""S"": 0.83}",,2.17,Military Forces of Nigeria (2023-),"On 23 August 2023, the Nigerian military shot and killed four ISWAP fighters in Pulka (Gwoza, Borno) and Firgi, coded separately. Fatalities split across two locations, 2 coded.",0.5107526881720446,0.83,0.1411839966202833,0.1383883661793471,0.1370113789286816,0.13564809293008548,0.1397791923819546,0.30798897295933975
llama3.2:3b,NIG19811,E,S,0.83,"{""V"": 0.05, ""B"": 0.03, ""E"": 0.02, ""P"": 0.01, ""R"": 0.04, ""S"": 0.85}",,1.96,Military Forces of Nigeria (2015-2023),"On 14 February 2021, Nigerian military forces conducted airstrikes against Boko Haram fighters in Egiri, Zira 1 and 2 villages in Biu LGA (Borno), following an attack in the area by BH. No reported fatalities.",0.5107526881720446,0.83,0.14031101097987417,0.13753266681280224,0.13616419391309456,0.13480933754624877,0.13891489309380212,0.3122678976538659
llama3.2:3b,NIG31867,S,S,0.83,"{""V"": 0.04, ""B"": 0.03, ""E"": 0.02, ""P"": 0.01, ""R"": 0.04, ""S"": 0.86}",,2.06,Military Forces of Nigeria (2023-),"Property destruction: Around 26 June 2023 (between 15 June - 6 July), troops of the joint task force of Operation Delta Safe destroyed 30 illegal refining sites across Delta coded to Asaba (Oshimili South, Delta), Bayelsa, Cross River and Rivers states [coded separately]. 125 storage tanks, 227 ovens, 11 dugout pits and 21 wooden boats were recovered, 42 suspected saboteurs were arrested.",0.5107526881720446,0.83,0.13867329278602838,0.1372934704682571,0.13592737761194426,0.1345748776066658,0.13867329278602838,0.31485768874076114
llama3.2:3b,NIG29618,B,V,0.95,"{""V"": 0.95, ""B"": 0.01, ""E"": 0.02, ""P"": 0.01, ""R"": 0.01, ""S"": 0.0}",,1.93,Unidentified Armed Group (Nigeria),"On 17 January 2023, an unidentified armed group shot and killed an inspector of police while patrolling Iheorji Ohanku Road, Aba (Aba South, Abia). The police shot and killed two militiamen and others escaped with gun wounds. The militiamen carted away an AK-47 rifle belonging to the deceased officer. 3 fatalities reported.",0.7864406779661017,0.9499999999999998,0.33861823390414764,0.1322737077229026,0.13360308058636017,0.1322737077229026,0.1322737077229026,0.13095756234044575
llama3.2:3b,NIG34042,P,P,0.98,"{""V"": 0.01, ""B"": 0.01, ""E"": 0.0, ""P"": 0.98, ""R"": 0.01, ""S"": 0.0}",,2.32,Protesters (Nigeria),"On 4 December 2023, students from four nursing schools in Abia state protested at an examination center in Umuahia (Umuahia North, Abia) against their exclusion from taking the rescheduled examination.",0.7864406779661017,0.98,0.13126728899807766,0.13126728899807766,0.12996115764925079,0.34627581770691923,0.13126728899807766,0.12996115764925079
llama3.2:3b,NIG19433,P,P,0.99,"{""V"": 0.01, ""B"": 0.01, ""E"": 0.0, ""P"": 0.99, ""R"": 0.02, ""S"": 0.01}",,2.08,Protesters (Nigeria),"On 12 January 2021, members of the Abubakar Tafawa Balewa University chapter of the Senior Staff Association of Nigerian Universities and Non-academic Staff Union of Universities staged protests in Bauchi State over unfair labor practices, the non-payment of salaries, and the failure of the federal government to implement the Memorandum of Understanding it entered with the Unions.",0.7864406779661017,0.99,0.1304706976276547,0.1304706976276547,0.12917249249539753,0.34763346468289014,0.1317819499384006,0.1304706976276547
llama3.2:3b,NIG24644,P,P,0.95,"{""V"": 0.01, ""B"": 0.01, ""E"": 0.0, ""P"": 0.95, ""R"": 0.02, ""S"": 0.01}",,2.24,Protesters (Nigeria),"On 3 May 2022, members of the PDP in Ogun State protested at the state secretariat of the party in Abeokuta (Abeokuta South, Ogun) against the imposition of ward ad-hoc delegates who the protesters claimed were loyal to the governorship aspirant.",0.7864406779661017,0.9499999999999998,0.1322737077229026,0.1322737077229026,0.13095756234044575,0.33861823390414764,0.13360308058636017,0.1322737077229026
llama3.2:3b,NIG34589,E,E,0.99,"{""V"": 0.01, ""B"": 0.02, ""E"": 0.97, ""P"": 0.0, ""R"": 0.01, ""S"": 0.0}",,1.97,Islamic State West Africa Province (ISWAP) and/or Boko Haram - Jamaatu Ahli is-Sunnah lid-Dawati wal-Jihad,"On 16 January 2024, an IED suspected to have been planted by IS/BH triggered and killed two CJTF members in Mafa (Mafa, Borno). The CJTF drove over the explosive device while on routine operations along Mafa/Konduga LGA areas. Eight CJTF members sustained injuries from the explosive. There were two fatalities.",0.7864406779661017,0.99,0.13154698996565362,0.1328690591942278,0.3435608097827238,0.13023807554569886,0.13154698996565362,0.13023807554569886
llama3.2:3b,NIG24528,B,B,0.83,"{""V"": 0.04, ""B"": 0.83, ""E"": 0.02, ""P"": 0.01, ""R"": 0.01, ""S"": 0.08}",,2.11,Military Forces of Nigeria (2015-2023),"On 19 April 2022, Nigerian troops clashed with an armed group in Chito (Ukum, Benue) and killed three armed individuals. An undisclosed number of weapons, two motorcycles and three phones were recovered.",0.5107526881720446,0.83,0.13956155735825967,0.30750943672590225,0.13679805336719075,0.13543688999339704,0.13543688999339704,0.14525717256154563
llama3.2:3b,NIG27484,V,V,0.95,"{""V"": 0.95, ""B"": 0.01, ""E"": 0.02, ""P"": 0.01, ""R"": 0.01, ""S"": 0.0}",,2.38,Unidentified Armed Group (Nigeria),"On 12 November 2020, an armed group attacked and killed a commercial motorcyclist at the Ologede junction in Akure (Akure South, Ondo).",0.7864406779661017,0.9499999999999998,0.33861823390414764,0.1322737077229026,0.13360308058636017,0.1322737077229026,0.1322737077229026,0.13095756234044575
llama3.2:3b,NIG23779,B,S,0.83,"{""V"": 0.04, ""B"": 0.03, ""E"": 0.02, ""P"": 0.01, ""R"": 0.04, ""S"": 0.86}",,2.03,Military Forces of Niger (2021-2023),"Around 13 February 2022 (between 12 - 15 February), the Nigerien contingent of MNJTF carried out a combined air-ground operation involving air and artillery strikes and ground assaults against Boko Haram (JAS or ISWAP Lake Chad faction) in the areas of Jabulam (Mobbar, Borno) and Abadam (Abadan, Borno) in Nigeria, and Bague Kiessa [Bague Kiessa Koura], Dagaya, Boulayi, and Boula Gana (Bosso, Diffa) in Niger. About twenty militants were killed and weapons and ammo seized. Fatalities are split across six events.",0.5107526881720446,0.83,0.13867329278602838,0.1372934704682571,0.13592737761194426,0.1345748776066658,0.13867329278602838,0.31485768874076114
llama3.2:3b,NIG22565,B,B,0.99,"{""V"": 0.01, ""B"": 0.99, ""E"": 0.0, ""P"": 0.0, ""R"": 0.0, ""S"": 0.0}",,2.27,Military Forces of Nigeria (2015-2023),"On 10 November 2021, the Nigerian army claimed an ambush against Boko Haram/ISWAP militants in Pulka (Gwoza, Borno). The soldiers collaborated with the CJTF and local militia members. Four militants were killed, weapons were recovered and several others fled with gunshot wounds.",0.7864406779661017,0.99,0.13115346521695664,0.3494526690479928,0.12984846643367523,0.12984846643367523,0.12984846643367523,0.12984846643367523
llama3.2:3b,NIG34268,P,P,0.99,"{""V"": 0.01, ""B"": 0.01, ""E"": 0.0, ""P"": 0.99, ""R"": 0.02, ""S"": 0.01}",,2.2,Protesters (Nigeria),"On 20 December 2023, members of SSANIP and NASU at Rfus Giwa polytechnic Owo (Owo, Ondo) protested and blocked the school's entrance over the non-payment of their salaries for over 10 months.",0.7864406779661017,0.99,0.1304706976276547,0.1304706976276547,0.12917249249539753,0.34763346468289014,0.1317819499384006,0.1304706976276547
llama3.2:3b,NIG35732,B,B,0.99,"{""V"": 0.01, ""B"": 0.99, ""E"": 0.0, ""P"": 0.0, ""R"": 0.0, ""S"": 0.0}",,2.25,Police Forces of Nigeria (2023-),"On 25 March 2024, police forces engaged a leader of Greenlanders cult militia in an armed clash at the forest in Anambra, coded to Akinima (Ahoada West, Rivers). The militia leader who was declared wanted by the police since 2016 was killed.",0.7864406779661017,0.99,0.13115346521695664,0.3494526690479928,0.12984846643367523,0.12984846643367523,0.12984846643367523,0.12984846643367523
llama3.2:3b,NIG18956,B,B,0.93,"{""V"": 0.02, ""B"": 0.93, ""E"": 0.01, ""P"": 0.01, ""R"": 0.01, ""S"": 0.01}",,1.84,Military Forces of Nigeria (2015-2023),"On 19 November 2020, Nigerian military troops clashed with a Benue communal militia at Tor Donga (Katsina-Ala LGA, Benue), killing three and injuring others.",0.7864406779661017,0.93,0.134326961177572,0.3337114964945496,0.1329903855818861,0.1329903855818861,0.1329903855818861,0.1329903855818861
llama3.2:3b,NIG16543,V,V,0.96,"{""V"": 0.96, ""B"": 0.01, ""E"": 0.02, ""P"": 0.0, ""R"": 0.01, ""S"": 0.0}",,2.15,Alla Communal Militia (Nigeria),"On 11 March 2020, militias from Alla attacked Egba in the Agatu LGA (Benue) over the ownership of a fish pond in the community. 5 people were killed.",0.7864406779661017,0.96,0.34130908333206444,0.13199822420216023,0.13332482841020543,0.13068481992653416,0.13199822420216023,0.13068481992653416
llama3.2:3b,NIG22075,V,V,0.95,"{""V"": 0.95, ""B"": 0.01, ""E"": 0.02, ""P"": 0.01, ""R"": 0.01, ""S"": 0.0}",,2.04,Fulani Ethnic Militia (Nigeria),"On 24 September 2021, pastoralists from a Fulani ethnic militia attacked farmers in Gbajimba (Guma, Benue). One farmer was killed, four others fled.",0.7864406779661017,0.9499999999999998,0.33861823390414764,0.1322737077229026,0.13360308058636017,0.1322737077229026,0.1322737077229026,0.13095756234044575
llama3.2:3b,NIG35002,B,B,0.99,"{""V"": 0.01, ""B"": 0.99, ""E"": 0.0, ""P"": 0.0, ""R"": 0.0, ""S"": 0.0}",,1.96,Police Forces of Nigeria (2023-),"On 15 February 2024, the Nigerian police engaged in a firefight with an unidentified armed group while raiding their hideouts between Nasarawa State and the Kuje LGA, coded to Kuje (Kuje, FCT). The police arrested one member of the group and rescued two hostages. There were no fatalities.",0.7864406779661017,0.99,0.13115346521695664,0.3494526690479928,0.12984846643367523,0.12984846643367523,0.12984846643367523,0.12984846643367523
llama3.2:3b,NIG16365,E,S,0.83,"{""V"": 0.03, ""B"": 0.02, ""E"": 0.01, ""P"": 0.01, ""R"": 0.07, ""S"": 0.86}",,2.12,Military Forces of Nigeria (2015-2023),"On 16 February 2020, Nigerian Air Force conducted air strikes against an ISWAP camp at Tumbin Zarami at Lake Chad (coded as Monguno, Borno) and destroyed structures.",0.5107526881720446,0.83,0.13727633627783473,0.13591041390956515,0.1345580826959456,0.1345580826959456,0.1428786898396278,0.31481839458076627
llama3.2:3b,NIG37606,P,P,0.99,"{""V"": 0.01, ""B"": 0.01, ""E"": 0.0, ""P"": 0.99, ""R"": 0.02, ""S"": 0.01}",,1.84,Protesters (Nigeria),"On 6 July 2024, FCT women protested and marched from Unity fountain Maitama to the presidential villa in Abuja (Abuja Municipal, FCT) to denounce the rift between the FCT minister and senator representing the FCT.",0.7864406779661017,0.99,0.1304706976276547,0.1304706976276547,0.12917249249539753,0.34763346468289014,0.1317819499384006,0.1304706976276547
llama3.2:3b,NIG36225,V,V,0.95,"{""V"": 0.95, ""B"": 0.01, ""E"": 0.02, ""P"": 0.01, ""R"": 0.01, ""S"": 0.0}",,2.27,Police Forces of Nigeria (2015-2023),"On 24 August 2021, police attacked a man in Amagu (Abakaliki, Ebonyi). He was killed in police custody after he had been arrested. The victim was to return to South Africa after visiting family in Nigeria. He was arrested in Orie-Nempi Market.",0.7864406779661017,0.9499999999999998,0.33861823390414764,0.1322737077229026,0.13360308058636017,0.1322737077229026,0.1322737077229026,0.13095756234044575
llama3.2:3b,NIG26709,B,B,0.93,"{""V"": 0.02, ""B"": 0.93, ""E"": 0.01, ""P"": 0.01, ""R"": 0.01, ""S"": 0.01}",,1.92,Military Forces of Nigeria (2015-2023),"On 7 May 2021, Nigerian military troops clashed with a Kaduna communal militia around the Rigachikun (Rigacikun) axis (Igabi LGA, Kaduna), killing one militiaman and one civilian.",0.7864406779661017,0.93,0.134326961177572,0.3337114964945496,0.1329903855818861,0.1329903855818861,0.1329903855818861,0.1329903855818861
llama3.2:3b,NIG20879,S,E,0.99,"{""V"": 0.01, ""B"": 0.02, ""E"": 0.97, ""P"": 0.0, ""R"": 0.01, ""S"": 0.0}",,2.07,Unidentified Armed Group (Nigeria),"Property destruction: On 29 May 2021, armed individuals set the Police Criminal Investigation Department on fire in Umuahia (Umuahia North LGA, Abia). No reports on injuries or fatalities.",0.7864406779661017,0.99,0.13154698996565362,0.1328690591942278,0.3435608097827238,0.13023807554569886,0.13154698996565362,0.13023807554569886
llama3.2:3b,NIG19363,V,V,0.95,"{""V"": 0.95, ""B"": 0.01, ""E"": 0.02, ""P"": 0.01, ""R"": 0.01, ""S"": 0.0}",,2.07,Unidentified Armed Group (Nigeria),"On 28 December 2020, unidentified armed men attacked Runka Community (Safana LGA, Katsina), killing a relative of a lawmaker representing Safana and abducting a newly-wedded couple.",0.7864406779661017,0.9499999999999998,0.33861823390414764,0.1322737077229026,0.13360308058636017,0.1322737077229026,0.1322737077229026,0.13095756234044575
llama3.2:3b,NIG19480,V,V,0.95,"{""V"": 0.95, ""B"": 0.01, ""E"": 0.02, ""P"": 0.01, ""R"": 0.01, ""S"": 0.0}",,2.19,Yansakai Militia,"On 12 January 2021, Yansakai Militia attacked and killed a Fulani Pastoralist at Talata Mafara LGA (Zamfara). Unknown reason for attack.",0.7864406779661017,0.9499999999999998,0.33861823390414764,0.1322737077229026,0.13360308058636017,0.1322737077229026,0.1322737077229026,0.13095756234044575
llama3.2:3b,NIG29018,B,S,0.83,"{""V"": 0.04, ""B"": 0.03, ""E"": 0.02, ""P"": 0.01, ""R"": 0.04, ""S"": 0.83}",,1.83,Police Forces of Nigeria (2015-2023),"On 6 December 2022, police forces repelled a Katsina militia when they blocked a cattle route along Tashar Maje in Kankara LGA (Katsina). Abductees and rustled cattle that were taken away from their village by the militia members [coded separately] were recovered.",0.5107526881720446,0.83,0.13997583102263877,0.13858304823286516,0.13720412386340108,0.1358389200206605,0.13997583102263877,0.3084222458374871
llama3.2:3b,NIG24014,R,R,0.83,"{""V"": 0.07, ""B"": 0.02, ""E"": 0.01, ""P"": 0.01, ""R"": 0.83, ""S"": 0.08}",,2.05,Rioters (Nigeria),"On 5 March 2022, supporters of the incumbent and past chairman of Langtang South LGA clashed in Sabon Gida (Langtang South, Plateau) after the incumbent from the APC slapped the past chairman who belongs to the PDP. An unspecified number of persons were wounded, including the incumbent chairman.",0.5107526881720446,0.83,0.14320318559654507,0.1362190838216705,0.13486368129110887,0.13486368129110887,0.3062079664604848,0.14464240153877547
llama3.2:3b,NIG31886,S,S,0.83,"{""V"": 0.04, ""B"": 0.03, ""E"": 0.02, ""P"": 0.01, ""R"": 0.04, ""S"": 0.83}",,2.02,Boko Haram - Jamaatu Ahli is-Sunnah lid-Dawati wal-Jihad,"On 9 July 2023, a Boko Haram [JAS Faction] commander and one of his lieutenants surrendered to Nigerian troops in Borno, coded to Maiduguri (Maiduguri Metro, Borno).",0.5107526881720446,0.83,0.13997583102263877,0.13858304823286516,0.13720412386340108,0.1358389200206605,0.13997583102263877,0.3084222458374871
llama3.2:3b,NIG37851,B,B,0.95,"{""V"": 0.02, ""B"": 0.95, ""E"": 0.01, ""P"": 0.01, ""R"": 0.01, ""S"": 0.0}",,2.42,Police Forces of Nigeria (2023-),"On 27 July 2024, the Nigerian police engaged a Benue militia in a firefight, killing six while raiding their enclave in Mbavuur Ward (Logo, Benue). The police recovered an AK-47 rifle and two locally fabricated short guns loaded with ammunition.",0.7864406779661017,0.9499999999999998,0.13360308058636017,0.33861823390414764,0.1322737077229026,0.1322737077229026,0.1322737077229026,0.13095756234044575
llama3.2:3b,NIG39769,P,P,0.99,"{""V"": 0.01, ""B"": 0.01, ""E"": 0.0, ""P"": 0.99, ""R"": 0.02, ""S"": 0.01}",,2.13,Protesters (Nigeria),"On 4 August 2024, youth protested at Agho junction along Ekenhuan Road in Benin City (Oredo, Edo). The protesters conducted church service at the protest ground while the police monitored their activities.",0.7864406779661017,0.99,0.1304706976276547,0.1304706976276547,0.12917249249539753,0.34763346468289014,0.1317819499384006,0.1304706976276547
llama3.2:3b,NIG32802,B,B,0.99,"{""V"": 0.01, ""B"": 0.99, ""E"": 0.0, ""P"": 0.0, ""R"": 0.0, ""S"": 0.0}",,2.01,Military Forces of Nigeria (2023-),"On 17 September 2023, a joint task force of security operatives presumed to have comprised of soldiers and policemen engaged a Niger militia in an armed clash in a village near Pan Dongari (Rafi, Niger). 52 militiamen including six informants who lived in the community were killed.",0.7864406779661017,0.99,0.13115346521695664,0.3494526690479928,0.12984846643367523,0.12984846643367523,0.12984846643367523,0.12984846643367523
llama3.2:3b,NIG22047,P,P,0.95,"{""V"": 0.01, ""B"": 0.01, ""E"": 0.0, ""P"": 0.95, ""R"": 0.02, ""S"": 0.01}",,1.99,Protesters (Nigeria),"On 22 September 2021, about 49 former workers of Total E&P protested against their alleged forceful retrenchment in Port Harcourt (Port Harcourt, Rivers).",0.7864406779661017,0.9499999999999998,0.1322737077229026,0.1322737077229026,0.13095756234044575,0.33861823390414764,0.13360308058636017,0.1322737077229026
llama3.2:3b,NIG36760,B,B,0.99,"{""V"": 0.01, ""B"": 0.99, ""E"": 0.0, ""P"": 0.0, ""R"": 0.0, ""S"": 0.0}",,2.09,Military Forces of Nigeria (2023-),"On 19 May 2024, military forces engaged a Kaduna militia in an armed clash at Baka general area (Igabi, Kaduna). The militia fled, some of them with gunshot wounds and the troops recovered one rifle and two motorcycles.",0.7864406779661017,0.99,0.13115346521695664,0.3494526690479928,0.12984846643367523,0.12984846643367523,0.12984846643367523,0.12984846643367523
llama3.2:3b,NIG37618,B,V,0.85,"{""V"": 0.85, ""B"": 0.01, ""E"": 0.01, ""P"": 0.01, ""R"": 0.02, ""S"": 0.1}",,2.21,Unidentified Armed Group (Nigeria),"On 10 July 2024, an unidentified armed group shot and killed an OSPAC member in the Igwuruta community (Ikwerre, Rivers). The group was responding to a distress call concerning an abduction case when its members were ambushed, and one got shot and killed.",0.7864406779661017,0.85,0.31215395691698333,0.13476014813108927,0.13476014813108927,0.13476014813108927,0.13611451013609396,0.14745108855334263
llama3.2:3b,NIG36319,B,B,0.83,"{""V"": 0.04, ""B"": 0.83, ""E"": 0.02, ""P"": 0.01, ""R"": 0.01, ""S"": 0.08}",,2.14,Military Forces of Nigeria (2023-),"Around 25 April 2024 (as reported), the Nigerian troops engaged a Taraba militia in a firefight, killing two in Kweerti, also spelt as Kwesati village (Ussa, Taraba). Other militiamen fled, and the troops recovered one AK-47 magazine along with seven rounds of 7.62mm special ammunition.",0.5107526881720446,0.83,0.13956155735825967,0.30750943672590225,0.13679805336719075,0.13543688999339704,0.13543688999339704,0.14525717256154563
llama3.2:3b,NIG30420,S,S,0.83,"{""V"": 0.04, ""B"": 0.03, ""E"": 0.02, ""P"": 0.01, ""R"": 0.05, ""S"": 0.85}",,2.32,Police Forces of Nigeria (2015-2023),"Around 8 August 2021 (between 7 August - 8 August), the Nigerian police arrested over 20 unidentified cult militias in various locations within Oshogbo (Osogbo, Osun). The cultists were picked up when the police raided some black spots.",0.5107526881720446,0.83,0.1389148930938021,0.1375326668128022,0.13616419391309453,0.13480933754624874,0.14031101097987414,0.31226789765386587
llama3.2:3b,NIG25680,B,B,0.93,"{""V"": 0.02, ""B"": 0.93, ""E"": 0.01, ""P"": 0.01, ""R"": 0.01, ""S"": 0.01}",,1.9,Katsina Communal Militia (Nigeria),"On 21 July 2022, a Katsina militia led by Bauche attacked Ansaru militants and engaged them in an armed clash in Damari forest (Sabuwa, Katsina). The clash lasted for several hours, three persons were killed including a top Ansaru commander.",0.7864406779661017,0.93,0.134326961177572,0.3337114964945496,0.1329903855818861,0.1329903855818861,0.1329903855818861,0.1329903855818861
llama3.2:3b,NIG33592,R,R,0.83,"{""V"": 0.04, ""B"": 0.01, ""E"": 0.02, ""P"": 0.03, ""R"": 0.83, ""S"": 0.27}",,2.23,Rioters (Nigeria),"On 1 November 2023, members of NUPENG who were demonstrating at the union's office in Utako (Abuja Municipal, FCT) over claims that the newly elected leaders of the union were imposed on them beat up the newly elected chairman. The victim was rescued by policemen and taken to a hospital.",0.5107526881720446,0.83,0.13508602083729826,0.13109362556639678,0.13241113840700844,0.13374189247180376,0.2976480555500379,0.1700192671671572
llama3.2:3b,NIG20827,B,B,0.83,"{""V"": 0.03, ""B"": 0.83, ""E"": 0.01, ""P"": 0.01, ""R"": 0.01, ""S"": 0.01}",,2.42,Police Forces of Nigeria (2015-2023),"Around 26 May 2021 (as reported), Nigerian police operatives clashed with a Katsina communal militia at Kafur, Danja, Dutsinma, Safana, Batsari and Funtua Local Government Areas in Katsina State, killing five militiamen and recovered 69 rustled cows. 16 suspects were also arrested. Fatalities split across 6 events.",0.5107526881720446,0.83,0.13993185499998628,0.31142407050234283,0.13716101862433983,0.13716101862433983,0.13716101862433983,0.13716101862433983
llama3.2:3b,NIG29044,B,V,0.95,"{""V"": 0.95, ""B"": 0.01, ""E"": 0.02, ""P"": 0.01, ""R"": 0.01, ""S"": 0.0}",,2.26,Sokoto Communal Militia (Nigeria),"On 5 December 2022, a Sokoto militia numbering about 90 killed three policemen guarding a market and three civilians when they attacked Yar Bulutu market in Sabon Birni LGA (Sokoto) and shot sporadically. The assailants set one of the policemen's vehicle ablaze and threw the body of one policeman into the fire, several other civilians sustained varying bullet wounds.",0.7864406779661017,0.9499999999999998,0.33861823390414764,0.1322737077229026,0.13360308058636017,0.1322737077229026,0.1322737077229026,0.13095756234044575
llama3.2:3b,NIG32771,V,S,0.78,"{""V"": 0.04, ""B"": 0.02, ""E"": 0.01, ""P"": 0.01, ""R"": 0.03, ""S"": 0.79}",,2.39,Katsina Communal Militia (Nigeria),"On 9 September 2023, a Katsina militia abducted two persons from Marke village (Dutsinma, Katsina) coded to Dutsin Ma. There are no reports on ransom demands.",0.1818181818181818,0.78,0.14228516481283537,0.13946772978077426,0.13808000268282944,0.13808000268282944,0.14086940376792065,0.30121769627250966
llama3.2:3b,NIG26442,B,B,0.95,"{""V"": 0.02, ""B"": 0.95, ""E"": 0.01, ""P"": 0.01, ""R"": 0.01, ""S"": 0.0}",,2.07,Police Forces of Nigeria (2015-2023),"On 25 September 2022, policemen invaded the camp of an unidentified armed group that had abducted one person from Kara bridge and engaged them in an armed clash. Location coded to Mowe (Obafemi, Ogun), one of the assailants was arrested, others fled with bullet wounds and the abductee was rescued.",0.7864406779661017,0.9499999999999998,0.13360308058636017,0.33861823390414764,0.1322737077229026,0.1322737077229026,0.1322737077229026,0.13095756234044575
llama3.2:3b,NIG33348,V,S,0.83,"{""V"": 0.04, ""B"": 0.03, ""E"": 0.02, ""P"": 0.01, ""R"": 0.04, ""S"": 0.86}",,2.29,Unidentified Armed Group (Nigeria),"Around 27 October 2023 (as reported), an unidentified armed group abducted a soldier (presumed to be off duty) at the Akparata axis of Effium (Ohaukwu, Ebonyi). The soldier was part of the contingent deployed to manage inter-communal clashes in the area. The State government issued an ultimatum to the warring communities to provide the soldier alive by 26 October 2023.",0.5107526881720446,0.83,0.13867329278602838,0.1372934704682571,0.13592737761194426,0.1345748776066658,0.13867329278602838,0.31485768874076114
llama3.2:3b,NIG26080,B,E,0.96,"{""V"": 0.01, ""B"": 0.02, ""E"": 0.96, ""P"": 0.0, ""R"": 0.01, ""S"": 0.0}",,2.05,Unidentified Armed Group (Nigeria),"Around 15 August 2022 (as reported), an unidentified armed group attacked a police squad, wounded three policemen and stole their rifles along Ozoro/ Kwale (Ndokwa West, Delta).",0.7864406779661017,0.96,0.13199822420216023,0.13332482841020543,0.34130908333206444,0.13068481992653416,0.13199822420216023,0.13068481992653416
llama3.2:3b,NIG16392,V,V,0.85,"{""V"": 0.85, ""B"": 0.01, ""E"": 0.01, ""P"": 0.02, ""R"": 0.04, ""S"": 0.07}",,2.01,Police Forces of Nigeria (2015-2023) Special Anti-Robbery Squad,"On 20 February 2020, officers of SARS forces shot and injured 2 street traders on a market in Abeokuta (Abeokuta South LGA, Ogun) when they stormed the location.",0.7864406779661017,0.85,0.3122331956893892,0.1347943563430005,0.1347943563430005,0.13614906214625053,0.13889945564499084,0.14312957383305622
llama3.2:3b,NIG26718,P,P,0.99,"{""V"": 0.01, ""B"": 0.01, ""E"": 0.0, ""P"": 0.99, ""R"": 0.02, ""S"": 0.01}",,1.93,Protesters (Nigeria),"On 16 May 2021, members of the Ijaw Youth Marches staged protest marches along major streets and at Isaac Boro Park in Port Harcourt (Port-Harcourt LGA, Rivers) in remembrance of Late Major Isaac Jasper Adaka Boro.",0.7864406779661017,0.99,0.1304706976276547,0.1304706976276547,0.12917249249539753,0.34763346468289014,0.1317819499384006,0.1304706976276547
llama3.2:3b,NIG16027,B,B,0.99,"{""V"": 0.01, ""B"": 0.99, ""E"": 0.0, ""P"": 0.0, ""R"": 0.0, ""S"": 0.0}",,2.05,Military Forces of Nigeria (2015-2023),"On 8 January 2020, Nigerian Armed Forces battled with presumed ISWAP fighters in Mafa LGA (Borno) and killed an unreported number of fighters. Unknown number of fatalities coded as 10.",0.7864406779661017,0.99,0.13115346521695664,0.3494526690479928,0.12984846643367523,0.12984846643367523,0.12984846643367523,0.12984846643367523
llama3.2:3b,NIG38277,B,V,0.95,"{""V"": 0.95, ""B"": 0.01, ""E"": 0.02, ""P"": 0.01, ""R"": 0.01, ""S"": 0.0}",,1.98,Military Forces of Nigeria (2023-),"On 27 August 2024, the Nigerian troops ambushed some fleeing Jimmu Sumoli-led Zamfara militiamen and shot ten dead in Magamin Diddi village in Maradun LGA, coded to Faru Magami (Maradun, Zamfara). The militiamen escaped from a clash with the troops in Matusgi, coded separately.",0.7864406779661017,0.9499999999999998,0.33861823390414764,0.1322737077229026,0.13360308058636017,0.1322737077229026,0.1322737077229026,0.13095756234044575
llama3.2:3b,NIG27958,V,V,0.85,"{""V"": 0.85, ""B"": 0.01, ""E"": 0.01, ""P"": 0.02, ""R"": 0.04, ""S"": 0.07}",,2.24,Military Forces of Nigeria (2015-2023),"On 19 February 2021, a soldier shot and wounded a truck driver at an army checkpoint in Omagwa (Ikwerre, Rivers) over the driver's refusal to pay a bribe of 200 naira. The association of tanker drivers staged a protest [coded separately].",0.7864406779661017,0.85,0.3122331956893892,0.1347943563430005,0.1347943563430005,0.13614906214625053,0.13889945564499084,0.14312957383305622
llama3.2:3b,NIG33835,P,P,0.95,"{""V"": 0.01, ""B"": 0.01, ""E"": 0.0, ""P"": 0.95, ""R"": 0.02, ""S"": 0.01}",,2.19,Protesters (Nigeria),"On 13 November 2023, some political party supporters (unspecified) protested at the INEC office in Yenagoa (Yenagoa, Bayelsa) over the delay in releasing election results.",0.7864406779661017,0.9499999999999998,0.1322737077229026,0.1322737077229026,0.13095756234044575,0.33861823390414764,0.13360308058636017,0.1322737077229026
llama3.2:3b,NIG20679,B,B,0.99,"{""V"": 0.01, ""B"": 0.98, ""E"": 0.01, ""P"": 0.0, ""R"": 0.01, ""S"": 0.01}",,2.12,Police Forces of Nigeria (2015-2023),"On 10 May 2021, Nigerian police operatives clashed with suspected kidnappers at Ahor community (Ehor) (Uhunmwode LGA, Edo), killing three and rescuing seven kidnapped victims.",0.7864406779661017,0.99,0.13109606032398083,0.34582412597480294,0.13109606032398083,0.12979163272892813,0.13109606032398083,0.13109606032398083
llama3.2:3b,NIG26073,B,B,0.83,"{""V"": 0.04, ""B"": 0.83, ""E"": 0.02, ""P"": 0.01, ""R"": 0.01, ""S"": 0.08}",,2.27,Military Forces of Nigeria (2015-2023),"On 13 August 2022, Nigerian troops during a clearance operation intercepted and clashed with Boko Haram/ ISWAP militants at Ngwom (Mafa, Borno). The militants were enroute to rustle cattle from pastoralists in the general area, three militants were killed.",0.5107526881720446,0.83,0.13956155735825967,0.30750943672590225,0.13679805336719075,0.13543688999339704,0.13543688999339704,0.14525717256154563
llama3.2:3b,NIG17363,V,B,0.99,"{""V"": 0.01, ""B"": 0.98, ""E"": 0.001, ""P"": 0.0001, ""R"": 0.0002, ""S"": 0.0006}",,2.26,Islamic State West Africa Province (ISWAP) - Lake Chad Faction and/or Boko Haram - Jamaatu Ahli is-Sunnah lid-Dawati wal-Jihad,"On 12 June 2020, Boko Haram executed a police officer and a soldier in Borno (coded as Maiduguri LGA, Borno) who were abducted earlier.",0.7864406779661017,0.99,0.13157850437779162,0.3470967865935015,0.13039961081693613,0.13028230396320328,0.13029533284503284,0.13034746140318745
llama3.2:3b,NIG24682,B,B,0.93,"{""V"": 0.02, ""B"": 0.93, ""E"": 0.03, ""P"": 0.01, ""R"": 0.01, ""S"": 0.01}",,2.2,Military Forces of Nigeria (2015-2023),"On 26 April 2022, Nigerian troops in conjunction with the Civilian JTF clashed with ISWAP/ Boko Haram fighters during a clearance operation at Kasha in Mafa LGA (Borno). Six militants were killed, weapons and ammunition, amongst others items were recovered.",0.7864406779661017,0.93,0.13396704745143823,0.33281735471464097,0.13531343866209786,0.13263405305716333,0.13263405305716333,0.13263405305716333
llama3.2:3b,NIG22760,B,B,0.95,"{""V"": 0.02, ""B"": 0.95, ""E"": 0.01, ""P"": 0.01, ""R"": 0.01, ""S"": 0.0}",,1.92,Military Forces of Nigeria (2015-2023),"On 29 November 2021, troops of security forces on patrol clashed with members of a Kaduna militia at an identified hideout in Idasu (Giwa, Kaduna) and Birnin Gwari [coded separately]. Three militia members were killed, weapons and three motorcycles were recovered.",0.7864406779661017,0.9499999999999998,0.13360308058636017,0.33861823390414764,0.1322737077229026,0.1322737077229026,0.1322737077229026,0.13095756234044575
llama3.2:3b,NIG29602,B,V,0.93,"{""V"": 0.93, ""B"": 0.02, ""E"": 0.01, ""P"": 0.01, ""R"": 0.01, ""S"": 0.01}",,2.08,Police Forces of Nigeria (2015-2023),"On 20 January 2023, the Nigerian police clashed with an unidentified armed group in Shere (Jos East, Plateau). The armed group abducted the paramount traditional ruler of Izere, Plateau State, and opened fire on the police attempting to rescue the monarch. A civilian guard was shot dead, and a police officer sustained a gun injury during the rescue operation. 1 fatality reported.",0.7864406779661017,0.93,0.3337114964945496,0.134326961177572,0.1329903855818861,0.1329903855818861,0.1329903855818861,0.1329903855818861
llama3.2:3b,NIG31171,B,B,0.95,"{""V"": 0.02, ""B"": 0.95, ""E"": 0.01, ""P"": 0.01, ""R"": 0.01, ""S"": 0.0}",,2.04,Kaduna Communal Militia (Nigeria),"On 1 May 2023, a Kaduna militia were engaged in an armed clash with security operatives at Dorayi village in Zaria LGA (Kaduna) where they abducted about 20 persons and rustled cattle. The assailants abandoned the abductees, burnt down one house and two motorcycles before they fled.",0.7864406779661017,0.9499999999999998,0.13360308058636017,0.33861823390414764,0.1322737077229026,0.1322737077229026,0.1322737077229026,0.13095756234044575
llama3.2:3b,NIG19588,B,B,0.93,"{""V"": 0.02, ""B"": 0.93, ""E"": 0.03, ""P"": 0.01, ""R"": 0.01, ""S"": 0.01}",,1.89,Military Forces of Nigeria (2015-2023),"On 25 January 2021, Nigerian military troops with MNJTF forces clashed with Boko Haram militants at Mayankari in Borno State, killing three militiamen and destroying their hideout. Nigerian military also recovered weapons and ammunition including one improvised explosive device making equipment.",0.7864406779661017,0.93,0.13396704745143823,0.33281735471464097,0.13531343866209786,0.13263405305716333,0.13263405305716333,0.13263405305716333
llama3.2:3b,NIG21894,E,B,0.99,"{""V"": 0.01, ""B"": 0.99, ""E"": 0.0, ""P"": 0.0, ""R"": 0.0, ""S"": 0.0}",,2.24,Military Forces of Nigeria (2015-2023),"Around 6 September 2021 (as reported), military forces of Nigeria killed the leader of an armed militia in an air strike at Shinkafi (Shinkafi, Zamfara).",0.7864406779661017,0.99,0.13115346521695664,0.3494526690479928,0.12984846643367523,0.12984846643367523,0.12984846643367523,0.12984846643367523
llama3.2:3b,NIG29062,V,V,0.95,"{""V"": 0.95, ""B"": 0.01, ""E"": 0.02, ""P"": 0.01, ""R"": 0.0, ""S"": 0.01}",,1.89,Unidentified Armed Group (Nigeria),"On 3 December 2022, an unidentified armed group abducted 8 residents of Anguwan Hausawa in Kwakwu community, coded to Kuje (Kuje, FCT). The abductors shot sporadically to scare of policemen from a police outpost, a ransom of 25 million naira was demanded.",0.7864406779661017,0.9499999999999998,0.33861823390414764,0.1322737077229026,0.13360308058636017,0.1322737077229026,0.13095756234044575,0.1322737077229026
llama3.2:3b,NIG29902,B,B,0.95,"{""V"": 0.02, ""B"": 0.95, ""E"": 0.01, ""P"": 0.01, ""R"": 0.01, ""S"": 0.0}",,2.14,Military Forces of Nigeria (2015-2023),"On 4 February 2023, Nigerian troops raided the hideouts of ISWAP/ Boko Haram militants and engaged them in an armed clash at Balange village, on the fringes of the Sambisa Forest Reserve (Gwoza, Borno). Five militants were killed and 55 abductees were rescued.",0.7864406779661017,0.9499999999999998,0.13360308058636017,0.33861823390414764,0.1322737077229026,0.1322737077229026,0.1322737077229026,0.13095756234044575
llama3.2:3b,NIG26789,V,E,0.98,"{""V"": 0.01, ""B"": 0.02, ""E"": 0.97, ""P"": 0.0, ""R"": 0.01, ""S"": 0.0}",,2.08,Amagba Communal Militia (Nigeria),"On 12 August 2021, Amagba and Obazagbon militias attacked Oke-Oroma (Ikpoba Okha, Edo) coded as Oka, shooting sporadically. Unspecified number of buildings were burnt. Security operatives were deployed but no clashes reported",0.7864406779661017,0.98,0.13154698996565362,0.1328690591942278,0.3435608097827238,0.13023807554569886,0.13154698996565362,0.13023807554569886
llama3.2:3b,NIG25905,B,B,0.83,"{""V"": 0.04, ""B"": 0.83, ""E"": 0.02, ""P"": 0.01, ""R"": 0.01, ""S"": 0.08}",,2.16,Military Forces of Nigeria (2015-2023),"On 8 August 2022, Nigerian troops on clearance operations clashed with ISWAP/ Boko Haram militants at an iilegal market established by the militants at Dambia, also called Markas (Bama, Borno). Four militants were killed, others fled and four women suspected to be the wives of the militants were wounded and evacuated to the hospital for treatment.",0.5107526881720446,0.83,0.13956155735825967,0.30750943672590225,0.13679805336719075,0.13543688999339704,0.13543688999339704,0.14525717256154563
llama3.2:3b,NIG33181,R,R,0.83,"{""V"": 0.07, ""B"": 0.02, ""E"": 0.01, ""P"": 0.01, ""R"": 0.83, ""S"": 0.08}",,2.29,Rioters (Nigeria),"On 20 October 2023, mobs lynched a man in the A. A Koto area of Akwanga (Akwanga, Nasarawa) over the allegation of motorcycle theft. They had beaten the victim to death before the soldiers intervened to calm the situation.",0.5107526881720446,0.83,0.14320318559654507,0.1362190838216705,0.13486368129110887,0.13486368129110887,0.3062079664604848,0.14464240153877547
llama3.2:3b,NIG23107,B,B,0.93,"{""V"": 0.02, ""B"": 0.93, ""E"": 0.01, ""P"": 0.01, ""R"": 0.01, ""S"": 0.01}",,1.88,Police Forces of Nigeria (2015-2023),"On 31 December 2021, police forces, together with member of Igabi communal militia, clashed with Kaduna militia members at the Sabon Birni forest (Igabi, Kaduna) while the group was raiding one of the militia camps. One militiaman was killed, others fled with gunshot wounds; two others were arrested and nine abducted victims were rescued including one who sustained a bullet injury.",0.7864406779661017,0.93,0.134326961177572,0.3337114964945496,0.1329903855818861,0.1329903855818861,0.1329903855818861,0.1329903855818861
llama3.2:3b,NIG27386,B,B,0.98,"{""V"": 0.02, ""B"": 0.98, ""E"": 0.0, ""P"": 0.0, ""R"": 0.0, ""S"": 0.0}",,2.18,SVC: Supreme Vikings Confraternity (Nigeria),"On 16 October 2020, the Supreme Vikings cult militias clashed with one another in Ugbomoro community (Uvwie, Delta) coded as Effurun. One person was killed.",0.7864406779661017,0.98,0.13275820414196052,0.3467241335755446,0.1301294155705371,0.1301294155705371,0.1301294155705371,0.1301294155705371
llama3.2:3b,NIG24261,B,B,0.99,"{""V"": 0.01, ""B"": 0.98, ""E"": 0.01, ""P"": 0.0, ""R"": 0.01, ""S"": 0.01}",,2.14,Military Forces of Nigeria (2015-2023),"Around 1 April 2022 (as reported), soldiers on a clearance operation engaged over 400 Niger militiamen in an armed clash near Zuma Barrack, coded to nearby Suleja (Suleja, Niger). 14 soldiers and several militiamen were killed, several other soldiers were wounded. Several militia men deaths coded as 3. Fatalities coded as 17.",0.7864406779661017,0.99,0.13109606032398083,0.34582412597480294,0.13109606032398083,0.12979163272892813,0.13109606032398083,0.13109606032398083
llama3.2:3b,NIG26184,S,S,0.85,"{""V"": 0.04, ""B"": 0.03, ""E"": 0.02, ""P"": 0.01, ""R"": 0.04, ""S"": 0.86}",,2.03,Unidentified Armed Group (Nigeria),"Movement of forces: Around 18 August 2022 (as reported), a militia from a neighboring state were moving in their hundreds to Illela LGA (Sokoto), Silame, Gudu, Tangaza, Gwadabawa, Binji and Gada [coded separately].",0.7864406779661017,0.85,0.13867329278602838,0.1372934704682571,0.13592737761194426,0.1345748776066658,0.13867329278602838,0.31485768874076114
llama3.2:3b,NIG21295,V,V,0.95,"{""V"": 0.95, ""B"": 0.01, ""E"": 0.02, ""P"": 0.01, ""R"": 0.01, ""S"": 0.0}",,2.05,Unidentified Armed Group (Nigeria),"On 8 July 2021, an APC member and vice chairman of the NURTW was shot and killed by unidentified armed individuals during a political rally in Agboju (Ijebu Ode, Ogun). According to reports, the victim was protecting another politician from harassment when he was shot.",0.7864406779661017,0.9499999999999998,0.33861823390414764,0.1322737077229026,0.13360308058636017,0.1322737077229026,0.1322737077229026,0.13095756234044575
llama3.2:3b,NIG16878,V,V,0.92,"{""V"": 0.92, ""B"": 0.01, ""E"": 0.002, ""P"": 0.001, ""R"": 0.003, ""S"": 0.001}",,2.45,Fulani Ethnic Militia (Nigeria),"On 25 April 2020 (or around), suspected Fulani militias attacked Kikwari in Kajuru LGA (Kaduna), killed 3 residents and looted and burnt down the village.",0.7864406779661017,0.92,0.3334007899804055,0.13420189427906395,0.13313256215642058,0.132999496138362,0.1332657613070524,0.132999496138362
llama3.2:3b,NIG34780,B,B,0.85,"{""V"": 0.01, ""B"": 0.85, ""E"": 0.02, ""P"": 0.01, ""R"": 0.01, ""S"": 0.09}",,2.04,Military Forces of Nigeria (2023-),"On 30 January 2024, troops of 114 battalion of the Nigerian Army trailed an unidentified armed group and engaged them in an armed clash at Apawa village (Lau, Taraba), reported as Yorro LGA. The group fled and abandoned three abductees who had previously been abducted from Ardo Kola LGA. Casualties are unknown.",0.7864406779661017,0.85,0.13495815371985304,0.31261261052401385,0.1363145057141084,0.13495815371985304,0.13495815371985304,0.14619842260200588
llama3.2:3b,NIG29313,B,B,0.99,"{""V"": 0.01, ""B"": 0.99, ""E"": 0.0, ""P"": 0.0, ""R"": 0.0, ""S"": 0.0}",,2.11,Military Forces of Nigeria (2015-2023),"On 23 December 2022, troops of Operation Forest Sanity on an ambush patrol clashed with a Kaduna militia at Buruku (Chikun, Kaduna), Birnin Gwari general area and Giwa LGA [coded separately]. 8 militiamen were killed; split across two events and coded as 4, four motorcycles and three mobile phones were recovered.",0.7864406779661017,0.99,0.13115346521695664,0.3494526690479928,0.12984846643367523,0.12984846643367523,0.12984846643367523,0.12984846643367523
llama3.2:3b,NIG38658,B,B,0.95,"{""V"": 0.02, ""B"": 0.95, ""E"": 0.01, ""P"": 0.01, ""R"": 0.01, ""S"": 0.0}",,2.1,Black Axe (Nigeria),"On 11 August 2024, the Aye (Black Axe) and the Vikings clashed and killed one person in the Orji area of Owerri (Owerri Municipal, Imo).",0.7864406779661017,0.9499999999999998,0.13360308058636017,0.33861823390414764,0.1322737077229026,0.1322737077229026,0.1322737077229026,0.13095756234044575
llama3.2:3b,NIG19965,B,B,0.93,"{""V"": 0.03, ""B"": 0.93, ""E"": 0.02, ""P"": 0.01, ""R"": 0.01, ""S"": 0.0}",,2.31,Military Forces of Nigeria (2015-2023),"Around 1 March 2021 (between 1 - 2 March), Nigerian military troops clashed with ISWAP fighters at Dikwa town (Dikwa LGA, Borno). Community resources report that at least six civilians were killed and four UN humanitarian aid workers abducted. Property damage also reported. Military sources deny abduction reports alleging the safety of all UN workers in the area. ISWAP sources report that eight soldiers were killed.",0.7864406779661017,0.93,0.1354922519708132,0.3332571644850734,0.13414408153800397,0.13280932562513567,0.13280932562513567,0.13148785075550468
llama3.2:3b,NIG22722,S,S,0.99,"{""V"": 0.01, ""B"": 0.02, ""E"": 0.01, ""P"": 0.01, ""R"": 0.03, ""S"": 0.92}",,1.92,Zamfara Communal Militia (Nigeria),"Around 26 November 2021, a Zamfara militia agreed on a peace deal with Dan Sadau emirate (Maru, Zamfara) to allow farmers carry on with their activities and for other residents to go about their business.",0.7864406779661017,0.99,0.13307474177654105,0.13441216516607782,0.13307474177654105,0.13307474177654105,0.13576302988414168,0.33060057961982675
llama3.2:3b,NIG17898,P,P,0.99,"{""V"": 0.01, ""B"": 0.01, ""E"": 0.0, ""P"": 0.99, ""R"": 0.02, ""S"": 0.01}",,2.12,Protesters (Nigeria),"On 10 August 2020, commercial drivers operating between Eleme and Igbo-Etche LGAs took to the streets in Rivers State to protest against harassment and extortion by the police.",0.7864406779661017,0.99,0.1304706976276547,0.1304706976276547,0.12917249249539753,0.34763346468289014,0.1317819499384006,0.1304706976276547
llama3.2:3b,NIG31996,B,B,0.99,"{""V"": 0.01, ""B"": 0.99, ""E"": 0.0, ""P"": 0.0, ""R"": 0.0, ""S"": 0.0}",,2.14,Military Forces of Nigeria (2023-),"On 20 July 2023, troops of Operation Hadarin Daji in collaboration with Civilian JTF operatives invaded the hideouts of Boko Haram [JAS faction] militants and engaged them in an armed clash at Bula Daloye, Bulongu Dina and Mairamiri Dina in Bama LGA (Borno). Eight militants were killed, others fled, women and children were rescued by the troops.",0.7864406779661017,0.99,0.13115346521695664,0.3494526690479928,0.12984846643367523,0.12984846643367523,0.12984846643367523,0.12984846643367523
llama3.2:3b,NIG23065,V,V,0.85,"{""V"": 0.85, ""B"": 0.01, ""E"": 0.01, ""P"": 0.01, ""R"": 0.02, ""S"": 0.1}",,2.27,Unidentified Armed Group (Nigeria),"On 25 December 2021, unidentified armed men attacked and killed a man in Ayangba (Dekina, Kogi). The reason for the attack is unknown.",0.7864406779661017,0.85,0.31215395691698333,0.13476014813108927,0.13476014813108927,0.13476014813108927,0.13611451013609396,0.14745108855334263
llama3.2:3b,NIG20707,E,B,0.99,"{""V"": 0.01, ""B"": 0.98, ""E"": 0.01, ""P"": 0.0, ""R"": 0.01, ""S"": 0.01}",,2.25,Military Forces of Nigeria (2015-2023),"Around 14 May 2021 (as reported), Nigerian Airforce conducted air strikes against a Kaduna communal militia in Jan Birni (Birnin Gwari LGA, Kaduna), killing several militiamen and destroying their structures. Several fatalities coded as 3.",0.7864406779661017,0.99,0.13109606032398083,0.34582412597480294,0.13109606032398083,0.12979163272892813,0.13109606032398083,0.13109606032398083
llama3.2:3b,NIG31771,V,V,0.98,"{""V"": 0.98, ""B"": 0.01, ""E"": 0.0, ""P"": 0.0, ""R"": 0.01, ""S"": 0.0}",,2.55,Police Forces of Nigeria (2023-),"On 30 June 2023, policemen in a minivan ran over a civilian who was in handcuffs at Ekpoma (Esan West, Edo). The victim was seriously wounded.",0.7864406779661017,0.98,0.3467286909196672,0.13143896555144177,0.13013112599236756,0.13013112599236756,0.13143896555144177,0.13013112599236756
llama3.2:3b,NIG26086,B,B,0.99,"{""V"": 0.01, ""B"": 0.99, ""E"": 0.0, ""P"": 0.0, ""R"": 0.0, ""S"": 0.0}",,2.32,Military Forces of Nigeria (2015-2023),"On 16 August 2022, Nigerian troops of Operation Forest Sanity clashed with a Kaduna militia when they raided their camps in Manini (Chikun, Kaduna) and Kuriga [coded separately] area. The camps were cleared and six abductees including a baby were rescued, there are no further details.",0.7864406779661017,0.99,0.13115346521695664,0.3494526690479928,0.12984846643367523,0.12984846643367523,0.12984846643367523,0.12984846643367523
llama3.2:3b,NIG16458,E,E,0.96,"{""V"": 0.02, ""B"": 0.01, ""E"": 0.96, ""P"": 0.0, ""R"": 0.01, ""S"": 0.0}",,2.67,Military Forces of Nigeria (2015-2023),"On 27 February 2020, Nigerian Air Force conducted air strikes against a camp of Boko Haram (JAS) in Sambisa Forest (Gwoza, Borno) resulting in some fatalities. Unknown number of fatalities coded as 10.",0.7864406779661017,0.96,0.13332482841020543,0.13199822420216023,0.34130908333206444,0.13068481992653416,0.13199822420216023,0.13068481992653416
llama3.2:3b,NIG30412,V,V,0.85,"{""V"": 0.85, ""B"": 0.01, ""E"": 0.02, ""P"": 0.01, ""R"": 0.04, ""S"": 0.07}",,2.51,Unidentified Cult Militia (Nigeria),"On 12 January 2021, seven unidentified cult militias attacked and assaulted a man in Port Harcourt (Port Harcourt, Rivers) after having an altercation with one of their members while queuing for national identity card registration. The armed militia dispossessed him of his phone and money, and the ensuing commotion disrupted the registration exercise.",0.7864406779661017,0.85,0.3122331956893892,0.13479435634300047,0.1361490621462505,0.13479435634300047,0.13889945564499082,0.1431295738330562
llama3.2:3b,NIG18723,V,S,0.73,"{""V"": 0.04, ""B"": 0.01, ""E"": 0.02, ""P"": 0.01, ""R"": 0.03, ""S"": 0.89}",,1.98,Unidentified Armed Group (Nigeria),"On 20 October 2020, unidentified gunmen abducted two Christian pastors and a worshipper along Ubulu-Unor/Ogwashi-Uku road (Aniocha South LGA, Delta). Victims released after paying ransom.",0.1818181818181818,0.7299999999999999,0.13791607437270165,0.13384003837953218,0.13518515312779794,0.13384003837953218,0.13654378650403115,0.3226749092360822
llama3.2:3b,NIG31632,V,E,0.98,"{""V"": 0.01, ""B"": 0.02, ""E"": 0.97, ""P"": 0.0, ""R"": 0.01, ""S"": 0.0}",,2.43,Unidentified Armed Group (Nigeria),"On 11 June 2023, an unidentified armed group wounded an unspecified number of travelers when they shot at their bus along Ajaokuta-Itobe road (Ajaokuta, Kogi). The assailants had fired several shots at the direction of the bus driver in an attempt to abduct them.",0.7864406779661017,0.98,0.13154698996565362,0.1328690591942278,0.3435608097827238,0.13023807554569886,0.13154698996565362,0.13023807554569886
llama3.2:3b,NIG35786,V,V,0.98,"{""V"": 0.98, ""B"": 0.01, ""E"": 0.0, ""P"": 0.0, ""R"": 0.01, ""S"": 0.0}",,1.75,Kaduna Communal Militia (Nigeria),"On 31 March 2024, a Kaduna militia abducted 10 civilians from Azzara community, coded to Gidan Azara (Kachia, Kaduna). The abductees included a 5 day old baby and its mother who were abducted after her husband who was the target was not found by the militia.",0.7864406779661017,0.98,0.3467286909196672,0.13143896555144177,0.13013112599236756,0.13013112599236756,0.13143896555144177,0.13013112599236756
llama3.2:3b,NIG21759,S,S,0.83,"{""V"": 0.03, ""B"": 0.01, ""E"": 0.02, ""P"": 0.01, ""R"": 0.04, ""S"": 0.69}",,2.17,Military Forces of Nigeria (2015-2023),"Around 17 August 2021 (as reported), the Nigerian military claimed hundreds of Boko Haram militants together with their wives and children surrendered throughout Borno state (coded to Maiduguri).",0.5107526881720446,0.83,0.1450265392956751,0.14215482141189073,0.1435835011189003,0.14215482141189073,0.14648408024723528,0.28059623651412713
llama3.2:3b,NIG31252,V,V,0.85,"{""V"": 0.85, ""B"": 0.01, ""E"": 0.01, ""P"": 0.02, ""R"": 0.04, ""S"": 0.07}",,2.17,Police Forces of Nigeria (2015-2023),"On 3 May 2023, policemen beat up a man at Oko-Oba abattoir, coded to Agege (Agege, Lagos) over his refusal to submit his phone for a search. The policemen were attached to the Agege Abattoir police station.",0.7864406779661017,0.85,0.3122331956893892,0.1347943563430005,0.1347943563430005,0.13614906214625053,0.13889945564499084,0.14312957383305622
llama3.2:3b,NIG30262,E,V,0.98,"{""V"": 0.98, ""B"": 0.01, ""E"": 0.0, ""P"": 0.0, ""R"": 0.01, ""S"": 0.0}",,2.0,Military Forces of Nigeria (2015-2023),"On 5 March 2023, NAF killed three civilians in an airstrike that was targeted at a Kaduna militia in Sabon Gida village of Fatika district (Giwa, Kaduna). The militiamen ran into the village from a nearby bush, the victims included a pregnant woman and two teenagers, five other villagers sustained injuries.",0.7864406779661017,0.98,0.3467286909196672,0.13143896555144177,0.13013112599236756,0.13013112599236756,0.13143896555144177,0.13013112599236756
llama3.2:3b,NIG17267,E,B,0.99,"{""V"": 0.01, ""B"": 0.99, ""E"": 0.0, ""P"": 0.0, ""R"": 0.0, ""S"": 0.0}",,2.27,Military Forces of Nigeria (2015-2023),"On 30 May 2020, Nigerian Air Force conducted air strikes against a camp of Zamfara militias 5km north of Birnin Kogo in Faskari LGA of Katsina State. 4 militiamen were killed.",0.7864406779661017,0.99,0.13115346521695664,0.3494526690479928,0.12984846643367523,0.12984846643367523,0.12984846643367523,0.12984846643367523
llama3.2:3b,NIG17354,V,V,0.96,"{""V"": 0.96, ""B"": 0.01, ""E"": 0.02, ""P"": 0.0, ""R"": 0.01, ""S"": 0.0}",,1.84,Police Forces of Nigeria (2015-2023),"On 11 June 2020, security officials shot at a presidential aide at Aso Rock, the presidential villa, in Abuja (Abuja LGA, FCT) over his refusal to isolate himself due to coronavirus.",0.7864406779661017,0.96,0.34130908333206444,0.13199822420216023,0.13332482841020543,0.13068481992653416,0.13199822420216023,0.13068481992653416
llama3.2:3b,NIG32116,V,S,0.78,"{""V"": 0.09, ""B"": 0.03, ""E"": 0.02, ""P"": 0.01, ""R"": 0.04, ""S"": 0.81}",,2.27,Zamfara Communal Militia (Nigeria),"On 25 July 2023, a Zamfara militia abducted a woman and her son from their residence at Saminaka community, along Gusau-Sokoto road (Gusau, Zamfara).",0.1818181818181818,0.78,0.14699532727601514,0.13843498583116037,0.13705753470720877,0.13569378945094288,0.139826280569058,0.3019920821653128
llama3.2:3b,NIG33620,E,B,0.99,"{""V"": 0.01, ""B"": 0.99, ""E"": 0.0, ""P"": 0.0, ""R"": 0.0, ""S"": 0.0}",,2.0,Military Forces of Nigeria (2023-),"On 8 November 2023, the Nigerian Air Force of Operation Hadin Kai launched air strikes against the ISWAP position at Ajigin (Damboa, Borno). The air surveillance detected the gathering of the militants and launched the strikes, killing seventeen ISWAP fighters. Three of the militia's gun trucks were destroyed.",0.7864406779661017,0.99,0.13115346521695664,0.3494526690479928,0.12984846643367523,0.12984846643367523,0.12984846643367523,0.12984846643367523
llama3.2:3b,NIG29935,E,E,0.99,"{""V"": 0.01, ""B"": 0.02, ""E"": 0.97, ""P"": 0.0, ""R"": 0.01, ""S"": 0.0}",,2.32,Military Forces of Nigeria (2015-2023),"On 10 February 2023, the Nigerian Air Force carried out air strikes with rockets and bombs that targeted hundreds of Boko Haram [JAS faction] fighters who were holding a meeting on the fringes of Sambisa Forest Reserve in Gaizuwa, Bama LGA (Borno). Scores of fighters including high-ranking ones were killed, dozens of others sustained critical injuries.",0.7864406779661017,0.99,0.13154698996565362,0.1328690591942278,0.3435608097827238,0.13023807554569886,0.13154698996565362,0.13023807554569886
llama3.2:3b,NIG22586,B,B,0.99,"{""V"": 0.01, ""B"": 0.99, ""E"": 0.0, ""P"": 0.0, ""R"": 0.0, ""S"": 0.0}",,2.23,Islamic State West Africa Province (ISWAP) - Lake Chad Faction,"On 9 November 2021, ISWAP claimed an ambush on a convoy on Nigerian army vehicles along the Ngamdu-Tasmakawa road (Kaga, Borno), coded as Ngamdu. Three soldiers were killed, an unspecified number were wounded and the rest fled.",0.7864406779661017,0.99,0.13115346521695664,0.3494526690479928,0.12984846643367523,0.12984846643367523,0.12984846643367523,0.12984846643367523
llama3.2:3b,NIG38100,B,B,0.99,"{""V"": 0.01, ""B"": 0.99, ""E"": 0.0, ""P"": 0.0, ""R"": 0.0, ""S"": 0.0}",,2.38,Military Forces of Nigeria (2023-),"On 14 August 2024, the Nigerian troops ambushed and killed two Kaduna militants during a firefight along Kwana Uri village in Giwa LGA, coded to Giwa (Kaduna). Other militants escaped with gunshot injuries. The troops recovered one AK-47 rifle, 288 rounds of RG55 ammunition, 40 rounds of CJ 95 ammunition, six rounds of 7.62mm special ammunition, a Baofeng communication radio, and a motorcycle.",0.7864406779661017,0.99,0.13115346521695664,0.3494526690479928,0.12984846643367523,0.12984846643367523,0.12984846643367523,0.12984846643367523
llama3.2:3b,NIG17438,P,P,0.95,"{""V"": 0.01, ""B"": 0.01, ""E"": 0.0, ""P"": 0.95, ""R"": 0.02, ""S"": 0.01}",,2.39,Protesters (Nigeria),"On 18 June 2020, hundreds of mototaxi drivers demonstrated in Abeokuta (Abeokuta South LGA, Ogun) over the increase of levies imposed by the State Government.",0.7864406779661017,0.9499999999999998,0.1322737077229026,0.1322737077229026,0.13095756234044575,0.33861823390414764,0.13360308058636017,0.1322737077229026
llama3.2:3b,NIG27232,B,V,0.95,"{""V"": 0.95, ""B"": 0.01, ""E"": 0.02, ""P"": 0.01, ""R"": 0.01, ""S"": 0.0}",,2.26,Unidentified Armed Group (Nigeria),"On 6 July 2020, an unidentified armed group attacked a vehicle while on transit along Okene-Lokoja highway (Okene, Kogi). One presumed policeman was killed, two others were abducted.",0.7864406779661017,0.9499999999999998,0.33861823390414764,0.1322737077229026,0.13360308058636017,0.1322737077229026,0.1322737077229026,0.13095756234044575
llama3.2:3b,NIG35968,B,S,0.83,"{""V"": 0.05, ""B"": 0.03, ""E"": 0.02, ""P"": 0.01, ""R"": 0.04, ""S"": 0.85}",,2.12,Military Forces of Nigeria (2023-),"On 9 April 2024, the Nigerian troops of Operation Hadin Kai engaged Boko Haram (JAS) in a firefight and killed four at Ngauru Forest in Bama (Bama, Borno). The troops arrested seventeen Boko Haram family members and profiled them for rehabilitation. There were four fatalities.",0.5107526881720446,0.83,0.14031101097987417,0.13753266681280224,0.13616419391309456,0.13480933754624877,0.13891489309380212,0.3122678976538659
llama3.2:3b,NIG31678,B,B,0.99,"{""V"": 0.01, ""B"": 0.99, ""E"": 0.0, ""P"": 0.0, ""R"": 0.0, ""S"": 0.0}",,2.0,Police Forces of Nigeria (2023-),"On 18 June 2023, policemen in the Katsina state command, led by the command's OC anti-kidnapping unit and OC SIB engaged a Katsina militia led by Audu Lankai in an armed clash at their camp in Jibia LGA (Katsina) and Batsari LGA [coded separately]. 5 militiamen were killed, one was arrested, 38 cows, 40 sheep and 65 goats were recovered. 5 fatalities split across 2 events coded as 2.",0.7864406779661017,0.99,0.13115346521695664,0.3494526690479928,0.12984846643367523,0.12984846643367523,0.12984846643367523,0.12984846643367523
llama3.2:3b,NIG31148,V,V,0.95,"{""V"": 0.95, ""B"": 0.01, ""E"": 0.02, ""P"": 0.01, ""R"": 0.01, ""S"": 0.0}",,2.4,Military Forces of Nigeria (2015-2023),"Around 6 May 2023, (sometime between 1 and 8 May), special task force operatives presumed to comprise of soldiers and policemen killed a Jengere youth leader in Jos (Jos North, Plateau) where he was tortured following his arrest. The victim was released from custody on 1 May and dies on 8 May, residents of the town claim that he died from injuries he sustained while in custody.",0.7864406779661017,0.9499999999999998,0.33861823390414764,0.1322737077229026,0.13360308058636017,0.1322737077229026,0.1322737077229026,0.13095756234044575
llama3.2:3b,NIG18129,V,B,0.95,"{""V"": 0.02, ""B"": 0.96, ""E"": 0.01, ""P"": 0.0, ""R"": 0.01, ""S"": 0.0}",,2.14,Islamic State West Africa Province (ISWAP) - Lake Chad Faction and/or Boko Haram - Jamaatu Ahli is-Sunnah lid-Dawati wal-Jihad,"On 6 September 2020, Boko Haram militants raided the village of Kurmari and another village near Maiduguri (Maiduguri LGA, Borno), killing 8 residents.",0.7864406779661017,0.9499999999999998,0.13332482841020543,0.34130908333206444,0.13199822420216023,0.13068481992653416,0.13199822420216023,0.13068481992653416
llama3.2:3b,NIG18583,P,P,0.99,"{""V"": 0.01, ""B"": 0.01, ""E"": 0.0, ""P"": 0.99, ""R"": 0.02, ""S"": 0.01}",,1.78,Protesters (Nigeria),"On 16 October 2020, thousands of supporters of the #EndSARS movement staged demonstrations at Airport Road and along other connecting roads in Abuja (Abuja Municipal LGA, FCT) to protest against police brutality across the country.",0.7864406779661017,0.99,0.1304706976276547,0.1304706976276547,0.12917249249539753,0.34763346468289014,0.1317819499384006,0.1304706976276547
llama3.2:3b,NIG21933,B,B,0.93,"{""V"": 0.02, ""B"": 0.93, ""E"": 0.01, ""P"": 0.01, ""R"": 0.01, ""S"": 0.01}",,2.01,Police Forces of Nigeria (2015-2023),"On 11 September 2021, police forces of Nigeria engaged IPOB militants in an armed clash in Amaifeke (Orlu, Imo) coded to Amike; three militants were killed, two were arrested and an unspecified number escaped with gunshot wounds.",0.7864406779661017,0.93,0.134326961177572,0.3337114964945496,0.1329903855818861,0.1329903855818861,0.1329903855818861,0.1329903855818861
llama3.2:3b,NIG25519,B,V,0.95,"{""V"": 0.95, ""B"": 0.01, ""E"": 0.02, ""P"": 0.01, ""R"": 0.01, ""S"": 0.0}",,2.19,Unidentified Armed Group (Nigeria),"On 5 July 2022, an unidentified armed group killed a policeman during an attempt to assassinate the deputy governorship candidate of the APC at the GRA axis of Port Harcourt (Port Harcourt, Rivers).",0.7864406779661017,0.9499999999999998,0.33861823390414764,0.1322737077229026,0.13360308058636017,0.1322737077229026,0.1322737077229026,0.13095756234044575
llama3.2:3b,NIG24877,V,V,0.95,"{""V"": 0.95, ""B"": 0.01, ""E"": 0.02, ""P"": 0.01, ""R"": 0.01, ""S"": 0.0}",,2.23,Unidentified Armed Group (Nigeria),"On 17 May 2022, armed individuals attacked the house of the Ikwo Local Government Chairman at Ekpa Omaka (Ikwo, Ebonyi) and killed four person. Three of the victims were relatives of the chairman who was not at home at the time, the fourth person was the gate keeper, the assailants set the house ablaze. The Chairman's life had been under threat since he assumed office and there had been attempts to burn his house on several occasions but were prevented by security operatives.",0.7864406779661017,0.9499999999999998,0.33861823390414764,0.1322737077229026,0.13360308058636017,0.1322737077229026,0.1322737077229026,0.13095756234044575
llama3.2:3b,NIG23685,B,B,0.99,"{""V"": 0.01, ""B"": 0.99, ""E"": 0.0, ""P"": 0.0, ""R"": 0.0, ""S"": 0.0}",,2.28,Police Forces of Nigeria (2015-2023),"On 12 February 2022, Nigerian police and military forces, together with local vigilantes, engaged Niger militiamen in a clash in Nasko (Magama, Niger), after the militiamen attacked civilians at villages around Nasko (coded separately). Scores of militiamen were killed; 20 abductees were rescued, large herds of cattle, weapons and ammunition were recovered. Scores of fatalities coded as 20.",0.7864406779661017,0.99,0.13115346521695664,0.3494526690479928,0.12984846643367523,0.12984846643367523,0.12984846643367523,0.12984846643367523
llama3.2:3b,NIG22254,P,P,0.98,"{""V"": 0.01, ""B"": 0.01, ""E"": 0.0, ""P"": 0.98, ""R"": 0.02, ""S"": 0.01}",,2.33,Protesters (Nigeria),"On 11 October 2021, locals from Ovwor community protested against the alleged illegal collection of levies by the principal of a government-owned school in Ovwor (Ughelli South, Delta), coded as Okwagbe. A majority of the protesters were women.",0.7864406779661017,0.98,0.13092356364407806,0.13092356364407806,0.12962085241966811,0.3453690893137965,0.13223936733395578,0.13092356364407806
llama3.2:3b,NIG23702,V,V,0.98,"{""V"": 0.98, ""B"": 0.01, ""E"": 0.0, ""P"": 0.0, ""R"": 0.01, ""S"": 0.0}",,2.02,Police Forces of Nigeria (2015-2023),"Around 13 February 2022 (as reported), a security operative, presumed police, beat up a truck driver to a coma at the Joita checkpoint on the Wukari-Zaki Biam highway (Wukari, Taraba). The victim was attacked over his refusal to pay an extra 1000 naira to the security operatives at the checkpoint.",0.7864406779661017,0.98,0.3467286909196672,0.13143896555144177,0.13013112599236756,0.13013112599236756,0.13143896555144177,0.13013112599236756
llama3.2:3b,NIG18063,B,B,0.81,"{""V"": 0.03, ""B"": 0.81, ""E"": 0.01, ""P"": 0.01, ""R"": 0.01, ""S"": 0.13}",,2.2,Islamic State West Africa Province (ISWAP) - Lake Chad Faction and/or Boko Haram - Jamaatu Ahli is-Sunnah lid-Dawati wal-Jihad,"On 30 August 2020, Boko Haram or ISWAP clashed with military forces along Dikwa-Ngala road in Missini (Ngala LGA, Borno). Material damage reported",0.510752688172043,0.81,0.13836542168359856,0.3018403299067337,0.13562560276579305,0.13562560276579305,0.13562560276579305,0.15291744011198674
llama3.2:3b,NIG34880,S,S,0.73,"{""V"": 0.03, ""B"": 0.01, ""E"": 0.02, ""P"": 0.01, ""R"": 0.04, ""S"": 0.69}",,2.38,Government of Nigeria (2023-),"Security measures: On 30 January 2024, the Osun State Government imposed a 12-hour curfew in Ilobu and Ifon, coded to Ifon (Orolu, Osun), over communal clashes between the two communities.",0.1818181818181818,0.7299999999999999,0.1450265392956751,0.14215482141189073,0.1435835011189003,0.14215482141189073,0.14648408024723528,0.28059623651412713
llama3.2:3b,NIG22492,V,V,0.95,"{""V"": 0.95, ""B"": 0.01, ""E"": 0.02, ""P"": 0.01, ""R"": 0.01, ""S"": 0.0}",,2.02,Katsina Communal Militia (Nigeria),"On 30 October 2021, a Katsina militia attacked and killed an unidentified number of civilians in Ungwan Dudu (Faskari, Katsina), coded as Faskari. The group looted shops during the attack and wounded an unspecified number of individuals. Unknown fatalities coded as 3.",0.7864406779661017,0.9499999999999998,0.33861823390414764,0.1322737077229026,0.13360308058636017,0.1322737077229026,0.1322737077229026,0.13095756234044575
llama3.2:3b,NIG31710,V,V,0.85,"{""V"": 0.85, ""B"": 0.01, ""E"": 0.01, ""P"": 0.01, ""R"": 0.02, ""S"": 0.1}",,1.84,Unidentified Armed Group (Nigeria),"On 15 June 2023, an unidentified armed group killed one person and abducted three others at Yimi community, Gwagwalada Area Council (FCT).",0.7864406779661017,0.85,0.31215395691698333,0.13476014813108927,0.13476014813108927,0.13476014813108927,0.13611451013609396,0.14745108855334263
olmo2:7b,NIG17300,V,V,0.95,"{""V"": 0.95, ""B"": 0.03, ""E"": 0.01, ""P"": 0.01, ""R"": 0.01, ""S"": 0.0}",,1.55,Unidentified Communal Militia (Nigeria),"On 6 June 2020, unidentified gunmen attacked Maigoge (Bali LGA, Taraba) and killed 4 residents. The attack is believed to be related to the ongoing Tiv-Jukun conflict in the area.",0.7563176895306859,0.9499999999999998,0.3381641696185327,0.13476486060551865,0.1320963375738992,0.1320963375738992,0.1320963375738992,0.13078195705391288
olmo2:7b,NIG31066,B,B,0.95,"{""V"": 0.05, ""B"": 0.9, ""E"": 0.02, ""P"": 0.01, ""R"": 0.02, ""S"": 0.02}",,1.72,Military Forces of Nigeria (2015-2023),"On 20 April 2023, troops of 21 Armored Brigade of Operation Hadin Kai, 199 Special Forces Battalion and Civilian JTF clashed with dozens of Boko Haram [JAS] militants at Ukuba and Garin Glucose in Bama LGA (Borno). 9 militants were killed others escaped with bullet wounds, one truck and two 122 artillery guns were recovered by the troops, some women who were held by captive were rescued during the operations which lasted three days.",0.7563176895306859,0.9499999999999998,0.13866215908535692,0.32442048398531625,0.13456407295657732,0.1332251380592703,0.13456407295657732,0.13456407295657732
olmo2:7b,NIG21935,B,V,0.99,"{""V"": 0.99, ""B"": 0.01, ""E"": 0.0, ""P"": 0.0, ""R"": 0.0, ""S"": 0.0}",,1.76,Zamfara Communal Militia (Nigeria),"On 11 September 2021, a Zamfara militias attacked a security forces base in Dan Sadau (Maru, Zamfara). Twelve security personnel, including military and police officers, were killed.",0.7563176895306859,0.99,0.3494526690479928,0.13115346521695664,0.12984846643367523,0.12984846643367523,0.12984846643367523,0.12984846643367523
olmo2:7b,NIG34842,B,V,0.85,"{""V"": 0.85, ""B"": 0.05, ""E"": 0.02, ""P"": 0.02, ""R"": 0.03, ""S"": 0.01}",,1.63,Military Forces of Nigeria (2023-),"On 6 February 2024, soldiers attacked policemen at their camp in Sabon Gari area of Mangu (Mangu, Plateau). An unspecified number of policemen were wounded, and they claimed that the attack was unprovoked.",0.7226890756302521,0.85,0.31312922194813425,0.14069802893278674,0.13653977375690166,0.13653977375690166,0.13791202129679303,0.1351811803081695
olmo2:7b,NIG38559,P,P,0.95,"{""V"": 0.02, ""B"": 0.01, ""E"": 0.01, ""P"": 0.95, ""R"": 0.03, ""S"": 0.01}",,1.59,Protesters (Nigeria),"Around 15 September 2024 (as reported), the Otulu community people protested in Asaba (Oshimili South, Delta) over the alleged seizure of their land by the Ogwashi-Uku people. They displayed placards with various inscriptions calling on the government to intervene and stop the seizure of their land.",0.7563176895306859,0.9499999999999998,0.13307235456483035,0.13174826251352065,0.13174826251352065,0.3372731039317797,0.13440975396249055,0.13174826251352065
olmo2:7b,NIG16585,R,V,0.85,"{""V"": 0.85, ""B"": 0.05, ""E"": 0.02, ""P"": 0.02, ""R"": 0.07, ""S"": 0.01}",,1.58,Rioters (Nigeria),"On 20 March 2020, youths clashed with police in Amakohia (Owerri North LGA, Imo), after they refused a police demand to move on when they blocked a local bank during a burial procession. One person was shot and injured by a police officer who fired warning shots to disperse the crowd.",0.7226890756302521,0.85,0.3113767015921118,0.13991057077662084,0.13577558850639412,0.13577558850639412,0.1427369517902168,0.13442459882795096
olmo2:7b,NIG27104,V,V,0.95,"{""V"": 0.95, ""B"": 0.05, ""E"": 0.01, ""P"": 0.01, ""R"": 0.01, ""S"": 0.02}",,1.6,Military Forces of Nigeria (2015-2023),"On 4 September 2021, a soldier opened fire while trying to disperse a crowd during local elections in Gwanki (Makarfi LGA, Kaduna). A girl was killed by a stray bullet.",0.7563176895306859,0.9499999999999998,0.3363598005807328,0.13675368967252433,0.1313915008024755,0.1313915008024755,0.1313915008024755,0.13271200733897995
olmo2:7b,NIG26316,V,V,0.95,"{""V"": 0.95, ""B"": 0.02, ""E"": 0.01, ""P"": 0.01, ""R"": 0.02, ""S"": 0.01}",,1.46,Police Forces of Nigeria (2015-2023),"On 15 September 2022, officials of Yakurr LGA task force beat up a civilian and caused him some burns on his body in Ugep (Yakurr, Cross River) following the victim's refusal to hand over his car keys to the officials who were dressed in mufti. The assailants fled after the victim was wounded.",0.7563176895306859,0.9499999999999998,0.33772477684490704,0.13325056378857908,0.13192469852586564,0.13192469852586564,0.13325056378857908,0.13192469852586564
olmo2:7b,NIG30329,B,V,0.95,"{""V"": 0.95, ""B"": 0.02, ""E"": 0.01, ""P"": 0.01, ""R"": 0.01, ""S"": 0.01}",,1.51,Unidentified Cult Militia (Nigeria),"Around 30 September 2021 (week of), an unidentified cult group killed four suspected members of a rival group in Kuchibena, near the Life Camp, Abuja (Abuja Municipal, FCT). The assailants dismembered the body of one of their victims, chopped off his head and hung it on a stick. The community had been in palpable fear over the incessant cult clashes and killing in the area, prompting the police to request that the slums in the area be demolished. 4 fatalities reported.",0.7563176895306859,0.9499999999999998,0.33817314887578387,0.13342747063698837,0.13209984512172235,0.13209984512172235,0.13209984512172235,0.13209984512172235
olmo2:7b,NIG21980,B,B,0.85,"{""V"": 0.05, ""B"": 0.85, ""E"": 0.01, ""P"": 0.01, ""R"": 0.02, ""S"": 0.07}",,1.51,Military Forces of Nigeria (2015-2023),"Around 16 September 2021 (as reported), military forces clashed with militia members fleeing from Zamfara state in Maiha (Maiha, Adamawa). Some militia members were killed by the soldiers, eleven rocket launchers and three grenades were recovered. Unknown fatalities coded as 10.",0.7226890756302521,0.85,0.1400998442201137,0.3117979373872819,0.1346064507535709,0.1346064507535709,0.13595926807425113,0.1429300488108997
olmo2:7b,NIG34255,B,B,0.95,"{""V"": 0.05, ""B"": 0.9, ""E"": 0.02, ""P"": 0.01, ""R"": 0.02, ""S"": 0.02}",,1.83,Police Forces of Nigeria (2023-),"On 14 December 2023, policemen engaged an unidentified armed group in an armed clash at their hideout in a forest in Emohua LGA (Rivers) and rescued four abductees. Two members of the group were killed.",0.7563176895306859,0.9499999999999998,0.13866215908535692,0.32442048398531625,0.13456407295657732,0.1332251380592703,0.13456407295657732,0.13456407295657732
olmo2:7b,NIG21852,V,E,0.95,"{""V"": 0.02, ""B"": 0.03, ""E"": 0.95, ""P"": 0.01, ""R"": 0.01, ""S"": 0.01}",,1.63,Islamic State West Africa Province (ISWAP) - Lake Chad Faction,"On 30 August 2021, ISWAP claimed an attack on a Christian town in Borno (location coded to Maiduguri, Maiduguri Metro). A church and school were burnt. No reported injuries or fatalities.",0.7563176895306859,0.9499999999999998,0.13307235456483035,0.13440975396249055,0.3372731039317797,0.13174826251352065,0.13174826251352065,0.13174826251352065
olmo2:7b,NIG18752,V,V,0.85,"{""V"": 0.85, ""B"": 0.02, ""E"": 0.01, ""P"": 0.02, ""R"": 0.02, ""S"": 0.08}",,1.78,Police Forces of Nigeria (2015-2023),"On 23 October 2020, Nigerian police forces attacked a journalist in Udu LGA, Delta over the enforcement of the state-wide curfew despite the journalist being on an official assignment. No reported fatalities.",0.7226890756302521,0.85,0.31221983629083816,0.13614323679004667,0.13478858895005932,0.13614323679004667,0.13614323679004667,0.14456186438865032
olmo2:7b,NIG38445,B,V,0.85,"{""V"": 0.85, ""B"": 0.05, ""E"": 0.02, ""P"": 0.01, ""R"": 0.03, ""S"": 0.03}",,1.55,SEC: Supreme Eiye Confraternity (Nigeria),"On 5 August 2024, the Buccaneers and Eiye clashed and killed one person in Ake Junction, Abeokuta (Abeokuta South, Ogun).",0.7226890756302521,0.85,0.312700119977771,0.14050522098894275,0.1363526641489656,0.13499593247193956,0.13772303120603416,0.13772303120603416
olmo2:7b,NIG35617,B,B,0.95,"{""V"": 0.05, ""B"": 0.9, ""E"": 0.02, ""P"": 0.01, ""R"": 0.02, ""S"": 0.02}",,1.42,Military Forces of Nigeria (2023-),"On 15 March 2024, Nigerian troops raided the hideout of a Katsina militia and engaged them in an armed clash at Dutsen Kura in Batsari LGA (Batsari, Katsina). Two militia members were killed, one 81mm mortar bomb among other items were recovered by the troops.",0.7563176895306859,0.9499999999999998,0.13866215908535692,0.32442048398531625,0.13456407295657732,0.1332251380592703,0.13456407295657732,0.13456407295657732
olmo2:7b,NIG34375,S,E,0.95,"{""V"": 0.05, ""B"": 0.02, ""E"": 0.95, ""P"": 0.0, ""R"": 0.01, ""S"": 0.02}",,1.47,Islamic State West Africa Province (ISWAP),"Looting: On 26 December 2023, ISWAP raided and looted drugs from a Primary Health Care center in Mainok (Kaga, Borno).",0.7563176895306859,0.9499999999999998,0.13675189285390696,0.13271026362437813,0.33635538112007135,0.1300824243388052,0.13138977443812386,0.13271026362437813
olmo2:7b,NIG26000,V,V,0.95,"{""V"": 0.95, ""B"": 0.03, ""E"": 0.01, ""P"": 0.01, ""R"": 0.01, ""S"": 0.0}",,1.4,Igbide Communal Militia (Nigeria),"On 5 September 2022, a presumed faction of Igbide communal militia killed one person and wounded the vice president of a faction of the community at Igbide (Isoko South, Delta). The two victims were driving together when they were shot by the assailants, soldiers were deployed to the area to restore calm.",0.7563176895306859,0.9499999999999998,0.3381641696185327,0.13476486060551865,0.1320963375738992,0.1320963375738992,0.1320963375738992,0.13078195705391288
olmo2:7b,NIG30514,B,B,0.95,"{""V"": 0.05, ""B"": 0.9, ""E"": 0.02, ""P"": 0.01, ""R"": 0.02, ""S"": 0.02}",,1.85,Police Forces of Nigeria (2015-2023),"On 13 March 2023, policemen attached to Operation Whirl Punch engaged a Kaduna militia in an armed clash, after the militia blocked the Galadimawa-Tumbruku road (Giwa, Kaduna). One militia member was killed, others fled with bullet wounds and the policemen recovered one rifle and two live rounds of ammunition.",0.7563176895306859,0.9499999999999998,0.13866215908535692,0.32442048398531625,0.13456407295657732,0.1332251380592703,0.13456407295657732,0.13456407295657732
olmo2:7b,NIG36992,V,V,0.95,"{""V"": 0.95, ""B"": 0.03, ""E"": 0.01, ""P"": 0.01, ""R"": 0.01, ""S"": 0.0}",,1.57,Islamic State West Africa Province (ISWAP),"On 19 May 2024, ISWAP fighters abducted a man and later killed him along the Banki-Kumshe Road near Kumshe (Bama, Borno). They also stole an unspecified number of bicycles belonging to IDPs.",0.7563176895306859,0.9499999999999998,0.3381641696185327,0.13476486060551865,0.1320963375738992,0.1320963375738992,0.1320963375738992,0.13078195705391288
olmo2:7b,NIG29598,B,V,0.95,"{""V"": 0.95, ""B"": 0.03, ""E"": 0.01, ""P"": 0.01, ""R"": 0.01, ""S"": 0.0}",,1.4,Police Forces of Nigeria (2015-2023),"On 7 January 2023, the police and the local hunters attacked an unidentified armed group in their enclave in Mansur forest, Mansur (Alkaleri, Bauchi). The police shot and killed two members of the group during a gun battle and recovered a fabricated SMG rifle and three operational motorcycles (Honda Bajaj). 2 fatalities reported.",0.7563176895306859,0.9499999999999998,0.3381641696185327,0.13476486060551865,0.1320963375738992,0.1320963375738992,0.1320963375738992,0.13078195705391288
olmo2:7b,NIG29112,B,V,0.95,"{""V"": 0.95, ""B"": 0.03, ""E"": 0.01, ""P"": 0.01, ""R"": 0.01, ""S"": 0.0}",,1.7,Military Forces of Nigeria (2015-2023),"On 19 December 2022, Nigerian troops in collaboration with the police and DSS clashed with IPOB militants when they raided their camp at Umuleje Amaeze in Ishielu LGA (Ebonyi). Four militants were killed, weapons, ammunition, 13 military hand grenades and other items were recovered.",0.7563176895306859,0.9499999999999998,0.3381641696185327,0.13476486060551865,0.1320963375738992,0.1320963375738992,0.1320963375738992,0.13078195705391288
olmo2:7b,NIG34705,S,S,0.85,"{""V"": 0.05, ""B"": 0.04, ""E"": 0.02, ""P"": 0.03, ""R"": 0.06, ""S"": 0.8}",,1.42,Government of Nigeria (2023-),"Security measures: On 23 January 2024, the governor of Plateau state imposed a 24 hour curfew on Mangu LGA (Plateau) following violence which broke out in different parts of the town [coded separately].",0.7226890756302521,0.85,0.141487859246712,0.14008003152473292,0.13730626105731164,0.13868621192264005,0.1429098358725227,0.2995298003757811
olmo2:7b,NIG29332,V,V,0.95,"{""V"": 0.95, ""B"": 0.02, ""E"": 0.01, ""P"": 0.01, ""R"": 0.01, ""S"": 0.01}",,1.48,Kaduna Communal Militia (Nigeria),"On 25 December 2022, a Kaduna militia on motorcycles attacked civilians at Anguwan Aku in Kajuru LGA (Kaduna) and conducted a house to house search. One person was killed; 53 person were abducted, 7 persons among the abductees escaped and 45 others were taken away.",0.7563176895306859,0.9499999999999998,0.33817314887578387,0.13342747063698837,0.13209984512172235,0.13209984512172235,0.13209984512172235,0.13209984512172235
olmo2:7b,NIG21210,B,V,0.95,"{""V"": 0.95, ""B"": 0.03, ""E"": 0.01, ""P"": 0.01, ""R"": 0.01, ""S"": 0.0}",,1.58,Military Forces of Nigeria (2015-2023),"On 26 June 2021, military and police members of the Task Force killed two kidnappers in Koton-Karfe (Kogi LGA, Kogi).",0.7563176895306859,0.9499999999999998,0.3381641696185327,0.13476486060551865,0.1320963375738992,0.1320963375738992,0.1320963375738992,0.13078195705391288
olmo2:7b,NIG21090,B,B,0.85,"{""V"": 0.05, ""B"": 0.85, ""E"": 0.02, ""P"": 0.01, ""R"": 0.03, ""S"": 0.03}",,1.64,Police Forces of Nigeria (2015-2023),"On 17 June 2021, ISWAP fighters clashed with Nigerian police operatives following an attack on Gujba town (Gujba LGA, Yobe). At least three policemen were killed. ISWAP fighters also looted medical supplies and set properties and houses ablaze.",0.7226890756302521,0.85,0.14050522098894275,0.312700119977771,0.1363526641489656,0.13499593247193956,0.13772303120603416,0.13772303120603416
olmo2:7b,NIG35108,V,V,0.85,"{""V"": 0.85, ""B"": 0.05, ""E"": 0.02, ""P"": 0.01, ""R"": 0.03, ""S"": 0.03}",,1.76,Military Forces of Nigeria (2023-),"On 15 February 2024, a Naval officer shot and killed a man at a military checkpoint at Owerri-Nta (Isiala Ngwa South, Abia) after he refused to stop at the checkpoint. The Navy claimed that the victim was shot because he was struggling for a gun with the soldier after he was invited over an allegation of theft levelled against him.",0.7226890756302521,0.85,0.312700119977771,0.14050522098894275,0.1363526641489656,0.13499593247193956,0.13772303120603416,0.13772303120603416
olmo2:7b,NIG19404,B,B,0.95,"{""V"": 0.05, ""B"": 0.9, ""E"": 0.02, ""P"": 0.01, ""R"": 0.02, ""S"": 0.02}",,1.48,Military Forces of Nigeria (2015-2023),"On 9 January 2021, Nigerian military troops clashed with Boko Haram elements at Gonan Kaji Village along Damaturu-Buni Yadi Road (Gujba LGA, Yobe), killing 30 militants and recovering weapons and ammunition.",0.7563176895306859,0.9499999999999998,0.13866215908535692,0.32442048398531625,0.13456407295657732,0.1332251380592703,0.13456407295657732,0.13456407295657732
olmo2:7b,NIG36383,S,R,0.95,"{""V"": 0.05, ""B"": 0.03, ""E"": 0.02, ""P"": 0.01, ""R"": 0.95, ""S"": 0.03}",,1.42,Police Forces of Nigeria (2023-),"On 12 January 2024, the Nigerian police arrested a Kaduna militia's kingpin around the Abuja-Kaduna Road flyover by Rido Junction, coded to Rido (Chikun, Kaduna). The kingpin was responsible for many high-profile attacks and abductions in the area. The police recovered forty- eight AK-47 rifles from him.",0.7563176895306859,0.9499999999999998,0.13603155679854959,0.1333379515017908,0.13201121671680263,0.13069768316349584,0.3345836403172358,0.1333379515017908
olmo2:7b,NIG38569,B,B,0.85,"{""V"": 0.05, ""B"": 0.85, ""E"": 0.01, ""P"": 0.01, ""R"": 0.01, ""S"": 0.07}",,1.47,Military Forces of Nigeria (2023-),"On 17 September 2024, the Nigerian troops clashed with a Kaduna militia, killing two in an ambush at Hayin Nakwakina village in Giwa LGA, coded to Hayin Kanwa (Giwa, Kaduna). The troops recovered two motorcycles, a mobile phone, and machetes.",0.7226890756302521,0.85,0.14028963046211468,0.3122203144365198,0.13478879537058183,0.13478879537058183,0.13478879537058183,0.14312366898930776
olmo2:7b,NIG20519,P,P,0.95,"{""V"": 0.02, ""B"": 0.01, ""E"": 0.01, ""P"": 0.95, ""R"": 0.03, ""S"": 0.01}",,1.66,Protesters (Nigeria),"On 22 April 2021, the Osun Chapter of the Nigerian Bar Association with the Judiciary Staff Union of Nigeria staged protest marches on major roads and at the Governor's Office in Oshogbo (Osogbo LGA, Ogun) to demand for the autonomy of the judiciary and legislature.",0.7563176895306859,0.9499999999999998,0.13307235456483035,0.13174826251352065,0.13174826251352065,0.3372731039317797,0.13440975396249055,0.13174826251352065
olmo2:7b,NIG22612,V,V,0.95,"{""V"": 0.95, ""B"": 0.02, ""E"": 0.01, ""P"": 0.01, ""R"": 0.02, ""S"": 0.01}",,1.74,Zamfara Communal Militia (Nigeria),"On 14 November 2021, members of a Zamfara militia numbering up to a hundred attacked Kwarin Mai Saje (Tsafe, Gusau), coded as Tsafe, raped an unspecified number of women, abducted six persons and looted valuables. The attack was a punitive measure on the village over its failure to pay a levy imposed by the militia.",0.7563176895306859,0.9499999999999998,0.33772477684490704,0.13325056378857908,0.13192469852586564,0.13192469852586564,0.13325056378857908,0.13192469852586564
olmo2:7b,NIG36868,B,B,0.85,"{""V"": 0.05, ""B"": 0.85, ""E"": 0.01, ""P"": 0.01, ""R"": 0.01, ""S"": 0.02}",,1.43,Military Forces of Nigeria (2023-),"Around 21 June 2024 (as reported), Nigerian troops, hunters and KSVS clashed with a Kogi militia at a ransom collection point in the Okunran Okoloke area, coded to Okoloke (Yagba West, Kogi). The troops killed one of the militiamen and recovered an AK-47 rifle with a magazine containing 15 rounds of 7.62 mm (Special) ammunition and one motorcycle.",0.7226890756302521,0.85,0.14127576691918992,0.3144150014828193,0.1357362648641028,0.1357362648641028,0.1357362648641028,0.13710043700536792
olmo2:7b,NIG35481,B,B,0.95,"{""V"": 0.05, ""B"": 0.9, ""E"": 0.02, ""P"": 0.01, ""R"": 0.02, ""S"": 0.02}",,1.67,Military Forces of Nigeria (2023-),"On 10 March 2024, military forces together with hybrid forces, coded as Civilian JTF engaged Boko Haram/ ISWAP militants in an armed clash at their enclave at Ukuba in Sambisa Forest Reserve (Gwoza, Borno). 8 militants were killed, 5 locally fabricated guns, two motorcycles and assorted food items were recovered by the troops.",0.7563176895306859,0.9499999999999998,0.13866215908535692,0.32442048398531625,0.13456407295657732,0.1332251380592703,0.13456407295657732,0.13456407295657732
olmo2:7b,NIG29019,P,P,0.95,"{""V"": 0.02, ""B"": 0.01, ""E"": 0.01, ""P"": 0.95, ""R"": 0.03, ""S"": 0.01}",,1.56,Protesters (Nigeria),"On 7 December 2022, members of the Kaduna state chapter of ARPON protested at the Kaduna state police command (Kaduna North, Kaduna) to demand that the National Assembly urgently pass the two police bills that are before the house in order to address the challenges faced by its members.",0.7563176895306859,0.9499999999999998,0.13307235456483035,0.13174826251352065,0.13174826251352065,0.3372731039317797,0.13440975396249055,0.13174826251352065
olmo2:7b,NIG16121,B,B,0.85,"{""V"": 0.05, ""B"": 0.85, ""E"": 0.01, ""P"": 0.01, ""R"": 0.01, ""S"": 0.02}",,1.54,Military Forces of Nigeria (2015-2023),"On 20 January 2020, Nigerian Armed Forces, Cameroon Armed Forces and Civilian JTF clashed with Boko Haram (JAS) at Abbaram. Other villages include Nguzuwa and Cina (Bama LGA, Borno, no locations found coded as Bama (Borno, Bama)). 5 BH fighters were killed and abducted civilians rescued. Fatalities split between 2 events.",0.7226890756302521,0.85,0.14127576691918992,0.3144150014828193,0.1357362648641028,0.1357362648641028,0.1357362648641028,0.13710043700536792
olmo2:7b,NIG38088,V,V,0.95,"{""V"": 0.95, ""B"": 0.02, ""E"": 0.01, ""P"": 0.01, ""R"": 0.01, ""S"": 0.01}",,1.55,Katsina Communal Militia (Nigeria),"On 24 July 2024, a Katsina militia attacked and killed two people in Godiya village, coded as Ruwan Godiya (Faskari, Katsina). An unspecified number of others were injured and abducted.",0.7563176895306859,0.9499999999999998,0.33817314887578387,0.13342747063698837,0.13209984512172235,0.13209984512172235,0.13209984512172235,0.13209984512172235
olmo2:7b,NIG22187,V,V,0.7,"{""V"": 0.7, ""B"": 0.05, ""E"": 0.02, ""P"": 0.02, ""R"": 0.05, ""S"": 0.15}",,1.55,Unidentified Armed Group (Nigeria),"On 4 October 2021, unidentified armed men shot sporadically while enforcing a sit at home order in Owerri (Owerri Municipal, Imo). Casualties unknown. Police sources denied reports of the attack.",0.5714285714285714,0.7,0.2751580175056559,0.1436450809807614,0.13939972725399366,0.13939972725399366,0.1436450809807614,0.15875236602455883
olmo2:7b,NIG34305,B,V,0.95,"{""V"": 0.95, ""B"": 0.03, ""E"": 0.01, ""P"": 0.01, ""R"": 0.01, ""S"": 0.0}",,1.38,Unidentified Armed Group (Nigeria),"On 18 December 2023, an unidentified armed group killed the police orderly of a high court judge, then proceeded to abduct the judge and her driver as they were traveling along Okobo axis of Oron-Uyo road (Oron, Akwa Ibom). The assailants had posed as a local defense militia on the road. The abductees were released on 23 December, there are no reports on ransom payment.",0.7563176895306859,0.9499999999999998,0.3381641696185327,0.13476486060551865,0.1320963375738992,0.1320963375738992,0.1320963375738992,0.13078195705391288
olmo2:7b,NIG38025,P,P,0.95,"{""V"": 0.02, ""B"": 0.01, ""E"": 0.01, ""P"": 0.95, ""R"": 0.02, ""S"": 0.01}",,1.65,Protesters (Nigeria),"On 6 August 2024, protesters marched, in their large number, to the residence of the former Governor of Rivers State and Minister of the Federal Capital Territory in Port Harcourt (Port Harcourt, Rivers). They displayed placards with various inscriptions decrying the high cost of living and alleged bad governance in Nigeria.",0.7563176895306859,0.9499999999999998,0.13325056378857908,0.13192469852586564,0.13192469852586564,0.33772477684490704,0.13325056378857908,0.13192469852586564
olmo2:7b,NIG34649,E,E,0.95,"{""V"": 0.02, ""B"": 0.03, ""E"": 0.95, ""P"": 0.0, ""R"": 0.01, ""S"": 0.01}",,1.82,Islamic State West Africa Province (ISWAP),"On 14 January 2024, ISWAP claimed to have fired two mortal shells at the Nigerian Army's position in Nduva (Damboa, Borno). There were no fatalities.",0.7563176895306859,0.9499999999999998,0.13324703037751082,0.13458618529627403,0.33771582138212625,0.13060856239810104,0.13192120027282495,0.13192120027282495
olmo2:7b,NIG25857,V,V,0.85,"{""V"": 0.85, ""B"": 0.05, ""E"": 0.02, ""P"": 0.01, ""R"": 0.03, ""S"": 0.03}",,1.58,Unidentified Armed Group (Nigeria),"On 29 July 2022, an unidentified armed group abducted a gold miner and his driver along Ilesa-Oshogbo (Osogbo, Osun). A ransom of 100 million naira was demanded for the miner, the victims were released around 8 August after 20 million naira was paid as ransom.",0.7226890756302521,0.85,0.312700119977771,0.14050522098894275,0.1363526641489656,0.13499593247193956,0.13772303120603416,0.13772303120603416
olmo2:7b,NIG21924,B,V,0.95,"{""V"": 0.95, ""B"": 0.03, ""E"": 0.01, ""P"": 0.01, ""R"": 0.01, ""S"": 0.0}",,1.5,Unidentified Armed Group (Nigeria),"On 9 September 2021, gunmen engaged police officers in an armed clash that led to the killing of three police officers and the abduction of an unspecified number of expatriates in Akukutoru LGA (Rivers) coded as Abonnema. The abducted expatriates were released around 4 October.",0.7563176895306859,0.9499999999999998,0.3381641696185327,0.13476486060551865,0.1320963375738992,0.1320963375738992,0.1320963375738992,0.13078195705391288
olmo2:7b,NIG35468,V,R,0.85,"{""V"": 0.05, ""B"": 0.02, ""E"": 0.01, ""P"": 0.07, ""R"": 0.85, ""S"": 0.02}",,1.39,Unidentified Armed Group (Nigeria),"On 10 March 2024, an unidentified armed group numbering six abducted a Chinese national from a guest house around Eyenkorin in Ilorin (Ilorin West, Kwara) where he was lodged. The police claimed to have arrested three suspects in connection with the abduction. The abductee was rescued on 19 March by operatives of the state police command (there are no further details on ransom payment or a clash).",0.7226890756302521,0.85,0.13991057077662084,0.13577558850639412,0.13442459882795096,0.1427369517902168,0.3113767015921118,0.13577558850639412
olmo2:7b,NIG23775,E,E,0.99,"{""V"": 0.01, ""B"": 0.02, ""E"": 0.99, ""P"": 0.01, ""R"": 0.01, ""S"": 0.0}",,1.66,Military Forces of Nigeria (2015-2023),"Around 13 February 2022 (as reported), Nigerian troops carried out airstrikes against ISWAP camps in Tumbun Kaiyowa (Abadan, Borno), Tumbun Madayi, Tumbun Allura, Parisu and Njimia [coded separately]. Five militant leaders were killed in the strikes across the locations, five fatalities split across five events, coded as 1.",0.7563176895306859,0.99,0.1304706976276547,0.1317819499384006,0.34763346468289014,0.1304706976276547,0.1304706976276547,0.12917249249539753
olmo2:7b,NIG27039,B,R,0.85,"{""V"": 0.05, ""B"": 0.08, ""E"": 0.02, ""P"": 0.02, ""R"": 0.85, ""S"": 0.0}",,1.46,Police Forces of Nigeria (2015-2023),"On 13 May 2021, an unidentified armed group attacked Moniokoro police station Rumuola (Obio, Rivers). Casualties unknown.",0.7226890756302521,0.85,0.13989700313045217,0.14415750116228376,0.13576242184476897,0.13576242184476897,0.3113465062402601,0.1330741457771546
olmo2:7b,NIG32699,V,V,0.95,"{""V"": 0.95, ""B"": 0.03, ""E"": 0.01, ""P"": 0.01, ""R"": 0.01, ""S"": 0.0}",,1.75,Zamfara Communal Militia (Nigeria),"On 9 September 2023, a Zamfara militia abducted over 50 civilians around Darita forest while they were on transit to Bagega (Anka, Zamfara) for the weekly market. One of the abductees who escaped claimed that the militiamen were followers of Halilu Buzu and that the abduction was a response to the government's closure of the Bagega cattle market.",0.7563176895306859,0.9499999999999998,0.3381641696185327,0.13476486060551865,0.1320963375738992,0.1320963375738992,0.1320963375738992,0.13078195705391288
olmo2:7b,NIG29483,E,E,0.95,"{""V"": 0.02, ""B"": 0.03, ""E"": 0.95, ""P"": 0.0, ""R"": 0.01, ""S"": 0.01}",,1.5,Military Forces of Nigeria (2015-2023),"On 7 July 2022, the Nigerian Airforce accidentally killed one person and injured 13 others in an air strike targeting some camps of militiamen in Kunkuna (Safana, Katsina). 1 fatality reported.",0.7563176895306859,0.9499999999999998,0.13324703037751082,0.13458618529627403,0.33771582138212625,0.13060856239810104,0.13192120027282495,0.13192120027282495
olmo2:7b,NIG25991,B,B,0.95,"{""V"": 0.05, ""B"": 0.9, ""E"": 0.02, ""P"": 0.01, ""R"": 0.02, ""S"": 0.02}",,1.52,Military Forces of Nigeria (2015-2023),"On 3 September 2022, Nigerian troops on a fighting patrol clashed with a Kaduna militia at Farin-Ruwa (Birnin Gwari, Kaduna), Dogon Dawa-Kuyelo and Sabon Birni [coded separately]. Three militiamen were killed, two rifles, nine magazines, seven Boafeng communication radio and other items were recovered by the troops. 3 fatalities split across 3 events coded as 1.",0.7563176895306859,0.9499999999999998,0.13866215908535692,0.32442048398531625,0.13456407295657732,0.1332251380592703,0.13456407295657732,0.13456407295657732
olmo2:7b,NIG26004,V,V,0.95,"{""V"": 0.95, ""B"": 0.02, ""E"": 0.01, ""P"": 0.01, ""R"": 0.02, ""S"": 0.05}",,1.72,Kaduna Communal Militia (Nigeria),"On 6 September 2022, a Kaduna militia attacked civilians when they invaded Katun Gida in Idon (Kajuru, Kaduna) and shot sporadically. Two persons who were siblings were killed, 13 others were abducted; three of whom escaped, one other man was released by the abductors to tend to his sick wife.",0.7563176895306859,0.9499999999999998,0.3359162210151644,0.13253699137553993,0.13121822627696822,0.13121822627696822,0.13253699137553993,0.1365733436794833
olmo2:7b,NIG19278,P,P,0.95,"{""V"": 0.02, ""B"": 0.01, ""E"": 0.03, ""P"": 0.95, ""R"": 0.02, ""S"": 0.01}",,1.8,Protesters (Nigeria),"On 17 December 2020, members of the Coalition of Northern Groups (CNG) staged a demonstration in Katsina State to demand that the government rescue hundreds of male schoolboys kidnapped from Government Science Secondary School in Kankara.",0.7563176895306859,0.9499999999999998,0.13289638751447466,0.13157404636457068,0.1342320184138775,0.3368271138276949,0.13289638751447466,0.13157404636457068
olmo2:7b,NIG28692,B,B,0.85,"{""V"": 0.05, ""B"": 0.85, ""E"": 0.01, ""P"": 0.01, ""R"": 0.01, ""S"": 0.0}",,1.43,Military Forces of Nigeria (2015-2023),"On 10 November 2022, Nigerian troops clashed with a Zamfara militia that had come to evacuate the remains of their colleagues that were killed the previous day [coded separately] at Gando forest, coded to Bukuyum (Bukkuyum, Zamfara). Hundreds of militia members were killed, coded as 100.",0.7226890756302521,0.85,0.14166034224341367,0.3152708896069676,0.1361057607741756,0.1361057607741756,0.1361057607741756,0.1347514858267766
olmo2:7b,NIG34229,B,B,0.85,"{""V"": 0.05, ""B"": 0.85, ""E"": 0.01, ""P"": 0.01, ""R"": 0.01, ""S"": 0.02}",,1.44,Military Forces of Nigeria (2023-),"On 15 December 2023, Nigerian troops engaged a Kaduna militia in an armed clash along Dende - Buruku road (Chikun, Kaduna). Several militiamen fled with gunshot wounds, one loaded rifle was recovered by the troops.",0.7226890756302521,0.85,0.14127576691918992,0.3144150014828193,0.1357362648641028,0.1357362648641028,0.1357362648641028,0.13710043700536792
olmo2:7b,NIG33741,S,S,0.85,"{""V"": 0.05, ""B"": 0.03, ""E"": 0.02, ""P"": 0.01, ""R"": 0.04, ""S"": 0.77}",,1.45,Military Forces of Nigeria (2023-),"Around 17 November 2023, the Security Joint Task Force, including the police, the military and NSCDC, arrested 135 people at various locations in Abuja (Abuja Municipal, Federal Capital Territory). They raided various locations in a clearance operation to get the hoodlums off the city. The suspects were arrested for various offences.",0.7226890756302521,0.85,0.1437625038522575,0.1409158155472401,0.13951367975517348,0.13812549544734418,0.14233204303829167,0.29535046235939766
olmo2:7b,NIG36519,E,E,0.95,"{""V"": 0.05, ""B"": 0.02, ""E"": 0.95, ""P"": 0.0, ""R"": 0.01, ""S"": 0.02}",,1.49,Military Forces of Nigeria (2023-),"On 3 May 2024, the air component of Operation Hadin Kai conducted an airstrike which targeted Boko Haram/ ISWAP militants at Chinine (Gwoza, Borno). Seven gun trucks which were observed at the location were targeted, several militants were killed and logistics were destroyed. Fatalities coded as 10.",0.7563176895306859,0.9499999999999998,0.13675189285390696,0.13271026362437813,0.33635538112007135,0.1300824243388052,0.13138977443812386,0.13271026362437813
olmo2:7b,NIG22019,V,V,0.95,"{""V"": 0.95, ""B"": 0.03, ""E"": 0.01, ""P"": 0.01, ""R"": 0.01, ""S"": 0.0}",,1.61,Sokoto Communal Militia (Nigeria),"On 19 September 2021, a Sokoto miltia attacked civilians including women and children in Saminaka village, along the Bale-Tangaza road (Tangaza, Sokoto), coded to Gidan Madi. Six people were killed in the attack, which was reportedly a reprisal for the armed group members that were killed by residents of Tangaza LGA (coded separately).",0.7563176895306859,0.9499999999999998,0.3381641696185327,0.13476486060551865,0.1320963375738992,0.1320963375738992,0.1320963375738992,0.13078195705391288
olmo2:7b,NIG31180,B,B,0.85,"{""V"": 0.05, ""B"": 0.85, ""E"": 0.01, ""P"": 0.01, ""R"": 0.01, ""S"": 0.07}",,1.65,Military Forces of Nigeria (2015-2023),"On 21 April 2023, Nigerian troops clashed with suspected IPOB militants when they raided their camps within 9th Mile (Udi, Enugu) and Nkanu East LGA [coded separately]. One militant was killed, 7 others were arrested, the makeshift camps were destroyed and other items were recovered. Fatality split across 2 events, coded to 0.",0.7226890756302521,0.85,0.14028963046211468,0.3122203144365198,0.13478879537058183,0.13478879537058183,0.13478879537058183,0.14312366898930776
olmo2:7b,NIG21998,V,V,0.95,"{""V"": 0.95, ""B"": 0.03, ""E"": 0.01, ""P"": 0.01, ""R"": 0.01, ""S"": 0.0}",,1.55,Fulani Ethnic Militia (Nigeria),"On 1 August 2021, suspected Fulani pastoralists attacked and killed seven persons, while nine others were wounded in Kpachudu (Bassa, Plateau), coded as Bassa. The police claims four people were killed and fifty houses burnt.",0.7563176895306859,0.9499999999999998,0.3381641696185327,0.13476486060551865,0.1320963375738992,0.1320963375738992,0.1320963375738992,0.13078195705391288
olmo2:7b,NIG38655,B,V,0.95,"{""V"": 0.95, ""B"": 0.02, ""E"": 0.01, ""P"": 0.01, ""R"": 0.01, ""S"": 0.01}",,1.62,Black Axe (Nigeria),"On 14 August 2024, the Aye (Black Axe) and the Eiye clashed and killed one person at Oki Olodo (Lagelu, Oyo).",0.7563176895306859,0.9499999999999998,0.33817314887578387,0.13342747063698837,0.13209984512172235,0.13209984512172235,0.13209984512172235,0.13209984512172235
olmo2:7b,NIG17122,B,V,0.85,"{""V"": 0.85, ""B"": 0.05, ""E"": 0.02, ""P"": 0.01, ""R"": 0.03, ""S"": 0.03}",,1.45,Urum Communal Militia (Nigeria),"On 27 May 2020, communal militias from Urum and Achalla clashed over a parcel of land in Urum (Awka North LGA, Anambra). 1 person was killed and several were reported injured.",0.7226890756302521,0.85,0.312700119977771,0.14050522098894275,0.1363526641489656,0.13499593247193956,0.13772303120603416,0.13772303120603416
olmo2:7b,NIG25126,B,B,0.85,"{""V"": 0.05, ""B"": 0.85, ""E"": 0.01, ""P"": 0.01, ""R"": 0.01, ""S"": 0.08}",,1.63,Military Forces of Nigeria (2015-2023),"On 6 June 2022, Nigerian troops clashed with ISWAP militants at Goniri (Gujba, Yobe). One of the militants' gun trucks was destroyed, casualties are unknown. ISWAP claimed to have launched the attack and succeeded.",0.7226890756302521,0.85,0.14008812535094467,0.31177185656431056,0.1345951913878345,0.1345951913878345,0.1345951913878345,0.14435444392092953
olmo2:7b,NIG17096,R,V,0.95,"{""V"": 0.95, ""B"": 0.03, ""E"": 0.01, ""P"": 0.02, ""R"": 0.03, ""S"": 0.05}",,1.42,Rioters (Nigeria),"Around 24 May 2020 (as reported), three local chiefs and women were burnt by a mob in Oku (Boki LGA, Cross River) over witchcraft allegations. 1 victim died.",0.7563176895306859,0.9499999999999998,0.33458364031723575,0.13333795150179079,0.13069768316349584,0.1320112167168026,0.13333795150179079,0.13603155679854956
olmo2:7b,NIG22555,V,V,0.95,"{""V"": 0.95, ""B"": 0.02, ""E"": 0.01, ""P"": 0.01, ""R"": 0.01, ""S"": 0.01}",,1.44,Police Forces of Nigeria (2015-2023) NSCDC: Nigeria Security and Civil Defence Corps,"On 10 November 2021, a NSCDC officer shot and wounded a man for urinating within the corps' premises in Calabar (Calabar Municipal, Cross River). The victim was taken to the hospital and is in critical condition.",0.7563176895306859,0.9499999999999998,0.33817314887578387,0.13342747063698837,0.13209984512172235,0.13209984512172235,0.13209984512172235,0.13209984512172235
olmo2:7b,NIG35200,B,B,0.85,"{""V"": 0.05, ""B"": 0.85, ""E"": 0.01, ""P"": 0.01, ""R"": 0.01, ""S"": 0.0}",,1.68,Police Forces of Nigeria (2023-),"On 15 February 2024, the Nigerian police clashed with a Kaduna militia trying to abduct some commuters along the Tumburku-Galadimawa Road, coded to Galadimawa (Giwa, Kaduna). The militiamen in large numbers, had blocked the road before the police engaged them. They fled into the bush with gun wounds. The police recovered an AK47 rifle, three AK47 magazines, five rounds of 7.62 x 39mm live ammunition, a Techno mobile phone and two Bajaj motorcycles. There were no fatalities.",0.7226890756302521,0.85,0.14166034224341367,0.3152708896069676,0.1361057607741756,0.1361057607741756,0.1361057607741756,0.1347514858267766
olmo2:7b,NIG35561,P,P,0.95,"{""V"": 0.01, ""B"": 0.0, ""E"": 0.0, ""P"": 0.95, ""R"": 0.03, ""S"": 0.02}",,1.61,Protesters (Nigeria),"On 12 March 2024, IMN members protested at the US Embassy, AMAC, Abuja (Abuja Municipal, FCT), over the Israeli-Palestinian conflict. They submitted a petition demanding the US government intervene in the crisis.",0.7563176895306859,0.9499999999999998,0.13209459263816803,0.13078022948058235,0.13078022948058235,0.3381597026154847,0.13476308041974747,0.13342216536509674
olmo2:7b,NIG24460,V,V,0.99,"{""V"": 0.99, ""B"": 0.01, ""E"": 0.0, ""P"": 0.0, ""R"": 0.0, ""S"": 0.0}",,1.62,Unidentified Armed Group (Nigeria),"On 10 April 2022, armed individuals attacked civilians in Gyambawu / Gyambar (Kanam, Plateau), Wanka, Shuwaka, Dadin Kowa, Kukawa, Gwammadaji, Dungur, Kyaram, Dadda and Wase [coded separately]. At least 106 people were killed in the attacks; over 70 persons, including women and children, were abducted and over 100 houses were burnt. Fatalities split across two events and coded as 53",0.7563176895306859,0.99,0.3494526690479928,0.13115346521695664,0.12984846643367523,0.12984846643367523,0.12984846643367523,0.12984846643367523
olmo2:7b,NIG33963,V,V,0.95,"{""V"": 0.95, ""B"": 0.02, ""E"": 0.01, ""P"": 0.01, ""R"": 0.02, ""S"": 0.01}",,1.43,Unidentified Armed Group (Nigeria),"On 28 November 2023, an unidentified armed group killed two farmers on their farms in Kwambai, also called Kpombal (Takum, Taraba).",0.7563176895306859,0.9499999999999998,0.33772477684490704,0.13325056378857908,0.13192469852586564,0.13192469852586564,0.13325056378857908,0.13192469852586564
olmo2:7b,NIG25204,S,V,0.95,"{""V"": 0.95, ""B"": 0.03, ""E"": 0.01, ""P"": 0.01, ""R"": 0.01, ""S"": 0.0}",,1.63,Bassa Kwomu Communal Militia (Nigeria),"Property destruction: On 9 June 2022, Bassa Kwomu militiamen set eight houses ablaze including the palace of the traditional ruler when they invaded Mozum (Bassa, Kogi). The militiamen were suspected to have been hired from Agatu in Benue state, the attack was a reprisal for the murder of a palm wine tapper [coded separately].",0.7563176895306859,0.9499999999999998,0.3381641696185327,0.13476486060551865,0.1320963375738992,0.1320963375738992,0.1320963375738992,0.13078195705391288
olmo2:7b,NIG36572,S,S,0.85,"{""V"": 0.05, ""B"": 0.03, ""E"": 0.02, ""P"": 0.01, ""R"": 0.04, ""S"": 0.77}",,1.58,Military Forces of Nigeria (2023-),"Weapons seizure: Around 9 May 2024 (as reported), the Nigerian troops intercepted weapons from three gunrunners in the Sukuk community, coded to Kirsinga (Madagali, Adamawa). A locally fabricated Gun, a pistol, 59 rounds of 7.62 mm x 39 ammunition, two locally fabricated guns and 29 cartridges were recovered.",0.7226890756302521,0.85,0.1437625038522575,0.1409158155472401,0.13951367975517348,0.13812549544734418,0.14233204303829167,0.29535046235939766
olmo2:7b,NIG33950,B,S,0.85,"{""V"": 0.05, ""B"": 0.04, ""E"": 0.03, ""P"": 0.01, ""R"": 0.04, ""S"": 0.83}",,1.68,Military Forces of Nigeria (2023-),"On 26 November 2023, troops of the Nigerian army responded to a distress call and raided the hideout of an unidentified armed group in Jalingo (Jalingo, Taraba). Two abductees were rescued, two members of the group were arrested and others fled. It is not clear if a clash occurred, casualties are unknown.",0.7226890756302521,0.85,0.14079430425083367,0.13939337751636766,0.13800639023581482,0.13527368061700004,0.13939337751636766,0.3071388698633091
olmo2:7b,NIG36315,S,S,0.85,"{""V"": 0.05, ""B"": 0.03, ""E"": 0.02, ""P"": 0.01, ""R"": 0.04, ""S"": 0.77}",,1.55,Military Forces of Nigeria (2023-),"Property destruction: Around 24 April 2024 (as reported), Nigerian troops and Katsina state Civilian JTF cleared suspected hideouts of Katsina militias at Shawu, Dugun Fakwu and Tafki villages in Faskari LGA (Katsina). One fabricated gun and other weapons were recovered.",0.7226890756302521,0.85,0.1437625038522575,0.1409158155472401,0.13951367975517348,0.13812549544734418,0.14233204303829167,0.29535046235939766
olmo2:7b,NIG23414,R,V,0.85,"{""V"": 0.85, ""B"": 0.05, ""E"": 0.02, ""P"": 0.01, ""R"": 0.03, ""S"": 0.03}",,1.72,Rioters (Nigeria),"On 27 January 2022, a group of motorists tried to attack a soldier at a checkpoint at the Onitsha Bridgehead (Onisha North, Anambra) after a revenue collector was killed by a stray bullet. Reinforcement of soldiers were deployed to dispel the motorists, and the soldier was unharmed.",0.7226890756302521,0.85,0.312700119977771,0.14050522098894275,0.1363526641489656,0.13499593247193956,0.13772303120603416,0.13772303120603416
olmo2:7b,NIG20977,B,B,0.85,"{""V"": 0.05, ""B"": 0.85, ""E"": 0.01, ""P"": 0.01, ""R"": 0.01, ""S"": 0.02}",,1.7,Police Forces of Nigeria (2015-2023),"On 7 June 2021, Nigerian police clashed with a Kaduna communal militia along the Jagindi-Godo-Godo Road (Jemaa LGA, Kaduna) following a distress call about their kidnapping activities in the area. Three kidnapped victims were rescued. No reported fatalities.",0.7226890756302521,0.85,0.14127576691918992,0.3144150014828193,0.1357362648641028,0.1357362648641028,0.1357362648641028,0.13710043700536792
olmo2:7b,NIG37659,B,B,0.85,"{""V"": 0.05, ""B"": 0.85, ""E"": 0.01, ""P"": 0.01, ""R"": 0.01, ""S"": 0.02}",,1.55,Military Forces of Nigeria (2023-),"On 11 July 2024, Nigerian troops of Operation Whirl Stroke clashed with a Taraba militia in Geshi village, Damisa Ward (Donga, Taraba). The troops, acting on intelligence that the militia was attacking Geshi village, responded and confronted the militiamen. The militia escaped with gunshot wounds. The troops trailed them and arrested two and two motorcycles. There were no fatalities.",0.7226890756302521,0.85,0.14127576691918992,0.3144150014828193,0.1357362648641028,0.1357362648641028,0.1357362648641028,0.13710043700536792
olmo2:7b,NIG16810,B,V,0.85,"{""V"": 0.85, ""B"": 0.05, ""E"": 0.02, ""P"": 0.01, ""R"": 0.03, ""S"": 0.03}",,1.65,Agudama Communal Militia (Nigeria),"On 17 April 2020, communal militias from Agudama and Akenfa neighborhoods of Yenagoa (Yenagoa LGA, Bayelsa) clashed over land. 3 people were killed in the clashes.",0.7226890756302521,0.85,0.312700119977771,0.14050522098894275,0.1363526641489656,0.13499593247193956,0.13772303120603416,0.13772303120603416
olmo2:7b,NIG27221,V,V,0.95,"{""V"": 0.95, ""B"": 0.02, ""E"": 0.01, ""P"": 0.01, ""R"": 0.01, ""S"": 0.01}",,1.71,Katsina Communal Militia (Nigeria),"On 27 June 2020, a Katsina militia attacked civilians in Mara Zamfarawa (Dan-Musa, Katsina), three locals were killed and three others were wounded.",0.7563176895306859,0.9499999999999998,0.33817314887578387,0.13342747063698837,0.13209984512172235,0.13209984512172235,0.13209984512172235,0.13209984512172235
olmo2:7b,NIG20782,R,R,0.85,"{""V"": 0.05, ""B"": 0.02, ""E"": 0.03, ""P"": 0.02, ""R"": 0.85, ""S"": 0.04}",,1.5,Rioters (Nigeria),"On 22 May 2021, youth residents clashed with Nigerian custom operatives at Eruwa (Ibarapa East LGA, Oyo) over smuggled election materials in light of the local government elections. Two reported fatalities.",0.7226890756302521,0.85,0.1401211669247363,0.1359799605977153,0.13734658192182095,0.1359799605977153,0.3118453919391257,0.1387269380185746
olmo2:7b,NIG20932,P,P,0.95,"{""V"": 0.01, ""B"": 0.02, ""E"": 0.01, ""P"": 0.95, ""R"": 0.02, ""S"": 0.01}",,1.45,Protesters (Nigeria),"On 3 June 2021, thousands of Urhobo youth led by the Urhobo Progress Union - Youth Wing shut down the Delta State Office of the Niger Delta Development Commission in Warri (Warri South LGA, Delta) in a demonstration against the president's refusal to constitute a new board for the Commission.",0.7563176895306859,0.9499999999999998,0.13192469852586564,0.13325056378857908,0.13192469852586564,0.33772477684490704,0.13325056378857908,0.13192469852586564
olmo2:7b,NIG34685,B,B,0.95,"{""V"": 0.05, ""B"": 0.9, ""E"": 0.02, ""P"": 0.01, ""R"": 0.02, ""S"": 0.02}",,1.5,Military Forces of Nigeria (2023-),"On 21 January 2024, Nigerian troops ambushed and killed a Boko Haram (JAS) fighter in Luskori, coded to Konduga (Konduga, Borno). Another one escaped with gun wounds. The military recovered an AK 47 rifle. There was one fatality.",0.7563176895306859,0.9499999999999998,0.13866215908535692,0.32442048398531625,0.13456407295657732,0.1332251380592703,0.13456407295657732,0.13456407295657732
olmo2:7b,NIG20554,B,B,0.85,"{""V"": 0.05, ""B"": 0.85, ""E"": 0.01, ""P"": 0.01, ""R"": 0.01, ""S"": 0.02}",,1.62,Military Forces of Nigeria (2015-2023),"On 26 April 2021, Nigerian military clashed with ISWAP fighters following an attack on Gwoza LGA (Borno). No reported fatalities.",0.7226890756302521,0.85,0.14127576691918992,0.3144150014828193,0.1357362648641028,0.1357362648641028,0.1357362648641028,0.13710043700536792
olmo2:7b,NIG24442,V,V,0.95,"{""V"": 0.95, ""B"": 0.02, ""E"": 0.01, ""P"": 0.01, ""R"": 0.02, ""S"": 0.01}",,1.45,Fulani Ethnic Militia (Nigeria),"On 7 April 2022, suspected armed pastoralists attacked the Odiguetue community (Ovia North East, Edo) and killed 5 persons. The community leader claimed the assailants had repeatedly invaded the community and destroyed the locals' crops to feed their cattle.",0.7563176895306859,0.9499999999999998,0.33772477684490704,0.13325056378857908,0.13192469852586564,0.13192469852586564,0.13325056378857908,0.13192469852586564
olmo2:7b,NIG19921,B,V,0.95,"{""V"": 0.95, ""B"": 0.03, ""E"": 0.01, ""P"": 0.01, ""R"": 0.01, ""S"": 0.0}",,1.48,Police Forces of Nigeria (2015-2023),"On 25 February 2021, unidentified gunmen clashed with a police patrol team at Akai Effa roundabout in Calabar (Calabar-Municipal LGA, Cross River), Killing some policemen and seizing their weapons and ammunition. Unknown fatalities coded as 3.",0.7563176895306859,0.9499999999999998,0.3381641696185327,0.13476486060551865,0.1320963375738992,0.1320963375738992,0.1320963375738992,0.13078195705391288
olmo2:7b,NIG24883,V,V,0.95,"{""V"": 0.95, ""B"": 0.02, ""E"": 0.01, ""P"": 0.01, ""R"": 0.01, ""S"": 0.01}",,1.49,Unidentified Armed Group (Nigeria),"On 18 May 2022, armed individuals enforcing a sit in order killed a woman at PRODA junction along Enugu-Abakaliki highway, coded to Amorji-Nike (Enugu East, Enugu).",0.7563176895306859,0.9499999999999998,0.33817314887578387,0.13342747063698837,0.13209984512172235,0.13209984512172235,0.13209984512172235,0.13209984512172235
olmo2:7b,NIG17107,V,E,0.95,"{""V"": 0.02, ""B"": 0.01, ""E"": 0.95, ""P"": 0.0, ""R"": 0.01, ""S"": 0.02}",,1.58,Police Forces of Nigeria (2015-2023),"On 26 May 2020, Police officers attacked and detained a group of officers from Lagos State Building Control Agency during an inspection in Aja (Eti-Osa LGA, Lagos). They also shot in the air. No fatalities and/or injuries reported.",0.7563176895306859,0.9499999999999998,0.1334257080707633,0.1320981000933242,0.33816868163551017,0.1307837020359766,0.1320981000933242,0.1334257080707633
olmo2:7b,NIG25091,P,P,0.95,"{""V"": 0.01, ""B"": 0.02, ""E"": 0.0, ""P"": 0.95, ""R"": 0.03, ""S"": 0.01}",,1.57,Protesters (Nigeria),"On 3 June 2022, scores of supporters of former president Goodluck Jonathan protested at the national secretariat of the APC in Abuja (Abuja Municipal, FCT) to demand that the party chose the former president as its presidential candidate for the 2023 elections.",0.7563176895306859,0.9499999999999998,0.13192120027282497,0.13324703037751084,0.13060856239810106,0.3377158213821263,0.13458618529627406,0.13192120027282497
olmo2:7b,NIG31049,B,V,0.85,"{""V"": 0.85, ""B"": 0.05, ""E"": 0.02, ""P"": 0.01, ""R"": 0.03, ""S"": 0.03}",,1.37,Gbagyi Ethnic Militia (Nigeria),"On 24 April 2023, Gbagyi and Hausa ethnic militias clashed in Gwarinpa (Abuja Municipal, FCT). The clash started the previous day and was temporarily brought under control [coded separately]; three persons were killed, several others were wounded and cars were vandalized. Some sources report that the clash resulted from an attempt by the Gbagyi militia to retaliate the robbery of a local politician by a group of Hausa persons. 3 fatalities split across 2 events coded as 1.",0.7226890756302521,0.85,0.312700119977771,0.14050522098894275,0.1363526641489656,0.13499593247193956,0.13772303120603416,0.13772303120603416
olmo2:7b,NIG33543,V,V,0.85,"{""V"": 0.85, ""B"": 0.05, ""E"": 0.02, ""P"": 0.02, ""R"": 0.02, ""S"": 0.04}",,1.6,Unidentified Armed Group (Nigeria),"On 22 October 2023, an unidentified armed group shot and killed one person at Alu Oko, Ebge Egume, Aja-Odi, coded to Agojeju (Ofu, Kogi). No further details.",0.7226890756302521,0.85,0.31227214971785444,0.14031292155538147,0.13616604802256213,0.13616604802256213,0.13616604802256213,0.13891678465876547
olmo2:7b,NIG29194,E,B,0.95,"{""V"": 0.05, ""B"": 0.9, ""E"": 0.02, ""P"": 0.01, ""R"": 0.02, ""S"": 0.02}",,1.56,Military Forces of Nigeria (2015-2023),"Around 12 December 2022 (as reported), the Nigerian Air Force targeted and destroyed camps of Kaduna militias with rockets at Kufita and Kuyanbana forest (Birnin Gwari, Kaduna) and other locations in Igabi LGA, Chikun LGA and Giwa LGA. Several militiamen were killed, and their camps were destroyed, unknown fatalities coded as 3.",0.7563176895306859,0.9499999999999998,0.13866215908535692,0.32442048398531625,0.13456407295657732,0.1332251380592703,0.13456407295657732,0.13456407295657732
olmo2:7b,NIG32631,B,V,0.95,"{""V"": 0.95, ""B"": 0.03, ""E"": 0.01, ""P"": 0.01, ""R"": 0.01, ""S"": 0.0}",,1.89,Military Forces of Nigeria (2023-),"On 23 August 2023, the Nigerian military shot and killed four ISWAP fighters in Pulka (Gwoza, Borno) and Firgi, coded separately. Fatalities split across two locations, 2 coded.",0.7563176895306859,0.9499999999999998,0.3381641696185327,0.13476486060551865,0.1320963375738992,0.1320963375738992,0.1320963375738992,0.13078195705391288
olmo2:7b,NIG19811,E,E,0.95,"{""V"": 0.02, ""B"": 0.03, ""E"": 0.95, ""P"": 0.0, ""R"": 0.01, ""S"": 0.01}",,1.89,Military Forces of Nigeria (2015-2023),"On 14 February 2021, Nigerian military forces conducted airstrikes against Boko Haram fighters in Egiri, Zira 1 and 2 villages in Biu LGA (Borno), following an attack in the area by BH. No reported fatalities.",0.7563176895306859,0.9499999999999998,0.13324703037751082,0.13458618529627403,0.33771582138212625,0.13060856239810104,0.13192120027282495,0.13192120027282495
olmo2:7b,NIG31867,S,S,0.95,"{""V"": 0.05, ""B"": 0.02, ""E"": 0.01, ""P"": 0.01, ""R"": 0.03, ""S"": 0.95}",,1.78,Military Forces of Nigeria (2023-),"Property destruction: Around 26 June 2023 (between 15 June - 6 July), troops of the joint task force of Operation Delta Safe destroyed 30 illegal refining sites across Delta coded to Asaba (Oshimili South, Delta), Bayelsa, Cross River and Rivers states [coded separately]. 125 storage tanks, 227 ovens, 11 dugout pits and 21 wooden boats were recovered, 42 suspected saboteurs were arrested.",0.7563176895306859,0.9499999999999998,0.136391667399592,0.1323606844411677,0.1310436736259042,0.1310436736259042,0.13369093143517627,0.3354693694719203
olmo2:7b,NIG29618,B,V,0.95,"{""V"": 0.95, ""B"": 0.03, ""E"": 0.01, ""P"": 0.01, ""R"": 0.01, ""S"": 0.01}",,1.56,Unidentified Armed Group (Nigeria),"On 17 January 2023, an unidentified armed group shot and killed an inspector of police while patrolling Iheorji Ohanku Road, Aba (Aba South, Abia). The police shot and killed two militiamen and others escaped with gun wounds. The militiamen carted away an AK-47 rifle belonging to the deceased officer. 3 fatalities reported.",0.7563176895306859,0.9499999999999998,0.3377202766656789,0.13458796081160318,0.131922940630595,0.131922940630595,0.131922940630595,0.131922940630595
olmo2:7b,NIG34042,P,P,0.95,"{""V"": 0.01, ""B"": 0.02, ""E"": 0.01, ""P"": 0.95, ""R"": 0.02, ""S"": 0.01}",,1.61,Protesters (Nigeria),"On 4 December 2023, students from four nursing schools in Abia state protested at an examination center in Umuahia (Umuahia North, Abia) against their exclusion from taking the rescheduled examination.",0.7563176895306859,0.9499999999999998,0.13192469852586564,0.13325056378857908,0.13192469852586564,0.33772477684490704,0.13325056378857908,0.13192469852586564
olmo2:7b,NIG19433,P,P,0.95,"{""V"": 0.02, ""B"": 0.01, ""E"": 0.01, ""P"": 0.95, ""R"": 0.03, ""S"": 0.01}",,1.51,Protesters (Nigeria),"On 12 January 2021, members of the Abubakar Tafawa Balewa University chapter of the Senior Staff Association of Nigerian Universities and Non-academic Staff Union of Universities staged protests in Bauchi State over unfair labor practices, the non-payment of salaries, and the failure of the federal government to implement the Memorandum of Understanding it entered with the Unions.",0.7563176895306859,0.9499999999999998,0.13307235456483035,0.13174826251352065,0.13174826251352065,0.3372731039317797,0.13440975396249055,0.13174826251352065
olmo2:7b,NIG24644,P,P,0.89,"{""V"": 0.02, ""B"": 0.01, ""E"": 0.01, ""P"": 0.89, ""R"": 0.01, ""S"": 0.07}",,1.69,Protesters (Nigeria),"On 3 May 2022, members of the PDP in Ogun State protested at the state secretariat of the party in Abeokuta (Abeokuta South, Ogun) against the imposition of ward ad-hoc delegates who the protesters claimed were loyal to the governorship aspirant.",0.7563176895306859,0.8899999999999999,0.13498316140333375,0.1336400565063077,0.1336400565063077,0.3221927729966365,0.1336400565063077,0.14190389608078446
olmo2:7b,NIG34589,E,E,0.95,"{""V"": 0.05, ""B"": 0.02, ""E"": 0.95, ""P"": 0.0, ""R"": 0.01, ""S"": 0.02}",,1.58,Islamic State West Africa Province (ISWAP) and/or Boko Haram - Jamaatu Ahli is-Sunnah lid-Dawati wal-Jihad,"On 16 January 2024, an IED suspected to have been planted by IS/BH triggered and killed two CJTF members in Mafa (Mafa, Borno). The CJTF drove over the explosive device while on routine operations along Mafa/Konduga LGA areas. Eight CJTF members sustained injuries from the explosive. There were two fatalities.",0.7563176895306859,0.9499999999999998,0.13675189285390696,0.13271026362437813,0.33635538112007135,0.1300824243388052,0.13138977443812386,0.13271026362437813
olmo2:7b,NIG24528,B,B,0.95,"{""V"": 0.05, ""B"": 0.9, ""E"": 0.02, ""P"": 0.01, ""R"": 0.02, ""S"": 0.02}",,1.51,Military Forces of Nigeria (2015-2023),"On 19 April 2022, Nigerian troops clashed with an armed group in Chito (Ukum, Benue) and killed three armed individuals. An undisclosed number of weapons, two motorcycles and three phones were recovered.",0.7563176895306859,0.9499999999999998,0.13866215908535692,0.32442048398531625,0.13456407295657732,0.1332251380592703,0.13456407295657732,0.13456407295657732
olmo2:7b,NIG27484,V,V,0.95,"{""V"": 0.95, ""B"": 0.02, ""E"": 0.01, ""P"": 0.01, ""R"": 0.01, ""S"": 0.01}",,1.97,Unidentified Armed Group (Nigeria),"On 12 November 2020, an armed group attacked and killed a commercial motorcyclist at the Ologede junction in Akure (Akure South, Ondo).",0.7563176895306859,0.9499999999999998,0.33817314887578387,0.13342747063698837,0.13209984512172235,0.13209984512172235,0.13209984512172235,0.13209984512172235
olmo2:7b,NIG23779,B,B,0.95,"{""V"": 0.05, ""B"": 0.9, ""E"": 0.02, ""P"": 0.01, ""R"": 0.02, ""S"": 0.02}",,1.62,Military Forces of Niger (2021-2023),"Around 13 February 2022 (between 12 - 15 February), the Nigerien contingent of MNJTF carried out a combined air-ground operation involving air and artillery strikes and ground assaults against Boko Haram (JAS or ISWAP Lake Chad faction) in the areas of Jabulam (Mobbar, Borno) and Abadam (Abadan, Borno) in Nigeria, and Bague Kiessa [Bague Kiessa Koura], Dagaya, Boulayi, and Boula Gana (Bosso, Diffa) in Niger. About twenty militants were killed and weapons and ammo seized. Fatalities are split across six events.",0.7563176895306859,0.9499999999999998,0.13866215908535692,0.32442048398531625,0.13456407295657732,0.1332251380592703,0.13456407295657732,0.13456407295657732
olmo2:7b,NIG22565,B,B,0.95,"{""V"": 0.05, ""B"": 0.9, ""E"": 0.02, ""P"": 0.01, ""R"": 0.02, ""S"": 0.02}",,1.66,Military Forces of Nigeria (2015-2023),"On 10 November 2021, the Nigerian army claimed an ambush against Boko Haram/ISWAP militants in Pulka (Gwoza, Borno). The soldiers collaborated with the CJTF and local militia members. Four militants were killed, weapons were recovered and several others fled with gunshot wounds.",0.7563176895306859,0.9499999999999998,0.13866215908535692,0.32442048398531625,0.13456407295657732,0.1332251380592703,0.13456407295657732,0.13456407295657732
olmo2:7b,NIG34268,P,P,0.95,"{""V"": 0.02, ""B"": 0.01, ""E"": 0.01, ""P"": 0.95, ""R"": 0.02, ""S"": 0.01}",,1.41,Protesters (Nigeria),"On 20 December 2023, members of SSANIP and NASU at Rfus Giwa polytechnic Owo (Owo, Ondo) protested and blocked the school's entrance over the non-payment of their salaries for over 10 months.",0.7563176895306859,0.9499999999999998,0.13325056378857908,0.13192469852586564,0.13192469852586564,0.33772477684490704,0.13325056378857908,0.13192469852586564
olmo2:7b,NIG35732,B,V,0.95,"{""V"": 0.95, ""B"": 0.03, ""E"": 0.01, ""P"": 0.01, ""R"": 0.01, ""S"": 0.0}",,1.53,Police Forces of Nigeria (2023-),"On 25 March 2024, police forces engaged a leader of Greenlanders cult militia in an armed clash at the forest in Anambra, coded to Akinima (Ahoada West, Rivers). The militia leader who was declared wanted by the police since 2016 was killed.",0.7563176895306859,0.9499999999999998,0.3381641696185327,0.13476486060551865,0.1320963375738992,0.1320963375738992,0.1320963375738992,0.13078195705391288
olmo2:7b,NIG18956,B,B,0.95,"{""V"": 0.05, ""B"": 0.9, ""E"": 0.02, ""P"": 0.01, ""R"": 0.02, ""S"": 0.02}",,1.52,Military Forces of Nigeria (2015-2023),"On 19 November 2020, Nigerian military troops clashed with a Benue communal militia at Tor Donga (Katsina-Ala LGA, Benue), killing three and injuring others.",0.7563176895306859,0.9499999999999998,0.13866215908535692,0.32442048398531625,0.13456407295657732,0.1332251380592703,0.13456407295657732,0.13456407295657732
olmo2:7b,NIG16543,V,V,0.95,"{""V"": 0.95, ""B"": 0.03, ""E"": 0.01, ""P"": 0.01, ""R"": 0.01, ""S"": 0.0}",,1.45,Alla Communal Militia (Nigeria),"On 11 March 2020, militias from Alla attacked Egba in the Agatu LGA (Benue) over the ownership of a fish pond in the community. 5 people were killed.",0.7563176895306859,0.9499999999999998,0.3381641696185327,0.13476486060551865,0.1320963375738992,0.1320963375738992,0.1320963375738992,0.13078195705391288
olmo2:7b,NIG22075,V,V,0.95,"{""V"": 0.95, ""B"": 0.03, ""E"": 0.01, ""P"": 0.01, ""R"": 0.01, ""S"": 0.0}",,1.5,Fulani Ethnic Militia (Nigeria),"On 24 September 2021, pastoralists from a Fulani ethnic militia attacked farmers in Gbajimba (Guma, Benue). One farmer was killed, four others fled.",0.7563176895306859,0.9499999999999998,0.3381641696185327,0.13476486060551865,0.1320963375738992,0.1320963375738992,0.1320963375738992,0.13078195705391288
olmo2:7b,NIG35002,B,B,0.85,"{""V"": 0.05, ""B"": 0.85, ""E"": 0.01, ""P"": 0.01, ""R"": 0.01, ""S"": 0.02}",,1.7,Police Forces of Nigeria (2023-),"On 15 February 2024, the Nigerian police engaged in a firefight with an unidentified armed group while raiding their hideouts between Nasarawa State and the Kuje LGA, coded to Kuje (Kuje, FCT). The police arrested one member of the group and rescued two hostages. There were no fatalities.",0.7226890756302521,0.85,0.14127576691918992,0.3144150014828193,0.1357362648641028,0.1357362648641028,0.1357362648641028,0.13710043700536792
olmo2:7b,NIG16365,E,E,0.95,"{""V"": 0.05, ""B"": 0.02, ""E"": 0.95, ""P"": 0.0, ""R"": 0.01, ""S"": 0.02}",,1.48,Military Forces of Nigeria (2015-2023),"On 16 February 2020, Nigerian Air Force conducted air strikes against an ISWAP camp at Tumbin Zarami at Lake Chad (coded as Monguno, Borno) and destroyed structures.",0.7563176895306859,0.9499999999999998,0.13675189285390696,0.13271026362437813,0.33635538112007135,0.1300824243388052,0.13138977443812386,0.13271026362437813
olmo2:7b,NIG37606,P,P,0.95,"{""V"": 0.01, ""B"": 0.02, ""E"": 0.01, ""P"": 0.95, ""R"": 0.03, ""S"": 0.01}",,1.82,Protesters (Nigeria),"On 6 July 2024, FCT women protested and marched from Unity fountain Maitama to the presidential villa in Abuja (Abuja Municipal, FCT) to denounce the rift between the FCT minister and senator representing the FCT.",0.7563176895306859,0.9499999999999998,0.13174826251352065,0.13307235456483035,0.13174826251352065,0.3372731039317797,0.13440975396249055,0.13174826251352065
olmo2:7b,NIG36225,V,V,0.95,"{""V"": 0.95, ""B"": 0.02, ""E"": 0.01, ""P"": 0.01, ""R"": 0.02, ""S"": 0.01}",,1.6,Police Forces of Nigeria (2015-2023),"On 24 August 2021, police attacked a man in Amagu (Abakaliki, Ebonyi). He was killed in police custody after he had been arrested. The victim was to return to South Africa after visiting family in Nigeria. He was arrested in Orie-Nempi Market.",0.7563176895306859,0.9499999999999998,0.33772477684490704,0.13325056378857908,0.13192469852586564,0.13192469852586564,0.13325056378857908,0.13192469852586564
olmo2:7b,NIG26709,B,B,0.85,"{""V"": 0.05, ""B"": 0.85, ""E"": 0.02, ""P"": 0.01, ""R"": 0.02, ""S"": 0.07}",,1.41,Military Forces of Nigeria (2015-2023),"On 7 May 2021, Nigerian military troops clashed with a Kaduna communal militia around the Rigachikun (Rigacikun) axis (Igabi LGA, Kaduna), killing one militiaman and one civilian.",0.7226890756302521,0.85,0.13991057077662084,0.3113767015921118,0.13577558850639412,0.13442459882795096,0.13577558850639412,0.1427369517902168
olmo2:7b,NIG20879,S,V,0.95,"{""V"": 0.95, ""B"": 0.02, ""E"": 0.01, ""P"": 0.01, ""R"": 0.01, ""S"": 0.01}",,1.49,Unidentified Armed Group (Nigeria),"Property destruction: On 29 May 2021, armed individuals set the Police Criminal Investigation Department on fire in Umuahia (Umuahia North LGA, Abia). No reports on injuries or fatalities.",0.7563176895306859,0.9499999999999998,0.33817314887578387,0.13342747063698837,0.13209984512172235,0.13209984512172235,0.13209984512172235,0.13209984512172235
olmo2:7b,NIG19363,V,V,0.95,"{""V"": 0.95, ""B"": 0.02, ""E"": 0.01, ""P"": 0.01, ""R"": 0.01, ""S"": 0.01}",,1.64,Unidentified Armed Group (Nigeria),"On 28 December 2020, unidentified armed men attacked Runka Community (Safana LGA, Katsina), killing a relative of a lawmaker representing Safana and abducting a newly-wedded couple.",0.7563176895306859,0.9499999999999998,0.33817314887578387,0.13342747063698837,0.13209984512172235,0.13209984512172235,0.13209984512172235,0.13209984512172235
olmo2:7b,NIG19480,V,V,0.85,"{""V"": 0.85, ""B"": 0.02, ""E"": 0.01, ""P"": 0.01, ""R"": 0.02, ""S"": 0.06}",,1.54,Yansakai Militia,"On 12 January 2021, Yansakai Militia attacked and killed a Fulani Pastoralist at Talata Mafara LGA (Zamfara). Unknown reason for attack.",0.7226890756302521,0.85,0.31354209489652857,0.13671980671139047,0.13535942190483052,0.13535942190483052,0.13671980671139047,0.142299447870716
olmo2:7b,NIG29018,B,B,0.85,"{""V"": 0.05, ""B"": 0.85, ""E"": 0.01, ""P"": 0.01, ""R"": 0.02, ""S"": 0.07}",,1.62,Police Forces of Nigeria (2015-2023),"On 6 December 2022, police forces repelled a Katsina militia when they blocked a cattle route along Tashar Maje in Kankara LGA (Katsina). Abductees and rustled cattle that were taken away from their village by the militia members [coded separately] were recovered.",0.7226890756302521,0.85,0.1400998442201137,0.3117979373872819,0.1346064507535709,0.1346064507535709,0.13595926807425113,0.1429300488108997
olmo2:7b,NIG24014,R,V,0.85,"{""V"": 0.85, ""B"": 0.05, ""E"": 0.02, ""P"": 0.02, ""R"": 0.03, ""S"": 0.01}",,1.74,Rioters (Nigeria),"On 5 March 2022, supporters of the incumbent and past chairman of Langtang South LGA clashed in Sabon Gida (Langtang South, Plateau) after the incumbent from the APC slapped the past chairman who belongs to the PDP. An unspecified number of persons were wounded, including the incumbent chairman.",0.7226890756302521,0.85,0.31312922194813425,0.14069802893278674,0.13653977375690166,0.13653977375690166,0.13791202129679303,0.1351811803081695
olmo2:7b,NIG31886,S,S,0.95,"{""V"": 0.05, ""B"": 0.02, ""E"": 0.01, ""P"": 0.01, ""R"": 0.03, ""S"": 0.85}",,1.49,Boko Haram - Jamaatu Ahli is-Sunnah lid-Dawati wal-Jihad,"On 9 July 2023, a Boko Haram [JAS Faction] commander and one of his lieutenants surrendered to Nigerian troops in Borno, coded to Maiduguri (Maiduguri Metro, Borno).",0.7563176895306859,0.9499999999999998,0.1408894404035145,0.13672552816373937,0.13536508642777736,0.13536508642777736,0.13809964256645607,0.3135552160104218
olmo2:7b,NIG37851,B,B,0.95,"{""V"": 0.05, ""B"": 0.9, ""E"": 0.02, ""P"": 0.01, ""R"": 0.02, ""S"": 0.02}",,1.63,Police Forces of Nigeria (2023-),"On 27 July 2024, the Nigerian police engaged a Benue militia in a firefight, killing six while raiding their enclave in Mbavuur Ward (Logo, Benue). The police recovered an AK-47 rifle and two locally fabricated short guns loaded with ammunition.",0.7563176895306859,0.9499999999999998,0.13866215908535692,0.32442048398531625,0.13456407295657732,0.1332251380592703,0.13456407295657732,0.13456407295657732
olmo2:7b,NIG39769,P,P,0.95,"{""V"": 0.01, ""B"": 0.02, ""E"": 0.03, ""P"": 0.95, ""R"": 0.01, ""S"": 0.01}",,1.48,Protesters (Nigeria),"On 4 August 2024, youth protested at Agho junction along Ekenhuan Road in Benin City (Oredo, Edo). The protesters conducted church service at the protest ground while the police monitored their activities.",0.7563176895306859,0.9499999999999998,0.13174826251352065,0.13307235456483035,0.13440975396249055,0.3372731039317797,0.13174826251352065,0.13174826251352065
olmo2:7b,NIG32802,B,B,0.95,"{""V"": 0.05, ""B"": 0.9, ""E"": 0.01, ""P"": 0.01, ""R"": 0.03, ""S"": 0.01}",,1.68,Military Forces of Nigeria (2023-),"On 17 September 2023, a joint task force of security operatives presumed to have comprised of soldiers and policemen engaged a Niger militia in an armed clash in a village near Pan Dongari (Rafi, Niger). 52 militiamen including six informants who lived in the community were killed.",0.7563176895306859,0.9499999999999998,0.13884619671695533,0.32485106705072136,0.13340195947211664,0.13340195947211664,0.13609685781564837,0.13340195947211664
olmo2:7b,NIG22047,P,P,0.95,"{""V"": 0.01, ""B"": 0.02, ""E"": 0.01, ""P"": 0.95, ""R"": 0.02, ""S"": 0.01}",,1.49,Protesters (Nigeria),"On 22 September 2021, about 49 former workers of Total E&P protested against their alleged forceful retrenchment in Port Harcourt (Port Harcourt, Rivers).",0.7563176895306859,0.9499999999999998,0.13192469852586564,0.13325056378857908,0.13192469852586564,0.33772477684490704,0.13325056378857908,0.13192469852586564
olmo2:7b,NIG36760,B,B,0.85,"{""V"": 0.05, ""B"": 0.85, ""E"": 0.01, ""P"": 0.01, ""R"": 0.01, ""S"": 0.02}",,1.51,Military Forces of Nigeria (2023-),"On 19 May 2024, military forces engaged a Kaduna militia in an armed clash at Baka general area (Igabi, Kaduna). The militia fled, some of them with gunshot wounds and the troops recovered one rifle and two motorcycles.",0.7226890756302521,0.85,0.14127576691918992,0.3144150014828193,0.1357362648641028,0.1357362648641028,0.1357362648641028,0.13710043700536792
olmo2:7b,NIG37618,B,V,0.95,"{""V"": 0.95, ""B"": 0.03, ""E"": 0.01, ""P"": 0.01, ""R"": 0.01, ""S"": 0.0}",,1.76,Unidentified Armed Group (Nigeria),"On 10 July 2024, an unidentified armed group shot and killed an OSPAC member in the Igwuruta community (Ikwerre, Rivers). The group was responding to a distress call concerning an abduction case when its members were ambushed, and one got shot and killed.",0.7563176895306859,0.9499999999999998,0.3381641696185327,0.13476486060551865,0.1320963375738992,0.1320963375738992,0.1320963375738992,0.13078195705391288
olmo2:7b,NIG36319,B,B,0.85,"{""V"": 0.05, ""B"": 0.85, ""E"": 0.02, ""P"": 0.01, ""R"": 0.03, ""S"": 0.03}",,1.66,Military Forces of Nigeria (2023-),"Around 25 April 2024 (as reported), the Nigerian troops engaged a Taraba militia in a firefight, killing two in Kweerti, also spelt as Kwesati village (Ussa, Taraba). Other militiamen fled, and the troops recovered one AK-47 magazine along with seven rounds of 7.62mm special ammunition.",0.7226890756302521,0.85,0.14050522098894275,0.312700119977771,0.1363526641489656,0.13499593247193956,0.13772303120603416,0.13772303120603416
olmo2:7b,NIG30420,S,S,0.85,"{""V"": 0.05, ""B"": 0.03, ""E"": 0.02, ""P"": 0.01, ""R"": 0.04, ""S"": 0.77}",,1.66,Police Forces of Nigeria (2015-2023),"Around 8 August 2021 (between 7 August - 8 August), the Nigerian police arrested over 20 unidentified cult militias in various locations within Oshogbo (Osogbo, Osun). The cultists were picked up when the police raided some black spots.",0.7226890756302521,0.85,0.1437625038522575,0.1409158155472401,0.13951367975517348,0.13812549544734418,0.14233204303829167,0.29535046235939766
olmo2:7b,NIG25680,B,B,0.95,"{""V"": 0.05, ""B"": 0.9, ""E"": 0.02, ""P"": 0.01, ""R"": 0.02, ""S"": 0.02}",,1.42,Katsina Communal Militia (Nigeria),"On 21 July 2022, a Katsina militia led by Bauche attacked Ansaru militants and engaged them in an armed clash in Damari forest (Sabuwa, Katsina). The clash lasted for several hours, three persons were killed including a top Ansaru commander.",0.7563176895306859,0.9499999999999998,0.13866215908535692,0.32442048398531625,0.13456407295657732,0.1332251380592703,0.13456407295657732,0.13456407295657732
olmo2:7b,NIG33592,R,V,0.85,"{""V"": 0.85, ""B"": 0.02, ""E"": 0.01, ""P"": 0.02, ""R"": 0.03, ""S"": 0.05}",,1.81,Rioters (Nigeria),"On 1 November 2023, members of NUPENG who were demonstrating at the union's office in Utako (Abuja Municipal, FCT) over claims that the newly elected leaders of the union were imposed on them beat up the newly elected chairman. The victim was rescued by policemen and taken to a hospital.",0.7226890756302521,0.85,0.31312922194813425,0.13653977375690166,0.1351811803081695,0.13653977375690166,0.13791202129679303,0.14069802893278674
olmo2:7b,NIG20827,B,B,0.95,"{""V"": 0.05, ""B"": 0.9, ""E"": 0.02, ""P"": 0.01, ""R"": 0.02, ""S"": 0.02}",,1.5,Police Forces of Nigeria (2015-2023),"Around 26 May 2021 (as reported), Nigerian police operatives clashed with a Katsina communal militia at Kafur, Danja, Dutsinma, Safana, Batsari and Funtua Local Government Areas in Katsina State, killing five militiamen and recovered 69 rustled cows. 16 suspects were also arrested. Fatalities split across 6 events.",0.7563176895306859,0.9499999999999998,0.13866215908535692,0.32442048398531625,0.13456407295657732,0.1332251380592703,0.13456407295657732,0.13456407295657732
olmo2:7b,NIG29044,B,V,0.99,"{""V"": 0.99, ""B"": 0.01, ""E"": 0.0, ""P"": 0.0, ""R"": 0.0, ""S"": 0.0}",,1.53,Sokoto Communal Militia (Nigeria),"On 5 December 2022, a Sokoto militia numbering about 90 killed three policemen guarding a market and three civilians when they attacked Yar Bulutu market in Sabon Birni LGA (Sokoto) and shot sporadically. The assailants set one of the policemen's vehicle ablaze and threw the body of one policeman into the fire, several other civilians sustained varying bullet wounds.",0.7563176895306859,0.99,0.3494526690479928,0.13115346521695664,0.12984846643367523,0.12984846643367523,0.12984846643367523,0.12984846643367523
olmo2:7b,NIG32771,V,V,0.85,"{""V"": 0.85, ""B"": 0.02, ""E"": 0.01, ""P"": 0.01, ""R"": 0.02, ""S"": 0.07}",,1.99,Katsina Communal Militia (Nigeria),"On 9 September 2023, a Katsina militia abducted two persons from Marke village (Dutsinma, Katsina) coded to Dutsin Ma. There are no reports on ransom demands.",0.7226890756302521,0.85,0.3130943282944227,0.13652455840410357,0.13516611635066134,0.13516611635066134,0.13652455840410357,0.1435243221957345
olmo2:7b,NIG26442,B,B,0.85,"{""V"": 0.05, ""B"": 0.85, ""E"": 0.01, ""P"": 0.01, ""R"": 0.01, ""S"": 0.02}",,1.66,Police Forces of Nigeria (2015-2023),"On 25 September 2022, policemen invaded the camp of an unidentified armed group that had abducted one person from Kara bridge and engaged them in an armed clash. Location coded to Mowe (Obafemi, Ogun), one of the assailants was arrested, others fled with bullet wounds and the abductee was rescued.",0.7226890756302521,0.85,0.14127576691918992,0.3144150014828193,0.1357362648641028,0.1357362648641028,0.1357362648641028,0.13710043700536792
olmo2:7b,NIG33348,V,V,0.85,"{""V"": 0.85, ""B"": 0.05, ""E"": 0.02, ""P"": 0.01, ""R"": 0.03, ""S"": 0.03}",,1.92,Unidentified Armed Group (Nigeria),"Around 27 October 2023 (as reported), an unidentified armed group abducted a soldier (presumed to be off duty) at the Akparata axis of Effium (Ohaukwu, Ebonyi). The soldier was part of the contingent deployed to manage inter-communal clashes in the area. The State government issued an ultimatum to the warring communities to provide the soldier alive by 26 October 2023.",0.7226890756302521,0.85,0.312700119977771,0.14050522098894275,0.1363526641489656,0.13499593247193956,0.13772303120603416,0.13772303120603416
olmo2:7b,NIG26080,B,V,0.95,"{""V"": 0.95, ""B"": 0.03, ""E"": 0.01, ""P"": 0.01, ""R"": 0.01, ""S"": 0.0}",,1.77,Unidentified Armed Group (Nigeria),"Around 15 August 2022 (as reported), an unidentified armed group attacked a police squad, wounded three policemen and stole their rifles along Ozoro/ Kwale (Ndokwa West, Delta).",0.7563176895306859,0.9499999999999998,0.3381641696185327,0.13476486060551865,0.1320963375738992,0.1320963375738992,0.1320963375738992,0.13078195705391288
olmo2:7b,NIG16392,V,V,0.95,"{""V"": 0.95, ""B"": 0.02, ""E"": 0.01, ""P"": 0.01, ""R"": 0.01, ""S"": 0.01}",,1.82,Police Forces of Nigeria (2015-2023) Special Anti-Robbery Squad,"On 20 February 2020, officers of SARS forces shot and injured 2 street traders on a market in Abeokuta (Abeokuta South LGA, Ogun) when they stormed the location.",0.7563176895306859,0.9499999999999998,0.33817314887578387,0.13342747063698837,0.13209984512172235,0.13209984512172235,0.13209984512172235,0.13209984512172235
olmo2:7b,NIG26718,P,P,0.95,"{""V"": 0.02, ""B"": 0.01, ""E"": 0.01, ""P"": 0.95, ""R"": 0.02, ""S"": 0.01}",,1.46,Protesters (Nigeria),"On 16 May 2021, members of the Ijaw Youth Marches staged protest marches along major streets and at Isaac Boro Park in Port Harcourt (Port-Harcourt LGA, Rivers) in remembrance of Late Major Isaac Jasper Adaka Boro.",0.7563176895306859,0.9499999999999998,0.13325056378857908,0.13192469852586564,0.13192469852586564,0.33772477684490704,0.13325056378857908,0.13192469852586564
olmo2:7b,NIG16027,B,B,0.95,"{""V"": 0.05, ""B"": 0.9, ""E"": 0.02, ""P"": 0.01, ""R"": 0.02, ""S"": 0.02}",,1.68,Military Forces of Nigeria (2015-2023),"On 8 January 2020, Nigerian Armed Forces battled with presumed ISWAP fighters in Mafa LGA (Borno) and killed an unreported number of fighters. Unknown number of fatalities coded as 10.",0.7563176895306859,0.9499999999999998,0.13866215908535692,0.32442048398531625,0.13456407295657732,0.1332251380592703,0.13456407295657732,0.13456407295657732
olmo2:7b,NIG38277,B,V,0.95,"{""V"": 0.95, ""B"": 0.03, ""E"": 0.01, ""P"": 0.01, ""R"": 0.01, ""S"": 0.0}",,1.49,Military Forces of Nigeria (2023-),"On 27 August 2024, the Nigerian troops ambushed some fleeing Jimmu Sumoli-led Zamfara militiamen and shot ten dead in Magamin Diddi village in Maradun LGA, coded to Faru Magami (Maradun, Zamfara). The militiamen escaped from a clash with the troops in Matusgi, coded separately.",0.7563176895306859,0.9499999999999998,0.3381641696185327,0.13476486060551865,0.1320963375738992,0.1320963375738992,0.1320963375738992,0.13078195705391288
olmo2:7b,NIG27958,V,V,0.85,"{""V"": 0.85, ""B"": 0.05, ""E"": 0.02, ""P"": 0.01, ""R"": 0.03, ""S"": 0.03}",,1.53,Military Forces of Nigeria (2015-2023),"On 19 February 2021, a soldier shot and wounded a truck driver at an army checkpoint in Omagwa (Ikwerre, Rivers) over the driver's refusal to pay a bribe of 200 naira. The association of tanker drivers staged a protest [coded separately].",0.7226890756302521,0.85,0.312700119977771,0.14050522098894275,0.1363526641489656,0.13499593247193956,0.13772303120603416,0.13772303120603416
olmo2:7b,NIG33835,P,P,0.88,"{""V"": 0.02, ""B"": 0.01, ""E"": 0.01, ""P"": 0.88, ""R"": 0.03, ""S"": 0.02}",,1.63,Protesters (Nigeria),"On 13 November 2023, some political party supporters (unspecified) protested at the INEC office in Yenagoa (Yenagoa, Bayelsa) over the delay in releasing election results.",0.7563176895306859,0.8800000000000001,0.1359931688118791,0.13464001417322344,0.13464001417322344,0.3213737111487295,0.13735992288074397,0.1359931688118791
olmo2:7b,NIG20679,B,E,0.95,"{""V"": 0.02, ""B"": 0.03, ""E"": 0.95, ""P"": 0.0, ""R"": 0.01, ""S"": 0.01}",,1.76,Police Forces of Nigeria (2015-2023),"On 10 May 2021, Nigerian police operatives clashed with suspected kidnappers at Ahor community (Ehor) (Uhunmwode LGA, Edo), killing three and rescuing seven kidnapped victims.",0.7563176895306859,0.9499999999999998,0.13324703037751082,0.13458618529627403,0.33771582138212625,0.13060856239810104,0.13192120027282495,0.13192120027282495
olmo2:7b,NIG26073,B,B,0.95,"{""V"": 0.05, ""B"": 0.9, ""E"": 0.02, ""P"": 0.01, ""R"": 0.02, ""S"": 0.02}",,1.7,Military Forces of Nigeria (2015-2023),"On 13 August 2022, Nigerian troops during a clearance operation intercepted and clashed with Boko Haram/ ISWAP militants at Ngwom (Mafa, Borno). The militants were enroute to rustle cattle from pastoralists in the general area, three militants were killed.",0.7563176895306859,0.9499999999999998,0.13866215908535692,0.32442048398531625,0.13456407295657732,0.1332251380592703,0.13456407295657732,0.13456407295657732
olmo2:7b,NIG17363,V,V,0.95,"{""V"": 0.95, ""B"": 0.03, ""E"": 0.01, ""P"": 0.01, ""R"": 0.01, ""S"": 0.0}",,1.5,Islamic State West Africa Province (ISWAP) - Lake Chad Faction and/or Boko Haram - Jamaatu Ahli is-Sunnah lid-Dawati wal-Jihad,"On 12 June 2020, Boko Haram executed a police officer and a soldier in Borno (coded as Maiduguri LGA, Borno) who were abducted earlier.",0.7563176895306859,0.9499999999999998,0.3381641696185327,0.13476486060551865,0.1320963375738992,0.1320963375738992,0.1320963375738992,0.13078195705391288
olmo2:7b,NIG24682,B,B,0.95,"{""V"": 0.05, ""B"": 0.9, ""E"": 0.02, ""P"": 0.01, ""R"": 0.02, ""S"": 0.02}",,1.78,Military Forces of Nigeria (2015-2023),"On 26 April 2022, Nigerian troops in conjunction with the Civilian JTF clashed with ISWAP/ Boko Haram fighters during a clearance operation at Kasha in Mafa LGA (Borno). Six militants were killed, weapons and ammunition, amongst others items were recovered.",0.7563176895306859,0.9499999999999998,0.13866215908535692,0.32442048398531625,0.13456407295657732,0.1332251380592703,0.13456407295657732,0.13456407295657732
olmo2:7b,NIG22760,B,B,0.85,"{""V"": 0.05, ""B"": 0.85, ""E"": 0.01, ""P"": 0.01, ""R"": 0.01, ""S"": 0.07}",,1.63,Military Forces of Nigeria (2015-2023),"On 29 November 2021, troops of security forces on patrol clashed with members of a Kaduna militia at an identified hideout in Idasu (Giwa, Kaduna) and Birnin Gwari [coded separately]. Three militia members were killed, weapons and three motorcycles were recovered.",0.7226890756302521,0.85,0.14028963046211468,0.3122203144365198,0.13478879537058183,0.13478879537058183,0.13478879537058183,0.14312366898930776
olmo2:7b,NIG29602,B,V,0.95,"{""V"": 0.95, ""B"": 0.03, ""E"": 0.01, ""P"": 0.01, ""R"": 0.01, ""S"": 0.0}",,1.92,Police Forces of Nigeria (2015-2023),"On 20 January 2023, the Nigerian police clashed with an unidentified armed group in Shere (Jos East, Plateau). The armed group abducted the paramount traditional ruler of Izere, Plateau State, and opened fire on the police attempting to rescue the monarch. A civilian guard was shot dead, and a police officer sustained a gun injury during the rescue operation. 1 fatality reported.",0.7563176895306859,0.9499999999999998,0.3381641696185327,0.13476486060551865,0.1320963375738992,0.1320963375738992,0.1320963375738992,0.13078195705391288
olmo2:7b,NIG31171,B,V,0.85,"{""V"": 0.85, ""B"": 0.05, ""E"": 0.02, ""P"": 0.01, ""R"": 0.03, ""S"": 0.03}",,1.45,Kaduna Communal Militia (Nigeria),"On 1 May 2023, a Kaduna militia were engaged in an armed clash with security operatives at Dorayi village in Zaria LGA (Kaduna) where they abducted about 20 persons and rustled cattle. The assailants abandoned the abductees, burnt down one house and two motorcycles before they fled.",0.7226890756302521,0.85,0.312700119977771,0.14050522098894275,0.1363526641489656,0.13499593247193956,0.13772303120603416,0.13772303120603416
olmo2:7b,NIG19588,B,B,0.95,"{""V"": 0.05, ""B"": 0.9, ""E"": 0.02, ""P"": 0.01, ""R"": 0.02, ""S"": 0.02}",,1.62,Military Forces of Nigeria (2015-2023),"On 25 January 2021, Nigerian military troops with MNJTF forces clashed with Boko Haram militants at Mayankari in Borno State, killing three militiamen and destroying their hideout. Nigerian military also recovered weapons and ammunition including one improvised explosive device making equipment.",0.7563176895306859,0.9499999999999998,0.13866215908535692,0.32442048398531625,0.13456407295657732,0.1332251380592703,0.13456407295657732,0.13456407295657732
olmo2:7b,NIG21894,E,V,0.95,"{""V"": 0.95, ""B"": 0.03, ""E"": 0.01, ""P"": 0.01, ""R"": 0.01, ""S"": 0.0}",,1.49,Military Forces of Nigeria (2015-2023),"Around 6 September 2021 (as reported), military forces of Nigeria killed the leader of an armed militia in an air strike at Shinkafi (Shinkafi, Zamfara).",0.7563176895306859,0.9499999999999998,0.3381641696185327,0.13476486060551865,0.1320963375738992,0.1320963375738992,0.1320963375738992,0.13078195705391288
olmo2:7b,NIG29062,V,V,0.95,"{""V"": 0.95, ""B"": 0.02, ""E"": 0.01, ""P"": 0.01, ""R"": 0.02, ""S"": 0.05}",,2.07,Unidentified Armed Group (Nigeria),"On 3 December 2022, an unidentified armed group abducted 8 residents of Anguwan Hausawa in Kwakwu community, coded to Kuje (Kuje, FCT). The abductors shot sporadically to scare of policemen from a police outpost, a ransom of 25 million naira was demanded.",0.7563176895306859,0.9499999999999998,0.3359162210151644,0.13253699137553993,0.13121822627696822,0.13121822627696822,0.13253699137553993,0.1365733436794833
olmo2:7b,NIG29902,B,B,0.95,"{""V"": 0.05, ""B"": 0.9, ""E"": 0.02, ""P"": 0.01, ""R"": 0.02, ""S"": 0.02}",,1.5,Military Forces of Nigeria (2015-2023),"On 4 February 2023, Nigerian troops raided the hideouts of ISWAP/ Boko Haram militants and engaged them in an armed clash at Balange village, on the fringes of the Sambisa Forest Reserve (Gwoza, Borno). Five militants were killed and 55 abductees were rescued.",0.7563176895306859,0.9499999999999998,0.13866215908535692,0.32442048398531625,0.13456407295657732,0.1332251380592703,0.13456407295657732,0.13456407295657732
olmo2:7b,NIG26789,V,R,0.85,"{""V"": 0.05, ""B"": 0.02, ""E"": 0.08, ""P"": 0.01, ""R"": 0.85, ""S"": 0.0}",,1.54,Amagba Communal Militia (Nigeria),"On 12 August 2021, Amagba and Obazagbon militias attacked Oke-Oroma (Ikpoba Okha, Edo) coded as Oka, shooting sporadically. Unspecified number of buildings were burnt. Security operatives were deployed but no clashes reported",0.7226890756302521,0.85,0.14008623984180593,0.13594606576608562,0.1443525009894887,0.13459337981056654,0.31176766028655123,0.13325415330519005
olmo2:7b,NIG25905,B,B,0.85,"{""V"": 0.05, ""B"": 0.85, ""E"": 0.02, ""P"": 0.01, ""R"": 0.03, ""S"": 0.03}",,1.62,Military Forces of Nigeria (2015-2023),"On 8 August 2022, Nigerian troops on clearance operations clashed with ISWAP/ Boko Haram militants at an iilegal market established by the militants at Dambia, also called Markas (Bama, Borno). Four militants were killed, others fled and four women suspected to be the wives of the militants were wounded and evacuated to the hospital for treatment.",0.7226890756302521,0.85,0.14050522098894275,0.312700119977771,0.1363526641489656,0.13499593247193956,0.13772303120603416,0.13772303120603416
olmo2:7b,NIG33181,R,V,0.95,"{""V"": 0.95, ""B"": 0.02, ""E"": 0.01, ""P"": 0.01, ""R"": 0.02, ""S"": 0.01}",,1.6,Rioters (Nigeria),"On 20 October 2023, mobs lynched a man in the A. A Koto area of Akwanga (Akwanga, Nasarawa) over the allegation of motorcycle theft. They had beaten the victim to death before the soldiers intervened to calm the situation.",0.7563176895306859,0.9499999999999998,0.33772477684490704,0.13325056378857908,0.13192469852586564,0.13192469852586564,0.13325056378857908,0.13192469852586564
olmo2:7b,NIG23107,B,V,0.85,"{""V"": 0.85, ""B"": 0.05, ""E"": 0.02, ""P"": 0.01, ""R"": 0.03, ""S"": 0.03}",,1.54,Police Forces of Nigeria (2015-2023),"On 31 December 2021, police forces, together with member of Igabi communal militia, clashed with Kaduna militia members at the Sabon Birni forest (Igabi, Kaduna) while the group was raiding one of the militia camps. One militiaman was killed, others fled with gunshot wounds; two others were arrested and nine abducted victims were rescued including one who sustained a bullet injury.",0.7226890756302521,0.85,0.312700119977771,0.14050522098894275,0.1363526641489656,0.13499593247193956,0.13772303120603416,0.13772303120603416
olmo2:7b,NIG27386,B,V,0.95,"{""V"": 0.95, ""B"": 0.02, ""E"": 0.01, ""P"": 0.01, ""R"": 0.01, ""S"": 0.01}",,1.51,SVC: Supreme Vikings Confraternity (Nigeria),"On 16 October 2020, the Supreme Vikings cult militias clashed with one another in Ugbomoro community (Uvwie, Delta) coded as Effurun. One person was killed.",0.7563176895306859,0.9499999999999998,0.33817314887578387,0.13342747063698837,0.13209984512172235,0.13209984512172235,0.13209984512172235,0.13209984512172235
olmo2:7b,NIG24261,B,B,0.95,"{""V"": 0.05, ""B"": 0.9, ""E"": 0.02, ""P"": 0.01, ""R"": 0.02, ""S"": 0.02}",,1.61,Military Forces of Nigeria (2015-2023),"Around 1 April 2022 (as reported), soldiers on a clearance operation engaged over 400 Niger militiamen in an armed clash near Zuma Barrack, coded to nearby Suleja (Suleja, Niger). 14 soldiers and several militiamen were killed, several other soldiers were wounded. Several militia men deaths coded as 3. Fatalities coded as 17.",0.7563176895306859,0.9499999999999998,0.13866215908535692,0.32442048398531625,0.13456407295657732,0.1332251380592703,0.13456407295657732,0.13456407295657732
olmo2:7b,NIG26184,S,S,0.85,"{""V"": 0.05, ""B"": 0.03, ""E"": 0.02, ""P"": 0.01, ""R"": 0.04, ""S"": 0.85}",,1.45,Unidentified Armed Group (Nigeria),"Movement of forces: Around 18 August 2022 (as reported), a militia from a neighboring state were moving in their hundreds to Illela LGA (Sokoto), Silame, Gudu, Tangaza, Gwadabawa, Binji and Gada [coded separately].",0.7226890756302521,0.85,0.14031101097987417,0.13753266681280224,0.13616419391309456,0.13480933754624877,0.13891489309380212,0.3122678976538659
olmo2:7b,NIG21295,V,V,0.85,"{""V"": 0.85, ""B"": 0.05, ""E"": 0.02, ""P"": 0.02, ""R"": 0.03, ""S"": 0.01}",,1.63,Unidentified Armed Group (Nigeria),"On 8 July 2021, an APC member and vice chairman of the NURTW was shot and killed by unidentified armed individuals during a political rally in Agboju (Ijebu Ode, Ogun). According to reports, the victim was protecting another politician from harassment when he was shot.",0.7226890756302521,0.85,0.31312922194813425,0.14069802893278674,0.13653977375690166,0.13653977375690166,0.13791202129679303,0.1351811803081695
olmo2:7b,NIG16878,V,V,0.95,"{""V"": 0.95, ""B"": 0.03, ""E"": 0.01, ""P"": 0.01, ""R"": 0.01, ""S"": 0.0}",,1.43,Fulani Ethnic Militia (Nigeria),"On 25 April 2020 (or around), suspected Fulani militias attacked Kikwari in Kajuru LGA (Kaduna), killed 3 residents and looted and burnt down the village.",0.7563176895306859,0.9499999999999998,0.3381641696185327,0.13476486060551865,0.1320963375738992,0.1320963375738992,0.1320963375738992,0.13078195705391288
olmo2:7b,NIG34780,B,B,0.85,"{""V"": 0.05, ""B"": 0.85, ""E"": 0.01, ""P"": 0.01, ""R"": 0.01, ""S"": 0.07}",,1.61,Military Forces of Nigeria (2023-),"On 30 January 2024, troops of 114 battalion of the Nigerian Army trailed an unidentified armed group and engaged them in an armed clash at Apawa village (Lau, Taraba), reported as Yorro LGA. The group fled and abandoned three abductees who had previously been abducted from Ardo Kola LGA. Casualties are unknown.",0.7226890756302521,0.85,0.14028963046211468,0.3122203144365198,0.13478879537058183,0.13478879537058183,0.13478879537058183,0.14312366898930776
olmo2:7b,NIG29313,B,B,0.85,"{""V"": 0.05, ""B"": 0.85, ""E"": 0.01, ""P"": 0.01, ""R"": 0.01, ""S"": 0.07}",,1.72,Military Forces of Nigeria (2015-2023),"On 23 December 2022, troops of Operation Forest Sanity on an ambush patrol clashed with a Kaduna militia at Buruku (Chikun, Kaduna), Birnin Gwari general area and Giwa LGA [coded separately]. 8 militiamen were killed; split across two events and coded as 4, four motorcycles and three mobile phones were recovered.",0.7226890756302521,0.85,0.14028963046211468,0.3122203144365198,0.13478879537058183,0.13478879537058183,0.13478879537058183,0.14312366898930776
olmo2:7b,NIG38658,B,V,0.95,"{""V"": 0.95, ""B"": 0.05, ""E"": 0.0, ""P"": 0.0, ""R"": 0.0, ""S"": 0.0}",,1.49,Black Axe (Nigeria),"On 11 August 2024, the Aye (Black Axe) and the Vikings clashed and killed one person in the Orji area of Owerri (Owerri Municipal, Imo).",0.7563176895306859,0.9499999999999998,0.33857747479431993,0.13765532872295794,0.1309417991205959,0.1309417991205959,0.1309417991205959,0.1309417991205959
olmo2:7b,NIG19965,B,B,0.85,"{""V"": 0.05, ""B"": 0.85, ""E"": 0.01, ""P"": 0.01, ""R"": 0.02, ""S"": 0.07}",,1.48,Military Forces of Nigeria (2015-2023),"Around 1 March 2021 (between 1 - 2 March), Nigerian military troops clashed with ISWAP fighters at Dikwa town (Dikwa LGA, Borno). Community resources report that at least six civilians were killed and four UN humanitarian aid workers abducted. Property damage also reported. Military sources deny abduction reports alleging the safety of all UN workers in the area. ISWAP sources report that eight soldiers were killed.",0.7226890756302521,0.85,0.1400998442201137,0.3117979373872819,0.1346064507535709,0.1346064507535709,0.13595926807425113,0.1429300488108997
olmo2:7b,NIG22722,S,S,0.95,"{""V"": 0.0, ""B"": 0.0, ""E"": 0.0, ""P"": 0.0, ""R"": 0.0, ""S"": 1.0}",,1.55,Zamfara Communal Militia (Nigeria),"Around 26 November 2021, a Zamfara militia agreed on a peace deal with Dan Sadau emirate (Maru, Zamfara) to allow farmers carry on with their activities and for other residents to go about their business.",0.7563176895306859,0.9499999999999998,0.12956251432960408,0.12956251432960408,0.12956251432960408,0.12956251432960408,0.12956251432960408,0.3521874283516274
olmo2:7b,NIG17898,P,P,0.95,"{""V"": 0.02, ""B"": 0.01, ""E"": 0.03, ""P"": 0.95, ""R"": 0.02, ""S"": 0.01}",,1.76,Protesters (Nigeria),"On 10 August 2020, commercial drivers operating between Eleme and Igbo-Etche LGAs took to the streets in Rivers State to protest against harassment and extortion by the police.",0.7563176895306859,0.9499999999999998,0.13289638751447466,0.13157404636457068,0.1342320184138775,0.3368271138276949,0.13289638751447466,0.13157404636457068
olmo2:7b,NIG31996,B,B,0.95,"{""V"": 0.05, ""B"": 0.9, ""E"": 0.02, ""P"": 0.01, ""R"": 0.02, ""S"": 0.02}",,1.7,Military Forces of Nigeria (2023-),"On 20 July 2023, troops of Operation Hadarin Daji in collaboration with Civilian JTF operatives invaded the hideouts of Boko Haram [JAS faction] militants and engaged them in an armed clash at Bula Daloye, Bulongu Dina and Mairamiri Dina in Bama LGA (Borno). Eight militants were killed, others fled, women and children were rescued by the troops.",0.7563176895306859,0.9499999999999998,0.13866215908535692,0.32442048398531625,0.13456407295657732,0.1332251380592703,0.13456407295657732,0.13456407295657732
olmo2:7b,NIG23065,V,V,0.85,"{""V"": 0.85, ""B"": 0.05, ""E"": 0.02, ""P"": 0.02, ""R"": 0.03, ""S"": 0.01}",,1.77,Unidentified Armed Group (Nigeria),"On 25 December 2021, unidentified armed men attacked and killed a man in Ayangba (Dekina, Kogi). The reason for the attack is unknown.",0.7226890756302521,0.85,0.31312922194813425,0.14069802893278674,0.13653977375690166,0.13653977375690166,0.13791202129679303,0.1351811803081695
olmo2:7b,NIG20707,E,B,0.95,"{""V"": 0.05, ""B"": 0.9, ""E"": 0.02, ""P"": 0.01, ""R"": 0.02, ""S"": 0.02}",,1.62,Military Forces of Nigeria (2015-2023),"Around 14 May 2021 (as reported), Nigerian Airforce conducted air strikes against a Kaduna communal militia in Jan Birni (Birnin Gwari LGA, Kaduna), killing several militiamen and destroying their structures. Several fatalities coded as 3.",0.7563176895306859,0.9499999999999998,0.13866215908535692,0.32442048398531625,0.13456407295657732,0.1332251380592703,0.13456407295657732,0.13456407295657732
olmo2:7b,NIG31771,V,V,0.95,"{""V"": 0.95, ""B"": 0.02, ""E"": 0.01, ""P"": 0.01, ""R"": 0.02, ""S"": 0.01}",,1.65,Police Forces of Nigeria (2023-),"On 30 June 2023, policemen in a minivan ran over a civilian who was in handcuffs at Ekpoma (Esan West, Edo). The victim was seriously wounded.",0.7563176895306859,0.9499999999999998,0.33772477684490704,0.13325056378857908,0.13192469852586564,0.13192469852586564,0.13325056378857908,0.13192469852586564
olmo2:7b,NIG26086,B,B,0.85,"{""V"": 0.05, ""B"": 0.85, ""E"": 0.01, ""P"": 0.01, ""R"": 0.01, ""S"": 0.07}",,1.62,Military Forces of Nigeria (2015-2023),"On 16 August 2022, Nigerian troops of Operation Forest Sanity clashed with a Kaduna militia when they raided their camps in Manini (Chikun, Kaduna) and Kuriga [coded separately] area. The camps were cleared and six abductees including a baby were rescued, there are no further details.",0.7226890756302521,0.85,0.14028963046211468,0.3122203144365198,0.13478879537058183,0.13478879537058183,0.13478879537058183,0.14312366898930776
olmo2:7b,NIG16458,E,E,0.95,"{""V"": 0.05, ""B"": 0.02, ""E"": 0.95, ""P"": 0.0, ""R"": 0.01, ""S"": 0.02}",,1.51,Military Forces of Nigeria (2015-2023),"On 27 February 2020, Nigerian Air Force conducted air strikes against a camp of Boko Haram (JAS) in Sambisa Forest (Gwoza, Borno) resulting in some fatalities. Unknown number of fatalities coded as 10.",0.7563176895306859,0.9499999999999998,0.13675189285390696,0.13271026362437813,0.33635538112007135,0.1300824243388052,0.13138977443812386,0.13271026362437813
olmo2:7b,NIG30412,V,V,0.95,"{""V"": 0.95, ""B"": 0.02, ""E"": 0.01, ""P"": 0.01, ""R"": 0.01, ""S"": 0.01}",,1.49,Unidentified Cult Militia (Nigeria),"On 12 January 2021, seven unidentified cult militias attacked and assaulted a man in Port Harcourt (Port Harcourt, Rivers) after having an altercation with one of their members while queuing for national identity card registration. The armed militia dispossessed him of his phone and money, and the ensuing commotion disrupted the registration exercise.",0.7563176895306859,0.9499999999999998,0.33817314887578387,0.13342747063698837,0.13209984512172235,0.13209984512172235,0.13209984512172235,0.13209984512172235
olmo2:7b,NIG18723,V,V,0.85,"{""V"": 0.85, ""B"": 0.02, ""E"": 0.02, ""P"": 0.01, ""R"": 0.02, ""S"": 0.06}",,1.66,Unidentified Armed Group (Nigeria),"On 20 October 2020, unidentified gunmen abducted two Christian pastors and a worshipper along Ubulu-Unor/Ogwashi-Uku road (Aniocha South LGA, Delta). Victims released after paying ransom.",0.7226890756302521,0.85,0.3131161364617972,0.13653406783992322,0.13653406783992322,0.1351755311660136,0.13653406783992322,0.14210612885210652
olmo2:7b,NIG31632,V,E,0.95,"{""V"": 0.05, ""B"": 0.02, ""E"": 0.95, ""P"": 0.01, ""R"": 0.01, ""S"": 0.02}",,1.57,Unidentified Armed Group (Nigeria),"On 11 June 2023, an unidentified armed group wounded an unspecified number of travelers when they shot at their bus along Ajaokuta-Itobe road (Ajaokuta, Kogi). The assailants had fired several shots at the direction of the bus driver in an attempt to abduct them.",0.7563176895306859,0.9499999999999998,0.1365733436794833,0.13253699137553993,0.3359162210151644,0.13121822627696822,0.13121822627696822,0.13253699137553993
olmo2:7b,NIG35786,V,V,0.95,"{""V"": 0.95, ""B"": 0.02, ""E"": 0.01, ""P"": 0.01, ""R"": 0.01, ""S"": 0.01}",,1.83,Kaduna Communal Militia (Nigeria),"On 31 March 2024, a Kaduna militia abducted 10 civilians from Azzara community, coded to Gidan Azara (Kachia, Kaduna). The abductees included a 5 day old baby and its mother who were abducted after her husband who was the target was not found by the militia.",0.7563176895306859,0.9499999999999998,0.33817314887578387,0.13342747063698837,0.13209984512172235,0.13209984512172235,0.13209984512172235,0.13209984512172235
olmo2:7b,NIG21759,S,S,0.95,"{""V"": 0.02, ""B"": 0.03, ""E"": 0.01, ""P"": 0.01, ""R"": 0.04, ""S"": 0.79}",,1.55,Military Forces of Nigeria (2015-2023),"Around 17 August 2021 (as reported), the Nigerian military claimed hundreds of Boko Haram militants together with their wives and children surrendered throughout Borno state (coded to Maiduguri).",0.7563176895306859,0.9499999999999998,0.13946772978077426,0.14086940376792065,0.13808000268282944,0.13808000268282944,0.14228516481283537,0.30121769627250966
olmo2:7b,NIG31252,V,V,0.85,"{""V"": 0.85, ""B"": 0.02, ""E"": 0.01, ""P"": 0.02, ""R"": 0.03, ""S"": 0.05}",,1.65,Police Forces of Nigeria (2015-2023),"On 3 May 2023, policemen beat up a man at Oko-Oba abattoir, coded to Agege (Agege, Lagos) over his refusal to submit his phone for a search. The policemen were attached to the Agege Abattoir police station.",0.7226890756302521,0.85,0.31312922194813425,0.13653977375690166,0.1351811803081695,0.13653977375690166,0.13791202129679303,0.14069802893278674
olmo2:7b,NIG30262,E,V,0.95,"{""V"": 0.95, ""B"": 0.05, ""E"": 0.01, ""P"": 0.01, ""R"": 0.01, ""S"": 0.02}",,1.52,Military Forces of Nigeria (2015-2023),"On 5 March 2023, NAF killed three civilians in an airstrike that was targeted at a Kaduna militia in Sabon Gida village of Fatika district (Giwa, Kaduna). The militiamen ran into the village from a nearby bush, the victims included a pregnant woman and two teenagers, five other villagers sustained injuries.",0.7563176895306859,0.9499999999999998,0.3363598005807328,0.13675368967252433,0.1313915008024755,0.1313915008024755,0.1313915008024755,0.13271200733897995
olmo2:7b,NIG17267,E,B,0.95,"{""V"": 0.05, ""B"": 0.9, ""E"": 0.02, ""P"": 0.01, ""R"": 0.02, ""S"": 0.02}",,1.47,Military Forces of Nigeria (2015-2023),"On 30 May 2020, Nigerian Air Force conducted air strikes against a camp of Zamfara militias 5km north of Birnin Kogo in Faskari LGA of Katsina State. 4 militiamen were killed.",0.7563176895306859,0.9499999999999998,0.13866215908535692,0.32442048398531625,0.13456407295657732,0.1332251380592703,0.13456407295657732,0.13456407295657732
olmo2:7b,NIG17354,V,V,0.95,"{""V"": 0.95, ""B"": 0.02, ""E"": 0.01, ""P"": 0.01, ""R"": 0.01, ""S"": 0.01}",,1.48,Police Forces of Nigeria (2015-2023),"On 11 June 2020, security officials shot at a presidential aide at Aso Rock, the presidential villa, in Abuja (Abuja LGA, FCT) over his refusal to isolate himself due to coronavirus.",0.7563176895306859,0.9499999999999998,0.33817314887578387,0.13342747063698837,0.13209984512172235,0.13209984512172235,0.13209984512172235,0.13209984512172235
olmo2:7b,NIG32116,V,V,0.95,"{""V"": 0.95, ""B"": 0.02, ""E"": 0.01, ""P"": 0.01, ""R"": 0.01, ""S"": 0.01}",,1.87,Zamfara Communal Militia (Nigeria),"On 25 July 2023, a Zamfara militia abducted a woman and her son from their residence at Saminaka community, along Gusau-Sokoto road (Gusau, Zamfara).",0.7563176895306859,0.9499999999999998,0.33817314887578387,0.13342747063698837,0.13209984512172235,0.13209984512172235,0.13209984512172235,0.13209984512172235
olmo2:7b,NIG33620,E,E,0.99,"{""V"": 0.01, ""B"": 0.02, ""E"": 0.99, ""P"": 0.0, ""R"": 0.0, ""S"": 0.0}",,1.66,Military Forces of Nigeria (2023-),"On 8 November 2023, the Nigerian Air Force of Operation Hadin Kai launched air strikes against the ISWAP position at Ajigin (Damboa, Borno). The air surveillance detected the gathering of the militants and launched the strikes, killing seventeen ISWAP fighters. Three of the militia's gun trucks were destroyed.",0.7563176895306859,0.99,0.1308103349239558,0.13212500064627752,0.34853841339701164,0.12950875034413542,0.12950875034413542,0.12950875034413542
olmo2:7b,NIG29935,E,E,0.95,"{""V"": 0.05, ""B"": 0.02, ""E"": 0.95, ""P"": 0.01, ""R"": 0.01, ""S"": 0.01}",,1.5,Military Forces of Nigeria (2015-2023),"On 10 February 2023, the Nigerian Air Force carried out air strikes with rockets and bombs that targeted hundreds of Boko Haram [JAS faction] fighters who were holding a meeting on the fringes of Sambisa Forest Reserve in Gaizuwa, Bama LGA (Borno). Scores of fighters including high-ranking ones were killed, dozens of others sustained critical injuries.",0.7563176895306859,0.9499999999999998,0.13675368967252433,0.13271200733897995,0.3363598005807328,0.1313915008024755,0.1313915008024755,0.1313915008024755
olmo2:7b,NIG22586,B,B,0.95,"{""V"": 0.05, ""B"": 0.9, ""E"": 0.02, ""P"": 0.01, ""R"": 0.02, ""S"": 0.02}",,1.5,Islamic State West Africa Province (ISWAP) - Lake Chad Faction,"On 9 November 2021, ISWAP claimed an ambush on a convoy on Nigerian army vehicles along the Ngamdu-Tasmakawa road (Kaga, Borno), coded as Ngamdu. Three soldiers were killed, an unspecified number were wounded and the rest fled.",0.7563176895306859,0.9499999999999998,0.13866215908535692,0.32442048398531625,0.13456407295657732,0.1332251380592703,0.13456407295657732,0.13456407295657732
olmo2:7b,NIG38100,B,B,0.95,"{""V"": 0.05, ""B"": 0.9, ""E"": 0.02, ""P"": 0.01, ""R"": 0.02, ""S"": 0.02}",,1.59,Military Forces of Nigeria (2023-),"On 14 August 2024, the Nigerian troops ambushed and killed two Kaduna militants during a firefight along Kwana Uri village in Giwa LGA, coded to Giwa (Kaduna). Other militants escaped with gunshot injuries. The troops recovered one AK-47 rifle, 288 rounds of RG55 ammunition, 40 rounds of CJ 95 ammunition, six rounds of 7.62mm special ammunition, a Baofeng communication radio, and a motorcycle.",0.7563176895306859,0.9499999999999998,0.13866215908535692,0.32442048398531625,0.13456407295657732,0.1332251380592703,0.13456407295657732,0.13456407295657732
olmo2:7b,NIG17438,P,P,0.95,"{""V"": 0.01, ""B"": 0.02, ""E"": 0.0, ""P"": 0.95, ""R"": 0.03, ""S"": 0.02}",,1.43,Protesters (Nigeria),"On 18 June 2020, hundreds of mototaxi drivers demonstrated in Abeokuta (Abeokuta South LGA, Ogun) over the increase of levies imposed by the State Government.",0.7563176895306859,0.9499999999999998,0.13174652676145682,0.13307060136816828,0.13043562691721064,0.33726866043874953,0.1344079831459091,0.13307060136816828
olmo2:7b,NIG27232,B,V,0.95,"{""V"": 0.95, ""B"": 0.03, ""E"": 0.01, ""P"": 0.02, ""R"": 0.01, ""S"": 0.01}",,1.84,Unidentified Armed Group (Nigeria),"On 6 July 2020, an unidentified armed group attacked a vehicle while on transit along Okene-Lokoja highway (Okene, Kogi). One presumed policeman was killed, two others were abducted.",0.7563176895306859,0.9499999999999998,0.3372731039317797,0.13440975396249055,0.13174826251352065,0.13307235456483035,0.13174826251352065,0.13174826251352065
olmo2:7b,NIG35968,B,B,0.95,"{""V"": 0.05, ""B"": 0.9, ""E"": 0.01, ""P"": 0.01, ""R"": 0.03, ""S"": 0.01}",,1.42,Military Forces of Nigeria (2023-),"On 9 April 2024, the Nigerian troops of Operation Hadin Kai engaged Boko Haram (JAS) in a firefight and killed four at Ngauru Forest in Bama (Bama, Borno). The troops arrested seventeen Boko Haram family members and profiled them for rehabilitation. There were four fatalities.",0.7563176895306859,0.9499999999999998,0.13884619671695533,0.32485106705072136,0.13340195947211664,0.13340195947211664,0.13609685781564837,0.13340195947211664
olmo2:7b,NIG31678,B,B,0.95,"{""V"": 0.05, ""B"": 0.9, ""E"": 0.02, ""P"": 0.01, ""R"": 0.02, ""S"": 0.02}",,1.66,Police Forces of Nigeria (2023-),"On 18 June 2023, policemen in the Katsina state command, led by the command's OC anti-kidnapping unit and OC SIB engaged a Katsina militia led by Audu Lankai in an armed clash at their camp in Jibia LGA (Katsina) and Batsari LGA [coded separately]. 5 militiamen were killed, one was arrested, 38 cows, 40 sheep and 65 goats were recovered. 5 fatalities split across 2 events coded as 2.",0.7563176895306859,0.9499999999999998,0.13866215908535692,0.32442048398531625,0.13456407295657732,0.1332251380592703,0.13456407295657732,0.13456407295657732
olmo2:7b,NIG31148,V,V,0.95,"{""V"": 0.95, ""B"": 0.03, ""E"": 0.01, ""P"": 0.01, ""R"": 0.01, ""S"": 0.01}",,1.46,Military Forces of Nigeria (2015-2023),"Around 6 May 2023, (sometime between 1 and 8 May), special task force operatives presumed to comprise of soldiers and policemen killed a Jengere youth leader in Jos (Jos North, Plateau) where he was tortured following his arrest. The victim was released from custody on 1 May and dies on 8 May, residents of the town claim that he died from injuries he sustained while in custody.",0.7563176895306859,0.9499999999999998,0.3377202766656789,0.13458796081160318,0.131922940630595,0.131922940630595,0.131922940630595,0.131922940630595
olmo2:7b,NIG18129,V,V,0.95,"{""V"": 0.95, ""B"": 0.03, ""E"": 0.01, ""P"": 0.01, ""R"": 0.01, ""S"": 0.0}",,1.42,Islamic State West Africa Province (ISWAP) - Lake Chad Faction and/or Boko Haram - Jamaatu Ahli is-Sunnah lid-Dawati wal-Jihad,"On 6 September 2020, Boko Haram militants raided the village of Kurmari and another village near Maiduguri (Maiduguri LGA, Borno), killing 8 residents.",0.7563176895306859,0.9499999999999998,0.3381641696185327,0.13476486060551865,0.1320963375738992,0.1320963375738992,0.1320963375738992,0.13078195705391288
olmo2:7b,NIG18583,P,P,0.95,"{""V"": 0.02, ""B"": 0.01, ""E"": 0.01, ""P"": 0.95, ""R"": 0.02, ""S"": 0.01}",,1.61,Protesters (Nigeria),"On 16 October 2020, thousands of supporters of the #EndSARS movement staged demonstrations at Airport Road and along other connecting roads in Abuja (Abuja Municipal LGA, FCT) to protest against police brutality across the country.",0.7563176895306859,0.9499999999999998,0.13325056378857908,0.13192469852586564,0.13192469852586564,0.33772477684490704,0.13325056378857908,0.13192469852586564
olmo2:7b,NIG21933,B,V,0.95,"{""V"": 0.95, ""B"": 0.03, ""E"": 0.01, ""P"": 0.01, ""R"": 0.01, ""S"": 0.0}",,1.46,Police Forces of Nigeria (2015-2023),"On 11 September 2021, police forces of Nigeria engaged IPOB militants in an armed clash in Amaifeke (Orlu, Imo) coded to Amike; three militants were killed, two were arrested and an unspecified number escaped with gunshot wounds.",0.7563176895306859,0.9499999999999998,0.3381641696185327,0.13476486060551865,0.1320963375738992,0.1320963375738992,0.1320963375738992,0.13078195705391288
olmo2:7b,NIG25519,B,V,0.95,"{""V"": 0.95, ""B"": 0.02, ""E"": 0.01, ""P"": 0.01, ""R"": 0.01, ""S"": 0.01}",,1.43,Unidentified Armed Group (Nigeria),"On 5 July 2022, an unidentified armed group killed a policeman during an attempt to assassinate the deputy governorship candidate of the APC at the GRA axis of Port Harcourt (Port Harcourt, Rivers).",0.7563176895306859,0.9499999999999998,0.33817314887578387,0.13342747063698837,0.13209984512172235,0.13209984512172235,0.13209984512172235,0.13209984512172235
olmo2:7b,NIG24877,V,V,0.95,"{""V"": 0.95, ""B"": 0.05, ""E"": 0.01, ""P"": 0.01, ""R"": 0.02, ""S"": 0.03}",,1.45,Unidentified Armed Group (Nigeria),"On 17 May 2022, armed individuals attacked the house of the Ikwo Local Government Chairman at Ekpa Omaka (Ikwo, Ebonyi) and killed four person. Three of the victims were relatives of the chairman who was not at home at the time, the fourth person was the gate keeper, the assailants set the house ablaze. The Chairman's life had been under threat since he assumed office and there had been attempts to burn his house on several occasions but were prevented by security operatives.",0.7563176895306859,0.9499999999999998,0.33546936947192024,0.13639166739959196,0.13104367362590416,0.13104367362590416,0.13236068444116766,0.13369093143517624
olmo2:7b,NIG23685,B,B,0.95,"{""V"": 0.05, ""B"": 0.9, ""E"": 0.02, ""P"": 0.01, ""R"": 0.02, ""S"": 0.02}",,1.49,Police Forces of Nigeria (2015-2023),"On 12 February 2022, Nigerian police and military forces, together with local vigilantes, engaged Niger militiamen in a clash in Nasko (Magama, Niger), after the militiamen attacked civilians at villages around Nasko (coded separately). Scores of militiamen were killed; 20 abductees were rescued, large herds of cattle, weapons and ammunition were recovered. Scores of fatalities coded as 20.",0.7563176895306859,0.9499999999999998,0.13866215908535692,0.32442048398531625,0.13456407295657732,0.1332251380592703,0.13456407295657732,0.13456407295657732
olmo2:7b,NIG22254,P,P,0.95,"{""V"": 0.02, ""B"": 0.01, ""E"": 0.01, ""P"": 0.95, ""R"": 0.03, ""S"": 0.01}",,1.62,Protesters (Nigeria),"On 11 October 2021, locals from Ovwor community protested against the alleged illegal collection of levies by the principal of a government-owned school in Ovwor (Ughelli South, Delta), coded as Okwagbe. A majority of the protesters were women.",0.7563176895306859,0.9499999999999998,0.13307235456483035,0.13174826251352065,0.13174826251352065,0.3372731039317797,0.13440975396249055,0.13174826251352065
olmo2:7b,NIG23702,V,V,0.95,"{""V"": 0.95, ""B"": 0.02, ""E"": 0.01, ""P"": 0.01, ""R"": 0.02, ""S"": 0.01}",,1.64,Police Forces of Nigeria (2015-2023),"Around 13 February 2022 (as reported), a security operative, presumed police, beat up a truck driver to a coma at the Joita checkpoint on the Wukari-Zaki Biam highway (Wukari, Taraba). The victim was attacked over his refusal to pay an extra 1000 naira to the security operatives at the checkpoint.",0.7563176895306859,0.9499999999999998,0.33772477684490704,0.13325056378857908,0.13192469852586564,0.13192469852586564,0.13325056378857908,0.13192469852586564
olmo2:7b,NIG18063,B,B,0.85,"{""V"": 0.05, ""B"": 0.85, ""E"": 0.02, ""P"": 0.01, ""R"": 0.02, ""S"": 0.02}",,1.46,Islamic State West Africa Province (ISWAP) - Lake Chad Faction and/or Boko Haram - Jamaatu Ahli is-Sunnah lid-Dawati wal-Jihad,"On 30 August 2020, Boko Haram or ISWAP clashed with military forces along Dikwa-Ngala road in Missini (Ngala LGA, Borno). Material damage reported",0.7226890756302521,0.85,0.14089136676422087,0.3135595032050169,0.13672739759188288,0.13536693725480006,0.13672739759188288,0.13672739759188288
olmo2:7b,NIG34880,S,S,0.85,"{""V"": 0.05, ""B"": 0.03, ""E"": 0.02, ""P"": 0.01, ""R"": 0.04, ""S"": 0.77}",,1.61,Government of Nigeria (2023-),"Security measures: On 30 January 2024, the Osun State Government imposed a 12-hour curfew in Ilobu and Ifon, coded to Ifon (Orolu, Osun), over communal clashes between the two communities.",0.7226890756302521,0.85,0.1437625038522575,0.1409158155472401,0.13951367975517348,0.13812549544734418,0.14233204303829167,0.29535046235939766
olmo2:7b,NIG22492,V,V,0.95,"{""V"": 0.95, ""B"": 0.02, ""E"": 0.01, ""P"": 0.01, ""R"": 0.01, ""S"": 0.01}",,1.59,Katsina Communal Militia (Nigeria),"On 30 October 2021, a Katsina militia attacked and killed an unidentified number of civilians in Ungwan Dudu (Faskari, Katsina), coded as Faskari. The group looted shops during the attack and wounded an unspecified number of individuals. Unknown fatalities coded as 3.",0.7563176895306859,0.9499999999999998,0.33817314887578387,0.13342747063698837,0.13209984512172235,0.13209984512172235,0.13209984512172235,0.13209984512172235
olmo2:7b,NIG31710,V,V,0.95,"{""V"": 0.95, ""B"": 0.02, ""E"": 0.01, ""P"": 0.01, ""R"": 0.01, ""S"": 0.01}",,1.48,Unidentified Armed Group (Nigeria),"On 15 June 2023, an unidentified armed group killed one person and abducted three others at Yimi community, Gwagwalada Area Council (FCT).",0.7563176895306859,0.9499999999999998,0.33817314887578387,0.13342747063698837,0.13209984512172235,0.13209984512172235,0.13209984512172235,0.13209984512172235
mistral:7b,NIG17300,V,V,0.95,"{""V"": 0.95, ""B"": 0.02, ""E"": 0.01, ""P"": 0.01, ""R"": 0.01, ""S"": 0.0}",,1.23,Unidentified Communal Militia (Nigeria),"On 6 June 2020, unidentified gunmen attacked Maigoge (Bali LGA, Taraba) and killed 4 residents. The attack is believed to be related to the ongoing Tiv-Jukun conflict in the area.",0.8086522462562394,0.9499999999999998,0.33861823390414764,0.13360308058636017,0.1322737077229026,0.1322737077229026,0.1322737077229026,0.13095756234044575
mistral:7b,NIG31066,B,B,0.95,"{""V"": 0.03, ""B"": 0.95, ""E"": 0.01, ""P"": 0.0, ""R"": 0.01, ""S"": 0.0}",,1.05,Military Forces of Nigeria (2015-2023),"On 20 April 2023, troops of 21 Armored Brigade of Operation Hadin Kai, 199 Special Forces Battalion and Civilian JTF clashed with dozens of Boko Haram [JAS] militants at Ukuba and Garin Glucose in Bama LGA (Borno). 9 militants were killed others escaped with bullet wounds, one truck and two 122 artillery guns were recovered by the troops, some women who were held by captive were rescued during the operations which lasted three days.",0.8086522462562394,0.9499999999999998,0.13494222603874756,0.3386092309956409,0.13227019093624068,0.1309540805463958,0.13227019093624068,0.1309540805463958
mistral:7b,NIG21935,B,B,0.95,"{""V"": 0.03, ""B"": 0.95, ""E"": 0.01, ""P"": 0.0, ""R"": 0.01, ""S"": 0.0}",,1.12,Zamfara Communal Militia (Nigeria),"On 11 September 2021, a Zamfara militias attacked a security forces base in Dan Sadau (Maru, Zamfara). Twelve security personnel, including military and police officers, were killed.",0.8086522462562394,0.9499999999999998,0.13494222603874756,0.3386092309956409,0.13227019093624068,0.1309540805463958,0.13227019093624068,0.1309540805463958
mistral:7b,NIG34842,B,V,0.85,"{""V"": 0.85, ""B"": 0.05, ""E"": 0.02, ""P"": 0.01, ""R"": 0.03, ""S"": 0.04}",,1.34,Military Forces of Nigeria (2023-),"On 6 February 2024, soldiers attacked policemen at their camp in Sabon Gari area of Mangu (Mangu, Plateau). An unspecified number of policemen were wounded, and they claimed that the attack was unprovoked.",0.7394366197183099,0.85,0.31226789765386587,0.14031101097987414,0.13616419391309453,0.13480933754624874,0.1375326668128022,0.1389148930938021
mistral:7b,NIG38559,P,P,0.95,"{""V"": 0.01, ""B"": 0.0, ""E"": 0.0, ""P"": 0.95, ""R"": 0.03, ""S"": 0.01}",,0.96,Protesters (Nigeria),"Around 15 September 2024 (as reported), the Otulu community people protested in Asaba (Oshimili South, Delta) over the alleged seizure of their land by the Ogwashi-Uku people. They displayed placards with various inscriptions calling on the government to intervene and stop the seizure of their land.",0.8086522462562394,0.9499999999999998,0.13227019093624065,0.13095408054639576,0.13095408054639576,0.33860923099564083,0.13494222603874756,0.13227019093624065
mistral:7b,NIG16585,R,V,0.85,"{""V"": 0.85, ""B"": 0.03, ""E"": 0.02, ""P"": 0.06, ""R"": 0.04, ""S"": 0.0}",,1.23,Rioters (Nigeria),"On 20 March 2020, youths clashed with police in Amakohia (Owerri North LGA, Imo), after they refused a police demand to move on when they blocked a local bank during a burial procession. One person was shot and injured by a police officer who fired warning shots to disperse the crowd.",0.7394366197183099,0.85,0.3122464232860001,0.1375232088214336,0.13615483003031245,0.14171141405388255,0.13890534004803995,0.13345878376001905
mistral:7b,NIG27104,V,V,0.95,"{""V"": 0.95, ""B"": 0.02, ""E"": 0.01, ""P"": 0.01, ""R"": 0.01, ""S"": 0.0}",,1.05,Military Forces of Nigeria (2015-2023),"On 4 September 2021, a soldier opened fire while trying to disperse a crowd during local elections in Gwanki (Makarfi LGA, Kaduna). A girl was killed by a stray bullet.",0.8086522462562394,0.9499999999999998,0.33861823390414764,0.13360308058636017,0.1322737077229026,0.1322737077229026,0.1322737077229026,0.13095756234044575
mistral:7b,NIG26316,V,V,0.85,"{""V"": 0.85, ""B"": 0.03, ""E"": 0.02, ""P"": 0.01, ""R"": 0.06, ""S"": 0.03}",,1.26,Police Forces of Nigeria (2015-2023),"On 15 September 2022, officials of Yakurr LGA task force beat up a civilian and caused him some burns on his body in Ugep (Yakurr, Cross River) following the victim's refusal to hand over his car keys to the officials who were dressed in mufti. The assailants fled after the victim was wounded.",0.7394366197183099,0.85,0.31225917849606455,0.13752882661970586,0.13616039193055793,0.13480557339407045,0.141717202939583,0.13752882661970586
mistral:7b,NIG30329,B,V,0.95,"{""V"": 0.95, ""B"": 0.02, ""E"": 0.01, ""P"": 0.01, ""R"": 0.01, ""S"": 0.0}",,0.98,Unidentified Cult Militia (Nigeria),"Around 30 September 2021 (week of), an unidentified cult group killed four suspected members of a rival group in Kuchibena, near the Life Camp, Abuja (Abuja Municipal, FCT). The assailants dismembered the body of one of their victims, chopped off his head and hung it on a stick. The community had been in palpable fear over the incessant cult clashes and killing in the area, prompting the police to request that the slums in the area be demolished. 4 fatalities reported.",0.8086522462562394,0.9499999999999998,0.33861823390414764,0.13360308058636017,0.1322737077229026,0.1322737077229026,0.1322737077229026,0.13095756234044575
mistral:7b,NIG21980,B,B,0.95,"{""V"": 0.03, ""B"": 0.95, ""E"": 0.01, ""P"": 0.0, ""R"": 0.01, ""S"": 0.0}",,1.06,Military Forces of Nigeria (2015-2023),"Around 16 September 2021 (as reported), military forces clashed with militia members fleeing from Zamfara state in Maiha (Maiha, Adamawa). Some militia members were killed by the soldiers, eleven rocket launchers and three grenades were recovered. Unknown fatalities coded as 10.",0.8086522462562394,0.9499999999999998,0.13494222603874756,0.3386092309956409,0.13227019093624068,0.1309540805463958,0.13227019093624068,0.1309540805463958
mistral:7b,NIG34255,B,B,0.9,"{""V"": 0.1, ""B"": 0.9, ""E"": 0, ""P"": 0, ""R"": 0, ""S"": 0}",,0.92,Police Forces of Nigeria (2023-),"On 14 December 2023, policemen engaged an unidentified armed group in an armed clash at their hideout in a forest in Emohua LGA (Rivers) and rescued four abductees. Two members of the group were killed.",0.7872340425531915,0.8999999999999999,0.14609437291908126,0.32513900635385695,0.1321916551816841,0.1321916551816841,0.1321916551816841,0.1321916551816841
mistral:7b,NIG21852,V,E,0.95,"{""V"": 0.02, ""B"": 0.01, ""E"": 0.95, ""P"": 0.0, ""R"": 0.01, ""S"": 0.01}",,0.99,Islamic State West Africa Province (ISWAP) - Lake Chad Faction,"On 30 August 2021, ISWAP claimed an attack on a Christian town in Borno (location coded to Maiduguri, Maiduguri Metro). A church and school were burnt. No reported injuries or fatalities.",0.8086522462562394,0.9499999999999998,0.13360308058636017,0.1322737077229026,0.33861823390414764,0.13095756234044575,0.1322737077229026,0.1322737077229026
mistral:7b,NIG18752,V,V,0.78,"{""V"": 0.78, ""B"": 0.05, ""E"": 0.02, ""P"": 0.03, ""R"": 0.06, ""S"": 0.06}",,1.1,Police Forces of Nigeria (2015-2023),"On 23 October 2020, Nigerian police forces attacked a journalist in Udu LGA, Delta over the enforcement of the state-wide curfew despite the journalist being on an official assignment. No reported fatalities.",0.7394366197183099,0.78,0.2945120782704987,0.14192801820870268,0.13773341135602685,0.13911765515322735,0.143354418505625,0.143354418505625
mistral:7b,NIG38445,B,V,0.9,"{""V"": 0.9, ""B"": 0.05, ""E"": 0.01, ""P"": 0.01, ""R"": 0.02, ""S"": 0.01}",,1.14,SEC: Supreme Eiye Confraternity (Nigeria),"On 5 August 2024, the Buccaneers and Eiye clashed and killed one person in Ake Junction, Abeokuta (Abeokuta South, Ogun).",0.7872340425531915,0.8999999999999999,0.3252915724616538,0.13903447530719207,0.1335828555532346,0.1335828555532346,0.13492538557112488,0.1335828555532346
mistral:7b,NIG35617,B,B,0.92,"{""V"": 0.04, ""B"": 0.92, ""E"": 0.03, ""P"": 0.01, ""R"": 0.01, ""S"": 0.0}",,1.17,Military Forces of Nigeria (2023-),"On 15 March 2024, Nigerian troops raided the hideout of a Katsina militia and engaged them in an armed clash at Dutsen Kura in Batsari LGA (Batsari, Katsina). Two militia members were killed, one 81mm mortar bomb among other items were recovered by the troops.",0.8086522462562394,0.92,0.13693696567450936,0.33014129034233813,0.13557442010016352,0.13288986671651298,0.13288986671651298,0.13156759044963276
mistral:7b,NIG34375,S,V,0.85,"{""V"": 0.85, ""B"": 0.03, ""E"": 0.02, ""P"": 0.01, ""R"": 0.06, ""S"": 0.03}",,0.96,Islamic State West Africa Province (ISWAP),"Looting: On 26 December 2023, ISWAP raided and looted drugs from a Primary Health Care center in Mainok (Kaga, Borno).",0.7394366197183099,0.85,0.31225917849606455,0.13752882661970586,0.13616039193055793,0.13480557339407045,0.141717202939583,0.13752882661970586
mistral:7b,NIG26000,V,V,0.85,"{""V"": 0.85, ""B"": 0.03, ""E"": 0.02, ""P"": 0.01, ""R"": 0.06, ""S"": 0.03}",,1.08,Igbide Communal Militia (Nigeria),"On 5 September 2022, a presumed faction of Igbide communal militia killed one person and wounded the vice president of a faction of the community at Igbide (Isoko South, Delta). The two victims were driving together when they were shot by the assailants, soldiers were deployed to the area to restore calm.",0.7394366197183099,0.85,0.31225917849606455,0.13752882661970586,0.13616039193055793,0.13480557339407045,0.141717202939583,0.13752882661970586
mistral:7b,NIG30514,B,B,0.92,"{""V"": 0.05, ""B"": 0.92, ""E"": 0.01, ""P"": 0.01, ""R"": 0.01, ""S"": 0.01}",,1.11,Police Forces of Nigeria (2015-2023),"On 13 March 2023, policemen attached to Operation Whirl Punch engaged a Kaduna militia in an armed clash, after the militia blocked the Galadimawa-Tumbruku road (Giwa, Kaduna). One militia member was killed, others fled with bullet wounds and the policemen recovered one rifle and two live rounds of ammunition.",0.8086522462562394,0.92,0.1383112739204277,0.33013668088543807,0.13288801129845107,0.13288801129845107,0.13288801129845107,0.13288801129845107
mistral:7b,NIG36992,V,V,0.92,"{""V"": 0.92, ""B"": 0.04, ""E"": 0.01, ""P"": 0.01, ""R"": 0.01, ""S"": 0.01}",,1.06,Islamic State West Africa Province (ISWAP),"On 19 May 2024, ISWAP fighters abducted a man and later killed him along the Banki-Kumshe Road near Kumshe (Bama, Borno). They also stole an unspecified number of bicycles belonging to IDPs.",0.8086522462562394,0.92,0.3305916477791031,0.13712376624342817,0.1330711464942846,0.1330711464942846,0.1330711464942846,0.1330711464942846
mistral:7b,NIG29598,B,B,0.95,"{""V"": 0.04, ""B"": 0.95, ""E"": 0.01, ""P"": 0.0, ""R"": 0.0, ""S"": 0.0}",,0.98,Police Forces of Nigeria (2015-2023),"On 7 January 2023, the police and the local hunters attacked an unidentified armed group in their enclave in Mansur forest, Mansur (Alkaleri, Bauchi). The police shot and killed two members of the group during a gun battle and recovered a fabricated SMG rifle and three operational motorcycles (Honda Bajaj). 2 fatalities reported.",0.8086522462562394,0.9499999999999998,0.13629295512717393,0.3385956595640438,0.13226488955729318,0.13094883191705017,0.13094883191705017,0.13094883191705017
mistral:7b,NIG29112,B,B,0.92,"{""V"": 0.05, ""B"": 0.92, ""E"": 0.01, ""P"": 0.01, ""R"": 0.01, ""S"": 0.01}",,0.98,Military Forces of Nigeria (2015-2023),"On 19 December 2022, Nigerian troops in collaboration with the police and DSS clashed with IPOB militants when they raided their camp at Umuleje Amaeze in Ishielu LGA (Ebonyi). Four militants were killed, weapons, ammunition, 13 military hand grenades and other items were recovered.",0.8086522462562394,0.92,0.1383112739204277,0.33013668088543807,0.13288801129845107,0.13288801129845107,0.13288801129845107,0.13288801129845107
mistral:7b,NIG34705,S,S,0.95,"{""V"": 0.01, ""B"": 0.02, ""E"": 0.01, ""P"": 0.01, ""R"": 0.01, ""S"": 0.95}",,0.99,Government of Nigeria (2023-),"Security measures: On 23 January 2024, the governor of Plateau state imposed a 24 hour curfew on Mangu LGA (Plateau) following violence which broke out in different parts of the town [coded separately].",0.8086522462562394,0.9499999999999998,0.13209984512172238,0.1334274706369884,0.13209984512172238,0.13209984512172238,0.13209984512172238,0.3381731488757839
mistral:7b,NIG29332,V,V,0.92,"{""V"": 0.92, ""B"": 0.03, ""E"": 0.01, ""P"": 0.01, ""R"": 0.02, ""S"": 0.01}",,1.13,Kaduna Communal Militia (Nigeria),"On 25 December 2022, a Kaduna militia on motorcycles attacked civilians at Anguwan Aku in Kajuru LGA (Kaduna) and conducted a house to house search. One person was killed; 53 person were abducted, 7 persons among the abductees escaped and 45 others were taken away.",0.8086522462562394,0.92,0.33060057961982675,0.13576302988414168,0.13307474177654105,0.13307474177654105,0.13441216516607782,0.13307474177654105
mistral:7b,NIG21210,B,B,0.95,"{""V"": 0.02, ""B"": 0.95, ""E"": 0.01, ""P"": 0.01, ""R"": 0.01, ""S"": 0.0}",,1.23,Military Forces of Nigeria (2015-2023),"On 26 June 2021, military and police members of the Task Force killed two kidnappers in Koton-Karfe (Kogi LGA, Kogi).",0.8086522462562394,0.9499999999999998,0.13360308058636017,0.33861823390414764,0.1322737077229026,0.1322737077229026,0.1322737077229026,0.13095756234044575
mistral:7b,NIG21090,B,B,0.95,"{""V"": 0.1, ""B"": 0.95, ""E"": 0.02, ""P"": 0.01, ""R"": 0.01, ""S"": 0.01}",,1.05,Police Forces of Nigeria (2015-2023),"On 17 June 2021, ISWAP fighters clashed with Nigerian police operatives following an attack on Gujba town (Gujba LGA, Yobe). At least three policemen were killed. ISWAP fighters also looted medical supplies and set properties and houses ablaze.",0.8086522462562394,0.9499999999999998,0.142764208372011,0.33401783068528174,0.13178797442715115,0.13047666217174061,0.13047666217174061,0.13047666217174061
mistral:7b,NIG35108,V,V,0.9,"{""V"": 0.85, ""B"": 0.03, ""E"": 0.02, ""P"": 0.01, ""R"": 0.04, ""S"": 0.05}",,1.21,Military Forces of Nigeria (2023-),"On 15 February 2024, a Naval officer shot and killed a man at a military checkpoint at Owerri-Nta (Isiala Ngwa South, Abia) after he refused to stop at the checkpoint. The Navy claimed that the victim was shot because he was struggling for a gun with the soldier after he was invited over an allegation of theft levelled against him.",0.7872340425531915,0.8999999999999999,0.31226789765386587,0.1375326668128022,0.13616419391309453,0.13480933754624874,0.1389148930938021,0.14031101097987414
mistral:7b,NIG19404,B,B,0.95,"{""V"": 0.02, ""B"": 0.95, ""E"": 0.01, ""P"": 0.0, ""R"": 0.01, ""S"": 0.01}",,1.18,Military Forces of Nigeria (2015-2023),"On 9 January 2021, Nigerian military troops clashed with Boko Haram elements at Gonan Kaji Village along Damaturu-Buni Yadi Road (Gujba LGA, Yobe), killing 30 militants and recovering weapons and ammunition.",0.8086522462562394,0.9499999999999998,0.13360308058636017,0.33861823390414764,0.1322737077229026,0.13095756234044575,0.1322737077229026,0.1322737077229026
mistral:7b,NIG36383,S,S,0.95,"{""V"": 0.02, ""B"": 0.03, ""E"": 0.01, ""P"": 0.01, ""R"": 0.01, ""S"": 0.93}",,1.16,Police Forces of Nigeria (2023-),"On 12 January 2024, the Nigerian police arrested a Kaduna militia's kingpin around the Abuja-Kaduna Road flyover by Rido Junction, coded to Rido (Chikun, Kaduna). The kingpin was responsible for many high-profile attacks and abductions in the area. The police recovered forty- eight AK-47 rifles from him.",0.8086522462562394,0.9499999999999998,0.13396704745143825,0.13531343866209788,0.13263405305716333,0.13263405305716333,0.13263405305716333,0.332817354714641
mistral:7b,NIG38569,B,B,0.92,"{""V"": 0.04, ""B"": 0.92, ""E"": 0.01, ""P"": 0.01, ""R"": 0.01, ""S"": 0.01}",,1.05,Military Forces of Nigeria (2023-),"On 17 September 2024, the Nigerian troops clashed with a Kaduna militia, killing two in an ambush at Hayin Nakwakina village in Giwa LGA, coded to Hayin Kanwa (Giwa, Kaduna). The troops recovered two motorcycles, a mobile phone, and machetes.",0.8086522462562394,0.92,0.13712376624342817,0.3305916477791031,0.1330711464942846,0.1330711464942846,0.1330711464942846,0.1330711464942846
mistral:7b,NIG20519,P,P,0.95,"{""V"": 0.01, ""B"": 0.0, ""E"": 0.0, ""P"": 0.95, ""R"": 0.03, ""S"": 0.01}",,1.1,Protesters (Nigeria),"On 22 April 2021, the Osun Chapter of the Nigerian Bar Association with the Judiciary Staff Union of Nigeria staged protest marches on major roads and at the Governor's Office in Oshogbo (Osogbo LGA, Ogun) to demand for the autonomy of the judiciary and legislature.",0.8086522462562394,0.9499999999999998,0.13227019093624065,0.13095408054639576,0.13095408054639576,0.33860923099564083,0.13494222603874756,0.13227019093624065
mistral:7b,NIG22612,V,V,0.85,"{""V"": 0.85, ""B"": 0.03, ""E"": 0.02, ""P"": 0.01, ""R"": 0.06, ""S"": 0.03}",,1.07,Zamfara Communal Militia (Nigeria),"On 14 November 2021, members of a Zamfara militia numbering up to a hundred attacked Kwarin Mai Saje (Tsafe, Gusau), coded as Tsafe, raped an unspecified number of women, abducted six persons and looted valuables. The attack was a punitive measure on the village over its failure to pay a levy imposed by the militia.",0.7394366197183099,0.85,0.31225917849606455,0.13752882661970586,0.13616039193055793,0.13480557339407045,0.141717202939583,0.13752882661970586
mistral:7b,NIG36868,B,B,0.9,"{""V"": 0.1, ""B"": 0.9, ""E"": 0, ""P"": 0, ""R"": 0, ""S"": 0}",,1.1,Military Forces of Nigeria (2023-),"Around 21 June 2024 (as reported), Nigerian troops, hunters and KSVS clashed with a Kogi militia at a ransom collection point in the Okunran Okoloke area, coded to Okoloke (Yagba West, Kogi). The troops killed one of the militiamen and recovered an AK-47 rifle with a magazine containing 15 rounds of 7.62 mm (Special) ammunition and one motorcycle.",0.7872340425531915,0.8999999999999999,0.14609437291908126,0.32513900635385695,0.1321916551816841,0.1321916551816841,0.1321916551816841,0.1321916551816841
mistral:7b,NIG35481,B,B,0.92,"{""V"": 0.04, ""B"": 0.92, ""E"": 0.01, ""P"": 0.01, ""R"": 0.01, ""S"": 0.01}",,1.11,Military Forces of Nigeria (2023-),"On 10 March 2024, military forces together with hybrid forces, coded as Civilian JTF engaged Boko Haram/ ISWAP militants in an armed clash at their enclave at Ukuba in Sambisa Forest Reserve (Gwoza, Borno). 8 militants were killed, 5 locally fabricated guns, two motorcycles and assorted food items were recovered by the troops.",0.8086522462562394,0.92,0.13712376624342817,0.3305916477791031,0.1330711464942846,0.1330711464942846,0.1330711464942846,0.1330711464942846
mistral:7b,NIG29019,P,P,0.98,"{""V"": 0.01, ""B"": 0.01, ""E"": 0.0, ""P"": 0.98, ""R"": 0.0, ""S"": 0.0}",,1.1,Protesters (Nigeria),"On 7 December 2022, members of the Kaduna state chapter of ARPON protested at the Kaduna state police command (Kaduna North, Kaduna) to demand that the National Assembly urgently pass the two police bills that are before the house in order to address the challenges faced by its members.",0.8086522462562394,0.98,0.13143896555144177,0.13143896555144177,0.13013112599236756,0.3467286909196671,0.13013112599236756,0.13013112599236756
mistral:7b,NIG16121,B,B,0.9,"{""V"": 0.04, ""B"": 0.9, ""E"": 0.03, ""P"": 0.01, ""R"": 0.01, ""S"": 0.01}",,1.2,Military Forces of Nigeria (2015-2023),"On 20 January 2020, Nigerian Armed Forces, Cameroon Armed Forces and Civilian JTF clashed with Boko Haram (JAS) at Abbaram. Other villages include Nguzuwa and Cina (Bama LGA, Borno, no locations found coded as Bama (Borno, Bama)). 5 BH fighters were killed and abducted civilians rescued. Fatalities split between 2 events.",0.7872340425531915,0.8999999999999999,0.13765483000743525,0.325300483572324,0.13628514156363128,0.1335865149520947,0.1335865149520947,0.1335865149520947
mistral:7b,NIG38088,V,V,0.92,"{""V"": 0.92, ""B"": 0.03, ""E"": 0.01, ""P"": 0.01, ""R"": 0.02, ""S"": 0.01}",,1.13,Katsina Communal Militia (Nigeria),"On 24 July 2024, a Katsina militia attacked and killed two people in Godiya village, coded as Ruwan Godiya (Faskari, Katsina). An unspecified number of others were injured and abducted.",0.8086522462562394,0.92,0.33060057961982675,0.13576302988414168,0.13307474177654105,0.13307474177654105,0.13441216516607782,0.13307474177654105
mistral:7b,NIG22187,V,V,0.78,"{""V"": 0.78, ""B"": 0.05, ""E"": 0.03, ""P"": 0.02, ""R"": 0.06, ""S"": 0.16}",,1.12,Unidentified Armed Group (Nigeria),"On 4 October 2021, unidentified armed men shot sporadically while enforcing a sit at home order in Owerri (Owerri Municipal, Imo). Casualties unknown. Police sources denied reports of the attack.",0.7394366197183099,0.78,0.29013775381213536,0.13981999192664593,0.13705137058825959,0.135687686666002,0.14122520620721576,0.15607799079945128
mistral:7b,NIG34305,B,V,0.95,"{""V"": 0.95, ""B"": 0.01, ""E"": 0.02, ""P"": 0.01, ""R"": 0.01, ""S"": 0.0}",,1.05,Unidentified Armed Group (Nigeria),"On 18 December 2023, an unidentified armed group killed the police orderly of a high court judge, then proceeded to abduct the judge and her driver as they were traveling along Okobo axis of Oron-Uyo road (Oron, Akwa Ibom). The assailants had posed as a local defense militia on the road. The abductees were released on 23 December, there are no reports on ransom payment.",0.8086522462562394,0.9499999999999998,0.33861823390414764,0.1322737077229026,0.13360308058636017,0.1322737077229026,0.1322737077229026,0.13095756234044575
mistral:7b,NIG38025,P,P,0.98,"{""V"": 0.01, ""B"": 0.0, ""E"": 0.0, ""P"": 0.98, ""R"": 0.01, ""S"": 0.0}",,0.85,Protesters (Nigeria),"On 6 August 2024, protesters marched, in their large number, to the residence of the former Governor of Rivers State and Minister of the Federal Capital Territory in Port Harcourt (Port Harcourt, Rivers). They displayed placards with various inscriptions decrying the high cost of living and alleged bad governance in Nigeria.",0.8086522462562394,0.98,0.13143896555144177,0.13013112599236756,0.13013112599236756,0.3467286909196671,0.13143896555144177,0.13013112599236756
mistral:7b,NIG34649,E,E,0.95,"{""V"": 0.02, ""B"": 0.03, ""E"": 0.95, ""P"": 0.0, ""R"": 0.01, ""S"": 0.01}",,1.19,Islamic State West Africa Province (ISWAP),"On 14 January 2024, ISWAP claimed to have fired two mortal shells at the Nigerian Army's position in Nduva (Damboa, Borno). There were no fatalities.",0.8086522462562394,0.9499999999999998,0.13324703037751082,0.13458618529627403,0.33771582138212625,0.13060856239810104,0.13192120027282495,0.13192120027282495
mistral:7b,NIG25857,V,R,0.95,"{""V"": 0.1, ""B"": 0.03, ""E"": 0.02, ""P"": 0.01, ""R"": 0.84, ""S"": 0.0}",,1.35,Unidentified Armed Group (Nigeria),"On 29 July 2022, an unidentified armed group abducted a gold miner and his driver along Ilesa-Oshogbo (Osogbo, Osun). A ransom of 100 million naira was demanded for the miner, the victims were released around 8 August after 20 million naira was paid as ransom.",0.8086522462562394,0.9499999999999998,0.14770581225901205,0.1377199865144911,0.1363496497526096,0.1349929480693284,0.30958185761090046,0.13364974579334868
mistral:7b,NIG21924,B,B,0.9,"{""V"": 0.1, ""B"": 0.9, ""E"": 0, ""P"": 0, ""R"": 0, ""S"": 0}",,1.09,Unidentified Armed Group (Nigeria),"On 9 September 2021, gunmen engaged police officers in an armed clash that led to the killing of three police officers and the abduction of an unspecified number of expatriates in Akukutoru LGA (Rivers) coded as Abonnema. The abducted expatriates were released around 4 October.",0.7872340425531915,0.8999999999999999,0.14609437291908126,0.32513900635385695,0.1321916551816841,0.1321916551816841,0.1321916551816841,0.1321916551816841
mistral:7b,NIG35468,V,V,0.78,"{""V"": 0.78, ""B"": 0.05, ""E"": 0.03, ""P"": 0.02, ""R"": 0.06, ""S"": 0.16}",,1.23,Unidentified Armed Group (Nigeria),"On 10 March 2024, an unidentified armed group numbering six abducted a Chinese national from a guest house around Eyenkorin in Ilorin (Ilorin West, Kwara) where he was lodged. The police claimed to have arrested three suspects in connection with the abduction. The abductee was rescued on 19 March by operatives of the state police command (there are no further details on ransom payment or a clash).",0.7394366197183099,0.78,0.29013775381213536,0.13981999192664593,0.13705137058825959,0.135687686666002,0.14122520620721576,0.15607799079945128
mistral:7b,NIG23775,E,B,0.95,"{""V"": 0.02, ""B"": 0.95, ""E"": 0.01, ""P"": 0.0, ""R"": 0.01, ""S"": 0.01}",,1.01,Military Forces of Nigeria (2015-2023),"Around 13 February 2022 (as reported), Nigerian troops carried out airstrikes against ISWAP camps in Tumbun Kaiyowa (Abadan, Borno), Tumbun Madayi, Tumbun Allura, Parisu and Njimia [coded separately]. Five militant leaders were killed in the strikes across the locations, five fatalities split across five events, coded as 1.",0.8086522462562394,0.9499999999999998,0.13360308058636017,0.33861823390414764,0.1322737077229026,0.13095756234044575,0.1322737077229026,0.1322737077229026
mistral:7b,NIG27039,B,V,0.75,"{""V"": 0.75, ""B"": 0.1, ""E"": 0.05, ""P"": 0.03, ""R"": 0.04, ""S"": 0.03}",,1.32,Police Forces of Nigeria (2015-2023),"On 13 May 2021, an unidentified armed group attacked Moniokoro police station Rumuola (Obio, Rivers). Casualties unknown.",0.5555555555555556,0.75,0.2870445493969781,0.14985039475496129,0.14254210476396664,0.13971958197999262,0.14112378712382165,0.13971958197999262
mistral:7b,NIG32699,V,V,0.9,"{""V"": 0.85, ""B"": 0.03, ""E"": 0.02, ""P"": 0.01, ""R"": 0.06, ""S"": 0.03}",,1.27,Zamfara Communal Militia (Nigeria),"On 9 September 2023, a Zamfara militia abducted over 50 civilians around Darita forest while they were on transit to Bagega (Anka, Zamfara) for the weekly market. One of the abductees who escaped claimed that the militiamen were followers of Halilu Buzu and that the abduction was a response to the government's closure of the Bagega cattle market.",0.7872340425531915,0.8999999999999999,0.31225917849606455,0.13752882661970586,0.13616039193055793,0.13480557339407045,0.141717202939583,0.13752882661970586
mistral:7b,NIG29483,E,V,0.92,"{""V"": 0.92, ""B"": 0.03, ""E"": 0.02, ""P"": 0.01, ""R"": 0.01, ""S"": 0.01}",,1.11,Military Forces of Nigeria (2015-2023),"On 7 July 2022, the Nigerian Airforce accidentally killed one person and injured 13 others in an air strike targeting some camps of militiamen in Kunkuna (Safana, Katsina). 1 fatality reported.",0.8086522462562394,0.92,0.33060057961982675,0.13576302988414168,0.13441216516607782,0.13307474177654105,0.13307474177654105,0.13307474177654105
mistral:7b,NIG25991,B,B,0.95,"{""V"": 0.02, ""B"": 0.95, ""E"": 0.01, ""P"": 0.0, ""R"": 0.01, ""S"": 0.01}",,1.11,Military Forces of Nigeria (2015-2023),"On 3 September 2022, Nigerian troops on a fighting patrol clashed with a Kaduna militia at Farin-Ruwa (Birnin Gwari, Kaduna), Dogon Dawa-Kuyelo and Sabon Birni [coded separately]. Three militiamen were killed, two rifles, nine magazines, seven Boafeng communication radio and other items were recovered by the troops. 3 fatalities split across 3 events coded as 1.",0.8086522462562394,0.9499999999999998,0.13360308058636017,0.33861823390414764,0.1322737077229026,0.13095756234044575,0.1322737077229026,0.1322737077229026
mistral:7b,NIG26004,V,V,0.92,"{""V"": 0.92, ""B"": 0.04, ""E"": 0.01, ""P"": 0.01, ""R"": 0.01, ""S"": 0.01}",,1.03,Kaduna Communal Militia (Nigeria),"On 6 September 2022, a Kaduna militia attacked civilians when they invaded Katun Gida in Idon (Kajuru, Kaduna) and shot sporadically. Two persons who were siblings were killed, 13 others were abducted; three of whom escaped, one other man was released by the abductors to tend to his sick wife.",0.8086522462562394,0.92,0.3305916477791031,0.13712376624342817,0.1330711464942846,0.1330711464942846,0.1330711464942846,0.1330711464942846
mistral:7b,NIG19278,P,P,0.98,"{""V"": 0.01, ""B"": 0.02, ""E"": 0.0, ""P"": 0.97, ""R"": 0.0, ""S"": 0.0}",,0.85,Protesters (Nigeria),"On 17 December 2020, members of the Coalition of Northern Groups (CNG) staged a demonstration in Katsina State to demand that the government rescue hundreds of male schoolboys kidnapped from Government Science Secondary School in Kankara.",0.8086522462562394,0.98,0.13171939938689892,0.1330432013589635,0.13040876946453953,0.344011090860175,0.13040876946453953,0.13040876946453953
mistral:7b,NIG28692,B,B,0.98,"{""V"": 0.02, ""B"": 0.98, ""E"": 0.0, ""P"": 0.0, ""R"": 0.0, ""S"": 0.0}",,1.06,Military Forces of Nigeria (2015-2023),"On 10 November 2022, Nigerian troops clashed with a Zamfara militia that had come to evacuate the remains of their colleagues that were killed the previous day [coded separately] at Gando forest, coded to Bukuyum (Bukkuyum, Zamfara). Hundreds of militia members were killed, coded as 100.",0.8086522462562394,0.98,0.13275820414196052,0.3467241335755446,0.1301294155705371,0.1301294155705371,0.1301294155705371,0.1301294155705371
mistral:7b,NIG34229,B,B,0.92,"{""V"": 0.05, ""B"": 0.92, ""E"": 0.01, ""P"": 0.01, ""R"": 0.01, ""S"": 0.01}",,1.21,Military Forces of Nigeria (2023-),"On 15 December 2023, Nigerian troops engaged a Kaduna militia in an armed clash along Dende - Buruku road (Chikun, Kaduna). Several militiamen fled with gunshot wounds, one loaded rifle was recovered by the troops.",0.8086522462562394,0.92,0.1383112739204277,0.33013668088543807,0.13288801129845107,0.13288801129845107,0.13288801129845107,0.13288801129845107
mistral:7b,NIG33741,S,S,0.92,"{""V"": 0.03, ""B"": 0.01, ""E"": 0.01, ""P"": 0.01, ""R"": 0.02, ""S"": 0.92}",,1.05,Military Forces of Nigeria (2023-),"Around 17 November 2023, the Security Joint Task Force, including the police, the military and NSCDC, arrested 135 people at various locations in Abuja (Abuja Municipal, Federal Capital Territory). They raided various locations in a clearance operation to get the hoodlums off the city. The suspects were arrested for various offences.",0.8086522462562394,0.92,0.13576302988414168,0.13307474177654105,0.13307474177654105,0.13307474177654105,0.13441216516607782,0.33060057961982675
mistral:7b,NIG36519,E,B,0.95,"{""V"": 0.03, ""B"": 0.95, ""E"": 0.02, ""P"": 0.0, ""R"": 0.01, ""S"": 0.01}",,1.0,Military Forces of Nigeria (2023-),"On 3 May 2024, the air component of Operation Hadin Kai conducted an airstrike which targeted Boko Haram/ ISWAP militants at Chinine (Gwoza, Borno). Seven gun trucks which were observed at the location were targeted, several militants were killed and logistics were destroyed. Fatalities coded as 10.",0.8086522462562394,0.9499999999999998,0.13458618529627403,0.33771582138212625,0.13324703037751082,0.13060856239810104,0.13192120027282495,0.13192120027282495
mistral:7b,NIG22019,V,V,0.92,"{""V"": 0.92, ""B"": 0.03, ""E"": 0.01, ""P"": 0.01, ""R"": 0.02, ""S"": 0.01}",,1.05,Sokoto Communal Militia (Nigeria),"On 19 September 2021, a Sokoto miltia attacked civilians including women and children in Saminaka village, along the Bale-Tangaza road (Tangaza, Sokoto), coded to Gidan Madi. Six people were killed in the attack, which was reportedly a reprisal for the armed group members that were killed by residents of Tangaza LGA (coded separately).",0.8086522462562394,0.92,0.33060057961982675,0.13576302988414168,0.13307474177654105,0.13307474177654105,0.13441216516607782,0.13307474177654105
mistral:7b,NIG31180,B,B,0.95,"{""V"": 0.03, ""B"": 0.95, ""E"": 0.01, ""P"": 0.0, ""R"": 0.01, ""S"": 0.0}",,0.99,Military Forces of Nigeria (2015-2023),"On 21 April 2023, Nigerian troops clashed with suspected IPOB militants when they raided their camps within 9th Mile (Udi, Enugu) and Nkanu East LGA [coded separately]. One militant was killed, 7 others were arrested, the makeshift camps were destroyed and other items were recovered. Fatality split across 2 events, coded to 0.",0.8086522462562394,0.9499999999999998,0.13494222603874756,0.3386092309956409,0.13227019093624068,0.1309540805463958,0.13227019093624068,0.1309540805463958
mistral:7b,NIG21998,V,V,0.92,"{""V"": 0.92, ""B"": 0.03, ""E"": 0.01, ""P"": 0.01, ""R"": 0.02, ""S"": 0.01}",,1.05,Fulani Ethnic Militia (Nigeria),"On 1 August 2021, suspected Fulani pastoralists attacked and killed seven persons, while nine others were wounded in Kpachudu (Bassa, Plateau), coded as Bassa. The police claims four people were killed and fifty houses burnt.",0.8086522462562394,0.92,0.33060057961982675,0.13576302988414168,0.13307474177654105,0.13307474177654105,0.13441216516607782,0.13307474177654105
mistral:7b,NIG38655,B,V,0.95,"{""V"": 0.95, ""B"": 0.02, ""E"": 0.01, ""P"": 0.01, ""R"": 0.01, ""S"": 0.0}",,1.16,Black Axe (Nigeria),"On 14 August 2024, the Aye (Black Axe) and the Eiye clashed and killed one person at Oki Olodo (Lagelu, Oyo).",0.8086522462562394,0.9499999999999998,0.33861823390414764,0.13360308058636017,0.1322737077229026,0.1322737077229026,0.1322737077229026,0.13095756234044575
mistral:7b,NIG17122,B,V,0.92,"{""V"": 0.92, ""B"": 0.04, ""E"": 0.01, ""P"": 0.01, ""R"": 0.01, ""S"": 0.01}",,1.08,Urum Communal Militia (Nigeria),"On 27 May 2020, communal militias from Urum and Achalla clashed over a parcel of land in Urum (Awka North LGA, Anambra). 1 person was killed and several were reported injured.",0.8086522462562394,0.92,0.3305916477791031,0.13712376624342817,0.1330711464942846,0.1330711464942846,0.1330711464942846,0.1330711464942846
mistral:7b,NIG25126,B,B,0.92,"{""V"": 0.04, ""B"": 0.92, ""E"": 0.01, ""P"": 0.01, ""R"": 0.01, ""S"": 0.01}",,1.07,Military Forces of Nigeria (2015-2023),"On 6 June 2022, Nigerian troops clashed with ISWAP militants at Goniri (Gujba, Yobe). One of the militants' gun trucks was destroyed, casualties are unknown. ISWAP claimed to have launched the attack and succeeded.",0.8086522462562394,0.92,0.13712376624342817,0.3305916477791031,0.1330711464942846,0.1330711464942846,0.1330711464942846,0.1330711464942846
mistral:7b,NIG17096,R,V,0.95,"{""V"": 0.95, ""B"": 0.02, ""E"": 0.01, ""P"": 0.01, ""R"": 0.01, ""S"": 0.0}",,1.36,Rioters (Nigeria),"Around 24 May 2020 (as reported), three local chiefs and women were burnt by a mob in Oku (Boki LGA, Cross River) over witchcraft allegations. 1 victim died.",0.8086522462562394,0.9499999999999998,0.33861823390414764,0.13360308058636017,0.1322737077229026,0.1322737077229026,0.1322737077229026,0.13095756234044575
mistral:7b,NIG22555,V,V,0.92,"{""V"": 0.92, ""B"": 0.03, ""E"": 0.01, ""P"": 0.01, ""R"": 0.01, ""S"": 0.02}",,1.34,Police Forces of Nigeria (2015-2023) NSCDC: Nigeria Security and Civil Defence Corps,"On 10 November 2021, a NSCDC officer shot and wounded a man for urinating within the corps' premises in Calabar (Calabar Municipal, Cross River). The victim was taken to the hospital and is in critical condition.",0.8086522462562394,0.92,0.33060057961982675,0.13576302988414168,0.13307474177654105,0.13307474177654105,0.13307474177654105,0.13441216516607782
mistral:7b,NIG35200,B,B,0.85,"{""V"": 0.04, ""B"": 0.85, ""E"": 0.03, ""P"": 0.01, ""R"": 0.02, ""S"": 0.05}",,1.04,Police Forces of Nigeria (2023-),"On 15 February 2024, the Nigerian police clashed with a Kaduna militia trying to abduct some commuters along the Tumburku-Galadimawa Road, coded to Galadimawa (Giwa, Kaduna). The militiamen in large numbers, had blocked the road before the police engaged them. They fled into the bush with gun wounds. The police recovered an AK47 rifle, three AK47 magazines, five rounds of 7.62 x 39mm live ammunition, a Techno mobile phone and two Bajaj motorcycles. There were no fatalities.",0.7394366197183099,0.85,0.13891489309380212,0.3122678976538659,0.13753266681280224,0.13480933754624877,0.13616419391309456,0.14031101097987417
mistral:7b,NIG35561,P,P,0.98,"{""V"": 0.01, ""B"": 0.01, ""E"": 0.0, ""P"": 0.98, ""R"": 0.0, ""S"": 0.0}",,1.02,Protesters (Nigeria),"On 12 March 2024, IMN members protested at the US Embassy, AMAC, Abuja (Abuja Municipal, FCT), over the Israeli-Palestinian conflict. They submitted a petition demanding the US government intervene in the crisis.",0.8086522462562394,0.98,0.13143896555144177,0.13143896555144177,0.13013112599236756,0.3467286909196671,0.13013112599236756,0.13013112599236756
mistral:7b,NIG24460,V,V,0.98,"{""V"": 0.98, ""B"": 0.01, ""E"": 0.0, ""P"": 0.0, ""R"": 0.01, ""S"": 0.0}",,1.05,Unidentified Armed Group (Nigeria),"On 10 April 2022, armed individuals attacked civilians in Gyambawu / Gyambar (Kanam, Plateau), Wanka, Shuwaka, Dadin Kowa, Kukawa, Gwammadaji, Dungur, Kyaram, Dadda and Wase [coded separately]. At least 106 people were killed in the attacks; over 70 persons, including women and children, were abducted and over 100 houses were burnt. Fatalities split across two events and coded as 53",0.8086522462562394,0.98,0.3467286909196672,0.13143896555144177,0.13013112599236756,0.13013112599236756,0.13143896555144177,0.13013112599236756
mistral:7b,NIG33963,V,V,0.95,"{""V"": 0.95, ""B"": 0.02, ""E"": 0.01, ""P"": 0.01, ""R"": 0.01, ""S"": 0.0}",,1.08,Unidentified Armed Group (Nigeria),"On 28 November 2023, an unidentified armed group killed two farmers on their farms in Kwambai, also called Kpombal (Takum, Taraba).",0.8086522462562394,0.9499999999999998,0.33861823390414764,0.13360308058636017,0.1322737077229026,0.1322737077229026,0.1322737077229026,0.13095756234044575
mistral:7b,NIG25204,S,V,0.85,"{""V"": 0.85, ""B"": 0.03, ""E"": 0.02, ""P"": 0.01, ""R"": 0.06, ""S"": 0.03}",,1.15,Bassa Kwomu Communal Militia (Nigeria),"Property destruction: On 9 June 2022, Bassa Kwomu militiamen set eight houses ablaze including the palace of the traditional ruler when they invaded Mozum (Bassa, Kogi). The militiamen were suspected to have been hired from Agatu in Benue state, the attack was a reprisal for the murder of a palm wine tapper [coded separately].",0.7394366197183099,0.85,0.31225917849606455,0.13752882661970586,0.13616039193055793,0.13480557339407045,0.141717202939583,0.13752882661970586
mistral:7b,NIG36572,S,S,0.88,"{""V"": 0.04, ""B"": 0.03, ""E"": 0.01, ""P"": 0.02, ""R"": 0.02, ""S"": 0.88}",,1.14,Military Forces of Nigeria (2023-),"Weapons seizure: Around 9 May 2024 (as reported), the Nigerian troops intercepted weapons from three gunrunners in the Sukuk community, coded to Kirsinga (Madagali, Adamawa). A locally fabricated Gun, a pistol, 59 rounds of 7.62 mm x 39 ammunition, two locally fabricated guns and 29 cartridges were recovered.",0.7553690939966038,0.8800000000000001,0.1381738451759253,0.13679899244490812,0.13409019090419977,0.13543781972713498,0.13543781972713498,0.3200613320203767
mistral:7b,NIG33950,B,B,0.78,"{""V"": 0.12, ""B"": 0.78, ""E"": 0.05, ""P"": 0.03, ""R"": 0.01, ""S"": 0.01}",,1.04,Military Forces of Nigeria (2023-),"On 26 November 2023, troops of the Nigerian army responded to a distress call and raided the hideout of an unidentified armed group in Jalingo (Jalingo, Taraba). Two abductees were rescued, two members of the group were arrested and others fled. It is not clear if a clash occurred, casualties are unknown.",0.7394366197183099,0.78,0.15214249472127492,0.29436413252352434,0.14185672182319012,0.1390477705307364,0.13629444020048995,0.13629444020048995
mistral:7b,NIG36315,S,S,0.95,"{""V"": 0.01, ""B"": 0.03, ""E"": 0.02, ""P"": 0.01, ""R"": 0.01, ""S"": 0.92}",,1.18,Military Forces of Nigeria (2023-),"Property destruction: Around 24 April 2024 (as reported), Nigerian troops and Katsina state Civilian JTF cleared suspected hideouts of Katsina militias at Shawu, Dugun Fakwu and Tafki villages in Faskari LGA (Katsina). One fabricated gun and other weapons were recovered.",0.8086522462562394,0.9499999999999998,0.13307474177654105,0.13576302988414168,0.13441216516607782,0.13307474177654105,0.13307474177654105,0.33060057961982675
mistral:7b,NIG23414,R,V,0.78,"{""V"": 0.78, ""B"": 0.05, ""E"": 0.03, ""P"": 0.02, ""R"": 0.1, ""S"": 0.02}",,1.11,Rioters (Nigeria),"On 27 January 2022, a group of motorists tried to attack a soldier at a checkpoint at the Onitsha Bridgehead (Onisha North, Anambra) after a revenue collector was killed by a stray bullet. Reinforcement of soldiers were deployed to dispel the motorists, and the soldier was unharmed.",0.7394366197183099,0.78,0.29444453338544946,0.14189546772136283,0.13908574920872135,0.13770182288097307,0.1491706039222258,0.13770182288097307
mistral:7b,NIG20977,B,B,0.85,"{""V"": 0.04, ""B"": 0.85, ""E"": 0.03, ""P"": 0.01, ""R"": 0.02, ""S"": 0.05}",,1.08,Police Forces of Nigeria (2015-2023),"On 7 June 2021, Nigerian police clashed with a Kaduna communal militia along the Jagindi-Godo-Godo Road (Jemaa LGA, Kaduna) following a distress call about their kidnapping activities in the area. Three kidnapped victims were rescued. No reported fatalities.",0.7394366197183099,0.85,0.13891489309380212,0.3122678976538659,0.13753266681280224,0.13480933754624877,0.13616419391309456,0.14031101097987417
mistral:7b,NIG37659,B,B,0.92,"{""V"": 0.04, ""B"": 0.92, ""E"": 0.01, ""P"": 0.01, ""R"": 0.01, ""S"": 0.01}",,1.18,Military Forces of Nigeria (2023-),"On 11 July 2024, Nigerian troops of Operation Whirl Stroke clashed with a Taraba militia in Geshi village, Damisa Ward (Donga, Taraba). The troops, acting on intelligence that the militia was attacking Geshi village, responded and confronted the militiamen. The militia escaped with gunshot wounds. The troops trailed them and arrested two and two motorcycles. There were no fatalities.",0.8086522462562394,0.92,0.13712376624342817,0.3305916477791031,0.1330711464942846,0.1330711464942846,0.1330711464942846,0.1330711464942846
mistral:7b,NIG16810,B,B,0.95,"{""V"": 0.04, ""B"": 0.95, ""E"": 0.01, ""P"": 0.0, ""R"": 0.0, ""S"": 0.0}",,1.16,Agudama Communal Militia (Nigeria),"On 17 April 2020, communal militias from Agudama and Akenfa neighborhoods of Yenagoa (Yenagoa LGA, Bayelsa) clashed over land. 3 people were killed in the clashes.",0.8086522462562394,0.9499999999999998,0.13629295512717393,0.3385956595640438,0.13226488955729318,0.13094883191705017,0.13094883191705017,0.13094883191705017
mistral:7b,NIG27221,V,V,0.95,"{""V"": 0.95, ""B"": 0.02, ""E"": 0.01, ""P"": 0.01, ""R"": 0.01, ""S"": 0.0}",,1.15,Katsina Communal Militia (Nigeria),"On 27 June 2020, a Katsina militia attacked civilians in Mara Zamfarawa (Dan-Musa, Katsina), three locals were killed and three others were wounded.",0.8086522462562394,0.9499999999999998,0.33861823390414764,0.13360308058636017,0.1322737077229026,0.1322737077229026,0.1322737077229026,0.13095756234044575
mistral:7b,NIG20782,R,R,0.85,"{""V"": 0.1, ""B"": 0.03, ""E"": 0.02, ""P"": 0.02, ""R"": 0.85, ""S"": 0.0}",,1.15,Rioters (Nigeria),"On 22 May 2021, youth residents clashed with Nigerian custom operatives at Eruwa (Ibarapa East LGA, Oyo) over smuggled election materials in light of the local government elections. Two reported fatalities.",0.7394366197183099,0.85,0.1470487907509052,0.137107383720787,0.13574314245854857,0.13574314245854857,0.3113022924625401,0.1330552481483592
mistral:7b,NIG20932,P,P,0.98,"{""V"": 0.01, ""B"": 0.0, ""E"": 0.0, ""P"": 0.98, ""R"": 0.01, ""S"": 0.0}",,0.89,Protesters (Nigeria),"On 3 June 2021, thousands of Urhobo youth led by the Urhobo Progress Union - Youth Wing shut down the Delta State Office of the Niger Delta Development Commission in Warri (Warri South LGA, Delta) in a demonstration against the president's refusal to constitute a new board for the Commission.",0.8086522462562394,0.98,0.13143896555144177,0.13013112599236756,0.13013112599236756,0.3467286909196671,0.13143896555144177,0.13013112599236756
mistral:7b,NIG34685,B,B,0.95,"{""V"": 0.03, ""B"": 0.95, ""E"": 0.01, ""P"": 0.0, ""R"": 0.01, ""S"": 0.0}",,1.24,Military Forces of Nigeria (2023-),"On 21 January 2024, Nigerian troops ambushed and killed a Boko Haram (JAS) fighter in Luskori, coded to Konduga (Konduga, Borno). Another one escaped with gun wounds. The military recovered an AK 47 rifle. There was one fatality.",0.8086522462562394,0.9499999999999998,0.13494222603874756,0.3386092309956409,0.13227019093624068,0.1309540805463958,0.13227019093624068,0.1309540805463958
mistral:7b,NIG20554,B,B,0.95,"{""V"": 0.02, ""B"": 0.95, ""E"": 0.01, ""P"": 0.0, ""R"": 0.01, ""S"": 0.01}",,1.16,Military Forces of Nigeria (2015-2023),"On 26 April 2021, Nigerian military clashed with ISWAP fighters following an attack on Gwoza LGA (Borno). No reported fatalities.",0.8086522462562394,0.9499999999999998,0.13360308058636017,0.33861823390414764,0.1322737077229026,0.13095756234044575,0.1322737077229026,0.1322737077229026
mistral:7b,NIG24442,V,V,0.92,"{""V"": 0.92, ""B"": 0.03, ""E"": 0.01, ""P"": 0.01, ""R"": 0.02, ""S"": 0.01}",,1.08,Fulani Ethnic Militia (Nigeria),"On 7 April 2022, suspected armed pastoralists attacked the Odiguetue community (Ovia North East, Edo) and killed 5 persons. The community leader claimed the assailants had repeatedly invaded the community and destroyed the locals' crops to feed their cattle.",0.8086522462562394,0.92,0.33060057961982675,0.13576302988414168,0.13307474177654105,0.13307474177654105,0.13441216516607782,0.13307474177654105
mistral:7b,NIG19921,B,B,0.95,"{""V"": 0.04, ""B"": 0.95, ""E"": 0.01, ""P"": 0.0, ""R"": 0.0, ""S"": 0.0}",,1.24,Police Forces of Nigeria (2015-2023),"On 25 February 2021, unidentified gunmen clashed with a police patrol team at Akai Effa roundabout in Calabar (Calabar-Municipal LGA, Cross River), Killing some policemen and seizing their weapons and ammunition. Unknown fatalities coded as 3.",0.8086522462562394,0.9499999999999998,0.13629295512717393,0.3385956595640438,0.13226488955729318,0.13094883191705017,0.13094883191705017,0.13094883191705017
mistral:7b,NIG24883,V,V,0.92,"{""V"": 0.92, ""B"": 0.03, ""E"": 0.01, ""P"": 0.01, ""R"": 0.02, ""S"": 0.01}",,1.1,Unidentified Armed Group (Nigeria),"On 18 May 2022, armed individuals enforcing a sit in order killed a woman at PRODA junction along Enugu-Abakaliki highway, coded to Amorji-Nike (Enugu East, Enugu).",0.8086522462562394,0.92,0.33060057961982675,0.13576302988414168,0.13307474177654105,0.13307474177654105,0.13441216516607782,0.13307474177654105
mistral:7b,NIG17107,V,V,0.75,"{""V"": 0.75, ""B"": 0.05, ""E"": 0.1, ""P"": 0.02, ""R"": 0.03, ""S"": 0.05}",,1.15,Police Forces of Nigeria (2015-2023),"On 26 May 2020, Police officers attacked and detained a group of officers from Lagos State Building Control Agency during an inspection in Aja (Eti-Osa LGA, Lagos). They also shot in the air. No fatalities and/or injuries reported.",0.5555555555555556,0.75,0.28703648810036364,0.14253810164253838,0.1498461863891085,0.13832546409948465,0.13971565812567957,0.14253810164253838
mistral:7b,NIG25091,P,P,0.98,"{""V"": 0.01, ""B"": 0.0, ""E"": 0.0, ""P"": 0.98, ""R"": 0.01, ""S"": 0.0}",,0.93,Protesters (Nigeria),"On 3 June 2022, scores of supporters of former president Goodluck Jonathan protested at the national secretariat of the APC in Abuja (Abuja Municipal, FCT) to demand that the party chose the former president as its presidential candidate for the 2023 elections.",0.8086522462562394,0.98,0.13143896555144177,0.13013112599236756,0.13013112599236756,0.3467286909196671,0.13143896555144177,0.13013112599236756
mistral:7b,NIG31049,B,V,0.9,"{""V"": 0.85, ""B"": 0.04, ""E"": 0.02, ""P"": 0.03, ""R"": 0.01, ""S"": 0.05}",,1.32,Gbagyi Ethnic Militia (Nigeria),"On 24 April 2023, Gbagyi and Hausa ethnic militias clashed in Gwarinpa (Abuja Municipal, FCT). The clash started the previous day and was temporarily brought under control [coded separately]; three persons were killed, several others were wounded and cars were vandalized. Some sources report that the clash resulted from an attempt by the Gbagyi militia to retaliate the robbery of a local politician by a group of Hausa persons. 3 fatalities split across 2 events coded as 1.",0.7872340425531915,0.8999999999999999,0.31226789765386587,0.1389148930938021,0.13616419391309453,0.1375326668128022,0.13480933754624874,0.14031101097987414
mistral:7b,NIG33543,V,V,0.85,"{""V"": 0.85, ""B"": 0.03, ""E"": 0.02, ""P"": 0.01, ""R"": 0.06, ""S"": 0.03}",,1.13,Unidentified Armed Group (Nigeria),"On 22 October 2023, an unidentified armed group shot and killed one person at Alu Oko, Ebge Egume, Aja-Odi, coded to Agojeju (Ofu, Kogi). No further details.",0.7394366197183099,0.85,0.31225917849606455,0.13752882661970586,0.13616039193055793,0.13480557339407045,0.141717202939583,0.13752882661970586
mistral:7b,NIG29194,E,B,0.95,"{""V"": 0.02, ""B"": 0.95, ""E"": 0.01, ""P"": 0.0, ""R"": 0.01, ""S"": 0.01}",,1.0,Military Forces of Nigeria (2015-2023),"Around 12 December 2022 (as reported), the Nigerian Air Force targeted and destroyed camps of Kaduna militias with rockets at Kufita and Kuyanbana forest (Birnin Gwari, Kaduna) and other locations in Igabi LGA, Chikun LGA and Giwa LGA. Several militiamen were killed, and their camps were destroyed, unknown fatalities coded as 3.",0.8086522462562394,0.9499999999999998,0.13360308058636017,0.33861823390414764,0.1322737077229026,0.13095756234044575,0.1322737077229026,0.1322737077229026
mistral:7b,NIG32631,B,B,0.95,"{""V"": 0.03, ""B"": 0.95, ""E"": 0.01, ""P"": 0.0, ""R"": 0.01, ""S"": 0.0}",,1.19,Military Forces of Nigeria (2023-),"On 23 August 2023, the Nigerian military shot and killed four ISWAP fighters in Pulka (Gwoza, Borno) and Firgi, coded separately. Fatalities split across two locations, 2 coded.",0.8086522462562394,0.9499999999999998,0.13494222603874756,0.3386092309956409,0.13227019093624068,0.1309540805463958,0.13227019093624068,0.1309540805463958
mistral:7b,NIG19811,E,B,0.95,"{""V"": 0.01, ""B"": 0.95, ""E"": 0.02, ""P"": 0.0, ""R"": 0.01, ""S"": 0.01}",,1.13,Military Forces of Nigeria (2015-2023),"On 14 February 2021, Nigerian military forces conducted airstrikes against Boko Haram fighters in Egiri, Zira 1 and 2 villages in Biu LGA (Borno), following an attack in the area by BH. No reported fatalities.",0.8086522462562394,0.9499999999999998,0.1322737077229026,0.33861823390414764,0.13360308058636017,0.13095756234044575,0.1322737077229026,0.1322737077229026
mistral:7b,NIG31867,S,S,0.98,"{""V"": 0.01, ""B"": 0.03, ""E"": 0.01, ""P"": 0.01, ""R"": 0.02, ""S"": 0.92}",,1.25,Military Forces of Nigeria (2023-),"Property destruction: Around 26 June 2023 (between 15 June - 6 July), troops of the joint task force of Operation Delta Safe destroyed 30 illegal refining sites across Delta coded to Asaba (Oshimili South, Delta), Bayelsa, Cross River and Rivers states [coded separately]. 125 storage tanks, 227 ovens, 11 dugout pits and 21 wooden boats were recovered, 42 suspected saboteurs were arrested.",0.8086522462562394,0.98,0.13307474177654105,0.13576302988414168,0.13307474177654105,0.13307474177654105,0.13441216516607782,0.33060057961982675
mistral:7b,NIG29618,B,V,0.95,"{""V"": 0.95, ""B"": 0.02, ""E"": 0.01, ""P"": 0.01, ""R"": 0.01, ""S"": 0.0}",,1.17,Unidentified Armed Group (Nigeria),"On 17 January 2023, an unidentified armed group shot and killed an inspector of police while patrolling Iheorji Ohanku Road, Aba (Aba South, Abia). The police shot and killed two militiamen and others escaped with gun wounds. The militiamen carted away an AK-47 rifle belonging to the deceased officer. 3 fatalities reported.",0.8086522462562394,0.9499999999999998,0.33861823390414764,0.13360308058636017,0.1322737077229026,0.1322737077229026,0.1322737077229026,0.13095756234044575
mistral:7b,NIG34042,P,P,0.95,"{""V"": 0.01, ""B"": 0.0, ""E"": 0.0, ""P"": 0.95, ""R"": 0.03, ""S"": 0.01}",,0.94,Protesters (Nigeria),"On 4 December 2023, students from four nursing schools in Abia state protested at an examination center in Umuahia (Umuahia North, Abia) against their exclusion from taking the rescheduled examination.",0.8086522462562394,0.9499999999999998,0.13227019093624065,0.13095408054639576,0.13095408054639576,0.33860923099564083,0.13494222603874756,0.13227019093624065
mistral:7b,NIG19433,P,P,0.95,"{""V"": 0.01, ""B"": 0.0, ""E"": 0.0, ""P"": 0.95, ""R"": 0.03, ""S"": 0.01}",,1.3,Protesters (Nigeria),"On 12 January 2021, members of the Abubakar Tafawa Balewa University chapter of the Senior Staff Association of Nigerian Universities and Non-academic Staff Union of Universities staged protests in Bauchi State over unfair labor practices, the non-payment of salaries, and the failure of the federal government to implement the Memorandum of Understanding it entered with the Unions.",0.8086522462562394,0.9499999999999998,0.13227019093624065,0.13095408054639576,0.13095408054639576,0.33860923099564083,0.13494222603874756,0.13227019093624065
mistral:7b,NIG24644,P,P,0.95,"{""V"": 0.01, ""B"": 0.0, ""E"": 0.0, ""P"": 0.95, ""R"": 0.03, ""S"": 0.01}",,0.92,Protesters (Nigeria),"On 3 May 2022, members of the PDP in Ogun State protested at the state secretariat of the party in Abeokuta (Abeokuta South, Ogun) against the imposition of ward ad-hoc delegates who the protesters claimed were loyal to the governorship aspirant.",0.8086522462562394,0.9499999999999998,0.13227019093624065,0.13095408054639576,0.13095408054639576,0.33860923099564083,0.13494222603874756,0.13227019093624065
mistral:7b,NIG34589,E,E,0.98,"{""V"": 0.02, ""B"": 0.01, ""E"": 0.95, ""P"": 0.0, ""R"": 0.01, ""S"": 0.01}",,1.12,Islamic State West Africa Province (ISWAP) and/or Boko Haram - Jamaatu Ahli is-Sunnah lid-Dawati wal-Jihad,"On 16 January 2024, an IED suspected to have been planted by IS/BH triggered and killed two CJTF members in Mafa (Mafa, Borno). The CJTF drove over the explosive device while on routine operations along Mafa/Konduga LGA areas. Eight CJTF members sustained injuries from the explosive. There were two fatalities.",0.8086522462562394,0.98,0.13360308058636017,0.1322737077229026,0.33861823390414764,0.13095756234044575,0.1322737077229026,0.1322737077229026
mistral:7b,NIG24528,B,B,0.95,"{""V"": 0.03, ""B"": 0.95, ""E"": 0.01, ""P"": 0.0, ""R"": 0.01, ""S"": 0.0}",,0.95,Military Forces of Nigeria (2015-2023),"On 19 April 2022, Nigerian troops clashed with an armed group in Chito (Ukum, Benue) and killed three armed individuals. An undisclosed number of weapons, two motorcycles and three phones were recovered.",0.8086522462562394,0.9499999999999998,0.13494222603874756,0.3386092309956409,0.13227019093624068,0.1309540805463958,0.13227019093624068,0.1309540805463958
mistral:7b,NIG27484,V,V,0.9,"{""V"": 0.9, ""B"": 0.05, ""E"": 0.02, ""P"": 0.01, ""R"": 0.01, ""S"": 0.01}",,1.21,Unidentified Armed Group (Nigeria),"On 12 November 2020, an armed group attacked and killed a commercial motorcyclist at the Ologede junction in Akure (Akure South, Ondo).",0.7872340425531915,0.8999999999999999,0.32529157246165386,0.1390344753071921,0.1349253855711249,0.1335828555532346,0.1335828555532346,0.1335828555532346
mistral:7b,NIG23779,B,B,0.95,"{""V"": 0.03, ""B"": 0.95, ""E"": 0.01, ""P"": 0.0, ""R"": 0.01, ""S"": 0.0}",,1.19,Military Forces of Niger (2021-2023),"Around 13 February 2022 (between 12 - 15 February), the Nigerien contingent of MNJTF carried out a combined air-ground operation involving air and artillery strikes and ground assaults against Boko Haram (JAS or ISWAP Lake Chad faction) in the areas of Jabulam (Mobbar, Borno) and Abadam (Abadan, Borno) in Nigeria, and Bague Kiessa [Bague Kiessa Koura], Dagaya, Boulayi, and Boula Gana (Bosso, Diffa) in Niger. About twenty militants were killed and weapons and ammo seized. Fatalities are split across six events.",0.8086522462562394,0.9499999999999998,0.13494222603874756,0.3386092309956409,0.13227019093624068,0.1309540805463958,0.13227019093624068,0.1309540805463958
mistral:7b,NIG22565,B,B,0.95,"{""V"": 0.03, ""B"": 0.95, ""E"": 0.01, ""P"": 0.0, ""R"": 0.01, ""S"": 0.0}",,1.25,Military Forces of Nigeria (2015-2023),"On 10 November 2021, the Nigerian army claimed an ambush against Boko Haram/ISWAP militants in Pulka (Gwoza, Borno). The soldiers collaborated with the CJTF and local militia members. Four militants were killed, weapons were recovered and several others fled with gunshot wounds.",0.8086522462562394,0.9499999999999998,0.13494222603874756,0.3386092309956409,0.13227019093624068,0.1309540805463958,0.13227019093624068,0.1309540805463958
mistral:7b,NIG34268,P,P,0.98,"{""V"": 0.02, ""B"": 0.01, ""E"": 0.0, ""P"": 0.98, ""R"": 0.0, ""S"": 0.0}",,0.97,Protesters (Nigeria),"On 20 December 2023, members of SSANIP and NASU at Rfus Giwa polytechnic Owo (Owo, Ondo) protested and blocked the school's entrance over the non-payment of their salaries for over 10 months.",0.8086522462562394,0.98,0.13258480676587603,0.13126556589622113,0.12995945169254422,0.34627127225992393,0.12995945169254422,0.12995945169254422
mistral:7b,NIG35732,B,B,0.95,"{""V"": 0.03, ""B"": 0.95, ""E"": 0.01, ""P"": 0.0, ""R"": 0.01, ""S"": 0.0}",,1.11,Police Forces of Nigeria (2023-),"On 25 March 2024, police forces engaged a leader of Greenlanders cult militia in an armed clash at the forest in Anambra, coded to Akinima (Ahoada West, Rivers). The militia leader who was declared wanted by the police since 2016 was killed.",0.8086522462562394,0.9499999999999998,0.13494222603874756,0.3386092309956409,0.13227019093624068,0.1309540805463958,0.13227019093624068,0.1309540805463958
mistral:7b,NIG18956,B,B,0.95,"{""V"": 0.03, ""B"": 0.95, ""E"": 0.01, ""P"": 0.0, ""R"": 0.01, ""S"": 0.0}",,1.15,Military Forces of Nigeria (2015-2023),"On 19 November 2020, Nigerian military troops clashed with a Benue communal militia at Tor Donga (Katsina-Ala LGA, Benue), killing three and injuring others.",0.8086522462562394,0.9499999999999998,0.13494222603874756,0.3386092309956409,0.13227019093624068,0.1309540805463958,0.13227019093624068,0.1309540805463958
mistral:7b,NIG16543,V,V,0.94,"{""V"": 0.94, ""B"": 0.03, ""E"": 0.01, ""P"": 0.01, ""R"": 0.01, ""S"": 0.0}",,0.97,Alla Communal Militia (Nigeria),"On 11 March 2020, militias from Alla attacked Egba in the Agatu LGA (Benue) over the ownership of a fish pond in the community. 5 people were killed.",0.8086522462562394,0.9400000000000001,0.3359297127507557,0.13521984695484018,0.13254231458987684,0.13254231458987684,0.13254231458987684,0.13122349652443752
mistral:7b,NIG22075,V,V,0.95,"{""V"": 0.95, ""B"": 0.02, ""E"": 0.01, ""P"": 0.01, ""R"": 0.01, ""S"": 0.0}",,1.14,Fulani Ethnic Militia (Nigeria),"On 24 September 2021, pastoralists from a Fulani ethnic militia attacked farmers in Gbajimba (Guma, Benue). One farmer was killed, four others fled.",0.8086522462562394,0.9499999999999998,0.33861823390414764,0.13360308058636017,0.1322737077229026,0.1322737077229026,0.1322737077229026,0.13095756234044575
mistral:7b,NIG35002,B,B,0.92,"{""V"": 0.04, ""B"": 0.92, ""E"": 0.01, ""P"": 0.01, ""R"": 0.01, ""S"": 0.01}",,1.33,Police Forces of Nigeria (2023-),"On 15 February 2024, the Nigerian police engaged in a firefight with an unidentified armed group while raiding their hideouts between Nasarawa State and the Kuje LGA, coded to Kuje (Kuje, FCT). The police arrested one member of the group and rescued two hostages. There were no fatalities.",0.8086522462562394,0.92,0.13712376624342817,0.3305916477791031,0.1330711464942846,0.1330711464942846,0.1330711464942846,0.1330711464942846
mistral:7b,NIG16365,E,B,0.95,"{""V"": 0.02, ""B"": 0.95, ""E"": 0.01, ""P"": 0.0, ""R"": 0.01, ""S"": 0.01}",,1.24,Military Forces of Nigeria (2015-2023),"On 16 February 2020, Nigerian Air Force conducted air strikes against an ISWAP camp at Tumbin Zarami at Lake Chad (coded as Monguno, Borno) and destroyed structures.",0.8086522462562394,0.9499999999999998,0.13360308058636017,0.33861823390414764,0.1322737077229026,0.13095756234044575,0.1322737077229026,0.1322737077229026
mistral:7b,NIG37606,P,P,0.95,"{""V"": 0.01, ""B"": 0.0, ""E"": 0.0, ""P"": 0.95, ""R"": 0.03, ""S"": 0.01}",,1.27,Protesters (Nigeria),"On 6 July 2024, FCT women protested and marched from Unity fountain Maitama to the presidential villa in Abuja (Abuja Municipal, FCT) to denounce the rift between the FCT minister and senator representing the FCT.",0.8086522462562394,0.9499999999999998,0.13227019093624065,0.13095408054639576,0.13095408054639576,0.33860923099564083,0.13494222603874756,0.13227019093624065
mistral:7b,NIG36225,V,V,0.92,"{""V"": 0.92, ""B"": 0.03, ""E"": 0.01, ""P"": 0.01, ""R"": 0.02, ""S"": 0.01}",,1.24,Police Forces of Nigeria (2015-2023),"On 24 August 2021, police attacked a man in Amagu (Abakaliki, Ebonyi). He was killed in police custody after he had been arrested. The victim was to return to South Africa after visiting family in Nigeria. He was arrested in Orie-Nempi Market.",0.8086522462562394,0.92,0.33060057961982675,0.13576302988414168,0.13307474177654105,0.13307474177654105,0.13441216516607782,0.13307474177654105
mistral:7b,NIG26709,B,B,0.92,"{""V"": 0.05, ""B"": 0.92, ""E"": 0.01, ""P"": 0.01, ""R"": 0.01, ""S"": 0.01}",,1.12,Military Forces of Nigeria (2015-2023),"On 7 May 2021, Nigerian military troops clashed with a Kaduna communal militia around the Rigachikun (Rigacikun) axis (Igabi LGA, Kaduna), killing one militiaman and one civilian.",0.8086522462562394,0.92,0.1383112739204277,0.33013668088543807,0.13288801129845107,0.13288801129845107,0.13288801129845107,0.13288801129845107
mistral:7b,NIG20879,S,R,0.85,"{""V"": 0.1, ""B"": 0.03, ""E"": 0.02, ""P"": 0.01, ""R"": 0.85, ""S"": 0.0}",,0.98,Unidentified Armed Group (Nigeria),"Property destruction: On 29 May 2021, armed individuals set the Police Criminal Investigation Department on fire in Umuahia (Umuahia North LGA, Abia). No reports on injuries or fatalities.",0.7394366197183099,0.85,0.1472476732997434,0.13729282058021086,0.1359267341903921,0.13457424058726508,0.3117233268217345,0.13323520452034235
mistral:7b,NIG19363,V,V,0.9,"{""V"": 0.85, ""B"": 0.03, ""E"": 0.02, ""P"": 0.01, ""R"": 0.06, ""S"": 0.03}",,1.12,Unidentified Armed Group (Nigeria),"On 28 December 2020, unidentified armed men attacked Runka Community (Safana LGA, Katsina), killing a relative of a lawmaker representing Safana and abducting a newly-wedded couple.",0.7872340425531915,0.8999999999999999,0.31225917849606455,0.13752882661970586,0.13616039193055793,0.13480557339407045,0.141717202939583,0.13752882661970586
mistral:7b,NIG19480,V,V,0.95,"{""V"": 0.95, ""B"": 0.02, ""E"": 0.01, ""P"": 0.01, ""R"": 0.01, ""S"": 0.0}",,1.07,Yansakai Militia,"On 12 January 2021, Yansakai Militia attacked and killed a Fulani Pastoralist at Talata Mafara LGA (Zamfara). Unknown reason for attack.",0.8086522462562394,0.9499999999999998,0.33861823390414764,0.13360308058636017,0.1322737077229026,0.1322737077229026,0.1322737077229026,0.13095756234044575
mistral:7b,NIG29018,B,B,0.85,"{""V"": 0.04, ""B"": 0.85, ""E"": 0.03, ""P"": 0.01, ""R"": 0.02, ""S"": 0.05}",,0.97,Police Forces of Nigeria (2015-2023),"On 6 December 2022, police forces repelled a Katsina militia when they blocked a cattle route along Tashar Maje in Kankara LGA (Katsina). Abductees and rustled cattle that were taken away from their village by the militia members [coded separately] were recovered.",0.7394366197183099,0.85,0.13891489309380212,0.3122678976538659,0.13753266681280224,0.13480933754624877,0.13616419391309456,0.14031101097987417
mistral:7b,NIG24014,R,R,0.82,"{""V"": 0.1, ""B"": 0.03, ""E"": 0.01, ""P"": 0.04, ""R"": 0.82, ""S"": 0.0}",,1.07,Rioters (Nigeria),"On 5 March 2022, supporters of the incumbent and past chairman of Langtang South LGA clashed in Sabon Gida (Langtang South, Plateau) after the incumbent from the APC slapped the past chairman who belongs to the PDP. An unspecified number of persons were wounded, including the incumbent chairman.",0.7394366197183099,0.8200000000000001,0.1482061095278562,0.1381864605960772,0.1354501853452311,0.13957525761383757,0.3044795534343533,0.13410243348234005
mistral:7b,NIG31886,S,S,0.95,"{""V"": 0.01, ""B"": 0.03, ""E"": 0.01, ""P"": 0.01, ""R"": 0.01, ""S"": 0.94}",,1.08,Boko Haram - Jamaatu Ahli is-Sunnah lid-Dawati wal-Jihad,"On 9 July 2023, a Boko Haram [JAS Faction] commander and one of his lieutenants surrendered to Nigerian troops in Borno, coded to Maiduguri (Maiduguri Metro, Borno).",0.8086522462562394,0.9499999999999998,0.1323677456156774,0.13504175145343483,0.1323677456156774,0.1323677456156774,0.1323677456156774,0.3354872660835199
mistral:7b,NIG37851,B,B,0.92,"{""V"": 0.05, ""B"": 0.92, ""E"": 0.01, ""P"": 0.01, ""R"": 0.01, ""S"": 0.01}",,1.09,Police Forces of Nigeria (2023-),"On 27 July 2024, the Nigerian police engaged a Benue militia in a firefight, killing six while raiding their enclave in Mbavuur Ward (Logo, Benue). The police recovered an AK-47 rifle and two locally fabricated short guns loaded with ammunition.",0.8086522462562394,0.92,0.1383112739204277,0.33013668088543807,0.13288801129845107,0.13288801129845107,0.13288801129845107,0.13288801129845107
mistral:7b,NIG39769,P,P,0.98,"{""V"": 0.01, ""B"": 0.0, ""E"": 0.0, ""P"": 0.98, ""R"": 0.01, ""S"": 0.0}",,1.07,Protesters (Nigeria),"On 4 August 2024, youth protested at Agho junction along Ekenhuan Road in Benin City (Oredo, Edo). The protesters conducted church service at the protest ground while the police monitored their activities.",0.8086522462562394,0.98,0.13143896555144177,0.13013112599236756,0.13013112599236756,0.3467286909196671,0.13143896555144177,0.13013112599236756
mistral:7b,NIG32802,B,B,0.94,"{""V"": 0.03, ""B"": 0.94, ""E"": 0.01, ""P"": 0.01, ""R"": 0.01, ""S"": 0.0}",,1.05,Military Forces of Nigeria (2023-),"On 17 September 2023, a joint task force of security operatives presumed to have comprised of soldiers and policemen engaged a Niger militia in an armed clash in a village near Pan Dongari (Rafi, Niger). 52 militiamen including six informants who lived in the community were killed.",0.8086522462562394,0.9400000000000001,0.13521984695484018,0.3359297127507557,0.13254231458987684,0.13254231458987684,0.13254231458987684,0.13122349652443752
mistral:7b,NIG22047,P,P,0.98,"{""V"": 0.01, ""B"": 0.01, ""E"": 0.0, ""P"": 0.98, ""R"": 0.0, ""S"": 0.0}",,0.82,Protesters (Nigeria),"On 22 September 2021, about 49 former workers of Total E&P protested against their alleged forceful retrenchment in Port Harcourt (Port Harcourt, Rivers).",0.8086522462562394,0.98,0.13143896555144177,0.13143896555144177,0.13013112599236756,0.3467286909196671,0.13013112599236756,0.13013112599236756
mistral:7b,NIG36760,B,B,0.92,"{""V"": 0.05, ""B"": 0.92, ""E"": 0.01, ""P"": 0.01, ""R"": 0.01, ""S"": 0.01}",,1.11,Military Forces of Nigeria (2023-),"On 19 May 2024, military forces engaged a Kaduna militia in an armed clash at Baka general area (Igabi, Kaduna). The militia fled, some of them with gunshot wounds and the troops recovered one rifle and two motorcycles.",0.8086522462562394,0.92,0.1383112739204277,0.33013668088543807,0.13288801129845107,0.13288801129845107,0.13288801129845107,0.13288801129845107
mistral:7b,NIG37618,B,V,0.85,"{""V"": 0.85, ""B"": 0.05, ""E"": 0.02, ""P"": 0.01, ""R"": 0.06, ""S"": 0.01}",,1.08,Unidentified Armed Group (Nigeria),"On 10 July 2024, an unidentified armed group shot and killed an OSPAC member in the Igwuruta community (Ikwerre, Rivers). The group was responding to a distress call concerning an abduction case when its members were ambushed, and one got shot and killed.",0.7394366197183099,0.85,0.31224200101308497,0.1402993748690979,0.1361529017013639,0.13479815769390213,0.14170940702833668,0.13479815769390213
mistral:7b,NIG36319,B,B,0.95,"{""V"": 0.03, ""B"": 0.95, ""E"": 0.01, ""P"": 0.0, ""R"": 0.01, ""S"": 0.0}",,1.12,Military Forces of Nigeria (2023-),"Around 25 April 2024 (as reported), the Nigerian troops engaged a Taraba militia in a firefight, killing two in Kweerti, also spelt as Kwesati village (Ussa, Taraba). Other militiamen fled, and the troops recovered one AK-47 magazine along with seven rounds of 7.62mm special ammunition.",0.8086522462562394,0.9499999999999998,0.13494222603874756,0.3386092309956409,0.13227019093624068,0.1309540805463958,0.13227019093624068,0.1309540805463958
mistral:7b,NIG30420,S,S,0.95,"{""V"": 0.01, ""B"": 0.02, ""E"": 0.01, ""P"": 0.01, ""R"": 0.01, ""S"": 0.95}",,1.17,Police Forces of Nigeria (2015-2023),"Around 8 August 2021 (between 7 August - 8 August), the Nigerian police arrested over 20 unidentified cult militias in various locations within Oshogbo (Osogbo, Osun). The cultists were picked up when the police raided some black spots.",0.8086522462562394,0.9499999999999998,0.13209984512172238,0.1334274706369884,0.13209984512172238,0.13209984512172238,0.13209984512172238,0.3381731488757839
mistral:7b,NIG25680,B,B,0.92,"{""V"": 0.04, ""B"": 0.92, ""E"": 0.01, ""P"": 0.01, ""R"": 0.01, ""S"": 0.01}",,1.38,Katsina Communal Militia (Nigeria),"On 21 July 2022, a Katsina militia led by Bauche attacked Ansaru militants and engaged them in an armed clash in Damari forest (Sabuwa, Katsina). The clash lasted for several hours, three persons were killed including a top Ansaru commander.",0.8086522462562394,0.92,0.13712376624342817,0.3305916477791031,0.1330711464942846,0.1330711464942846,0.1330711464942846,0.1330711464942846
mistral:7b,NIG33592,R,V,0.85,"{""V"": 0.85, ""B"": 0.02, ""E"": 0.01, ""P"": 0.06, ""R"": 0.04, ""S"": 0.02}",,1.15,Rioters (Nigeria),"On 1 November 2023, members of NUPENG who were demonstrating at the union's office in Utako (Abuja Municipal, FCT) over claims that the newly elected leaders of the union were imposed on them beat up the newly elected chairman. The victim was rescued by policemen and taken to a hospital.",0.7394366197183099,0.85,0.3122548840554967,0.13615851934281317,0.13480371943888508,0.14171525393008266,0.13890910388959696,0.13615851934281317
mistral:7b,NIG20827,B,B,0.85,"{""V"": 0.07, ""B"": 0.85, ""E"": 0.03, ""P"": 0.01, ""R"": 0.02, ""S"": 0.02}",,1.09,Police Forces of Nigeria (2015-2023),"Around 26 May 2021 (as reported), Nigerian police operatives clashed with a Katsina communal militia at Kafur, Danja, Dutsinma, Safana, Batsari and Funtua Local Government Areas in Katsina State, killing five militiamen and recovered 69 rustled cows. 16 suspects were also arrested. Fatalities split across 6 events.",0.7394366197183099,0.85,0.14313349094906316,0.31224174076931915,0.13752114649286457,0.13479804534392978,0.13615278822225554,0.13615278822225554
mistral:7b,NIG29044,B,V,0.95,"{""V"": 0.95, ""B"": 0.02, ""E"": 0.01, ""P"": 0.01, ""R"": 0.01, ""S"": 0.0}",,1.1,Sokoto Communal Militia (Nigeria),"On 5 December 2022, a Sokoto militia numbering about 90 killed three policemen guarding a market and three civilians when they attacked Yar Bulutu market in Sabon Birni LGA (Sokoto) and shot sporadically. The assailants set one of the policemen's vehicle ablaze and threw the body of one policeman into the fire, several other civilians sustained varying bullet wounds.",0.8086522462562394,0.9499999999999998,0.33861823390414764,0.13360308058636017,0.1322737077229026,0.1322737077229026,0.1322737077229026,0.13095756234044575
mistral:7b,NIG32771,V,V,0.85,"{""V"": 0.85, ""B"": 0.03, ""E"": 0.02, ""P"": 0.01, ""R"": 0.06, ""S"": 0.03}",,1.1,Katsina Communal Militia (Nigeria),"On 9 September 2023, a Katsina militia abducted two persons from Marke village (Dutsinma, Katsina) coded to Dutsin Ma. There are no reports on ransom demands.",0.7394366197183099,0.85,0.31225917849606455,0.13752882661970586,0.13616039193055793,0.13480557339407045,0.141717202939583,0.13752882661970586
mistral:7b,NIG26442,B,B,0.92,"{""V"": 0.05, ""B"": 0.92, ""E"": 0.01, ""P"": 0.01, ""R"": 0.01, ""S"": 0.01}",,1.25,Police Forces of Nigeria (2015-2023),"On 25 September 2022, policemen invaded the camp of an unidentified armed group that had abducted one person from Kara bridge and engaged them in an armed clash. Location coded to Mowe (Obafemi, Ogun), one of the assailants was arrested, others fled with bullet wounds and the abductee was rescued.",0.8086522462562394,0.92,0.1383112739204277,0.33013668088543807,0.13288801129845107,0.13288801129845107,0.13288801129845107,0.13288801129845107
mistral:7b,NIG33348,V,V,0.78,"{""V"": 0.78, ""B"": 0.12, ""E"": 0.05, ""P"": 0.03, ""R"": 0.01, ""S"": 0.01}",,1.2,Unidentified Armed Group (Nigeria),"Around 27 October 2023 (as reported), an unidentified armed group abducted a soldier (presumed to be off duty) at the Akparata axis of Effium (Ohaukwu, Ebonyi). The soldier was part of the contingent deployed to manage inter-communal clashes in the area. The State government issued an ultimatum to the warring communities to provide the soldier alive by 26 October 2023.",0.7394366197183099,0.78,0.29436413252352434,0.15214249472127492,0.14185672182319012,0.1390477705307364,0.13629444020048995,0.13629444020048995
mistral:7b,NIG26080,B,V,0.85,"{""V"": 0.85, ""B"": 0.06, ""E"": 0.03, ""P"": 0.02, ""R"": 0.02, ""S"": 0.02}",,1.01,Unidentified Armed Group (Nigeria),"Around 15 August 2022 (as reported), an unidentified armed group attacked a police squad, wounded three policemen and stole their rifles along Ozoro/ Kwale (Ndokwa West, Delta).",0.7394366197183099,0.85,0.3122634303226021,0.14171913260892754,0.13753069925870248,0.1361622459364852,0.1361622459364852,0.1361622459364852
mistral:7b,NIG16392,V,V,0.9,"{""V"": 0.9, ""B"": 0.05, ""E"": 0.02, ""P"": 0.01, ""R"": 0.01, ""S"": 0.01}",,1.15,Police Forces of Nigeria (2015-2023) Special Anti-Robbery Squad,"On 20 February 2020, officers of SARS forces shot and injured 2 street traders on a market in Abeokuta (Abeokuta South LGA, Ogun) when they stormed the location.",0.7872340425531915,0.8999999999999999,0.32529157246165386,0.1390344753071921,0.1349253855711249,0.1335828555532346,0.1335828555532346,0.1335828555532346
mistral:7b,NIG26718,P,P,0.98,"{""V"": 0.01, ""B"": 0.01, ""E"": 0.0, ""P"": 0.98, ""R"": 0.0, ""S"": 0.0}",,1.06,Protesters (Nigeria),"On 16 May 2021, members of the Ijaw Youth Marches staged protest marches along major streets and at Isaac Boro Park in Port Harcourt (Port-Harcourt LGA, Rivers) in remembrance of Late Major Isaac Jasper Adaka Boro.",0.8086522462562394,0.98,0.13143896555144177,0.13143896555144177,0.13013112599236756,0.3467286909196671,0.13013112599236756,0.13013112599236756
mistral:7b,NIG16027,B,B,0.9,"{""V"": 0.05, ""B"": 0.9, ""E"": 0.02, ""P"": 0.01, ""R"": 0.01, ""S"": 0.01}",,1.01,Military Forces of Nigeria (2015-2023),"On 8 January 2020, Nigerian Armed Forces battled with presumed ISWAP fighters in Mafa LGA (Borno) and killed an unreported number of fighters. Unknown number of fatalities coded as 10.",0.7872340425531915,0.8999999999999999,0.1390344753071921,0.32529157246165386,0.1349253855711249,0.1335828555532346,0.1335828555532346,0.1335828555532346
mistral:7b,NIG38277,B,B,0.92,"{""V"": 0.05, ""B"": 0.92, ""E"": 0.01, ""P"": 0.01, ""R"": 0.01, ""S"": 0.01}",,1.05,Military Forces of Nigeria (2023-),"On 27 August 2024, the Nigerian troops ambushed some fleeing Jimmu Sumoli-led Zamfara militiamen and shot ten dead in Magamin Diddi village in Maradun LGA, coded to Faru Magami (Maradun, Zamfara). The militiamen escaped from a clash with the troops in Matusgi, coded separately.",0.8086522462562394,0.92,0.1383112739204277,0.33013668088543807,0.13288801129845107,0.13288801129845107,0.13288801129845107,0.13288801129845107
mistral:7b,NIG27958,V,V,0.95,"{""V"": 0.95, ""B"": 0.01, ""E"": 0.01, ""P"": 0.02, ""R"": 0.01, ""S"": 0.0}",,1.17,Military Forces of Nigeria (2015-2023),"On 19 February 2021, a soldier shot and wounded a truck driver at an army checkpoint in Omagwa (Ikwerre, Rivers) over the driver's refusal to pay a bribe of 200 naira. The association of tanker drivers staged a protest [coded separately].",0.8086522462562394,0.9499999999999998,0.33861823390414764,0.1322737077229026,0.1322737077229026,0.13360308058636017,0.1322737077229026,0.13095756234044575
mistral:7b,NIG33835,P,P,0.95,"{""V"": 0.01, ""B"": 0.0, ""E"": 0.0, ""P"": 0.95, ""R"": 0.03, ""S"": 0.01}",,0.98,Protesters (Nigeria),"On 13 November 2023, some political party supporters (unspecified) protested at the INEC office in Yenagoa (Yenagoa, Bayelsa) over the delay in releasing election results.",0.8086522462562394,0.9499999999999998,0.13227019093624065,0.13095408054639576,0.13095408054639576,0.33860923099564083,0.13494222603874756,0.13227019093624065
mistral:7b,NIG20679,B,B,0.92,"{""V"": 0.05, ""B"": 0.92, ""E"": 0.01, ""P"": 0.01, ""R"": 0.01, ""S"": 0.01}",,1.18,Police Forces of Nigeria (2015-2023),"On 10 May 2021, Nigerian police operatives clashed with suspected kidnappers at Ahor community (Ehor) (Uhunmwode LGA, Edo), killing three and rescuing seven kidnapped victims.",0.8086522462562394,0.92,0.1383112739204277,0.33013668088543807,0.13288801129845107,0.13288801129845107,0.13288801129845107,0.13288801129845107
mistral:7b,NIG26073,B,B,0.95,"{""V"": 0.03, ""B"": 0.95, ""E"": 0.01, ""P"": 0.0, ""R"": 0.01, ""S"": 0.0}",,1.05,Military Forces of Nigeria (2015-2023),"On 13 August 2022, Nigerian troops during a clearance operation intercepted and clashed with Boko Haram/ ISWAP militants at Ngwom (Mafa, Borno). The militants were enroute to rustle cattle from pastoralists in the general area, three militants were killed.",0.8086522462562394,0.9499999999999998,0.13494222603874756,0.3386092309956409,0.13227019093624068,0.1309540805463958,0.13227019093624068,0.1309540805463958
mistral:7b,NIG17363,V,V,0.95,"{""V"": 0.95, ""B"": 0.02, ""E"": 0.01, ""P"": 0.01, ""R"": 0.01, ""S"": 0.0}",,1.19,Islamic State West Africa Province (ISWAP) - Lake Chad Faction and/or Boko Haram - Jamaatu Ahli is-Sunnah lid-Dawati wal-Jihad,"On 12 June 2020, Boko Haram executed a police officer and a soldier in Borno (coded as Maiduguri LGA, Borno) who were abducted earlier.",0.8086522462562394,0.9499999999999998,0.33861823390414764,0.13360308058636017,0.1322737077229026,0.1322737077229026,0.1322737077229026,0.13095756234044575
mistral:7b,NIG24682,B,B,0.92,"{""V"": 0.04, ""B"": 0.92, ""E"": 0.01, ""P"": 0.01, ""R"": 0.01, ""S"": 0.01}",,1.15,Military Forces of Nigeria (2015-2023),"On 26 April 2022, Nigerian troops in conjunction with the Civilian JTF clashed with ISWAP/ Boko Haram fighters during a clearance operation at Kasha in Mafa LGA (Borno). Six militants were killed, weapons and ammunition, amongst others items were recovered.",0.8086522462562394,0.92,0.13712376624342817,0.3305916477791031,0.1330711464942846,0.1330711464942846,0.1330711464942846,0.1330711464942846
mistral:7b,NIG22760,B,B,0.95,"{""V"": 0.02, ""B"": 0.95, ""E"": 0.01, ""P"": 0.0, ""R"": 0.01, ""S"": 0.01}",,1.16,Military Forces of Nigeria (2015-2023),"On 29 November 2021, troops of security forces on patrol clashed with members of a Kaduna militia at an identified hideout in Idasu (Giwa, Kaduna) and Birnin Gwari [coded separately]. Three militia members were killed, weapons and three motorcycles were recovered.",0.8086522462562394,0.9499999999999998,0.13360308058636017,0.33861823390414764,0.1322737077229026,0.13095756234044575,0.1322737077229026,0.1322737077229026
mistral:7b,NIG29602,B,B,0.92,"{""V"": 0.06, ""B"": 0.92, ""E"": 0.01, ""P"": 0.01, ""R"": 0.0, ""S"": 0.01}",,1.05,Police Forces of Nigeria (2015-2023),"On 20 January 2023, the Nigerian police clashed with an unidentified armed group in Shere (Jos East, Plateau). The armed group abducted the paramount traditional ruler of Izere, Plateau State, and opened fire on the police attempting to rescue the monarch. A civilian guard was shot dead, and a police officer sustained a gun injury during the rescue operation. 1 fatality reported.",0.8086522462562394,0.92,0.13969185511817447,0.3301143012461146,0.13287900295149824,0.13287900295149824,0.13155683478088603,0.13287900295149824
mistral:7b,NIG31171,B,B,0.9,"{""V"": 0.1, ""B"": 0.9, ""E"": 0, ""P"": 0, ""R"": 0, ""S"": 0}",,1.07,Kaduna Communal Militia (Nigeria),"On 1 May 2023, a Kaduna militia were engaged in an armed clash with security operatives at Dorayi village in Zaria LGA (Kaduna) where they abducted about 20 persons and rustled cattle. The assailants abandoned the abductees, burnt down one house and two motorcycles before they fled.",0.7872340425531915,0.8999999999999999,0.14609437291908126,0.32513900635385695,0.1321916551816841,0.1321916551816841,0.1321916551816841,0.1321916551816841
mistral:7b,NIG19588,B,B,0.95,"{""V"": 0.03, ""B"": 0.95, ""E"": 0.01, ""P"": 0.0, ""R"": 0.01, ""S"": 0.0}",,1.11,Military Forces of Nigeria (2015-2023),"On 25 January 2021, Nigerian military troops with MNJTF forces clashed with Boko Haram militants at Mayankari in Borno State, killing three militiamen and destroying their hideout. Nigerian military also recovered weapons and ammunition including one improvised explosive device making equipment.",0.8086522462562394,0.9499999999999998,0.13494222603874756,0.3386092309956409,0.13227019093624068,0.1309540805463958,0.13227019093624068,0.1309540805463958
mistral:7b,NIG21894,E,B,0.95,"{""V"": 0.02, ""B"": 0.95, ""E"": 0.01, ""P"": 0.0, ""R"": 0.01, ""S"": 0.01}",,1.18,Military Forces of Nigeria (2015-2023),"Around 6 September 2021 (as reported), military forces of Nigeria killed the leader of an armed militia in an air strike at Shinkafi (Shinkafi, Zamfara).",0.8086522462562394,0.9499999999999998,0.13360308058636017,0.33861823390414764,0.1322737077229026,0.13095756234044575,0.1322737077229026,0.1322737077229026
mistral:7b,NIG29062,V,V,0.9,"{""V"": 0.85, ""B"": 0.03, ""E"": 0.02, ""P"": 0.01, ""R"": 0.06, ""S"": 0.03}",,1.07,Unidentified Armed Group (Nigeria),"On 3 December 2022, an unidentified armed group abducted 8 residents of Anguwan Hausawa in Kwakwu community, coded to Kuje (Kuje, FCT). The abductors shot sporadically to scare of policemen from a police outpost, a ransom of 25 million naira was demanded.",0.7872340425531915,0.8999999999999999,0.31225917849606455,0.13752882661970586,0.13616039193055793,0.13480557339407045,0.141717202939583,0.13752882661970586
mistral:7b,NIG29902,B,B,0.92,"{""V"": 0.04, ""B"": 0.92, ""E"": 0.01, ""P"": 0.01, ""R"": 0.01, ""S"": 0.01}",,1.21,Military Forces of Nigeria (2015-2023),"On 4 February 2023, Nigerian troops raided the hideouts of ISWAP/ Boko Haram militants and engaged them in an armed clash at Balange village, on the fringes of the Sambisa Forest Reserve (Gwoza, Borno). Five militants were killed and 55 abductees were rescued.",0.8086522462562394,0.92,0.13712376624342817,0.3305916477791031,0.1330711464942846,0.1330711464942846,0.1330711464942846,0.1330711464942846
mistral:7b,NIG26789,V,V,0.85,"{""V"": 0.85, ""B"": 0.05, ""E"": 0.02, ""P"": 0.01, ""R"": 0.03, ""S"": 0.04}",,1.22,Amagba Communal Militia (Nigeria),"On 12 August 2021, Amagba and Obazagbon militias attacked Oke-Oroma (Ikpoba Okha, Edo) coded as Oka, shooting sporadically. Unspecified number of buildings were burnt. Security operatives were deployed but no clashes reported",0.7394366197183099,0.85,0.31226789765386587,0.14031101097987414,0.13616419391309453,0.13480933754624874,0.1375326668128022,0.1389148930938021
mistral:7b,NIG25905,B,B,0.92,"{""V"": 0.04, ""B"": 0.92, ""E"": 0.01, ""P"": 0.01, ""R"": 0.01, ""S"": 0.01}",,1.16,Military Forces of Nigeria (2015-2023),"On 8 August 2022, Nigerian troops on clearance operations clashed with ISWAP/ Boko Haram militants at an iilegal market established by the militants at Dambia, also called Markas (Bama, Borno). Four militants were killed, others fled and four women suspected to be the wives of the militants were wounded and evacuated to the hospital for treatment.",0.8086522462562394,0.92,0.13712376624342817,0.3305916477791031,0.1330711464942846,0.1330711464942846,0.1330711464942846,0.1330711464942846
mistral:7b,NIG33181,R,V,0.95,"{""V"": 0.95, ""B"": 0.01, ""E"": 0.01, ""P"": 0.01, ""R"": 0.01, ""S"": 0.01}",,1.29,Rioters (Nigeria),"On 20 October 2023, mobs lynched a man in the A. A Koto area of Akwanga (Akwanga, Nasarawa) over the allegation of motorcycle theft. They had beaten the victim to death before the soldiers intervened to calm the situation.",0.8086522462562394,0.9499999999999998,0.33862271302965063,0.13227545739400212,0.13227545739400212,0.13227545739400212,0.13227545739400212,0.13227545739400212
mistral:7b,NIG23107,B,B,0.92,"{""V"": 0.05, ""B"": 0.92, ""E"": 0.01, ""P"": 0.01, ""R"": 0.01, ""S"": 0.01}",,1.21,Police Forces of Nigeria (2015-2023),"On 31 December 2021, police forces, together with member of Igabi communal militia, clashed with Kaduna militia members at the Sabon Birni forest (Igabi, Kaduna) while the group was raiding one of the militia camps. One militiaman was killed, others fled with gunshot wounds; two others were arrested and nine abducted victims were rescued including one who sustained a bullet injury.",0.8086522462562394,0.92,0.1383112739204277,0.33013668088543807,0.13288801129845107,0.13288801129845107,0.13288801129845107,0.13288801129845107
mistral:7b,NIG27386,B,B,0.95,"{""V"": 0.03, ""B"": 0.95, ""E"": 0.01, ""P"": 0.0, ""R"": 0.01, ""S"": 0.0}",,1.05,SVC: Supreme Vikings Confraternity (Nigeria),"On 16 October 2020, the Supreme Vikings cult militias clashed with one another in Ugbomoro community (Uvwie, Delta) coded as Effurun. One person was killed.",0.8086522462562394,0.9499999999999998,0.13494222603874756,0.3386092309956409,0.13227019093624068,0.1309540805463958,0.13227019093624068,0.1309540805463958
mistral:7b,NIG24261,B,B,0.95,"{""V"": 0.04, ""B"": 0.95, ""E"": 0.01, ""P"": 0.0, ""R"": 0.0, ""S"": 0.0}",,1.14,Military Forces of Nigeria (2015-2023),"Around 1 April 2022 (as reported), soldiers on a clearance operation engaged over 400 Niger militiamen in an armed clash near Zuma Barrack, coded to nearby Suleja (Suleja, Niger). 14 soldiers and several militiamen were killed, several other soldiers were wounded. Several militia men deaths coded as 3. Fatalities coded as 17.",0.8086522462562394,0.9499999999999998,0.13629295512717393,0.3385956595640438,0.13226488955729318,0.13094883191705017,0.13094883191705017,0.13094883191705017
mistral:7b,NIG26184,S,S,0.95,"{""V"": 0.01, ""B"": 0.02, ""E"": 0.01, ""P"": 0.01, ""R"": 0.01, ""S"": 0.95}",,1.23,Unidentified Armed Group (Nigeria),"Movement of forces: Around 18 August 2022 (as reported), a militia from a neighboring state were moving in their hundreds to Illela LGA (Sokoto), Silame, Gudu, Tangaza, Gwadabawa, Binji and Gada [coded separately].",0.8086522462562394,0.9499999999999998,0.13209984512172238,0.1334274706369884,0.13209984512172238,0.13209984512172238,0.13209984512172238,0.3381731488757839
mistral:7b,NIG21295,V,V,0.92,"{""V"": 0.92, ""B"": 0.03, ""E"": 0.01, ""P"": 0.01, ""R"": 0.01, ""S"": 0.03}",,1.16,Unidentified Armed Group (Nigeria),"On 8 July 2021, an APC member and vice chairman of the NURTW was shot and killed by unidentified armed individuals during a political rally in Agboju (Ijebu Ode, Ogun). According to reports, the victim was protecting another politician from harassment when he was shot.",0.8086522462562394,0.92,0.3301545854388504,0.13557987980802969,0.13289521831492002,0.13289521831492002,0.13289521831492002,0.13557987980802969
mistral:7b,NIG16878,V,V,0.9,"{""V"": 0.85, ""B"": 0.02, ""E"": 0.01, ""P"": 0.01, ""R"": 0.06, ""S"": 0.05}",,1.2,Fulani Ethnic Militia (Nigeria),"On 25 April 2020 (or around), suspected Fulani militias attacked Kikwari in Kajuru LGA (Kaduna), killed 3 residents and looted and burnt down the village.",0.7872340425531915,0.8999999999999999,0.31224200101308497,0.1361529017013639,0.13479815769390216,0.13479815769390216,0.1417094070283367,0.14029937486909794
mistral:7b,NIG34780,B,B,0.85,"{""V"": 0.1, ""B"": 0.85, ""E"": 0.03, ""P"": 0.01, ""R"": 0.01, ""S"": 0.0}",,1.16,Military Forces of Nigeria (2023-),"On 30 January 2024, troops of 114 battalion of the Nigerian Army trailed an unidentified armed group and engaged them in an armed clash at Apawa village (Lau, Taraba), reported as Yorro LGA. The group fled and abandoned three abductees who had previously been abducted from Ardo Kola LGA. Casualties are unknown.",0.7394366197183099,0.85,0.1474470945519245,0.3121455016159148,0.13747875972330245,0.13475649788863925,0.13475649788863925,0.1334156483312674
mistral:7b,NIG29313,B,B,0.95,"{""V"": 0.03, ""B"": 0.95, ""E"": 0.01, ""P"": 0.0, ""R"": 0.01, ""S"": 0.0}",,1.2,Military Forces of Nigeria (2015-2023),"On 23 December 2022, troops of Operation Forest Sanity on an ambush patrol clashed with a Kaduna militia at Buruku (Chikun, Kaduna), Birnin Gwari general area and Giwa LGA [coded separately]. 8 militiamen were killed; split across two events and coded as 4, four motorcycles and three mobile phones were recovered.",0.8086522462562394,0.9499999999999998,0.13494222603874756,0.3386092309956409,0.13227019093624068,0.1309540805463958,0.13227019093624068,0.1309540805463958
mistral:7b,NIG38658,B,V,0.95,"{""V"": 0.95, ""B"": 0.03, ""E"": 0.01, ""P"": 0.01, ""R"": 0.0, ""S"": 0.0}",,1.11,Black Axe (Nigeria),"On 11 August 2024, the Aye (Black Axe) and the Vikings clashed and killed one person in the Orji area of Owerri (Owerri Municipal, Imo).",0.8086522462562394,0.9499999999999998,0.3386092309956409,0.13494222603874756,0.13227019093624068,0.13227019093624068,0.1309540805463958,0.1309540805463958
mistral:7b,NIG19965,B,B,0.9,"{""V"": 0.1, ""B"": 0.8, ""E"": 0.05, ""P"": 0.02, ""R"": 0.03, ""S"": 0.0}",,1.05,Military Forces of Nigeria (2015-2023),"Around 1 March 2021 (between 1 - 2 March), Nigerian military troops clashed with ISWAP fighters at Dikwa town (Dikwa LGA, Borno). Community resources report that at least six civilians were killed and four UN humanitarian aid workers abducted. Property damage also reported. Military sources deny abduction reports alleging the safety of all UN workers in the area. ISWAP sources report that eight soldiers were killed.",0.7872340425531915,0.8999999999999999,0.1486915946404928,0.299428101285395,0.14143981999796942,0.13725964158293438,0.1386391239147559,0.13454171857815303
mistral:7b,NIG22722,S,S,0.95,"{""V"": 0.01, ""B"": 0.02, ""E"": 0.01, ""P"": 0.01, ""R"": 0.01, ""S"": 0.94}",,1.04,Zamfara Communal Militia (Nigeria),"Around 26 November 2021, a Zamfara militia agreed on a peace deal with Dan Sadau emirate (Maru, Zamfara) to allow farmers carry on with their activities and for other residents to go about their business.",0.8086522462562394,0.9499999999999998,0.13254584586201035,0.13387795375923592,0.13254584586201035,0.13254584586201035,0.13254584586201035,0.3359386627923867
mistral:7b,NIG17898,P,P,0.95,"{""V"": 0.01, ""B"": 0.0, ""E"": 0.0, ""P"": 0.95, ""R"": 0.03, ""S"": 0.01}",,1.0,Protesters (Nigeria),"On 10 August 2020, commercial drivers operating between Eleme and Igbo-Etche LGAs took to the streets in Rivers State to protest against harassment and extortion by the police.",0.8086522462562394,0.9499999999999998,0.13227019093624065,0.13095408054639576,0.13095408054639576,0.33860923099564083,0.13494222603874756,0.13227019093624065
mistral:7b,NIG31996,B,B,0.92,"{""V"": 0.04, ""B"": 0.92, ""E"": 0.01, ""P"": 0.01, ""R"": 0.01, ""S"": 0.01}",,1.3,Military Forces of Nigeria (2023-),"On 20 July 2023, troops of Operation Hadarin Daji in collaboration with Civilian JTF operatives invaded the hideouts of Boko Haram [JAS faction] militants and engaged them in an armed clash at Bula Daloye, Bulongu Dina and Mairamiri Dina in Bama LGA (Borno). Eight militants were killed, others fled, women and children were rescued by the troops.",0.8086522462562394,0.92,0.13712376624342817,0.3305916477791031,0.1330711464942846,0.1330711464942846,0.1330711464942846,0.1330711464942846
mistral:7b,NIG23065,V,V,0.87,"{""V"": 0.87, ""B"": 0.03, ""E"": 0.01, ""P"": 0.02, ""R"": 0.05, ""S"": 0.04}",,1.11,Unidentified Armed Group (Nigeria),"On 25 December 2021, unidentified armed men attacked and killed a man in Ayangba (Dekina, Kogi). The reason for the attack is unknown.",0.7394366197183099,0.8700000000000001,0.3165790740280029,0.1366705177553225,0.13396426018391444,0.13531062338206976,0.13943144535613053,0.13804407929424325
mistral:7b,NIG20707,E,B,0.95,"{""V"": 0.02, ""B"": 0.95, ""E"": 0.01, ""P"": 0.0, ""R"": 0.01, ""S"": 0.01}",,1.13,Military Forces of Nigeria (2015-2023),"Around 14 May 2021 (as reported), Nigerian Airforce conducted air strikes against a Kaduna communal militia in Jan Birni (Birnin Gwari LGA, Kaduna), killing several militiamen and destroying their structures. Several fatalities coded as 3.",0.8086522462562394,0.9499999999999998,0.13360308058636017,0.33861823390414764,0.1322737077229026,0.13095756234044575,0.1322737077229026,0.1322737077229026
mistral:7b,NIG31771,V,V,0.95,"{""V"": 0.95, ""B"": 0.01, ""E"": 0.01, ""P"": 0.01, ""R"": 0.01, ""S"": 0.02}",,1.36,Police Forces of Nigeria (2023-),"On 30 June 2023, policemen in a minivan ran over a civilian who was in handcuffs at Ekpoma (Esan West, Edo). The victim was seriously wounded.",0.8086522462562394,0.9499999999999998,0.33817314887578387,0.13209984512172235,0.13209984512172235,0.13209984512172235,0.13209984512172235,0.13342747063698837
mistral:7b,NIG26086,B,B,0.92,"{""V"": 0.03, ""B"": 0.92, ""E"": 0.01, ""P"": 0.01, ""R"": 0.01, ""S"": 0.02}",,1.0,Military Forces of Nigeria (2015-2023),"On 16 August 2022, Nigerian troops of Operation Forest Sanity clashed with a Kaduna militia when they raided their camps in Manini (Chikun, Kaduna) and Kuriga [coded separately] area. The camps were cleared and six abductees including a baby were rescued, there are no further details.",0.8086522462562394,0.92,0.13576302988414168,0.33060057961982675,0.13307474177654105,0.13307474177654105,0.13307474177654105,0.13441216516607782
mistral:7b,NIG16458,E,B,0.95,"{""V"": 0.03, ""B"": 0.95, ""E"": 0.02, ""P"": 0.01, ""R"": 0.01, ""S"": 0.0}",,1.15,Military Forces of Nigeria (2015-2023),"On 27 February 2020, Nigerian Air Force conducted air strikes against a camp of Boko Haram (JAS) in Sambisa Forest (Gwoza, Borno) resulting in some fatalities. Unknown number of fatalities coded as 10.",0.8086522462562394,0.9499999999999998,0.13458618529627403,0.33771582138212625,0.13324703037751082,0.13192120027282495,0.13192120027282495,0.13060856239810104
mistral:7b,NIG30412,V,V,0.85,"{""V"": 0.85, ""B"": 0.03, ""E"": 0.02, ""P"": 0.01, ""R"": 0.06, ""S"": 0.03}",,1.33,Unidentified Cult Militia (Nigeria),"On 12 January 2021, seven unidentified cult militias attacked and assaulted a man in Port Harcourt (Port Harcourt, Rivers) after having an altercation with one of their members while queuing for national identity card registration. The armed militia dispossessed him of his phone and money, and the ensuing commotion disrupted the registration exercise.",0.7394366197183099,0.85,0.31225917849606455,0.13752882661970586,0.13616039193055793,0.13480557339407045,0.141717202939583,0.13752882661970586
mistral:7b,NIG18723,V,V,0.85,"{""V"": 0.85, ""B"": 0.03, ""E"": 0.02, ""P"": 0.01, ""R"": 0.06, ""S"": 0.03}",,1.07,Unidentified Armed Group (Nigeria),"On 20 October 2020, unidentified gunmen abducted two Christian pastors and a worshipper along Ubulu-Unor/Ogwashi-Uku road (Aniocha South LGA, Delta). Victims released after paying ransom.",0.7394366197183099,0.85,0.31225917849606455,0.13752882661970586,0.13616039193055793,0.13480557339407045,0.141717202939583,0.13752882661970586
mistral:7b,NIG31632,V,V,0.85,"{""V"": 0.85, ""B"": 0.03, ""E"": 0.02, ""P"": 0.01, ""R"": 0.06, ""S"": 0.03}",,1.28,Unidentified Armed Group (Nigeria),"On 11 June 2023, an unidentified armed group wounded an unspecified number of travelers when they shot at their bus along Ajaokuta-Itobe road (Ajaokuta, Kogi). The assailants had fired several shots at the direction of the bus driver in an attempt to abduct them.",0.7394366197183099,0.85,0.31225917849606455,0.13752882661970586,0.13616039193055793,0.13480557339407045,0.141717202939583,0.13752882661970586
mistral:7b,NIG35786,V,V,0.92,"{""V"": 0.92, ""B"": 0.03, ""E"": 0.01, ""P"": 0.01, ""R"": 0.02, ""S"": 0.01}",,1.13,Kaduna Communal Militia (Nigeria),"On 31 March 2024, a Kaduna militia abducted 10 civilians from Azzara community, coded to Gidan Azara (Kachia, Kaduna). The abductees included a 5 day old baby and its mother who were abducted after her husband who was the target was not found by the militia.",0.8086522462562394,0.92,0.33060057961982675,0.13576302988414168,0.13307474177654105,0.13307474177654105,0.13441216516607782,0.13307474177654105
mistral:7b,NIG21759,S,S,0.95,"{""V"": 0.01, ""B"": 0.02, ""E"": 0.01, ""P"": 0.01, ""R"": 0.01, ""S"": 0.95}",,1.0,Military Forces of Nigeria (2015-2023),"Around 17 August 2021 (as reported), the Nigerian military claimed hundreds of Boko Haram militants together with their wives and children surrendered throughout Borno state (coded to Maiduguri).",0.8086522462562394,0.9499999999999998,0.13209984512172238,0.1334274706369884,0.13209984512172238,0.13209984512172238,0.13209984512172238,0.3381731488757839
mistral:7b,NIG31252,V,V,0.85,"{""V"": 0.85, ""B"": 0.03, ""E"": 0.01, ""P"": 0.02, ""R"": 0.06, ""S"": 0.03}",,1.03,Police Forces of Nigeria (2015-2023),"On 3 May 2023, policemen beat up a man at Oko-Oba abattoir, coded to Agege (Agege, Lagos) over his refusal to submit his phone for a search. The policemen were attached to the Agege Abattoir police station.",0.7394366197183099,0.85,0.31225917849606455,0.13752882661970586,0.13480557339407045,0.13616039193055793,0.141717202939583,0.13752882661970586
mistral:7b,NIG30262,E,V,0.92,"{""V"": 0.92, ""B"": 0.04, ""E"": 0.01, ""P"": 0.01, ""R"": 0.01, ""S"": 0.01}",,1.12,Military Forces of Nigeria (2015-2023),"On 5 March 2023, NAF killed three civilians in an airstrike that was targeted at a Kaduna militia in Sabon Gida village of Fatika district (Giwa, Kaduna). The militiamen ran into the village from a nearby bush, the victims included a pregnant woman and two teenagers, five other villagers sustained injuries.",0.8086522462562394,0.92,0.3305916477791031,0.13712376624342817,0.1330711464942846,0.1330711464942846,0.1330711464942846,0.1330711464942846
mistral:7b,NIG17267,E,B,0.98,"{""V"": 0.02, ""B"": 0.98, ""E"": 0.0, ""P"": 0.0, ""R"": 0.0, ""S"": 0.0}",,0.88,Military Forces of Nigeria (2015-2023),"On 30 May 2020, Nigerian Air Force conducted air strikes against a camp of Zamfara militias 5km north of Birnin Kogo in Faskari LGA of Katsina State. 4 militiamen were killed.",0.8086522462562394,0.98,0.13275820414196052,0.3467241335755446,0.1301294155705371,0.1301294155705371,0.1301294155705371,0.1301294155705371
mistral:7b,NIG17354,V,V,0.95,"{""V"": 0.95, ""B"": 0.01, ""E"": 0.01, ""P"": 0.01, ""R"": 0.01, ""S"": 0.02}",,1.25,Police Forces of Nigeria (2015-2023),"On 11 June 2020, security officials shot at a presidential aide at Aso Rock, the presidential villa, in Abuja (Abuja LGA, FCT) over his refusal to isolate himself due to coronavirus.",0.8086522462562394,0.9499999999999998,0.33817314887578387,0.13209984512172235,0.13209984512172235,0.13209984512172235,0.13209984512172235,0.13342747063698837
mistral:7b,NIG32116,V,V,0.85,"{""V"": 0.85, ""B"": 0.03, ""E"": 0.02, ""P"": 0.01, ""R"": 0.06, ""S"": 0.03}",,1.2,Zamfara Communal Militia (Nigeria),"On 25 July 2023, a Zamfara militia abducted a woman and her son from their residence at Saminaka community, along Gusau-Sokoto road (Gusau, Zamfara).",0.7394366197183099,0.85,0.31225917849606455,0.13752882661970586,0.13616039193055793,0.13480557339407045,0.141717202939583,0.13752882661970586
mistral:7b,NIG33620,E,B,0.98,"{""V"": 0.02, ""B"": 0.98, ""E"": 0.0, ""P"": 0.0, ""R"": 0.0, ""S"": 0.0}",,1.07,Military Forces of Nigeria (2023-),"On 8 November 2023, the Nigerian Air Force of Operation Hadin Kai launched air strikes against the ISWAP position at Ajigin (Damboa, Borno). The air surveillance detected the gathering of the militants and launched the strikes, killing seventeen ISWAP fighters. Three of the militia's gun trucks were destroyed.",0.8086522462562394,0.98,0.13275820414196052,0.3467241335755446,0.1301294155705371,0.1301294155705371,0.1301294155705371,0.1301294155705371
mistral:7b,NIG29935,E,B,0.95,"{""V"": 0.03, ""B"": 0.95, ""E"": 0.01, ""P"": 0.0, ""R"": 0.01, ""S"": 0.0}",,1.02,Military Forces of Nigeria (2015-2023),"On 10 February 2023, the Nigerian Air Force carried out air strikes with rockets and bombs that targeted hundreds of Boko Haram [JAS faction] fighters who were holding a meeting on the fringes of Sambisa Forest Reserve in Gaizuwa, Bama LGA (Borno). Scores of fighters including high-ranking ones were killed, dozens of others sustained critical injuries.",0.8086522462562394,0.9499999999999998,0.13494222603874756,0.3386092309956409,0.13227019093624068,0.1309540805463958,0.13227019093624068,0.1309540805463958
mistral:7b,NIG22586,B,B,0.92,"{""V"": 0.04, ""B"": 0.92, ""E"": 0.01, ""P"": 0.01, ""R"": 0.01, ""S"": 0.01}",,1.06,Islamic State West Africa Province (ISWAP) - Lake Chad Faction,"On 9 November 2021, ISWAP claimed an ambush on a convoy on Nigerian army vehicles along the Ngamdu-Tasmakawa road (Kaga, Borno), coded as Ngamdu. Three soldiers were killed, an unspecified number were wounded and the rest fled.",0.8086522462562394,0.92,0.13712376624342817,0.3305916477791031,0.1330711464942846,0.1330711464942846,0.1330711464942846,0.1330711464942846
mistral:7b,NIG38100,B,B,0.98,"{""V"": 0.01, ""B"": 0.98, ""E"": 0.0, ""P"": 0.0, ""R"": 0.01, ""S"": 0.0}",,0.93,Military Forces of Nigeria (2023-),"On 14 August 2024, the Nigerian troops ambushed and killed two Kaduna militants during a firefight along Kwana Uri village in Giwa LGA, coded to Giwa (Kaduna). Other militants escaped with gunshot injuries. The troops recovered one AK-47 rifle, 288 rounds of RG55 ammunition, 40 rounds of CJ 95 ammunition, six rounds of 7.62mm special ammunition, a Baofeng communication radio, and a motorcycle.",0.8086522462562394,0.98,0.13143896555144177,0.3467286909196672,0.13013112599236756,0.13013112599236756,0.13143896555144177,0.13013112599236756
mistral:7b,NIG17438,P,P,0.95,"{""V"": 0.01, ""B"": 0.0, ""E"": 0.0, ""P"": 0.95, ""R"": 0.03, ""S"": 0.01}",,1.06,Protesters (Nigeria),"On 18 June 2020, hundreds of mototaxi drivers demonstrated in Abeokuta (Abeokuta South LGA, Ogun) over the increase of levies imposed by the State Government.",0.8086522462562394,0.9499999999999998,0.13227019093624065,0.13095408054639576,0.13095408054639576,0.33860923099564083,0.13494222603874756,0.13227019093624065
mistral:7b,NIG27232,B,V,0.92,"{""V"": 0.92, ""B"": 0.04, ""E"": 0.01, ""P"": 0.01, ""R"": 0.01, ""S"": 0.01}",,1.13,Unidentified Armed Group (Nigeria),"On 6 July 2020, an unidentified armed group attacked a vehicle while on transit along Okene-Lokoja highway (Okene, Kogi). One presumed policeman was killed, two others were abducted.",0.8086522462562394,0.92,0.3305916477791031,0.13712376624342817,0.1330711464942846,0.1330711464942846,0.1330711464942846,0.1330711464942846
mistral:7b,NIG35968,B,B,0.95,"{""V"": 0.03, ""B"": 0.95, ""E"": 0.01, ""P"": 0.0, ""R"": 0.01, ""S"": 0.0}",,1.02,Military Forces of Nigeria (2023-),"On 9 April 2024, the Nigerian troops of Operation Hadin Kai engaged Boko Haram (JAS) in a firefight and killed four at Ngauru Forest in Bama (Bama, Borno). The troops arrested seventeen Boko Haram family members and profiled them for rehabilitation. There were four fatalities.",0.8086522462562394,0.9499999999999998,0.13494222603874756,0.3386092309956409,0.13227019093624068,0.1309540805463958,0.13227019093624068,0.1309540805463958
mistral:7b,NIG31678,B,B,0.95,"{""V"": 0.03, ""B"": 0.95, ""E"": 0.01, ""P"": 0.0, ""R"": 0.01, ""S"": 0.0}",,1.25,Police Forces of Nigeria (2023-),"On 18 June 2023, policemen in the Katsina state command, led by the command's OC anti-kidnapping unit and OC SIB engaged a Katsina militia led by Audu Lankai in an armed clash at their camp in Jibia LGA (Katsina) and Batsari LGA [coded separately]. 5 militiamen were killed, one was arrested, 38 cows, 40 sheep and 65 goats were recovered. 5 fatalities split across 2 events coded as 2.",0.8086522462562394,0.9499999999999998,0.13494222603874756,0.3386092309956409,0.13227019093624068,0.1309540805463958,0.13227019093624068,0.1309540805463958
mistral:7b,NIG31148,V,V,0.92,"{""V"": 0.92, ""B"": 0.03, ""E"": 0.01, ""P"": 0.01, ""R"": 0.02, ""S"": 0.01}",,1.01,Military Forces of Nigeria (2015-2023),"Around 6 May 2023, (sometime between 1 and 8 May), special task force operatives presumed to comprise of soldiers and policemen killed a Jengere youth leader in Jos (Jos North, Plateau) where he was tortured following his arrest. The victim was released from custody on 1 May and dies on 8 May, residents of the town claim that he died from injuries he sustained while in custody.",0.8086522462562394,0.92,0.33060057961982675,0.13576302988414168,0.13307474177654105,0.13307474177654105,0.13441216516607782,0.13307474177654105
mistral:7b,NIG18129,V,V,0.95,"{""V"": 0.95, ""B"": 0.02, ""E"": 0.01, ""P"": 0.01, ""R"": 0.01, ""S"": 0.0}",,0.98,Islamic State West Africa Province (ISWAP) - Lake Chad Faction and/or Boko Haram - Jamaatu Ahli is-Sunnah lid-Dawati wal-Jihad,"On 6 September 2020, Boko Haram militants raided the village of Kurmari and another village near Maiduguri (Maiduguri LGA, Borno), killing 8 residents.",0.8086522462562394,0.9499999999999998,0.33861823390414764,0.13360308058636017,0.1322737077229026,0.1322737077229026,0.1322737077229026,0.13095756234044575
mistral:7b,NIG18583,P,P,0.98,"{""V"": 0.01, ""B"": 0.01, ""E"": 0.0, ""P"": 0.98, ""R"": 0.0, ""S"": 0.0}",,0.84,Protesters (Nigeria),"On 16 October 2020, thousands of supporters of the #EndSARS movement staged demonstrations at Airport Road and along other connecting roads in Abuja (Abuja Municipal LGA, FCT) to protest against police brutality across the country.",0.8086522462562394,0.98,0.13143896555144177,0.13143896555144177,0.13013112599236756,0.3467286909196671,0.13013112599236756,0.13013112599236756
mistral:7b,NIG21933,B,B,0.92,"{""V"": 0.05, ""B"": 0.92, ""E"": 0.01, ""P"": 0.01, ""R"": 0.01, ""S"": 0.0}",,1.31,Police Forces of Nigeria (2015-2023),"On 11 September 2021, police forces of Nigeria engaged IPOB militants in an armed clash in Amaifeke (Orlu, Imo) coded to Amike; three militants were killed, two were arrested and an unspecified number escaped with gunshot wounds.",0.8086522462562394,0.92,0.13849439922076856,0.3305737846523766,0.13306395615306016,0.13306395615306016,0.13306395615306016,0.1317399476673438
mistral:7b,NIG25519,B,V,0.91,"{""V"": 0.91, ""B"": 0.03, ""E"": 0.02, ""P"": 0.01, ""R"": 0.01, ""S"": 0.02}",,1.19,Unidentified Armed Group (Nigeria),"On 5 July 2022, an unidentified armed group killed a policeman during an attempt to assassinate the deputy governorship candidate of the APC at the GRA axis of Port Harcourt (Port Harcourt, Rivers).",0.8086522462562394,0.9100000000000001,0.3279512449224634,0.13602857225853882,0.13467506534970305,0.13333502605963185,0.13333502605963185,0.13467506534970305
mistral:7b,NIG24877,V,V,0.95,"{""V"": 0.95, ""B"": 0.02, ""E"": 0.01, ""P"": 0.01, ""R"": 0.01, ""S"": 0.0}",,1.18,Unidentified Armed Group (Nigeria),"On 17 May 2022, armed individuals attacked the house of the Ikwo Local Government Chairman at Ekpa Omaka (Ikwo, Ebonyi) and killed four person. Three of the victims were relatives of the chairman who was not at home at the time, the fourth person was the gate keeper, the assailants set the house ablaze. The Chairman's life had been under threat since he assumed office and there had been attempts to burn his house on several occasions but were prevented by security operatives.",0.8086522462562394,0.9499999999999998,0.33861823390414764,0.13360308058636017,0.1322737077229026,0.1322737077229026,0.1322737077229026,0.13095756234044575
mistral:7b,NIG23685,B,B,0.95,"{""V"": 0.1, ""B"": 0.95, ""E"": 0.0, ""P"": 0.0, ""R"": 0.0, ""S"": 0.05}",,1.02,Police Forces of Nigeria (2015-2023),"On 12 February 2022, Nigerian police and military forces, together with local vigilantes, engaged Niger militiamen in a clash in Nasko (Magama, Niger), after the militiamen attacked civilians at villages around Nasko (coded separately). Scores of militiamen were killed; 20 abductees were rescued, large herds of cattle, weapons and ammunition were recovered. Scores of fatalities coded as 20.",0.8086522462562394,0.9499999999999998,0.14274725743489286,0.333978171478616,0.12916305984910287,0.12916305984910287,0.12916305984910287,0.13578539153884842
mistral:7b,NIG22254,P,P,0.95,"{""V"": 0.01, ""B"": 0.0, ""E"": 0.0, ""P"": 0.95, ""R"": 0.03, ""S"": 0.01}",,1.2,Protesters (Nigeria),"On 11 October 2021, locals from Ovwor community protested against the alleged illegal collection of levies by the principal of a government-owned school in Ovwor (Ughelli South, Delta), coded as Okwagbe. A majority of the protesters were women.",0.8086522462562394,0.9499999999999998,0.13227019093624065,0.13095408054639576,0.13095408054639576,0.33860923099564083,0.13494222603874756,0.13227019093624065
mistral:7b,NIG23702,V,V,0.92,"{""V"": 0.92, ""B"": 0.03, ""E"": 0.01, ""P"": 0.01, ""R"": 0.02, ""S"": 0.01}",,1.07,Police Forces of Nigeria (2015-2023),"Around 13 February 2022 (as reported), a security operative, presumed police, beat up a truck driver to a coma at the Joita checkpoint on the Wukari-Zaki Biam highway (Wukari, Taraba). The victim was attacked over his refusal to pay an extra 1000 naira to the security operatives at the checkpoint.",0.8086522462562394,0.92,0.33060057961982675,0.13576302988414168,0.13307474177654105,0.13307474177654105,0.13441216516607782,0.13307474177654105
mistral:7b,NIG18063,B,B,0.95,"{""V"": 0.02, ""B"": 0.95, ""E"": 0.01, ""P"": 0.0, ""R"": 0.01, ""S"": 0.01}",,1.26,Islamic State West Africa Province (ISWAP) - Lake Chad Faction and/or Boko Haram - Jamaatu Ahli is-Sunnah lid-Dawati wal-Jihad,"On 30 August 2020, Boko Haram or ISWAP clashed with military forces along Dikwa-Ngala road in Missini (Ngala LGA, Borno). Material damage reported",0.8086522462562394,0.9499999999999998,0.13360308058636017,0.33861823390414764,0.1322737077229026,0.13095756234044575,0.1322737077229026,0.1322737077229026
mistral:7b,NIG34880,S,S,0.95,"{""V"": 0.01, ""B"": 0.01, ""E"": 0.0, ""P"": 0.0, ""R"": 0.01, ""S"": 0.97}",,0.94,Government of Nigeria (2023-),"Security measures: On 30 January 2024, the Osun State Government imposed a 12-hour curfew in Ilobu and Ifon, coded to Ifon (Orolu, Osun), over communal clashes between the two communities.",0.8086522462562394,0.9499999999999998,0.13172113442422878,0.13172113442422878,0.1304104872379595,0.1304104872379595,0.13172113442422878,0.3440156222510507
mistral:7b,NIG22492,V,V,0.95,"{""V"": 0.95, ""B"": 0.02, ""E"": 0.01, ""P"": 0.01, ""R"": 0.01, ""S"": 0.0}",,1.14,Katsina Communal Militia (Nigeria),"On 30 October 2021, a Katsina militia attacked and killed an unidentified number of civilians in Ungwan Dudu (Faskari, Katsina), coded as Faskari. The group looted shops during the attack and wounded an unspecified number of individuals. Unknown fatalities coded as 3.",0.8086522462562394,0.9499999999999998,0.33861823390414764,0.13360308058636017,0.1322737077229026,0.1322737077229026,0.1322737077229026,0.13095756234044575
mistral:7b,NIG31710,V,V,0.9,"{""V"": 0.9, ""B"": 0.05, ""E"": 0.02, ""P"": 0.01, ""R"": 0.01, ""S"": 0.01}",,1.07,Unidentified Armed Group (Nigeria),"On 15 June 2023, an unidentified armed group killed one person and abducted three others at Yimi community, Gwagwalada Area Council (FCT).",0.7872340425531915,0.8999999999999999,0.32529157246165386,0.1390344753071921,0.1349253855711249,0.1335828555532346,0.1335828555532346,0.1335828555532346
