model,event_id,true_label,pred_label,pred_conf,logits,latency_sec,actor_norm,notes,pred_conf_iso,pred_conf_temp,prob_V,prob_B,prob_E,prob_P,prob_R,prob_S
llama3.2:3b,CAO11875,V,V,0.92,"{""V"": 0.92, ""B"": 0.02, ""E"": 0.01, ""P"": 0.0, ""R"": 0.03, ""S"": 0.02}",0.65,Unidentified Armed Group (Cameroon),"On 24 September 2023, an unidentified armed group shot and killed a bike rider beside a rice farm in Bamunka (Ngo-Ketunjia, Nord-Ouest) after having abducted him. They accused him of impersonating the armed group and extorting money from civilians.",0.6471408647140865,0.92,0.33059618018303394,0.1344103764885579,0.13307297089665981,0.13174887271274593,0.13576122323011383,0.1344103764885579
llama3.2:3b,CAO9055,V,V,0.92,"{""V"": 0.92, ""B"": 0.02, ""E"": 0.01, ""P"": 0.0, ""R"": 0.03, ""S"": 0.02}",0.65,Military Forces of Cameroon (1982-),"On 4 September 2022, military forces shot and killed a man in Besali (Wabane, Lebialem, Sud-Ouest) after he was mistaken for a separatist fighter following an exchange of fire between soldiers and Ambazonia Liberation Army fighters.",0.6471408647140865,0.92,0.33059618018303394,0.1344103764885579,0.13307297089665981,0.13174887271274593,0.13576122323011383,0.1344103764885579
llama3.2:3b,CAO3117,B,B,0.92,"{""V"": 0.02, ""B"": 0.93, ""E"": 0.03, ""P"": 0.01, ""R"": 0.01}",0.63,Islamic State West Africa Province (ISWAP) - Lake Chad Faction and/or Boko Haram - Jamaatu Ahli is-Sunnah lid-Dawati wal-Jihad,"On 23 March 2020, Boko Haram were repulsed by the military after staging an attack on the village of Goshikale in Mora subdivision (Mayo-Sava, Extreme-Nord). Militants destroyed the local hospital and looted several houses, taking away 3 motorcycles.",0.6471408647140865,0.92,0.13414408153800397,0.3332571644850734,0.1354922519708132,0.13280932562513567,0.13280932562513567,0.13148785075550468
llama3.2:3b,CAO13564,B,B,0.92,"{""V"": 0.02, ""B"": 0.93, ""E"": 0.03, ""P"": 0.0, ""R"": 0.01, ""S"": 0.01}",0.66,Military Forces of Cameroon (1982-) Gendarmerie,"On 21 April 2024, gendarmerie officers clashed with Ambazonian Separatists from the Restoration Forces faction at the Separatist hideout in Kouki (Mbven, Bui, Nord-Ouest). There were no fatalities. No information on the injuries.",0.6471408647140865,0.92,0.13414408153800397,0.3332571644850734,0.1354922519708132,0.13148785075550468,0.13280932562513567,0.13280932562513567
llama3.2:3b,CAO8281,S,E,0.96,"{""V"": 0.02, ""B"": 0.01, ""E"": 0.95, ""P"": 0.0, ""R"": 0.01, ""S"": 0.0}",0.67,Islamic State West Africa Province (ISWAP) and/or Boko Haram - Jamaatu Ahli is-Sunnah lid-Dawati wal-Jihad,"Looting: On 18 December 2023, ISWAP or Boko Haram militants looted 2 houses in Waza (Waza, Logone-et-Chari, Extreme-Nord).",0.6471408647140865,0.96,0.1337791534013784,0.13244802858413912,0.3390644920697403,0.13113014868013198,0.13244802858413912,0.13113014868013198
llama3.2:3b,CAO10079,S,V,0.92,"{""V"": 0.92, ""B"": 0.02, ""E"": 0.03, ""P"": 0.01, ""R"": 0.02}",0.65,Civilians (Cameroon),"Displacement: On 2 February 2023, civilians were displaced for fear of retaliation attacks from, the state security forces in Diongo (Dibombari, Moungo, Littoral) after suspected Ambazonian Separatists mounted an illegal checkpoint paralyzing vehicle movement.",0.6471408647140865,0.92,0.3305961801830339,0.1344103764885579,0.13576122323011383,0.13307297089665981,0.1344103764885579,0.1317488727127459
llama3.2:3b,CAO9679,V,V,0.99,"{""V"": 0.99, ""B"": 0.01, ""E"": 0.0, ""P"": 0.0, ""R"": 0.0, ""S"": 0.0}",0.61,Military Forces of Cameroon (1982-),"On 27 June 2022, military forces shot and killed four civilians in Banten (Bui, Nord-Ouest) who were previously arrested on 25 June during a military operation. The circumstances that led to their execution are unclear.",0.6471408647140865,0.99,0.3494526690479928,0.13115346521695664,0.12984846643367523,0.12984846643367523,0.12984846643367523,0.12984846643367523
llama3.2:3b,CAO5718,V,V,0.99,"{""V"": 0.99, ""B"": 0.01, ""E"": 0.0, ""P"": 0.0, ""R"": 0.0, ""S"": 0.0}",0.66,Military Forces of Cameroon (1982-),"On 16 October 2021, the military forces shot and killed a student in Waindo village, Wum subdivision (Menchum, Nord-Ouest). He was accused of being in possession of a military uniform and some ammunition.",0.6471408647140865,0.99,0.3494526690479928,0.13115346521695664,0.12984846643367523,0.12984846643367523,0.12984846643367523,0.12984846643367523
llama3.2:3b,CAO8534,B,B,0.93,"{""V"": 0.03, ""B"": 0.93, ""E"": 0.02, ""P"": 0.01, ""R"": 0.0}",0.6,Unidentified Armed Group (Cameroon),"On 21 February 2024, an unidentified armed group clashed with Boko Haram (JAS) (likely) militants in Kouyape (Kolofata, Mayo-Sava, Extreme-Nord). The bodies of 3 militants were found by civilians. The exact circumstances of their death are unknown.",0.6471408647140865,0.93,0.1356715384994644,0.3336981381887325,0.13432158413588857,0.13298506204266136,0.13166183856645966,0.13166183856645966
llama3.2:3b,CAO4163,V,V,0.99,"{""V"": 0.99, ""B"": 0.01, ""E"": 0.0, ""P"": 0.0, ""R"": 0.0, ""S"": 0.0}",0.62,Military Forces of Cameroon (1982-),"On 12 December 2020, the military forces shot and killed two civilians in Mkpot village, Mamfe subdivision (Manyu, Sud-Ouest).",0.6471408647140865,0.99,0.3494526690479928,0.13115346521695664,0.12984846643367523,0.12984846643367523,0.12984846643367523,0.12984846643367523
llama3.2:3b,CAO14080,B,B,0.93,"{""V"": 0.03, ""B"": 0.93, ""E"": 0.02, ""P"": 0.01, ""R"": 0.0, ""S"": 0.01}",0.64,Military Forces of Cameroon (1982-) Rapid Intervention Battalion,"On 24 July 2024, the military forces from the Rapid Intervention clashed with Boko Haram (JAS) (likely) militants in Yabogo neighborhood in Amchide (Kolofata, Mayo-Sava, Extreme-Nord). There were no fatalities.",0.6471408647140865,0.93,0.1354922519708132,0.3332571644850734,0.13414408153800397,0.13280932562513567,0.13148785075550468,0.13280932562513567
llama3.2:3b,CAO13672,V,V,0.92,"{""V"": 0.92, ""B"": 0.02, ""E"": 0.03, ""P"": 0.01, ""R"": 0.0, ""S"": 0.02}",0.68,Ambazonian Separatists (Cameroon),"On 15 April 2024, Ambazonian Separatists from the ADF abducted 4 men and 2 women at a checkpoint in Mambanda (Kumba 2, Meme, Sud-Ouest). The militants also looted 3 motorbikes. The reason for the abduction is not known.",0.6471408647140865,0.92,0.3305961801830339,0.1344103764885579,0.13576122323011383,0.13307297089665981,0.1317488727127459,0.1344103764885579
llama3.2:3b,CAO3188,V,V,0.92,"{""V"": 0.92, ""B"": 0.02, ""E"": 0.03, ""P"": 0.01, ""R"": 0.02}",0.6,Military Forces of Cameroon (1982-),"On 16 April 2020, military forces killed three former Ambazonian separatists in Balikumbat town (Ngo-ketunjia, Nord-Ouest).",0.6471408647140865,0.92,0.3305961801830339,0.1344103764885579,0.13576122323011383,0.13307297089665981,0.1344103764885579,0.1317488727127459
llama3.2:3b,CAO8782,B,B,0.92,"{""V"": 0.02, ""B"": 0.93, ""E"": 0.03, ""P"": 0.01, ""R"": 0.01}",0.65,Ambazonian Separatists (Cameroon),"On 1 July 2022, suspected Ambazonian Separatist fighters clashed with the military forces in Bambui (Tubah, Mezam, Nord-Ouest). There were no fatalities.",0.6471408647140865,0.92,0.13414408153800397,0.3332571644850734,0.1354922519708132,0.13280932562513567,0.13280932562513567,0.13148785075550468
llama3.2:3b,CAO7306,B,B,0.93,"{""V"": 0.03, ""B"": 0.93, ""E"": 0.02, ""P"": 0.01, ""R"": 0.0, ""S"": 0.01}",0.67,Military Forces of Cameroon (1982-) Rapid Intervention Battalion,"On 19 May 2023, the military forces of Kerawa (Rapid Intervention) clashed with Boko Haram (JAS) (likely) militants in Balatikse neighborhood in Mayo Moskota (Kolofata, Mayo-Sava, Extreme-Nord). 1 militant was killed while 3 soldiers seriously injured. 2 militants were captured. The military seized some equipment.",0.6471408647140865,0.93,0.1354922519708132,0.3332571644850734,0.13414408153800397,0.13280932562513567,0.13148785075550468,0.13280932562513567
llama3.2:3b,CAO13551,S,S,0.85,"{""V"": 0.04, ""B"": 0.03, ""E"": 0.02, ""P"": 0.02, ""R"": 0.04, ""S"": 0.85}",0.65,Boko Haram - Jamaatu Ahli is-Sunnah lid-Dawati wal-Jihad,"On 14 June 2024, 11 members of Boko Haram (JAS) (likely) militants surrendered to the military forces in Madakar (Mayo-Moskota, Mayo-Tsanaga, Extreme-Nord).",0.6166666666666667,0.85,0.13892062516984846,0.13753834185373895,0.13616981248643048,0.13616981248643048,0.13892062516984846,0.3122807828333908
llama3.2:3b,CAO4946,V,V,0.92,"{""V"": 0.92, ""B"": 0.02, ""E"": 0.03, ""P"": 0.01, ""R"": 0.02}",0.66,Ambazonian Separatists (Cameroon),"On 13 January 2021, Ambazonian separatists kidnapped a truck driver and his assistant in Bukow village, Ndop subdivision (Ngo-Ketunjia, Nord-Ouest).",0.6471408647140865,0.92,0.3305961801830339,0.1344103764885579,0.13576122323011383,0.13307297089665981,0.1344103764885579,0.1317488727127459
llama3.2:3b,CAO8143,B,B,0.93,"{""V"": 0.03, ""B"": 0.93, ""E"": 0.02, ""P"": 0.01, ""R"": 0.0, ""S"": 0.01}",0.66,Military Forces of Cameroon (1982-) Rapid Intervention Battalion,"On 14 November 2023, the military forces (Rapid Intervention) ambushed Boko Haram (JAS) (likely) militants along the Limani - Goumbouldi road, coded to Limani (Mora, Mayo-Sava, Extreme-Nord). 2 militants were killed, the militants had approached an abandoned civilian truck near where the military forces were parked and the military recovered a weapon.",0.6471408647140865,0.93,0.1354922519708132,0.3332571644850734,0.13414408153800397,0.13280932562513567,0.13148785075550468,0.13280932562513567
llama3.2:3b,CAO15055,V,V,0.92,"{""V"": 0.92, ""B"": 0.02, ""E"": 0.01, ""P"": 0.0, ""R"": 0.03, ""S"": 0.02}",0.63,Unidentified Armed Group (Cameroon),"Around 17 September 2024 (as reported), an unidentified armed group attacked and killed 1 civilian between Mora and Blabline (Kolofata, Mayo-Sava, Extreme-Nord) for an unknown reason.",0.6471408647140865,0.92,0.33059618018303394,0.1344103764885579,0.13307297089665981,0.13174887271274593,0.13576122323011383,0.1344103764885579
llama3.2:3b,CAO11956,B,B,0.93,"{""V"": 0.03, ""B"": 0.93, ""E"": 0.02, ""P"": 0.01, ""R"": 0.0, ""S"": 0.01}",0.65,Military Forces of Cameroon (1982-) Rapid Intervention Battalion,"On 25 October 2023, military forces from the Rapid Intervention Battalion engaged in an armed confrontation with Ambazonian Separatists in Ngarum (Donga-Mantung, Nord-Ouest). There were no casualties.",0.6471408647140865,0.93,0.1354922519708132,0.3332571644850734,0.13414408153800397,0.13280932562513567,0.13148785075550468,0.13280932562513567
llama3.2:3b,CAO12511,V,V,0.92,"{""V"": 0.92, ""B"": 0.02, ""E"": 0.01, ""P"": 0.0, ""R"": 0.03, ""S"": 0.02}",0.67,Military Forces of Cameroon (1982-),"On 19 July 2023, state security forces (coded as military) physically assualted 10 men, including the traditional chief and traditional council chairman, whom they had arrested in Nongomadiba (Kupe-Manenguba, Sud-Ouest), injuring them. They were targeted for not acting against Ambazonian Separatists who had buried a woman alive early in the morning (coded separately).",0.6471408647140865,0.92,0.33059618018303394,0.1344103764885579,0.13307297089665981,0.13174887271274593,0.13576122323011383,0.1344103764885579
llama3.2:3b,CAO4776,S,R,0.92,"{""V"": 0.01, ""B"": 0.02, ""E"": 0.0, ""P"": 0.03, ""R"": 0.94, ""S"": 0.04}",0.65,Military Forces of Cameroon (1982-),"Looting: Around 15 July 2020 (month of), the military forces raided Bengang village, Batibo subdivision (Momo, Nord-Ouest). They shot in the air, and then looted property.",0.6471408647140865,0.92,0.13183454936477335,0.13315950861335532,0.13052277368099033,0.13449778392376527,0.3341358752921321,0.13584950912464944
llama3.2:3b,CAO12845,V,V,0.92,"{""V"": 0.92, ""B"": 0.02, ""E"": 0.01, ""P"": 0.0, ""R"": 0.03, ""S"": 0.02}",0.65,Ambazonian Separatists (Cameroon),"On 9 December 2021, suspected Ambazonian separatist fighters killed a Fulani pastoralist at 3 Corners near Ntumbaw (Ndu, Donga-Mantung, Nord-Ouest). In retaliation, local Fulanis set ablaze more than 15 houses, and killed a bike who transported a uniformed officer to the scene [Coded as a separate event].",0.6471408647140865,0.92,0.33059618018303394,0.1344103764885579,0.13307297089665981,0.13174887271274593,0.13576122323011383,0.1344103764885579
llama3.2:3b,CAO11075,B,V,0.92,"{""V"": 0.92, ""B"": 0.02, ""E"": 0.03, ""P"": 0.01, ""R"": 0.0, ""S"": 0.02}",0.67,Military Forces of Cameroon (1982-),"On 23 November 2023, the military forces ambushed Ambazonian Separatists from the Restoration Forces onboard a motorcycle in Konye (Konye, Meme, Sud-Ouest). The military forces members shot and injured one.",0.6471408647140865,0.92,0.3305961801830339,0.1344103764885579,0.13576122323011383,0.13307297089665981,0.1317488727127459,0.1344103764885579
llama3.2:3b,CAO13652,V,V,0.92,"{""V"": 0.92, ""B"": 0.02, ""E"": 0.01, ""P"": 0.0, ""R"": 0.03, ""S"": 0.02}",0.67,Military Forces of Cameroon (1982-) Rapid Intervention Battalion,"On 13 April 2024, state security forces, coded as the military forces from the Rapid Intervention, beat and injured a dump truck driver and 2 other civilians on the main road in Mile 15 Buea (Buea, Fako, Sud-Ouest) after the dump truck blocked the road and delayed their convoy traveling to Buea center. There were no fatalities.",0.6471408647140865,0.92,0.33059618018303394,0.1344103764885579,0.13307297089665981,0.13174887271274593,0.13576122323011383,0.1344103764885579
llama3.2:3b,CAO9051,V,V,0.92,"{""V"": 0.92, ""B"": 0.02, ""E"": 0.03, ""P"": 0.01, ""R"": 0.02}",0.63,Military Forces of Cameroon (1982-),"On 23 May 2022, military forces killed a man at the Finance Junction in Bamenda city (Bamenda 1, Mezam, Nord-Ouest). Locals in the early hours of the morning discovered the dead body dumped by the road.",0.6471408647140865,0.92,0.3305961801830339,0.1344103764885579,0.13576122323011383,0.13307297089665981,0.1344103764885579,0.1317488727127459
llama3.2:3b,CAO10854,B,B,0.92,"{""V"": 0.02, ""B"": 0.93, ""E"": 0.03, ""P"": 0.0, ""R"": 0.01, ""S"": 0.01}",0.66,Military Forces of Cameroon (1982-),"On 18 December 2023, the military forces attacked Ambazonian Separatists leading to a clash in Bai Panya (Kumba 1, Meme, Sud-Ouest). Two Ambazonian Separatists were killed and four others arrested.",0.6471408647140865,0.92,0.13414408153800397,0.3332571644850734,0.1354922519708132,0.13148785075550468,0.13280932562513567,0.13280932562513567
llama3.2:3b,CAO8295,S,E,0.99,"{""E"": 0.99, ""R"": 0.01}",0.48,Military Forces of Cameroon (1982-) Rapid Intervention Battalion,"Defusal: Around 27 December 2023 (as reported), the military forces (Rapid Intervention) defused an IED that was planted by an unidentified armed group on the road in Kumba (Ekondo Titi, Ndian, Sud-Ouest).",0.6471408647140865,0.99,0.12984846643367526,0.12984846643367526,0.34945266904799294,0.12984846643367526,0.1311534652169567,0.12984846643367526
llama3.2:3b,CAO10551,B,B,0.92,"{""V"": 0.02, ""B"": 0.93, ""E"": 0.03, ""P"": 0.01, ""R"": 0.01}",0.64,Military Forces of Cameroon (1982-),"On 15 September 2022, state security forces, coded as military, clashed with Ambazonian Separatists around Kosala and Fiango, coded to Fiango (Meme, Sud-Ouest). Casualties unknown.",0.6471408647140865,0.92,0.13414408153800397,0.3332571644850734,0.1354922519708132,0.13280932562513567,0.13280932562513567,0.13148785075550468
llama3.2:3b,CAO12982,E,E,0.99,"{""V"": 0.01, ""B"": 0.0, ""E"": 0.98, ""P"": 0.0, ""R"": 0.0, ""S"": 0.0}",0.67,Unidentified Armed Group (Cameroon),"On 9 April 2024, an IED planted by an unidentified armed group detonated on members of self-defence militia in Tourou (Mokolo, Mayo-Tsanaga, Extreme-Nord). A self-defence militia member was killed when they stepped on an IED when it detonated.",0.6471408647140865,0.99,0.13161109174363703,0.13030153950033435,0.3471827502546784,0.13030153950033435,0.13030153950033435,0.13030153950033435
llama3.2:3b,CAO4198,V,V,0.92,"{""V"": 0.92, ""B"": 0.03, ""E"": 0.02, ""P"": 0.01, ""R"": 0.02}",0.64,Ambazonian Separatists (Cameroon),"On 7 January 2021, suspected Ambazonian separatists kidnapped between 6 and 7 students in Mulang neighborhood of Bamenda town (Mezam, Nord-Ouest).",0.6471408647140865,0.92,0.3305961801830339,0.13576122323011383,0.1344103764885579,0.13307297089665981,0.1344103764885579,0.1317488727127459
llama3.2:3b,CAO12441,V,B,0.92,"{""V"": 0.02, ""B"": 0.93, ""E"": 0.03, ""P"": 0.01, ""R"": 0.01}",0.63,Military Forces of Cameroon (1982-),"Around 28 July 2023 (as reported), state security forces shot and killed two Ambazonian Separatists in Kumbo commune, coded to Kumbo (Bui, Nord-Ouest) whom they had captured on 28 July (coded separately).",0.6471408647140865,0.92,0.13414408153800397,0.3332571644850734,0.1354922519708132,0.13280932562513567,0.13280932562513567,0.13148785075550468
llama3.2:3b,CAO14598,B,B,0.92,"{""V"": 0.02, ""B"": 0.93, ""E"": 0.03, ""P"": 0.0, ""R"": 0.01, ""S"": 0.01}",0.73,Military Forces of Cameroon (1982-) Rapid Intervention Battalion,"On 28 August 2024, the military forces from the Rapid Intervention clashed with the Boko Haram (JAS) (likely) militants around Amchide (Kolofata, Mayo-Sava, Extreme-Nord). Casualties unknown. The militants stole a motorbike from a civilian and the military forces chased them until the militants abandoned the motorbike.",0.6471408647140865,0.92,0.13414408153800397,0.3332571644850734,0.1354922519708132,0.13148785075550468,0.13280932562513567,0.13280932562513567
llama3.2:3b,CAO8757,S,S,0.85,"{""V"": 0.04, ""B"": 0.03, ""E"": 0.02, ""P"": 0.02, ""R"": 0.04, ""S"": 0.85}",0.66,Unidentified Armed Group (Cameroon),"Looting: Around 17 March 2024 (as reported), an unidentified armed group suspected of being ISWAP or Boko Haram militants looted food items, clothing and 1 bicycle in Ganse (Kolofata, Mayo-Sava, Extreme-Nord).",0.6166666666666667,0.85,0.13892062516984846,0.13753834185373895,0.13616981248643048,0.13616981248643048,0.13892062516984846,0.3122807828333908
llama3.2:3b,CAO3886,B,B,0.92,"{""V"": 0.02, ""B"": 0.93, ""E"": 0.03, ""P"": 0.0, ""R"": 0.01, ""S"": 0.01}",0.66,Military Forces of Cameroon (1982-),"On 17 August 2020, the military forces engaged in a fire fight with Ambazonian separatists in Makanga village, Muyuka subdivision (Fako, Sud-Ouest). 1 person was killed, and another arrested.",0.6471408647140865,0.92,0.13414408153800397,0.3332571644850734,0.1354922519708132,0.13148785075550468,0.13280932562513567,0.13280932562513567
llama3.2:3b,CAO14603,V,V,0.92,"{""V"": 0.92, ""B"": 0.02, ""E"": 0.01, ""P"": 0.0, ""R"": 0.03, ""S"": 0.02}",0.69,Ambazonian Separatists (Cameroon),"On 30 June 2024, Ambazonian Separatists beat and injured a commercial motorbike driver and abducted 4 suspected government officials in Bambui (Tubah, Mezam, Nord-Ouest). The Separatists looted the motorbike from the commercial motorbike driver and used it to transport the abducted. The motorbike was later found abandoned and recovered by the military forces.",0.6471408647140865,0.92,0.33059618018303394,0.1344103764885579,0.13307297089665981,0.13174887271274593,0.13576122323011383,0.1344103764885579
llama3.2:3b,CAO13493,V,V,0.99,"{""V"": 0.99, ""B"": 0.01, ""E"": 0.0, ""P"": 0.0, ""R"": 0.0, ""S"": 0.0}",0.67,Boko Haram - Jamaatu Ahli is-Sunnah lid-Dawati wal-Jihad,"On 20 May 2024, Boko Haram (JAS) (likely) militants slit the throat and killed a civilian between Kordo and Lelede, coded to Kordo (Kolofata, Mayo-Sava, Extreme-Nord). He had been abducted by the militants the previous day (coded as a separate event).",0.6471408647140865,0.99,0.3494526690479928,0.13115346521695664,0.12984846643367523,0.12984846643367523,0.12984846643367523,0.12984846643367523
llama3.2:3b,CAO6461,B,B,0.92,"{""V"": 0.02, ""B"": 0.93, ""E"": 0.03, ""P"": 0.0, ""R"": 0.01, ""S"": 0.01}",0.65,Ambazonian Separatists (Cameroon),"On 17 August 2022, Ambazonian separatists clashed with the Cameroonian military forces in Tinta (Akwaya, Manyu, Sud-Ouest) leading to the death of 3. Unclarity if the fatalities are of civilian or separatist fighters. The clashes also resulted in the destruction of several buildings, including a primary school. Civilians fled the fighting into the bushes.",0.6471408647140865,0.92,0.13414408153800397,0.3332571644850734,0.1354922519708132,0.13148785075550468,0.13280932562513567,0.13280932562513567
llama3.2:3b,CAO13869,R,B,0.81,"{""V"": 0.01, ""B"": 0.81, ""E"": 0.02, ""P"": 0.03, ""R"": 0.04, ""S"": 0.13}",0.66,Rioters (Cameroon),"Around 29 June 2024 (as reported), youth from Ndoumba Kanda clashed with Belabo youths, coded to Belabo (Belabo, Lom-et-Djerem, Est) during a wake for unknown reasons. Casualties unknown.",0.42105263157894735,0.81,0.1348846175597193,0.30019123700320915,0.1362402305032786,0.13760946758342213,0.13899246572499893,0.1520819816250717
llama3.2:3b,CAO4334,B,B,0.92,"{""V"": 0.02, ""B"": 0.93, ""E"": 0.03, ""P"": 0.01, ""R"": 0.01}",0.59,Ambazonian Separatists (Cameroon),"On 4 February 2021, the military forces engaged in a fire fight with Ambazonian separatists in Mbalangi village (Meme, Sud-Ouest), as they tried to remove a road blockade erected by separatists in order to enforce a lockdown in the area. No fatality and/or casualty reported.",0.6471408647140865,0.92,0.13414408153800397,0.3332571644850734,0.1354922519708132,0.13280932562513567,0.13280932562513567,0.13148785075550468
llama3.2:3b,CAO6445,B,B,0.93,"{""V"": 0.03, ""B"": 0.93, ""E"": 0.02, ""P"": 0.01, ""R"": 0.0, ""S"": 0.01}",0.66,Islamic State West Africa Province (ISWAP) - Lake Chad Faction and/or Boko Haram - Jamaatu Ahli is-Sunnah lid-Dawati wal-Jihad,"On 25 September 2021, ISWAP or Boko Haram fighters ambushed the Cameroonian military camp in Sagme (Makary, Logone-et-Chari, Extreme-Nord) leading to the death of 2. The fighters stole weapons and ammunition and burnt the camp and military vehicles.",0.6471408647140865,0.93,0.1354922519708132,0.3332571644850734,0.13414408153800397,0.13280932562513567,0.13148785075550468,0.13280932562513567
llama3.2:3b,CAO6236,B,B,0.83,"{""V"": 0.01, ""B"": 0.83, ""E"": 0.02, ""P"": 0.03, ""R"": 0.04, ""S"": 0.11}",0.66,Boko Haram - Jamaatu Ahli is-Sunnah lid-Dawati wal-Jihad,"On 15 June 2022, suspected Boko Haram (JAS) (likely) clashed with Cameroonian military Forces and MNJTF in Limani (Mora, Mayo-Sava, Extreme-Nord), unknown fatalities, coded to 3.",0.42105263157894846,0.83,0.1344740896463393,0.30532339869433156,0.1358255767157764,0.13719064645607346,0.13856943537534203,0.14861685311183176
llama3.2:3b,CAO7298,V,S,0.85,"{""V"": 0.04, ""B"": 0.03, ""E"": 0.02, ""P"": 0.02, ""R"": 0.04, ""S"": 0.85}",0.66,Islamic State West Africa Province (ISWAP) and/or Boko Haram - Jamaatu Ahli is-Sunnah lid-Dawati wal-Jihad,"On 15 May 2023, ISWAP or Boko Haram militants abducted 2 herders in Zigague (Waza, Logone-et-Chari, Extreme-Nord) and stole a head of oxen. The herders and the oxen were freed when the militants spotted the security forces who had been following them.",0.6166666666666667,0.85,0.13892062516984846,0.13753834185373895,0.13616981248643048,0.13616981248643048,0.13892062516984846,0.3122807828333908
llama3.2:3b,CAO12794,S,R,0.92,"{""V"": 0.01, ""B"": 0.02, ""E"": 0.0, ""P"": 0.03, ""R"": 0.94, ""S"": 0.04}",0.66,Military Forces of Cameroon (1982-),"Property destruction: On 18 March 2022, suspected military forces burnt down 2 shops in Ndop (Ndop, Ngo-Ketunjia, Nord-Ouest) for failing to open their stores on Mondays. The Ambazonian Separatist fighters had imposed lockdown Mondays.",0.6471408647140865,0.92,0.13183454936477335,0.13315950861335532,0.13052277368099033,0.13449778392376527,0.3341358752921321,0.13584950912464944
llama3.2:3b,CAO2846,B,V,0.93,"{""V"": 0.93, ""B"": 0.02, ""E"": 0.01, ""P"": 0.0, ""R"": 0.04}",0.6,Military Forces of Cameroon (1982-),"On 14 January 2020, the military forces engaged in a fire fight with Ambazonian separatists in Peng village, Tombel subdivision (Kupe-Manenguba, Sud-Ouest) [coded: Tombel]. Two civilians were killed after they were reportedly flagged as Ambazonian fighters.",0.6471408647140865,0.93,0.3332437531231249,0.13413868313994237,0.13280398094203227,0.13148255925288674,0.13684846428879363,0.13148255925288674
llama3.2:3b,CAO4930,V,V,0.92,"{""V"": 0.92, ""B"": 0.02, ""E"": 0.03, ""P"": 0.01, ""R"": 0.02}",0.62,Ambazonian Separatists (Cameroon),"On 21 November 2020, Ambazonian separatists kidnapped a retired military officer from his home in Mankon town, Bamenda 2 subdivision (Bamenda - Mankon, Mezam, Nord-Ouest).",0.6471408647140865,0.92,0.3305961801830339,0.1344103764885579,0.13576122323011383,0.13307297089665981,0.1344103764885579,0.1317488727127459
llama3.2:3b,CAO3670,S,S,0.85,"{""V"": 0.04, ""B"": 0.03, ""E"": 0.02, ""P"": 0.02, ""R"": 0.04, ""S"": 0.85}",0.66,Military Forces of Cameroon (1982-) Gendarmerie,"Around 14 September 2020 (as reported), the gendarmerie and police forces arrested 'over a dozen' civilians in Moloundou town (Boumba-Et-Ngoko, Est) for not having national ID cards.",0.6166666666666667,0.85,0.13892062516984846,0.13753834185373895,0.13616981248643048,0.13616981248643048,0.13892062516984846,0.3122807828333908
llama3.2:3b,CAO15919,V,V,0.99,"{""V"": 0.99, ""B"": 0.01, ""E"": 0.0, ""P"": 0.0, ""R"": 0.0, ""S"": 0.0}",0.68,Military Forces of Cameroon (1982-) Rapid Intervention Battalion,"On 10 October 2024, the military forces from the Rapid Intervention shot and killed 7 civilians at their private residences in Mbomboko in the Buea subdivision (Buea, Fako, Sud-Ouest), mistakenly believing them to be Ambazonian Separatists.",0.6471408647140865,0.99,0.3494526690479928,0.13115346521695664,0.12984846643367523,0.12984846643367523,0.12984846643367523,0.12984846643367523
llama3.2:3b,CAO13492,V,V,0.92,"{""V"": 0.92, ""B"": 0.02, ""E"": 0.03, ""P"": 0.01, ""R"": 0.02}",0.62,Boko Haram - Jamaatu Ahli is-Sunnah lid-Dawati wal-Jihad,"On 20 May 2024, Boko Haram (JAS) (likely) militants attacked and killed a civilian along the Limani - Mora road, coded to Limani (Mora, Mayo-Sava, Extreme-Nord).",0.6471408647140865,0.92,0.3305961801830339,0.1344103764885579,0.13576122323011383,0.13307297089665981,0.1344103764885579,0.1317488727127459
llama3.2:3b,CAO9846,S,V,0.92,"{""V"": 0.92, ""B"": 0.02, ""E"": 0.03, ""P"": 0.01, ""R"": 0.02}",0.66,Ambazonian Separatists (Cameroon),"Looting: On 25 November 2022, Ambazonian Separatists abducted the body of a deceased person in Kai, Mbengwi commune, coded to Mbengwi (Momo, Nord-Ouest). The group accused the family of the deceased of not supporting the struggle against the military. They later released the dead body after the family had paid an unspecified amount of money.",0.6471408647140865,0.92,0.3305961801830339,0.1344103764885579,0.13576122323011383,0.13307297089665981,0.1344103764885579,0.1317488727127459
llama3.2:3b,CAO9206,V,V,0.92,"{""V"": 0.92, ""B"": 0.02, ""E"": 0.01, ""P"": 0.0, ""R"": 0.03, ""S"": 0.02}",0.65,Military Forces of Cameroon (1982-),"On 11 March 2023, state security forces coded as military forces shot and wounded two civilians at Ashing, coded to Oku (Boyo, Nord-Ouest) after they shot into the air as they approached a spot where Ambazonian Separatists launched attacks from. The victims were hit by stray bullets and hospitalized.",0.6471408647140865,0.92,0.33059618018303394,0.1344103764885579,0.13307297089665981,0.13174887271274593,0.13576122323011383,0.1344103764885579
llama3.2:3b,CAO3384,B,B,0.92,"{""V"": 0.02, ""B"": 0.93, ""E"": 0.03, ""P"": 0.01, ""R"": 0.01}",0.63,Military Forces of Cameroon (1982-),"On 14 June 2020, the military forces engaged in fire fights with Ambazonian separatists in Bamenda town (Mezam, Nord-Ouest). No fatality and/or casualty reported.",0.6471408647140865,0.92,0.13414408153800397,0.3332571644850734,0.1354922519708132,0.13280932562513567,0.13280932562513567,0.13148785075550468
llama3.2:3b,CAO3727,S,V,0.92,"{""V"": 0.92, ""B"": 0.02, ""E"": 0.03, ""P"": 0.01, ""R"": 0.02}",0.66,Military Forces of Cameroon (1982-),"On 1 October 2020, the military forces destroyed buildings in Akum town (Mezam, Nord-Ouest), in retaliation for writings on a vehicle that supported the separatists. No fatality and/or casualty reported.",0.6471408647140865,0.92,0.3305961801830339,0.1344103764885579,0.13576122323011383,0.13307297089665981,0.1344103764885579,0.1317488727127459
llama3.2:3b,CAO11453,S,V,0.92,"{""V"": 0.92, ""B"": 0.02, ""E"": 0.01, ""P"": 0.0, ""R"": 0.03, ""S"": 0.02}",0.66,Military Forces of Cameroon (1982-),"Other: On 5 July 2023, state security forces, coded as military forces, fired warning shots into the air at their base in Waindo, coded to Wum (Menchum, Nord-Ouest) after they received news that their colleague was murdered by Ambazonian Separatists at Belo.",0.6471408647140865,0.92,0.33059618018303394,0.1344103764885579,0.13307297089665981,0.13174887271274593,0.13576122323011383,0.1344103764885579
llama3.2:3b,CAO3758,V,B,0.92,"{""V"": 0.02, ""B"": 0.93, ""E"": 0.03, ""P"": 0.0, ""R"": 0.01, ""S"": 0.01}",0.67,Ambazonian Separatists (Cameroon),"Around 11 October 2020 (as reported), Ambazonian separatists kidnapped 3 Mbororo ethnic men in Ngarbuh village, near Nkambe (Donga-Mantung, Nord-Ouest). They are suspected to be involved in the killing of a separatist fighter on October 10.",0.6471408647140865,0.92,0.13414408153800397,0.3332571644850734,0.1354922519708132,0.13148785075550468,0.13280932562513567,0.13280932562513567
llama3.2:3b,CAO13380,B,V,0.99,"{""V"": 0.99, ""B"": 0.01, ""E"": 0.0, ""P"": 0.0, ""R"": 0.0, ""S"": 0.0}",0.7,Military Forces of Cameroon (1982-),"On 4 April 2024, the security forces, coded as the military forces shot and killed an unknown Separatist commander at the market in Agyati (Bafut, Mezam, Nord-Ouest). The Separatist tried to escape leading to the military forces shooting him. He died of his injuries.",0.6471408647140865,0.99,0.3494526690479928,0.13115346521695664,0.12984846643367523,0.12984846643367523,0.12984846643367523,0.12984846643367523
llama3.2:3b,CAO4585,V,B,0.92,"{""V"": 0.02, ""B"": 0.93, ""E"": 0.03, ""P"": 0.0, ""R"": 0.01, ""S"": 0.01}",0.67,Islamic State West Africa Province (ISWAP) - Lake Chad Faction and/or Boko Haram - Jamaatu Ahli is-Sunnah lid-Dawati wal-Jihad,"On 26 April 2021, suspected Boko Haram fighters attacked Takoudele village, Kourgui town, Mora subdivision (Mayo-Sava, Extreme-Nord). They kidnapped a young girl, and took away goods. No fatality and/or casualty reported.",0.6471408647140865,0.92,0.13414408153800397,0.3332571644850734,0.1354922519708132,0.13148785075550468,0.13280932562513567,0.13280932562513567
llama3.2:3b,CAO10717,B,B,0.92,"{""V"": 0.02, ""B"": 0.93, ""E"": 0.03, ""P"": 0.0, ""R"": 0.01, ""S"": 0.01}",0.71,Ambazonian Separatists (Cameroon),"On 25 May 2023, Ambazonian Separatists and state security forces, coded as military forces, engaged in an armed clash at Melim (Bui, Nord-Ouest) after the separatists detonated an IED which partially destroyed one of the security forces' vehicles. Casualties are unknown.",0.6471408647140865,0.92,0.13414408153800397,0.3332571644850734,0.1354922519708132,0.13148785075550468,0.13280932562513567,0.13280932562513567
llama3.2:3b,CAO4525,B,B,0.92,"{""V"": 0.02, ""B"": 0.93, ""E"": 0.03, ""P"": 0.0, ""R"": 0.01, ""S"": 0.01}",0.66,Islamic State West Africa Province (ISWAP) - Lake Chad Faction and/or Boko Haram - Jamaatu Ahli is-Sunnah lid-Dawati wal-Jihad,"On 4 April 2021, Boko Haram fighters attacked and tortured a group of local vigilance militiamen in Mahoula village, Mora subdivision (Mayo-Sava, Extreme-Nord), killing two of them.",0.6471408647140865,0.92,0.13414408153800397,0.3332571644850734,0.1354922519708132,0.13148785075550468,0.13280932562513567,0.13280932562513567
llama3.2:3b,CAO10405,B,B,0.92,"{""V"": 0.02, ""B"": 0.93, ""E"": 0.03, ""P"": 0.0, ""R"": 0.01, ""S"": 0.01}",0.62,Military Forces of Cameroon (1982-),"On 8 April 2023, the State security forces, coded as the military force, clashed with the Ambazonian Separatists in Batibo (Batibo, Momo, Nord-Ouest). There were no fatalities. During the operation, the military forces arrested about 30 civilians from several villages and moved them to their base.",0.6471408647140865,0.92,0.13414408153800397,0.3332571644850734,0.1354922519708132,0.13148785075550468,0.13280932562513567,0.13280932562513567
llama3.2:3b,CAO10613,S,V,0.92,"{""V"": 0.92, ""B"": 0.02, ""E"": 0.01, ""P"": 0.0, ""R"": 0.03, ""S"": 0.02}",0.65,Ambazonian Separatists (Cameroon),"Looting: On 10 May 2023, Ambazonian Separatists from the Restoration Forces extorted money amounting to 200,000 FCFA from a civilian whom they imposed as the new traditional chief in Makwe, Upper Bayang commune, coded to Tinto (Manyu, Sud-Ouest). They also forced the civilians to buy a motorcycle for the man to 'support his reign.' The legal leader fled to Mamfe when the Separatists demanded 500,000 FCFA from him.",0.6471408647140865,0.92,0.33059618018303394,0.1344103764885579,0.13307297089665981,0.13174887271274593,0.13576122323011383,0.1344103764885579
llama3.2:3b,CAO4669,V,V,0.92,"{""V"": 0.92, ""B"": 0.02, ""E"": 0.03, ""P"": 0.01, ""R"": 0.02}",0.6,Military Forces of Cameroon (1982-),"Around 15 May 2020 (month of), the military forces raided Njembo village, Mbengwi town, Mbeggwi subdivision (Momo, Nord-Ouest), killing one person.",0.6471408647140865,0.92,0.3305961801830339,0.1344103764885579,0.13576122323011383,0.13307297089665981,0.1344103764885579,0.1317488727127459
llama3.2:3b,CAO4298,B,V,0.93,"{""V"": 0.93, ""B"": 0.02, ""E"": 0.01, ""P"": 0.0, ""R"": 0.04}",0.62,Military Forces of Cameroon (1982-),"On 23 January 2021, the military forces engaged in fire fights with Ambazonian separatists in Mulang and Meta neighborhood of Bamenda town, Bamenda 2 subdivision (Mezam, Nord-Ouest). Four civilians were killed, reportedly by the military forces.",0.6471408647140865,0.93,0.3332437531231249,0.13413868313994237,0.13280398094203227,0.13148255925288674,0.13684846428879363,0.13148255925288674
llama3.2:3b,CAO8775,E,E,0.99,"{""E"": 0.99, ""R"": 0.01}",0.48,Unidentified Armed Group (Cameroon),"On 17 March 2024, an IED planted by an unidentified armed group detonated on military forces along the Zeleved - Dzamadzaf road, coded to Zelevet (Mayo-Moskota, Mayo-Tsanaga, Extreme-Nord). There were no fatalities and 2 militants were injured.",0.6471408647140865,0.99,0.12984846643367526,0.12984846643367526,0.34945266904799294,0.12984846643367526,0.1311534652169567,0.12984846643367526
llama3.2:3b,CAO14650,V,V,0.92,"{""V"": 0.92, ""B"": 0.02, ""E"": 0.03, ""P"": 0.01, ""R"": 0.02}",0.62,Unidentified Armed Group (Cameroon),"On 24 August 2024, an unidentified armed group shot and injured 1 plantation owner who tried to flee an abduction in Sirbia (Touboro, Mayo-Rey, Nord). The plantation owner escaped. 2 other civilians were abducted. The reason for the abduction is not known.",0.6471408647140865,0.92,0.3305961801830339,0.1344103764885579,0.13576122323011383,0.13307297089665981,0.1344103764885579,0.1317488727127459
llama3.2:3b,CAO9309,V,V,0.92,"{""V"": 0.92, ""B"": 0.02, ""E"": 0.03, ""P"": 0.01, ""R"": 0.02}",0.67,Ambazonian Separatists (Cameroon),"On 13 February 2023, Ambazonian Separatists shot a male motorbike rider in his legs near Azire New Church in Bamenda (Mezam, Nord-Ouest) before taking his bike away. He was accused of violating the Monday ghost town. No information on the status of the victim.",0.6471408647140865,0.92,0.3305961801830339,0.1344103764885579,0.13576122323011383,0.13307297089665981,0.1344103764885579,0.1317488727127459
llama3.2:3b,CAO14584,S,E,0.99,"{""V"": 0.01, ""B"": 0.0, ""E"": 0.98, ""P"": 0.0, ""R"": 0.0, ""S"": 0.01}",0.67,Boko Haram - Jamaatu Ahli is-Sunnah lid-Dawati wal-Jihad,"Looting: On 21 August 2024, Boko Haram (JAS) (likely) militants looted 1 motorbike and goods along the Amchide - Ganse road in Guederou (Kolofata, Mayo-Sava, Extreme-Nord).",0.6471408647140865,0.99,0.13143896555144177,0.13013112599236756,0.3467286909196671,0.13013112599236756,0.13013112599236756,0.13143896555144177
llama3.2:3b,CAO7763,S,S,0.85,"{""V"": 0.04, ""B"": 0.03, ""E"": 0.02, ""P"": 0.02, ""R"": 0.04, ""S"": 0.85}",0.65,Military Forces of Cameroon (1982-) Gendarmerie,"On 3 September 2023, the gendarmerie arrested a suspected former ISWAP or Boko Haram militant leader in Banki (Menoua, Ouest).",0.6166666666666667,0.85,0.13892062516984846,0.13753834185373895,0.13616981248643048,0.13616981248643048,0.13892062516984846,0.3122807828333908
llama3.2:3b,CAO7437,V,V,0.99,"{""V"": 0.99, ""B"": 0.01, ""E"": 0.0, ""P"": 0.0, ""R"": 0.0, ""S"": 0.0}",0.65,Military Forces of Cameroon (1982-),"On 25 June 2023, the military forces attacked civilians in Kumba (Ekondo Titi, Ndian, Sud-Ouest). 1 civilian was killed. The victim had challenged a gendarmerie officer to lawfully present a warrant authorizing him to arrest another civilian when the officer shot him at close range in the chest and the other civilian was injured.",0.6471408647140865,0.99,0.3494526690479928,0.13115346521695664,0.12984846643367523,0.12984846643367523,0.12984846643367523,0.12984846643367523
llama3.2:3b,CAO9421,S,V,0.92,"{""V"": 0.92, ""B"": 0.02, ""E"": 0.03, ""P"": 0.01, ""R"": 0.02}",0.6,Military Forces of Cameroon (1982-),"Other: On 15 September 2022, the military forces fired gunshots under unclear circumstances at GRA quarter in Mbengwi (Momo, Nord-Ouest).",0.6471408647140865,0.92,0.3305961801830339,0.1344103764885579,0.13576122323011383,0.13307297089665981,0.1344103764885579,0.1317488727127459
llama3.2:3b,CAO6502,S,E,0.96,"{""V"": 0.02, ""B"": 0.01, ""E"": 0.95, ""P"": 0.0, ""R"": 0.01, ""S"": 0.0}",0.66,Boko Haram - Jamaatu Ahli is-Sunnah lid-Dawati wal-Jihad,"Looting: On 24 August 2022, Boko Haram (JAS) (likely) fighters entered Madakar (Mayo-Moskota, Mayo-Tsanaga, Extreme-Nord) and stole 22 livestock. The Cameroonian military forces returned 175 livestock to their owners.",0.6471408647140865,0.96,0.1337791534013784,0.13244802858413912,0.3390644920697403,0.13113014868013198,0.13244802858413912,0.13113014868013198
llama3.2:3b,CAO15428,V,V,0.92,"{""V"": 0.92, ""B"": 0.02, ""E"": 0.03, ""P"": 0.01, ""R"": 0.02}",0.65,Military Forces of Cameroon (1982-),"On 25 August 2024, security forces, coded as the military forces, beat and injured a group of 15 civilians along the main road in Ashing (Belo, Boyo, Nord-Ouest) accusing them of leaving a bag they suspected of carrying items used to manufacture IEDs near the military minor base.",0.6471408647140865,0.92,0.3305961801830339,0.1344103764885579,0.13576122323011383,0.13307297089665981,0.1344103764885579,0.1317488727127459
llama3.2:3b,CAO8495,B,S,0.85,"{""V"": 0.04, ""B"": 0.03, ""E"": 0.02, ""P"": 0.02, ""R"": 0.0, ""S"": 0.85}",0.66,Military Forces of Cameroon (1982-) Rapid Intervention Battalion,"On 6 February 2024, the military forces (Rapid Intervention) and the gendarmerie fired warning shots in the air at the outpost in Fotokol (Fotokol, Logone-et-Chari, Extreme-Nord) to drive back suspected ISWAP or Boko Haram militants. There were no fatalities.",0.6166666666666667,0.85,0.13968149199484695,0.13829163792733398,0.13691561313885714,0.13691561313885714,0.13420450235368872,0.313991141446102
llama3.2:3b,CAO13440,B,B,0.93,"{""V"": 0.03, ""B"": 0.93, ""E"": 0.02, ""P"": 0.01, ""R"": 0.0}",0.6,Ambazonian Separatists (Cameroon),"Around 13 May 2024 (as reported), Ambazonian Separatists ambushed patrolling gendarmerie forces along the Ayukaba and Eyangchang villages, coded to Ayukaba (Mamfe, Manyu, Sud-Ouest). The brigade commander and 4 gendarmerie officers were killed. The Separatists looted their weapons and ammunition and burnt the victim's bodies.",0.6471408647140865,0.93,0.1356715384994644,0.3336981381887325,0.13432158413588857,0.13298506204266136,0.13166183856645966,0.13166183856645966
llama3.2:3b,CAO3624,V,V,0.92,"{""V"": 0.92, ""B"": 0.02, ""E"": 0.03, ""P"": 0.01, ""R"": 0.02}",0.62,Islamic State West Africa Province (ISWAP) - Lake Chad Faction and/or Boko Haram - Jamaatu Ahli is-Sunnah lid-Dawati wal-Jihad,"Around 30 August 2020 (as reported), Boko Haram attacked Makoulahe village, in Mora subdivision (Mayo-Sava, Extreme-Nord). They looted houses and injured 2 women.",0.6471408647140865,0.92,0.3305961801830339,0.1344103764885579,0.13576122323011383,0.13307297089665981,0.1344103764885579,0.1317488727127459
llama3.2:3b,CAO11112,S,V,0.92,"{""V"": 0.92, ""B"": 0.02, ""E"": 0.03, ""P"": 0.01, ""R"": 0.02}",0.61,Ambazonian Separatists (Cameroon),"Looting: On 2 February 2024, Ambazonian Separatists extorted money and food items from business persons at the market square in Lassin (Noni, Bui, Nord-Ouest).",0.6471408647140865,0.92,0.3305961801830339,0.1344103764885579,0.13576122323011383,0.13307297089665981,0.1344103764885579,0.1317488727127459
llama3.2:3b,CAO7600,R,R,0.92,"{""V"": 0.01, ""B"": 0.0, ""E"": 0.02, ""P"": 0.03, ""R"": 0.94}",0.6,Rioters (Cameroon),"On 26 August 2023, a mob attacked thieves who had killed an elderly woman while robbing her in Brazzaville neighbourhood, in the outskirts of Douala (Douala 1, Wouri, Littoral). Two managed to escape while a third was beaten to death.",0.6471408647140865,0.92,0.13254055785200597,0.1312217572664005,0.13387261260384747,0.13521805472851023,0.3359252602824993,0.1312217572664005
llama3.2:3b,CAO3498,V,V,0.93,"{""V"": 0.93, ""B"": 0.02, ""E"": 0.01, ""P"": 0.0, ""R"": 0.04}",0.62,Military Forces of Cameroon (1982-),"On 21 July 2020, military forces opened fire around a food market in Bamenda town (Mezam, Nord-Ouest). One person was reportedly killed and property destroyed.",0.6471408647140865,0.93,0.3332437531231249,0.13413868313994237,0.13280398094203227,0.13148255925288674,0.13684846428879363,0.13148255925288674
llama3.2:3b,CAO4080,B,B,0.92,"{""V"": 0.02, ""B"": 0.93, ""E"": 0.03, ""P"": 0.0, ""R"": 0.01, ""S"": 0.01}",0.65,Military Forces of Cameroon (1982-),"On 1 December 2020, the military forces repelled an attack of Boko Haram in Boudoua village, Mora subdivision (Mayo-Sava, Extreme-Nord). One Boko Haram fighter was killed, and several others injured. The military seized two motorbikes.",0.6471408647140865,0.92,0.13414408153800397,0.3332571644850734,0.1354922519708132,0.13148785075550468,0.13280932562513567,0.13280932562513567
llama3.2:3b,CAO14355,V,V,0.92,"{""V"": 0.92, ""B"": 0.02, ""E"": 0.03, ""P"": 0.01, ""R"": 0.02}",0.62,Ambazonian Separatists (Cameroon),"On 8 May 2024, Ambazonian Separatists abducted a ship owner alongside two skippers after intercepting 2 ships in the Cameroon-Nigeria waterway in Mabeta (Limbe 3, Fako, Sud-Ouest). The militants later released the men after they paid the sum of approximately 700,000 Franc CFA.",0.6471408647140865,0.92,0.3305961801830339,0.1344103764885579,0.13576122323011383,0.13307297089665981,0.1344103764885579,0.1317488727127459
llama3.2:3b,CAO11427,B,B,0.92,"{""V"": 0.02, ""B"": 0.93, ""E"": 0.03, ""P"": 0.0, ""R"": 0.01, ""S"": 0.01}",0.66,Military Forces of Cameroon (1982-),"On 10 January 2024, military forces, disguised as civilians, engaged in gunbattle with Ambazonian Separatists from the Restoration Forces in Yoke (Muyuka, Fako, Sud-Ouest). They freed two civilians held captive by the Ambazonian Separatists. No casualties.",0.6471408647140865,0.92,0.13414408153800397,0.3332571644850734,0.1354922519708132,0.13148785075550468,0.13280932562513567,0.13280932562513567
llama3.2:3b,CAO11069,V,V,0.92,"{""V"": 0.92, ""B"": 0.02, ""E"": 0.01, ""P"": 0.0, ""R"": 0.03, ""S"": 0.02}",0.65,Ambazonian Separatists (Cameroon),"On 15 December 2023, Ambazonian Separatists kidnapped an employee of the Mbonge municipal council in Kombone (Kumba 1, Meme, Sud-Ouest). They accused him of working closely with the Mayor of the municipality, who is seen as a security forces collaborator.",0.6471408647140865,0.92,0.33059618018303394,0.1344103764885579,0.13307297089665981,0.13174887271274593,0.13576122323011383,0.1344103764885579
llama3.2:3b,CAO4139,V,V,0.98,"{""V"": 0.98, ""B"": 0.01, ""E"": 0.0, ""P"": 0.0, ""R"": 0.01, ""S"": 0.0}",0.66,Military Forces of Cameroon (1982-),"On 8 November 2020, the military forces raided Luh village, in Ndu subdivision (Donga-Mantung, Nord-Ouest), killing two civilians including a driver and a bike taxi driver.",0.6471408647140865,0.98,0.3467286909196672,0.13143896555144177,0.13013112599236756,0.13013112599236756,0.13143896555144177,0.13013112599236756
llama3.2:3b,CAO2894,R,R,0.92,"{""V"": 0.01, ""B"": 0.0, ""E"": 0.02, ""P"": 0.03, ""R"": 0.94}",0.63,Rioters (Cameroon),"On 26 January 2020, one young man was burnt to death in Bamenda town (Mezam, Nord-Ouest), for allegedly trying to steal a motorcycle.",0.6471408647140865,0.92,0.13254055785200597,0.1312217572664005,0.13387261260384747,0.13521805472851023,0.3359252602824993,0.1312217572664005
llama3.2:3b,CAO8266,B,B,0.92,"{""V"": 0.01, ""B"": 0.93, ""E"": 0.03, ""P"": 0.02, ""R"": 0.01}",0.59,Boko Haram - Jamaatu Ahli is-Sunnah lid-Dawati wal-Jihad,"On 18 December 2023, Boko Haram militants [JAS faction] ambushed military forces in Moundou, in the Double-Limani area, coded to Limani (Mora, Mayo-Sava, Extreme-Nord). 2 soldiers were killed and 2 others were wounded. The militants stole 2 motorbikes and the rifles from the killed soldiers.",0.6471408647140865,0.92,0.13280932562513567,0.3332571644850735,0.1354922519708132,0.134144081538004,0.13280932562513567,0.1314878507555047
llama3.2:3b,CAO6765,V,V,0.98,"{""V"": 0.98, ""B"": 0.01, ""E"": 0.0, ""P"": 0.0, ""R"": 0.01, ""S"": 0.0}",0.66,Ambazonian Separatists (Cameroon),"On 24 November 2022, Ambazonian Separatists killed a public transport driver and a passenger in Awing (Santa, Mezam, Nord-Ouest). They set ablaze the driver's vehicle and abducted two other civilian passengers. The fighters left a note on the body of the killed driver on which it was written that he was collaborating with the military and warned any other person who may be collaborating with them. The rest of the civilians were allowed to go. Residents claim the attack was carried out by the Cameroonian military.",0.6471408647140865,0.98,0.3467286909196672,0.13143896555144177,0.13013112599236756,0.13013112599236756,0.13143896555144177,0.13013112599236756
llama3.2:3b,CAO14747,S,V,0.92,"{""V"": 0.92, ""B"": 0.02, ""E"": 0.01, ""P"": 0.0, ""R"": 0.03, ""S"": 0.02}",0.66,Military Forces of Cameroon (1982-),"On 6 July 2024, the security forces, coded as the military forces, arrested 39 men and 11 women from their private residences in Marumba I (Kumba 1, Meme, Sud-Ouest) during a search operation to dislodge Ambazonian Separatists in the area.",0.6471408647140865,0.92,0.33059618018303394,0.1344103764885579,0.13307297089665981,0.13174887271274593,0.13576122323011383,0.1344103764885579
llama3.2:3b,CAO10353,B,B,0.93,"{""V"": 0.03, ""B"": 0.93, ""E"": 0.02, ""P"": 0.01, ""R"": 0.0}",0.62,Military Forces of Cameroon (1982-),"On 19 April 2023, state security forces (coded as military) engaged in an armed confrontation with Ambazonian Separatists in Bamenda - Mankon (Mezam, Nord-Ouest). 4 Separatists were killed, and one soldier was severely wounded. Some ammunition was recovered.",0.6471408647140865,0.93,0.1356715384994644,0.3336981381887325,0.13432158413588857,0.13298506204266136,0.13166183856645966,0.13166183856645966
llama3.2:3b,CAO10413,S,R,0.92,"{""V"": 0.01, ""B"": 0.02, ""E"": 0.0, ""P"": 0.03, ""R"": 0.94}",0.62,Military Forces of Cameroon (1982-),"Property destruction: On 6 April 2023, State security forces (Air Force), coded as the military forces, burned down 7 civilian houses in Maghow, coded to Akwaya (Akwaya,Manyu,Sud-Ouest). The Separatists also stole food items, money and other valuables. The houses were suspected of housing Separatists.",0.6471408647140865,0.92,0.13254055785200597,0.13387261260384747,0.1312217572664005,0.13521805472851023,0.3359252602824993,0.1312217572664005
llama3.2:3b,CAO3901,S,V,0.92,"{""V"": 0.92, ""B"": 0.02, ""E"": 0.01, ""P"": 0.0, ""R"": 0.03, ""S"": 0.02}",0.65,Military Forces of Cameroon (1982-),"On 17 September 2020, the security forces (assumed Military Forces) arrested 'scores' of civilians during a raid in Bakweri town (Fako, Sud-Ouest).",0.6471408647140865,0.92,0.33059618018303394,0.1344103764885579,0.13307297089665981,0.13174887271274593,0.13576122323011383,0.1344103764885579
llama3.2:3b,CAO13626,B,B,0.92,"{""V"": 0.02, ""B"": 0.93, ""E"": 0.03, ""P"": 0.01, ""R"": 0.01}",0.6,Boko Haram - Jamaatu Ahli is-Sunnah lid-Dawati wal-Jihad,"On 14 June 2024, Boko Haram (JAS) (likely) militants clashed with the Gendarmerie forces in Tourou (Mokolo, Mayo-Tsanaga, Extreme-Nord). 1 soldier was killed. 4 motorbikes and an ambulance were burnt and several materials looted.",0.6471408647140865,0.92,0.13414408153800397,0.3332571644850734,0.1354922519708132,0.13280932562513567,0.13280932562513567,0.13148785075550468
llama3.2:3b,CAO5613,R,V,0.92,"{""V"": 0.92, ""B"": 0.02, ""E"": 0.01, ""P"": 0.0, ""R"": 0.05, ""S"": 0.0}",0.66,Rioters (Cameroon),"On 19 October 2021, a traditional leader and his supporters tortured a pregnant woman and her children and paraded them on the streets of Buea town (Fako, Sud-Ouest) for being the ex-girlfriend of an Ambazonian separatist commander.",0.6471408647140865,0.92,0.3305693859286932,0.1343994827576876,0.13306218556022278,0.13173819469219952,0.13849255636866672,0.13173819469219952
llama3.2:3b,CAO8174,R,R,0.92,"{""V"": 0.0, ""B"": 0.01, ""E"": 0.02, ""P"": 0.0, ""R"": 0.97, ""S"": 0.0}",0.65,Rioters (Cameroon),"On 3 December 2023, a mob killed a suspect who was accused of killing two people with knives in Obala (Obala, Lekie, Centre). The victim was burnt alive by the mob.",0.6471408647140865,0.92,0.13040876946453953,0.13171939938689892,0.1330432013589635,0.13040876946453953,0.344011090860175,0.13040876946453953
llama3.2:3b,CAO13505,S,V,0.92,"{""V"": 0.92, ""B"": 0.02, ""E"": 0.03, ""P"": 0.01, ""R"": 0.02}",0.6,Ambazonian Separatists (Cameroon),"Looting: On 10 April 2024, Ambazonian Separatists from the Restoration Forces faction extorted money from commercial motorbike riders and their passengers in Bulu Camp (Mundemba, Ndian, Sud-Ouest) on their way to the market and farms.",0.6471408647140865,0.92,0.3305961801830339,0.1344103764885579,0.13576122323011383,0.13307297089665981,0.1344103764885579,0.1317488727127459
llama3.2:3b,CAO3090,B,B,0.93,"{""V"": 0.03, ""B"": 0.93, ""E"": 0.02, ""P"": 0.01, ""R"": 0.0}",0.61,Ambazonian Separatists (Cameroon),"On 12 March 2020, two groups of Ambazonian separatists clashed in their camp in Vikovi village, near Kikaikom, in Kumbo subdivision (Bui, Nord-Ouest), resulting in 5 deaths.",0.6471408647140865,0.93,0.1356715384994644,0.3336981381887325,0.13432158413588857,0.13298506204266136,0.13166183856645966,0.13166183856645966
llama3.2:3b,CAO6193,B,V,0.92,"{""V"": 0.92, ""B"": 0.02, ""E"": 0.03, ""P"": 0.01, ""R"": 0.0, ""S"": 0.02}",0.67,Military Forces of Cameroon (1982-),"On 21 June 2022, Cameroonian military forces clashed with Ambazonia separatist in Essu (Fungom, Menchum, Nord-Ouest) leading to the death of 1 separatist and 1 civilian was injured. She was taking to the hospital for treatment.",0.6471408647140865,0.92,0.3305961801830339,0.1344103764885579,0.13576122323011383,0.13307297089665981,0.1317488727127459,0.1344103764885579
llama3.2:3b,CAO4023,V,B,0.92,"{""V"": 0.02, ""B"": 0.93, ""E"": 0.03, ""P"": 0.0, ""R"": 0.01, ""S"": 0.01}",0.65,Islamic State West Africa Province (ISWAP) - Lake Chad Faction and/or Boko Haram - Jamaatu Ahli is-Sunnah lid-Dawati wal-Jihad,"On 18 November 2020, Boko Haram shot and killed a traditional chief and 3 of his children (total of 4 fatalities) in Satomi village, around Mora (Mayo-Sava, Extreme-Nord).",0.6471408647140865,0.92,0.13414408153800397,0.3332571644850734,0.1354922519708132,0.13148785075550468,0.13280932562513567,0.13280932562513567
llama3.2:3b,CAO4443,B,B,0.92,"{""V"": 0.02, ""B"": 0.93, ""E"": 0.03, ""P"": 0.01, ""R"": 0.01}",0.67,MNJTF: Multinational Joint Task Force,"On 4 March 2021, the MNJTF military forces repelled an attack of Boko Haram in Gouzoudou village (Mayo-Sava, Extreme-Nord). No fatality and/or casualty reported.",0.6471408647140865,0.92,0.13414408153800397,0.3332571644850734,0.1354922519708132,0.13280932562513567,0.13280932562513567,0.13148785075550468
llama3.2:3b,CAO10147,B,B,0.92,"{""V"": 0.02, ""B"": 0.93, ""E"": 0.03, ""P"": 0.01, ""R"": 0.01}",0.63,Military Forces of Cameroon (1982-),"On 3 January 2023, state security forces (coded as military) captured and arrested 1 Ambazonian Separatist in Adiemukong, Bafut commune, coded to Bafut (Mezam, Nord-Ouest). Gunshots could be heard, no casualties. It is unclear if the gunshots were an armed confrontation between the two.",0.6471408647140865,0.92,0.13414408153800397,0.3332571644850734,0.1354922519708132,0.13280932562513567,0.13280932562513567,0.13148785075550468
llama3.2:3b,CAO7973,S,S,0.85,"{""V"": 0.04, ""B"": 0.03, ""E"": 0.02, ""P"": 0.02, ""R"": 0.04, ""S"": 0.85}",0.69,Islamic State West Africa Province (ISWAP) and/or Boko Haram - Jamaatu Ahli is-Sunnah lid-Dawati wal-Jihad,"Looting: On 18 October 2023, ISWAP or Boko Haram militants demanded money and food items from fishermen in the Tsoukiya zone around Darak (Darak, Logone-et-Chari, Extreme-Nord) as taxes for fishing rights. The militants also searched the fishermen for mobile phones and any person from Darak. Finding neither the militants retreated toward Nigeria.",0.6166666666666667,0.85,0.13892062516984846,0.13753834185373895,0.13616981248643048,0.13616981248643048,0.13892062516984846,0.3122807828333908
llama3.2:3b,CAO9827,V,V,0.92,"{""V"": 0.92, ""B"": 0.02, ""E"": 0.01, ""P"": 0.0, ""R"": 0.03, ""S"": 0.02}",0.64,Military Forces of Cameroon (1982-),"On 7 January 2023, the state security forces, coded as the military forces shot and killed a masquerade in Bambui (Tubah, Mezam, Nord-Ouest) accusing him of being an Ambazonian Separatists.",0.6471408647140865,0.92,0.33059618018303394,0.1344103764885579,0.13307297089665981,0.13174887271274593,0.13576122323011383,0.1344103764885579
llama3.2:3b,CAO7395,B,B,0.93,"{""V"": 0.03, ""B"": 0.93, ""E"": 0.02, ""P"": 0.01, ""R"": 0.0, ""S"": 0.01}",0.68,Military Forces of Cameroon (1982-) Rapid Intervention Battalion,"On 23 June 2023, the military forces (Rapid Intervention) ambushed Boko Haram (JAS) (likely) militants in Ganse (Kolofata, Mayo-Sava, Extreme-Nord). 1 militant was killed and various items recovered by the military forces.",0.6471408647140865,0.93,0.1354922519708132,0.3332571644850734,0.13414408153800397,0.13280932562513567,0.13148785075550468,0.13280932562513567
llama3.2:3b,CAO6147,V,V,0.92,"{""V"": 0.92, ""B"": 0.02, ""E"": 0.03, ""P"": 0.01, ""R"": 0.02}",0.63,Ambazonian Separatists (Cameroon),"On 1 June 2022, Ambazonia separatists abducted 9 commercial bike riders near Fundong (Njinikom, Boyo, Nord-Ouest) after they had participated in the 20th May celebration despite the ban imposed by the Separatists. The Separatists also burnt their motorbikes.",0.6471408647140865,0.92,0.3305961801830339,0.1344103764885579,0.13576122323011383,0.13307297089665981,0.1344103764885579,0.1317488727127459
llama3.2:3b,CAO16029,V,V,0.92,"{""V"": 0.92, ""B"": 0.02, ""E"": 0.03, ""P"": 0.01, ""R"": 0.02}",0.62,Ambazonian Separatists (Cameroon),"On 22 October 2024, Ambazonian Separatists abducted a male civilian from his private residences in Bamenda - Nkwen (Bamenda 3, Mezam, Nord-Ouest) for an unknown reason.",0.6471408647140865,0.92,0.3305961801830339,0.1344103764885579,0.13576122323011383,0.13307297089665981,0.1344103764885579,0.1317488727127459
llama3.2:3b,CAO11761,B,B,0.92,"{""V"": 0.02, ""B"": 0.93, ""E"": 0.03, ""P"": 0.01, ""R"": 0.01}",0.61,Military Forces of Cameroon (1982-),"On 16 July 2023, state security forces (coded as military) engaged in an armed confrontation with Ambazonian Separatists in Agyati (Mezam, Nord-Ouest). No casualties.",0.6471408647140865,0.92,0.13414408153800397,0.3332571644850734,0.1354922519708132,0.13280932562513567,0.13280932562513567,0.13148785075550468
llama3.2:3b,CAO11220,B,B,0.93,"{""V"": 0.03, ""B"": 0.93, ""E"": 0.02, ""P"": 0.01, ""R"": 0.0}",0.63,Military Forces of Cameroon (1982-),"On 8 November 2023, the military forces attacked Ambazonian Separatists from the Restoration Forces during an operation in Mfuni (Mamfe, Manyu, Sud-Ouest). The military forces shot and killed one, while several others sustained life-threatening injuries.",0.6471408647140865,0.93,0.1356715384994644,0.3336981381887325,0.13432158413588857,0.13298506204266136,0.13166183856645966,0.13166183856645966
llama3.2:3b,CAO3650,R,R,0.79,"{""V"": 0.12, ""B"": 0.03, ""E"": 0.01, ""P"": 0.03, ""R"": 0.79, ""S"": 0.02}",0.69,Rioters (Cameroon),"On 5 September 2020, residents beat one woman to death in Yokosire village (Lom-Et-Djerem, Est) after she was accused of attempting to use witchcraft against her co-wife.",0.0,0.79,0.15191170448670294,0.138836844138105,0.13608769043026725,0.138836844138105,0.296871522349333,0.13745539445719
llama3.2:3b,CAO12120,V,V,0.93,"{""V"": 0.93, ""B"": 0.02, ""E"": 0.01, ""P"": 0.0, ""R"": 0.04}",0.63,Military Forces of Cameroon (1982-),"On 13 August 2023, state security forces, coded as military forces, shot and killed a suspected Ambazonian Separatist in Nkundu quarter in Njenka (Balikumbat, Ngo-Ketunjia, Nord-Ouest) and left his body by the road. He had been arrested earlier from his private residence after a tip-off.",0.6471408647140865,0.93,0.3332437531231249,0.13413868313994237,0.13280398094203227,0.13148255925288674,0.13684846428879363,0.13148255925288674
llama3.2:3b,CAO13210,B,S,0.85,"{""V"": 0.04, ""B"": 0.03, ""E"": 0.02, ""P"": 0.02, ""R"": 0.0, ""S"": 0.85}",0.66,Military Forces of Cameroon (1982-),"On 23 March 2024, state security forces, coded as the military forces, fired several warning gunshots to dislodge and dismantle an Ambazonian Separatist illegal checkpoint in Bobong (Njinikom, Boyo, Nord-Ouest). There were no fatalities or injuries.",0.6166666666666667,0.85,0.13968149199484695,0.13829163792733398,0.13691561313885714,0.13691561313885714,0.13420450235368872,0.313991141446102
llama3.2:3b,CAO10312,S,E,0.99,"{""V"": 0.01, ""B"": 0.0, ""E"": 0.98, ""P"": 0.0, ""R"": 0.0, ""S"": 0.01}",0.64,Ambazonian Separatists (Cameroon),"Property destruction: On 28 April 2023, Ambazonian Separatists Restoration forces burned a vehicle belonging to an unnamed road construction company working along the Kumba -Mundemba road axis in Dibonda (Toko, Ndian, Sud-Ouest). The burning was an attempt by the perpetrators to enforce the ban on any government sponsored projects especially reconstruction projects the perpetrators had declared.",0.6471408647140865,0.99,0.13143896555144177,0.13013112599236756,0.3467286909196671,0.13013112599236756,0.13013112599236756,0.13143896555144177
llama3.2:3b,CAO4521,V,B,0.93,"{""V"": 0.03, ""B"": 0.93, ""E"": 0.02, ""P"": 0.01, ""R"": 0.0}",0.61,Islamic State West Africa Province (ISWAP) - Lake Chad Faction and/or Boko Haram - Jamaatu Ahli is-Sunnah lid-Dawati wal-Jihad,"On 3 April 2021, Boko Haram fighters nightly attacked Goudjimdele village, Mora subdivision (Mayo-Sava, Extreme-Nord), killing 2 people.",0.6471408647140865,0.93,0.1356715384994644,0.3336981381887325,0.13432158413588857,0.13298506204266136,0.13166183856645966,0.13166183856645966
llama3.2:3b,CAO8337,V,B,0.93,"{""V"": 0.03, ""B"": 0.93, ""E"": 0.02, ""P"": 0.01, ""R"": 0.01, ""S"": 0.0}",0.63,Boko Haram - Jamaatu Ahli is-Sunnah lid-Dawati wal-Jihad,"Around 30 December 2023 (as reported), Boko Haram (JAS) (likely) militants attacked Soukoule, coded to Mora (Mora, Mayo-Sava, Extreme-Nord). 1 civilian was killed and 3 motorbikes were taken away.",0.6471408647140865,0.93,0.1354922519708132,0.3332571644850734,0.13414408153800397,0.13280932562513567,0.13280932562513567,0.13148785075550468
llama3.2:3b,CAO9705,V,V,0.99,"{""V"": 0.99, ""B"": 0.01, ""E"": 0.0, ""P"": 0.0, ""R"": 0.0, ""S"": 0.0}",0.63,Military Forces of Cameroon (1982-),"On 23 June 2022, military forces shot and killed two male civilians in Ekombe Bonji (Kumba 1, Meme, Sud-Ouest).",0.6471408647140865,0.99,0.3494526690479928,0.13115346521695664,0.12984846643367523,0.12984846643367523,0.12984846643367523,0.12984846643367523
llama3.2:3b,CAO13243,S,E,0.99,"{""V"": 0.01, ""B"": 0.0, ""E"": 0.98, ""P"": 0.0, ""R"": 0.0, ""S"": 0.01}",0.67,Boko Haram - Jamaatu Ahli is-Sunnah lid-Dawati wal-Jihad,"Looting: On 26 April 2024, ISWAP or Boko Haram militants looted some 150 oxen and cows in a grazing area in Dougza (Kolofata, Mayo-Sava, Extreme-Nord).",0.6471408647140865,0.99,0.13143896555144177,0.13013112599236756,0.3467286909196671,0.13013112599236756,0.13013112599236756,0.13143896555144177
llama3.2:3b,CAO6787,S,E,0.99,"{""V"": 0.01, ""B"": 0.0, ""E"": 0.98, ""P"": 0.0, ""R"": 0.0, ""S"": 0.01}",0.66,Boko Haram - Jamaatu Ahli is-Sunnah lid-Dawati wal-Jihad,"Looting: On 4 December 2022, Boko Haram [JAS] looted farmers in Amchide (Kolofata, Mayo-Sava, Extreme-Nord) stealing 2 motorbikes and 1 bicycle.",0.6471408647140865,0.99,0.13143896555144177,0.13013112599236756,0.3467286909196671,0.13013112599236756,0.13013112599236756,0.13143896555144177
llama3.2:3b,CAO4545,B,B,0.93,"{""V"": 0.03, ""B"": 0.93, ""E"": 0.02, ""P"": 0.01, ""R"": 0.0, ""S"": 0.01}",0.65,Military Forces of Cameroon (1982-),"On 12 April 2021, the military forces repelled a nightly attack of Boko Haram fighters in Djanpala village, assumedly in Mora subdivision (Mayo-Sava, Extreme-Nord). One assailant was killed, and foodstuffs retrieved.",0.6471408647140865,0.93,0.1354922519708132,0.3332571644850734,0.13414408153800397,0.13280932562513567,0.13148785075550468,0.13280932562513567
llama3.2:3b,CAO3621,P,P,0.92,"{""V"": 0.01, ""B"": 0.0, ""E"": 0.02, ""P"": 0.97, ""R"": 0.0, ""S"": 0.01}",0.66,Protesters (Cameroon),"On 28 August 2020, women of the SUFC movement demonstrated in the Nord-ouest region, around Bamenda town (Mezam, Nord-Ouest), calling for a ceasefire in the North West and South West regions.",0.6471408647140865,0.92,0.13154698996565362,0.13023807554569883,0.1328690591942278,0.34356080978272374,0.13023807554569883,0.13154698996565362
llama3.2:3b,CAO6152,B,V,0.93,"{""V"": 0.93, ""B"": 0.02, ""E"": 0.01, ""P"": 0.0, ""R"": 0.04}",0.66,Military Forces of Cameroon (1982-),"On 10 June 2022, Cameroonian military forces exchanged gunshots with suspected separatists and killed 2 civilians in Belo (Tubah, Mezam, Nord-Ouest). Unclear why the military was targeting civilians.",0.6471408647140865,0.93,0.3332437531231249,0.13413868313994237,0.13280398094203227,0.13148255925288674,0.13684846428879363,0.13148255925288674
llama3.2:3b,CAO6296,P,P,0.92,"{""V"": 0.02, ""B"": 0.01, ""E"": 0.0, ""P"": 0.97, ""R"": 0.0}",0.62,Protesters (Cameroon),"Around 15 July 2022, residents of Koza and Gaboua protested in front of the sub-prefecture of Koza in Koza (Koza, Mayo-Tsanaga, Extreme-Nord) after a Boko Haram attack. They protested against the lack of security measures in the community.",0.6471408647140865,0.92,0.1330432013589635,0.13171939938689892,0.13040876946453953,0.344011090860175,0.13040876946453953,0.13040876946453953
llama3.2:3b,CAO4239,B,B,0.92,"{""V"": 0.02, ""B"": 0.93, ""E"": 0.03, ""P"": 0.0, ""R"": 0.01, ""S"": 0.01}",0.66,Military Forces of Cameroon (1982-),"On 24 December 2020, the military forces repelled an attack of Boko Haram in Makoulahe village, Mora subdivision (Mayo-Sava, Extreme-Nord), killing one assailant.",0.6471408647140865,0.92,0.13414408153800397,0.3332571644850734,0.1354922519708132,0.13148785075550468,0.13280932562513567,0.13280932562513567
llama3.2:3b,CAO6523,B,B,0.92,"{""V"": 0.02, ""B"": 0.93, ""E"": 0.03, ""P"": 0.01, ""R"": 0.01}",0.63,Boko Haram - Jamaatu Ahli is-Sunnah lid-Dawati wal-Jihad,"On 12 September 2022, Boko Haram (JAS) fighters ambushed the Cameroonian military forces on the Limani - Mora Road, coded to Limani (Mora, Mayo-Sava, Extreme-Nord). Unknown fatalities or injuries but 4 motorbikes, mobile phones and a luggage were stolen by the assailants.",0.6471408647140865,0.92,0.13414408153800397,0.3332571644850734,0.1354922519708132,0.13280932562513567,0.13280932562513567,0.13148785075550468
llama3.2:3b,CAO5844,B,B,0.92,"{""V"": 0.02, ""B"": 0.93, ""E"": 0.03, ""P"": 0.01, ""R"": 0.01}",0.61,Military Forces of Cameroon (1982-),"On 25 January 2022, the military intercepted Ambazonian separatists and engaged in fire fights with them in Bamenyam town, Penka-Michel subdivision (Menoua, Ouest). At least one soldier was killed and several others injured.",0.6471408647140865,0.92,0.13414408153800397,0.3332571644850734,0.1354922519708132,0.13280932562513567,0.13280932562513567,0.13148785075550468
llama3.2:3b,CAO9976,S,E,0.99,"{""V"": 0.01, ""B"": 0.0, ""E"": 0.98, ""P"": 0.0, ""R"": 0.0, ""S"": 0.01}",0.65,Military Forces of Cameroon (1982-),"Defusal: On 1 October 2021, state forces, coded as military, defused an IED planted by Ambazonian Separatists in Oku (Bui, Nord-Ouest).",0.6471408647140865,0.99,0.13143896555144177,0.13013112599236756,0.3467286909196671,0.13013112599236756,0.13013112599236756,0.13143896555144177
llama3.2:3b,CAO12429,B,B,0.93,"{""V"": 0.03, ""B"": 0.93, ""E"": 0.02, ""P"": 0.01, ""R"": 0.0}",0.61,Ambazonian Separatists (Cameroon),"On 28 July 2023, Ambazonian Separatists exchanged fire with other Ambazonian Separatists in Bali (Mezam, Nord-Ouest) in a dispute over money extorted from civilians. Two Ambazonian Separatists were killed and their bodies were abandoned in the forest.",0.6471408647140865,0.93,0.1356715384994644,0.3336981381887325,0.13432158413588857,0.13298506204266136,0.13166183856645966,0.13166183856645966
llama3.2:3b,CAO12201,S,V,0.92,"{""V"": 0.92, ""B"": 0.02, ""E"": 0.03, ""P"": 0.01, ""R"": 0.0, ""S"": 0.02}",0.65,Ambazonian Separatists (Cameroon),"Other: On 11 August 2023, Ambazonian Separatists fired gunshots in the air and rounded up civilians in Ikiliwindi Mile 10 (Meme, Sud-Ouest). They accused the population of collaborating with state security forces and threatened to kill anyone who collaborated with them.",0.6471408647140865,0.92,0.3305961801830339,0.1344103764885579,0.13576122323011383,0.13307297089665981,0.1317488727127459,0.1344103764885579
llama3.2:3b,CAO6363,B,B,0.93,"{""V"": 0.03, ""B"": 0.93, ""E"": 0.02, ""P"": 0.01, ""R"": 0.0, ""S"": 0.01}",0.64,Military Forces of Cameroon (1982-),"Around 7 August 2022, the Cameroonian military forces clashed with Boko Haram (JAS) (likely) fighters in Mora (Mora, Mayo-Sava, Extreme-Nord) killing many. The military also recovered weapons including 2 Kalashnikov rifles.",0.6471408647140865,0.93,0.1354922519708132,0.3332571644850734,0.13414408153800397,0.13280932562513567,0.13148785075550468,0.13280932562513567
llama3.2:3b,CAO7132,B,B,0.93,"{""V"": 0.03, ""B"": 0.93, ""E"": 0.02, ""P"": 0.01, ""R"": 0.0, ""S"": 0.01}",0.66,Islamic State West Africa Province (ISWAP) and/or Boko Haram - Jamaatu Ahli is-Sunnah lid-Dawati wal-Jihad,"Around 5 March 2023, suspected ISWAP or Boko Haram fighters clashed with the Cameroonian military forces in Marouare, coded to Ngaoundere (Ngaoundere 1, Vina, Adamaoua). 2 fighters were killed while 2 civilians were wounded.",0.6471408647140865,0.93,0.1354922519708132,0.3332571644850734,0.13414408153800397,0.13280932562513567,0.13148785075550468,0.13280932562513567
llama3.2:3b,CAO4190,V,V,0.92,"{""V"": 0.92, ""B"": 0.03, ""E"": 0.02, ""P"": 0.01, ""R"": 0.02}",0.64,Ambazonian Separatists (Cameroon),"On 4 January 2021, Ambazonian separatists burnt a transport truck, killed the driver and reportedly injured his assistant in Ewili village, around Buea (Fako, Sud-Ouest). They accused the victims of not respecting their stop order.",0.6471408647140865,0.92,0.3305961801830339,0.13576122323011383,0.1344103764885579,0.13307297089665981,0.1344103764885579,0.1317488727127459
llama3.2:3b,CAO13670,V,R,0.81,"{""V"": 0.01, ""B"": 0.0, ""E"": 0.02, ""P"": 0.03, ""R"": 0.94, ""S"": 0.04}",0.66,Military Forces of Cameroon (1982-) Rapid Intervention Battalion,"On 15 April 2024, state security forces, coded as the military forces from the Rapid Intervention, beat and arrested 2 civilian from the road in Bonganjo (Buea, Fako, Sud-Ouest). There were no fatalities.",0.42105263157894735,0.81,0.13183454936477335,0.13052277368099033,0.13315950861335532,0.13449778392376527,0.3341358752921321,0.13584950912464944
llama3.2:3b,CAO8729,V,V,0.92,"{""V"": 0.92, ""B"": 0.02, ""E"": 0.01, ""P"": 0.03, ""R"": 0.02}",0.62,Ambazonian Separatists (Cameroon),"On 10 February 2024, Ambazonian Separatists from the Fako Mountain Lions faction fired several shots as a warning to enforce the Separatist-imposed lockdown in Bokova (Buea, Fako, Sud-Ouest) against the Youth Day celebration. There were no fatalities.",0.6471408647140865,0.92,0.33059618018303394,0.1344103764885579,0.13307297089665981,0.13576122323011383,0.1344103764885579,0.13174887271274593
llama3.2:3b,CAO10745,B,E,0.96,"{""V"": 0.02, ""B"": 0.01, ""E"": 0.96, ""P"": 0.0, ""R"": 0.01, ""S"": 0.0}",0.67,Ambazonian Separatists (Cameroon),"On 2 June 2023, Ambazonian Separatists detonated an IED targeting a state security forces convoy (coded as military) in Bufi (Menchum, Nord-Ouest). The explosion missed the target, but the soldiers stopped and fired gunshots in the area which caused civilians to flee.",0.6471408647140865,0.96,0.13332482841020543,0.13199822420216023,0.34130908333206444,0.13068481992653416,0.13199822420216023,0.13068481992653416
llama3.2:3b,CAO2881,V,V,0.98,"{""V"": 0.98, ""B"": 0.01, ""E"": 0.0, ""P"": 0.0, ""R"": 0.01}",0.67,Military Forces of Cameroon (1982-),"On 23 January 2020, the military forces attacked the villages of Bekora Barombi, Ndoh, Njima, Mokono Barombi and Mberenge, in Ekondo Titi subdivision (Ndian, Sud-Ouest). They reportedly killed at least 14 civilians, and injured at least 3 people including a humanitarian worker and two beneficiaries of a humanitarian project.",0.6471408647140865,0.98,0.3467286909196672,0.13143896555144177,0.13013112599236756,0.13013112599236756,0.13143896555144177,0.13013112599236756
llama3.2:3b,CAO12755,R,V,0.92,"{""V"": 0.92, ""B"": 0.02, ""E"": 0.01, ""P"": 0.0, ""R"": 0.03, ""S"": 0.02}",0.65,Rioters (Cameroon),"On 4 April 2022, residents killed 1 Ambazonian Separatist fighter in Mbengwi (Mbengwi, Momo, Nord-Ouest) because of the atrocities committed by the separatists in their community.",0.6471408647140865,0.92,0.33059618018303394,0.1344103764885579,0.13307297089665981,0.13174887271274593,0.13576122323011383,0.1344103764885579
llama3.2:3b,CAO11779,V,V,0.92,"{""V"": 0.92, ""B"": 0.02, ""E"": 0.01, ""P"": 0.0, ""R"": 0.03, ""S"": 0.02}",0.66,Military Forces of Cameroon (1982-),"On 14 May 2022, state security forces, coded as military, killed a female civilian in Tobin (Bui, Nord-Ouest). The women who approached the military base and was mistaken to be an intruder.",0.6471408647140865,0.92,0.33059618018303394,0.1344103764885579,0.13307297089665981,0.13174887271274593,0.13576122323011383,0.1344103764885579
llama3.2:3b,CAO10497,V,V,0.92,"{""V"": 0.92, ""B"": 0.02, ""E"": 0.01, ""P"": 0.0, ""R"": 0.03, ""S"": 0.02}",0.67,Military Forces of Cameroon (1982-),"On 16 March 2023, state security forces (coded as military) fired shots at a vehicle, injuring some civilians, at a vehicular checkpoint in Ntarinkon (Bamenda - Mankon, Mezam, Nord-Ouest) after the driver failed to stop.",0.6471408647140865,0.92,0.33059618018303394,0.1344103764885579,0.13307297089665981,0.13174887271274593,0.13576122323011383,0.1344103764885579
llama3.2:3b,CAO5725,V,V,0.92,"{""V"": 0.92, ""B"": 0.02, ""E"": 0.01, ""P"": 0.0, ""R"": 0.03, ""S"": 0.02}",0.65,Military Forces of Cameroon (1982-),"On 27 October 2021, the military forces alongside Fulani militiamen attacked and killed a 15 year old boy in Ngarbuh village, near Ntamruh, Ndu subdivision (Donga-Mantung, Nord-Ouest). He was accused of collaborating with Ambazonian separatists fighters.",0.6471408647140865,0.92,0.33059618018303394,0.1344103764885579,0.13307297089665981,0.13174887271274593,0.13576122323011383,0.1344103764885579
llama3.2:3b,CAO6214,S,E,0.96,"{""V"": 0.02, ""B"": 0.01, ""E"": 0.95, ""P"": 0.0, ""R"": 0.01, ""S"": 0.0}",0.67,Boko Haram - Jamaatu Ahli is-Sunnah lid-Dawati wal-Jihad,"Property destruction: Around 20 June 2022, Boko Haram (JAS) (likely) burnt houses and looted items in Djakana village, around Limani (Limani, Mayo-Sava, Extreme-Nord), including 4 bicycles.",0.6471408647140865,0.96,0.1337791534013784,0.13244802858413912,0.3390644920697403,0.13113014868013198,0.13244802858413912,0.13113014868013198
llama3.2:3b,CAO12645,B,V,0.93,"{""V"": 0.93, ""B"": 0.02, ""E"": 0.01, ""P"": 0.0, ""R"": 0.04}",0.61,Military Forces of Cameroon (1982-),"On 15 January 2022, Ambazonian separatists and the military engaged in an armed clash at Total gas station in Bamunka near Bamenda (Bamenda 1, Mezam, Nord-Ouest). Three civilians were killed in the crossfire.",0.6471408647140865,0.93,0.3332437531231249,0.13413868313994237,0.13280398094203227,0.13148255925288674,0.13684846428879363,0.13148255925288674
llama3.2:3b,CAO3193,B,B,0.92,"{""V"": 0.03, ""B"": 0.93, ""E"": 0.02, ""P"": 0.01, ""R"": 0.0, ""S"": 0.01}",0.67,Military Forces of Cameroon (1982-) Rapid Intervention Battalion,"On 18 April 2020, the military's rapid intervention battalion engaged in a fire fight with Ambazonian separatists in Oku village, Belo subdivision (Boyo, Nord-Ouest). Some separatists were killed. Some fatalities coded as 3.",0.6471408647140865,0.92,0.1354922519708132,0.3332571644850734,0.13414408153800397,0.13280932562513567,0.13148785075550468,0.13280932562513567
llama3.2:3b,CAO3287,V,S,0.85,"{""V"": 0.04, ""B"": 0.03, ""E"": 0.02, ""P"": 0.02, ""R"": 0.01, ""S"": 0.85}",0.64,Islamic State West Africa Province (ISWAP) - Lake Chad Faction and/or Boko Haram - Jamaatu Ahli is-Sunnah lid-Dawati wal-Jihad,"On 18 May 2020, Boko Haram attacked the village of Tolkomari, Kolofata subdivision (Mayo-Sava, Extreme-Nord). No fatality and/or casualty reported.",0.6166666666666667,0.85,0.1394933464837029,0.13810536449530517,0.13673119315844512,0.13673119315844512,0.13537069505484398,0.31356820764894405
llama3.2:3b,CAO8924,B,B,0.93,"{""V"": 0.03, ""B"": 0.93, ""E"": 0.02, ""P"": 0.01, ""R"": 0.0, ""S"": 0.01}",0.66,Military Forces of Cameroon (1982-),"On 29 May 2022, the military forces in a joint operation with the self-defense militia (COVI) ambushed Ambazonian Separatist fighter at a checkpoint in Ngarum (Ndu, Donga-Mantung, Nord-Ouest). 1 separatist was killed.",0.6471408647140865,0.93,0.1354922519708132,0.3332571644850734,0.13414408153800397,0.13280932562513567,0.13148785075550468,0.13280932562513567
llama3.2:3b,CAO2836,V,V,0.92,"{""V"": 0.92, ""B"": 0.02, ""E"": 0.01, ""P"": 0.0, ""R"": 0.03, ""S"": 0.02}",0.69,Military Forces of Cameroon (1982-),"On 13 January 2020, the military forces attacked Kumbo town, in Jakiri subdivision (Bui, Nord-Ouest). They reportedly killed one person, and burnt over 8 houses in several areas of the town.",0.6471408647140865,0.92,0.33059618018303394,0.1344103764885579,0.13307297089665981,0.13174887271274593,0.13576122323011383,0.1344103764885579
llama3.2:3b,CAO10508,B,V,0.99,"{""V"": 0.99, ""B"": 0.01, ""E"": 0.0, ""P"": 0.0, ""R"": 0.0, ""S"": 0.0}",0.67,Military Forces of Cameroon (1982-),"On 14 March 2023, the state security forces, coded as military, shot and killed 3 Ambazonian Separatists at the Ndekwai - Ntenako road axis, coded to Ntenaku (Mamfe, Manyu, Sud-Ouest).",0.6471408647140865,0.99,0.3494526690479928,0.13115346521695664,0.12984846643367523,0.12984846643367523,0.12984846643367523,0.12984846643367523
llama3.2:3b,CAO3184,B,B,0.92,"{""V"": 0.02, ""B"": 0.93, ""E"": 0.03, ""P"": 0.01, ""R"": 0.01}",0.61,Ambazonian Separatists (Cameroon),"On 15 April 2020, Ambazonian separatists engaged in fire fights with military forces in Bafut town, Bamenda subdivision (Mezam, Nord-Ouest). No fatality and/or casualty reported.",0.6471408647140865,0.92,0.13414408153800397,0.3332571644850734,0.1354922519708132,0.13280932562513567,0.13280932562513567,0.13148785075550468
llama3.2:3b,CAO5032,B,B,0.92,"{""V"": 0.02, ""B"": 0.93, ""E"": 0.03, ""P"": 0.0, ""R"": 0.01, ""S"": 0.01}",0.68,Military Forces of Cameroon (1982-),"On 10 February 2021, the military forces repelled an incursion of Ambazonian separatists in Meanja water tank neighborhood of Muyuka town (Fako, Sud-Ouest). No fatality and/or casualty reported.",0.6471408647140865,0.92,0.13414408153800397,0.3332571644850734,0.1354922519708132,0.13148785075550468,0.13280932562513567,0.13280932562513567
llama3.2:3b,CAO5789,S,S,0.85,"{""V"": 0.04, ""B"": 0.03, ""E"": 0.02, ""P"": 0.02, ""R"": 0.01, ""S"": 0.85}",0.69,Military Forces of Cameroon (1982-),"Around 21 December 2021 (as reported), the security forces (assumedly Military Forces) arrested at least 30 people including 7 Chadians and seized machetes, knives and spears during a security operation in Kousseri town (Logone-et-Chari, Extreme-Nord). The aim was to restore peace in the city in the context of tensions between the Musgum and Arab Shoa communities.",0.6166666666666667,0.85,0.1394933464837029,0.13810536449530517,0.13673119315844512,0.13673119315844512,0.13537069505484398,0.31356820764894405
llama3.2:3b,CAO13094,V,V,0.92,"{""V"": 0.92, ""B"": 0.02, ""E"": 0.01, ""P"": 0.0, ""R"": 0.03, ""S"": 0.02}",0.65,Ambazonian Separatists (Cameroon),"On 19 March 2024, Ambazonian Separatists from the Restoration Forces faction shot and injured a civilian in his private residence in Bole (Kumba 1, Meme, Sud-Ouest). They accused the man of collaborating with the military forces.",0.6471408647140865,0.92,0.33059618018303394,0.1344103764885579,0.13307297089665981,0.13174887271274593,0.13576122323011383,0.1344103764885579
llama3.2:3b,CAO2871,B,B,0.93,"{""V"": 0.03, ""B"": 0.93, ""E"": 0.02, ""P"": 0.01, ""R"": 0.0, ""S"": 0.01}",0.68,Military Forces of Cameroon (1982-),"On 21 January 2020, the military forces attacked an Ambazonian separatists' camp in Kossala village, Kumba subdivision (Ndian, Sud-Ouest) [coded: Kumba], killing two Ambazonian separatists. The military also rescued 23 children hostages.",0.6471408647140865,0.93,0.1354922519708132,0.3332571644850734,0.13414408153800397,0.13280932562513567,0.13148785075550468,0.13280932562513567
llama3.2:3b,CAO11284,V,V,0.92,"{""V"": 0.92, ""B"": 0.02, ""E"": 0.03, ""P"": 0.01, ""R"": 0.02}",0.61,Ambazonian Separatists (Cameroon),"On 15 December 2023, Ambazonian Separatists temporally detained a civilian masked in a traditional masquerade outfit at an illegal vehicle checkpoint for two hours alongside some motorcycle riders in Ngwa (Bangangte, Nde, Ouest). They were accused of not having paid a stipulated sum of money motorcycle riders pay before plying the road.",0.6471408647140865,0.92,0.3305961801830339,0.1344103764885579,0.13576122323011383,0.13307297089665981,0.1344103764885579,0.1317488727127459
llama3.2:3b,CAO3310,V,V,0.92,"{""V"": 0.92, ""B"": 0.02, ""E"": 0.03, ""P"": 0.01, ""R"": 0.02}",0.6,Military Forces of Cameroon (1982-),"On 28 May 2020, military forces killed four people suspected to be armed bandits in Bonduma neighbourhood of Buea town (Fako, Sud-Ouest). Residents say the victims were not armed.",0.6471408647140865,0.92,0.3305961801830339,0.1344103764885579,0.13576122323011383,0.13307297089665981,0.1344103764885579,0.1317488727127459
llama3.2:3b,CAO12582,S,V,0.92,"{""V"": 0.92, ""B"": 0.02, ""E"": 0.03, ""P"": 0.01, ""R"": 0.02}",0.64,Ambazonian Separatists (Cameroon),"Other: On 20 May 2022, Ambazonian Separatists fired warning shots for about 30 minutes in Alabukam near Nlabakam (Bamenda - Mankon, Mezam, Nord-Ouest) to enforce the lockdown for 20 May.",0.6471408647140865,0.92,0.3305961801830339,0.1344103764885579,0.13576122323011383,0.13307297089665981,0.1344103764885579,0.1317488727127459
llama3.2:3b,CAO12898,V,V,0.92,"{""V"": 0.92, ""B"": 0.02, ""E"": 0.01, ""P"": 0.0, ""R"": 0.03, ""S"": 0.02}",0.65,Military Forces of Cameroon (1982-),"On 14 February 2024, security forces, coded as the military shot and killed a traditional doctor at his residence in Bessom, coded to Batibo (Batibo, Momo, Nord-Ouest) during a cordon and search operation. They accused the victim of providing fortification charms to Ambazonian Separatists.",0.6471408647140865,0.92,0.33059618018303394,0.1344103764885579,0.13307297089665981,0.13174887271274593,0.13576122323011383,0.1344103764885579
llama3.2:3b,CAO13115,B,B,0.92,"{""V"": 0.02, ""B"": 0.93, ""E"": 0.03, ""P"": 0.0, ""R"": 0.01, ""S"": 0.01}",0.68,Ambazonian Separatists (Cameroon),"On 20 March 2024, Ambazonian Separatists from the Restoration Forces faction clashed with the military forces from the Rapid Intervention in Bombe Bakundu (Kumba 3, Meme, Sud-Ouest) during an operation to dislodge Separatists hideouts. 1 Separatist was killed. The military forces recovered a weapon.",0.6471408647140865,0.92,0.13414408153800397,0.3332571644850734,0.1354922519708132,0.13148785075550468,0.13280932562513567,0.13280932562513567
llama3.2:3b,CAO11938,B,B,0.92,"{""V"": 0.02, ""B"": 0.93, ""E"": 0.03, ""P"": 0.01, ""R"": 0.01}",0.62,Military Forces of Cameroon (1982-) Gendarmerie,"On 10 October 2023, Gendarmerie forces, clashed with Ambazonian Separatists at an illegal Separatist checkpoint in Bamessing (Tubah, Mezam, Nord-Ouest) as Separatists were looting money from commercial vehicles. Casualties unknown. No information on the injuries. The military forces seized 2 motorbikes.",0.6471408647140865,0.92,0.13414408153800397,0.3332571644850734,0.1354922519708132,0.13280932562513567,0.13280932562513567,0.13148785075550468
llama3.2:3b,CAO13051,S,E,0.99,"{""V"": 0.01, ""B"": 0.0, ""E"": 0.98, ""P"": 0.0, ""R"": 0.0, ""S"": 0.01}",0.67,Boko Haram - Jamaatu Ahli is-Sunnah lid-Dawati wal-Jihad,"Property destruction: Around 3 April 2024 (as reported), suspected ISWAP or Boko Haram militants removed sheet metal Roofs of schools and professional training buildings in Tchahack (Chahack) (Darak, Logone-et-Chari, Extreme-Nord).",0.6471408647140865,0.99,0.13143896555144177,0.13013112599236756,0.3467286909196671,0.13013112599236756,0.13013112599236756,0.13143896555144177
llama3.2:3b,CAO11684,V,V,0.99,"{""V"": 0.99, ""B"": 0.01, ""E"": 0.0, ""P"": 0.0, ""R"": 0.0, ""S"": 0.0}",0.65,Ambazonian Separatists (Cameroon),"On 26 June 2023, Ambazonian Separatists from the Restoration Forces shot and killed two members of the state security forces (coded as military) in Konye (Meme, Sud-Ouest). The soldiers had been previously abducted by the Separatists on 25 June 2023 (coded separately).",0.6471408647140865,0.99,0.3494526690479928,0.13115346521695664,0.12984846643367523,0.12984846643367523,0.12984846643367523,0.12984846643367523
llama3.2:3b,CAO14510,V,S,0.85,"{""V"": 0.04, ""B"": 0.03, ""E"": 0.02, ""P"": 0.02, ""R"": 0.04, ""S"": 0.85}",0.64,Boko Haram - Jamaatu Ahli is-Sunnah lid-Dawati wal-Jihad,"On 20 August 2024, Boko Haram (JAS) (likely) militants abducted 2 farmers from their fields in Alagarno (Kolofata, Mayo-Sava, Extreme-Nord). They were later released for an unknown reason.",0.6166666666666667,0.85,0.13892062516984846,0.13753834185373895,0.13616981248643048,0.13616981248643048,0.13892062516984846,0.3122807828333908
llama3.2:3b,CAO13082,B,B,0.92,"{""V"": 0.02, ""B"": 0.93, ""E"": 0.03, ""P"": 0.0, ""R"": 0.01, ""S"": 0.01}",0.65,Military Forces of Cameroon (1982-),"On 21 February 2024, the state security forces, coded as the military forces ambushed and clashed with the Ambazonian Separatists restoration forces along Buea - Kumba main road, coded to Kumba (Kumba 1, Meme, Sud-Ouest). A driver of a public transport vehicle was hit and killed by a stray bullet. No information on the injuries.",0.6471408647140865,0.92,0.13414408153800397,0.3332571644850734,0.1354922519708132,0.13148785075550468,0.13280932562513567,0.13280932562513567
llama3.2:3b,CAO5627,B,B,0.93,"{""V"": 0.03, ""B"": 0.93, ""E"": 0.02, ""P"": 0.01, ""R"": 0.0, ""S"": 0.01}",0.64,Military Forces of Cameroon (1982-),"Around 24 October 2021 (as reported), the military forces opened fire on BNL fighters who were erecting barricades in Cameroon-Nigeria border area in Bakassi Peninsula, Kombo Abedimo subdivision (Ndian, Sud-Ouest). 2 BNL fighters were killed.",0.6471408647140865,0.93,0.1354922519708132,0.3332571644850734,0.13414408153800397,0.13280932562513567,0.13148785075550468,0.13280932562513567
llama3.2:3b,CAO8784,B,E,0.96,"{""V"": 0.02, ""B"": 0.01, ""E"": 0.96, ""P"": 0.0, ""R"": 0.0, ""S"": 0.01}",0.65,Ambazonian Separatists (Cameroon),"On 10 May 2022, suspected Ambazonian Separatist fighters detonated a remote controlled IED targeting traveling military along the Bamenda-Belo road road, coded to Bamenda (Bamenda 1, Mezam, Nord-Ouest). 1 separatist was killed during clashes that followed the detonation. 2 civlians were also killed by stray bullets.",0.6471408647140865,0.96,0.13332482841020543,0.13199822420216023,0.34130908333206444,0.13068481992653416,0.13068481992653416,0.13199822420216023
llama3.2:3b,CAO4808,B,B,0.92,"{""V"": 0.02, ""B"": 0.93, ""E"": 0.03, ""P"": 0.01, ""R"": 0.01}",0.62,Military Forces of Cameroon (1982-),"Around 16 October 2020 (week of), the military forces engaged in fire fights with Ambazonian separatists in Bamessing village, Ndop subdivision (Mezam, Nord-Ouest), resulting in 3 people getting killed.",0.6471408647140865,0.92,0.13414408153800397,0.3332571644850734,0.1354922519708132,0.13280932562513567,0.13280932562513567,0.13148785075550468
llama3.2:3b,CAO14672,S,V,0.92,"{""V"": 0.92, ""B"": 0.02, ""E"": 0.01, ""P"": 0.0, ""R"": 0.03, ""S"": 0.02}",0.67,Ambazonian Separatists (Cameroon),"Looting: On 3 July 2024, Ambazonian Separatists from the Restoration Forces faction extorted money, coded as looting, from civilians at an illegal checkpoint on the main road in Bamessing (Tubah, Mezam, Nord-Ouest).",0.6471408647140865,0.92,0.33059618018303394,0.1344103764885579,0.13307297089665981,0.13174887271274593,0.13576122323011383,0.1344103764885579
llama3.2:3b,CAO12986,P,P,0.95,"{""V"": 0.01, ""B"": 0.0, ""E"": 0.0, ""P"": 0.95, ""R"": 0.03, ""S"": 0.0}",0.66,Protesters (Cameroon),"On 17 April 2024, people protested in front of the Town Hall in Yaounde (Yaounde 1, Mfoundi, Centre) after the municipal police officers attempted to arrest a civilian who had refused to pay them money causing an accident that killed 2 civilians. The protesters voiced their growing concern about the actions of the police officers.",0.6471408647140865,0.9499999999999998,0.1324445025220878,0.1311266577029843,0.1311266577029843,0.3390554654164091,0.13512005895221102,0.1311266577029843
llama3.2:3b,CAO11562,B,B,0.93,"{""V"": 0.03, ""B"": 0.93, ""E"": 0.02, ""P"": 0.01, ""R"": 0.0}",0.61,Military Forces of Cameroon (1982-),"On 16 June 2023, government forces, coded as military, clashed with Ambazonian Separatists in Kedjem Keku (Tubah, Mezam, Nord-Ouest), leading to the killing of at least 13 civilians and 3 Ambazonian separatists.",0.6471408647140865,0.93,0.1356715384994644,0.3336981381887325,0.13432158413588857,0.13298506204266136,0.13166183856645966,0.13166183856645966
llama3.2:3b,CAO14799,V,V,0.93,"{""V"": 0.93, ""B"": 0.02, ""E"": 0.01, ""P"": 0.0, ""R"": 0.04}",0.63,Ambazonian Separatists (Cameroon),"On 12 July 2024, Ambazonian Separatists from the Bui Unity Warriors faction shot and killed 1 civilian in Jakiri (Jakiri, Bui, Nord-Ouest) after the Separatists had taken him out of his private residence. They accused him of collaborating with the security forces.",0.6471408647140865,0.93,0.3332437531231249,0.13413868313994237,0.13280398094203227,0.13148255925288674,0.13684846428879363,0.13148255925288674
llama3.2:3b,CAO4310,S,P,0.99,"{""P"": 0.99, ""R"": 0.01}",0.48,Police Forces of Cameroon (1982-),"Defusal: On 27 January 2021, the police forces retrieved and defused an IED planted by unidentified men in Bamenda town (Mezam, Nord-Ouest). No fatality and/or casualty reported.",0.6471408647140865,0.99,0.12984846643367526,0.12984846643367526,0.12984846643367526,0.34945266904799294,0.1311534652169567,0.12984846643367526
llama3.2:3b,CAO10471,V,V,0.92,"{""V"": 0.92, ""B"": 0.02, ""E"": 0.01, ""P"": 0.0, ""R"": 0.05, ""S"": 0.0}",0.66,Military Forces of Cameroon (1982-),"On 22 March 2023, state security forces, coded as military forces, beat up civilians and broke into homes where they looted properties in Ngomgham Mankon, coded to Ntarinkon (Bamenda - Mankon, Mezam, Nord-Ouest). They also harrassed civilians, the attack was after separatists attacked their position in the area and engaged them in an armed clash (coded separately). No information on injuries.",0.6471408647140865,0.92,0.3305693859286932,0.1343994827576876,0.13306218556022278,0.13173819469219952,0.13849255636866672,0.13173819469219952
llama3.2:3b,CAO11896,B,V,0.99,"{""V"": 0.99, ""B"": 0.01, ""E"": 0.0, ""P"": 0.0, ""R"": 0.0, ""S"": 0.0}",0.64,Military Forces of Cameroon (1982-),"On 28 September 2023, state forces, coded as military, exchanged fire with Ambazonian Separatists in Benade (Menchum, Nord-Ouest) during an operation to dislodge the Ambazonian Separatists. Four civilians, including the traditional chief of Banum village, were killed caught by stray bullets.",0.6471408647140865,0.99,0.3494526690479928,0.13115346521695664,0.12984846643367523,0.12984846643367523,0.12984846643367523,0.12984846643367523
llama3.2:3b,CAO11447,S,V,0.92,"{""V"": 0.92, ""B"": 0.02, ""E"": 0.03, ""P"": 0.01, ""R"": 0.02}",0.62,Military Forces of Cameroon (1982-),"Other: On 4 July 2023, state security forces, coded as military forces, on vehicular patrol shot into the air at the cattle market in Lassin (Bui, Nord-Ouest) to prevent an attack by Ambazonian Separatists after they tipped off that a separatists camp opened in the area.",0.6471408647140865,0.92,0.3305961801830339,0.1344103764885579,0.13576122323011383,0.13307297089665981,0.1344103764885579,0.1317488727127459
llama3.2:3b,CAO3261,V,V,0.92,"{""V"": 0.92, ""B"": 0.02, ""E"": 0.03, ""P"": 0.01, ""R"": 0.02}",0.62,Ambazonian Separatists (Cameroon),"On 10 May 2020, suspected Ambazonian separatists killed one person in Bakebe village, Mamfe subdivision (Manyu, Sud-Ouest).",0.6471408647140865,0.92,0.3305961801830339,0.1344103764885579,0.13576122323011383,0.13307297089665981,0.1344103764885579,0.1317488727127459
llama3.2:3b,CAO11281,V,V,0.92,"{""V"": 0.92, ""B"": 0.02, ""E"": 0.03, ""P"": 0.01, ""R"": 0.02}",0.63,Ambazonian Separatists (Cameroon),"On 24 November 2023, the Ambazonian Restoration Forces abducted a builder from a public transport vehicle at a vehicle checkpoint in Nguti (Nguti, Kupe-Manenguba, Sud-Ouest).",0.6471408647140865,0.92,0.3305961801830339,0.1344103764885579,0.13576122323011383,0.13307297089665981,0.1344103764885579,0.1317488727127459
llama3.2:3b,CAO11825,V,V,0.92,"{""V"": 0.92, ""B"": 0.02, ""E"": 0.03, ""P"": 0.01, ""R"": 0.02}",0.63,Ambazonian Separatists (Cameroon),"On 3 July 2022, Ambazonian Separatists abducted two workers of a government-owned agro-industrial company, (PAMOL) in Mabonji (Meme, Sud-Ouest).",0.6471408647140865,0.92,0.3305961801830339,0.1344103764885579,0.13576122323011383,0.13307297089665981,0.1344103764885579,0.1317488727127459
llama3.2:3b,CAO12114,V,V,0.92,"{""V"": 0.92, ""B"": 0.03, ""E"": 0.02, ""P"": 0.01, ""R"": 0.0, ""S"": 0.02}",0.64,Ambazonian Separatists (Cameroon),"On 15 August 2023, Ambazonian Separatists shot and killed a woman in Akwaya (Manyu, Sud-Ouest). They also abducted four civilians from a home for unknown reasons. No additional information.",0.6471408647140865,0.92,0.3305961801830339,0.13576122323011383,0.1344103764885579,0.13307297089665981,0.1317488727127459,0.1344103764885579
llama3.2:3b,CAO15247,S,V,0.92,"{""V"": 0.92, ""B"": 0.02, ""E"": 0.03, ""P"": 0.01, ""R"": 0.02}",0.62,Military Forces of Cameroon (1982-) Gendarmerie,"Looting: On 10 August 2024, gendarmerie forces broke into 8 civilian private residences and looted an unspecified amount of money and valuables in Bamunka (Ndop, Ngo-Ketunjia, Nord-Ouest) during an operation to dislodge Ambazonian Separatists from their hideouts.",0.6471408647140865,0.92,0.3305961801830339,0.1344103764885579,0.13576122323011383,0.13307297089665981,0.1344103764885579,0.1317488727127459
llama3.2:3b,CAO6111,V,V,0.92,"{""V"": 0.92, ""B"": 0.02, ""E"": 0.03, ""P"": 0.01, ""R"": 0.02}",0.63,Military Forces of Cameroon (1982-),"Around 24 May 2022, the Cameroonian military shot randomly in Mbve area of Kumbo (Kumbo, Bui, Nord-Ouest). The bullets went through some houses.",0.6471408647140865,0.92,0.3305961801830339,0.1344103764885579,0.13576122323011383,0.13307297089665981,0.1344103764885579,0.1317488727127459
llama3.2:3b,CAO13590,S,V,0.92,"{""V"": 0.92, ""B"": 0.02, ""E"": 0.03, ""P"": 0.01, ""R"": 0.0, ""S"": 0.02}",0.66,Military Forces of Cameroon (1982-) Gendarmerie,"Defusal: On 19 April 2024, gendarmerie forces recovered an IED planted by an Ambazonian Separatist at the Market in Great Soppo (Buea, Fako, Sud-Ouest). The were no fatalities. The Separatist had attempted to detonate the IED on a minister's convoy but nearby civilians alerted the gendarmerie forces and he was arrested.",0.6471408647140865,0.92,0.3305961801830339,0.1344103764885579,0.13576122323011383,0.13307297089665981,0.1317488727127459,0.1344103764885579
llama3.2:3b,CAO4947,S,S,0.85,"{""V"": 0.04, ""B"": 0.03, ""E"": 0.02, ""P"": 0.02, ""R"": 0.04, ""S"": 0.85}",0.65,Military Forces of Cameroon (1982-),"On 13 January 2021, a joint police and military forces operation was conducted in Mudeka village, Tiko subdivision (Fako, Sud-Ouest), resulting in 86 people getting arrested.",0.6166666666666667,0.85,0.13892062516984846,0.13753834185373895,0.13616981248643048,0.13616981248643048,0.13892062516984846,0.3122807828333908
llama3.2:3b,CAO5487,V,V,0.92,"{""V"": 0.92, ""B"": 0.02, ""E"": 0.03, ""P"": 0.01, ""R"": 0.02}",0.61,Military Forces of Cameroon (1982-),"On 16 August 2021, the military forces tortured several civilians, and looted properties during a raid in Bamenda - Chomba village, Bamenda 2 subdivision (Mezam, Nord-Ouest).",0.6471408647140865,0.92,0.3305961801830339,0.1344103764885579,0.13576122323011383,0.13307297089665981,0.1344103764885579,0.1317488727127459
llama3.2:3b,CAO12450,V,V,0.93,"{""V"": 0.93, ""B"": 0.02, ""E"": 0.01, ""P"": 0.0, ""R"": 0.04}",0.64,Ambazonian Separatists (Cameroon),"On 26 July 2023, Ambazonian Separatists shot and killed a civilian in Mezam department, coded to Bamenda (Mezam, Nord-Ouest), after getting in an argument with him. They let another man go who was with the victim after seizing his phone and an unknown amount of money.",0.6471408647140865,0.93,0.3332437531231249,0.13413868313994237,0.13280398094203227,0.13148255925288674,0.13684846428879363,0.13148255925288674
llama3.2:3b,CAO10410,S,E,0.01,"{""E"": 0.99, ""P"": 0.01}",0.46,Military Forces of Cameroon (1982-),"Property destruction: On 7 April 2023, State security forces, coded as the military forces, set fire to 3 civilian houses in Aboh, coded to Fundong (Njinikom, Boyo, Nord-Ouest).",0.0,0.010000000000000002,0.12984846643367523,0.12984846643367523,0.3494526690479928,0.13115346521695664,0.12984846643367523,0.12984846643367523
llama3.2:3b,CAO6584,S,S,0.85,"{""V"": 0.04, ""B"": 0.03, ""E"": 0.02, ""P"": 0.02, ""R"": 0.04, ""S"": 0.85}",0.67,Military Forces of Cameroon (1982-),"On 25 September 2022, Cameroonian security forces arrested at least 60 people in Kourgui (Mora, Mayo-Sava, Extreme-Nord). 30 motorbikes without official documents were seized. The military were looking for armed group members.",0.6166666666666667,0.85,0.13892062516984846,0.13753834185373895,0.13616981248643048,0.13616981248643048,0.13892062516984846,0.3122807828333908
llama3.2:3b,CAO10587,B,B,0.92,"{""V"": 0.02, ""B"": 0.93, ""E"": 0.03, ""P"": 0.0, ""R"": 0.01, ""S"": 0.01}",0.67,Ambazonian Separatists (Cameroon),"On 7 May 2023, Ambazonian Separatists from the Bui Warriors, led by 'General Mad Dog,' engaged in an armed confrontation with state security forces (coded as military) in Njavnyuy, Kumbo commune, coded to Kumbo (Bui, Nord-Ouest). During the attack, the Separatists fired 2 rockets at the base. An unknown number of soldiers were injured.",0.6471408647140865,0.92,0.13414408153800397,0.3332571644850734,0.1354922519708132,0.13148785075550468,0.13280932562513567,0.13280932562513567
llama3.2:3b,CAO4741,V,V,0.92,"{""V"": 0.92, ""B"": 0.02, ""E"": 0.03, ""P"": 0.01, ""R"": 0.02}",0.65,Military Forces of Cameroon (1982-),"On 18 December 2020, the military forces raided Dyeny village, Mbonge subdivision (Meme, Sud-Ouest), resulting in 2 people getting injured and houses burnt down.",0.6471408647140865,0.92,0.3305961801830339,0.1344103764885579,0.13576122323011383,0.13307297089665981,0.1344103764885579,0.1317488727127459
llama3.2:3b,CAO6254,E,E,0.99,"{""V"": 0.01, ""B"": 0.0, ""E"": 0.98, ""P"": 0.0, ""R"": 0.0, ""S"": 0.0}",0.64,Unidentified Armed Group (Cameroon),"On 2 July 2022, an explosive device planted by an unidentified armed group exploded at Mokolo market in Yaounde (Yaounde 1, Mfoundi, Centre) leading to 4 injured, including 2 severely. No fatalities.",0.6471408647140865,0.99,0.13161109174363703,0.13030153950033435,0.3471827502546784,0.13030153950033435,0.13030153950033435,0.13030153950033435
llama3.2:3b,CAO11395,B,E,0.99,"{""V"": 0.01, ""B"": 0.0, ""E"": 0.98, ""P"": 0.0, ""R"": 0.0, ""S"": 0.01}",0.67,Ambazonian Separatists (Cameroon),"On 2 January 2024, the Bui Unity Warriors attacked a military convoy on transit with a road planted IED in Wainamah (Jakiri, Bui, Nord-Ouest). This prompted military to fire repelling gunshots. Casualties unknown.",0.6471408647140865,0.99,0.13143896555144177,0.13013112599236756,0.3467286909196671,0.13013112599236756,0.13013112599236756,0.13143896555144177
llama3.2:3b,CAO8359,B,V,0.92,"{""V"": 0.92, ""B"": 0.02, ""E"": 0.03, ""P"": 0.01, ""R"": 0.02}",0.65,Military Forces of Cameroon (1982-) Rapid Intervention Battalion,"On 4 January 2024, the military forces killed 1 unidentified armed group member in Bourrha (Bourrha, Mayo-Tsanaga, Extreme-Nord). The member was known to abduct civilians. Food items, clothing, bladed weapons and other items were recovered.",0.6471408647140865,0.92,0.3305961801830339,0.1344103764885579,0.13576122323011383,0.13307297089665981,0.1344103764885579,0.1317488727127459
llama3.2:3b,CAO11563,V,V,0.99,"{""V"": 0.99, ""B"": 0.01, ""E"": 0.0, ""P"": 0.0, ""R"": 0.0, ""S"": 0.0}",0.65,Military Forces of Cameroon (1982-),"On 21 June 2023, government forces, coded as military, raped a 12-year-old girl in Atoini, coded to Njinikom (Boyo, Nord-Ouest). No further information is available.",0.6471408647140865,0.99,0.3494526690479928,0.13115346521695664,0.12984846643367523,0.12984846643367523,0.12984846643367523,0.12984846643367523
llama3.2:3b,CAO10080,V,V,0.92,"{""V"": 0.92, ""B"": 0.02, ""E"": 0.03, ""P"": 0.01, ""R"": 0.02}",0.66,Military Forces of Cameroon (1982-),"On 2 February 2023, the state security forces, coded as the military forces beat civilians in Matondo II (Konye, Meme, Sud-Ouest) for an unknown reason. Casualties unknown. The attack caused the displacement of some civilians.",0.6471408647140865,0.92,0.3305961801830339,0.1344103764885579,0.13576122323011383,0.13307297089665981,0.1344103764885579,0.1317488727127459
llama3.2:3b,CAO7398,V,B,0.92,"{""V"": 0.02, ""B"": 0.93, ""E"": 0.03, ""P"": 0.01, ""R"": 0.01}",0.62,Boko Haram - Jamaatu Ahli is-Sunnah lid-Dawati wal-Jihad,"On 18 June 2023, Boko Haram [JAS] militants attacked Gazla, coded to Mora (Mora, Mayo-Sava, Extreme-Nord). 2 were killed and 1 was wounded. The militants looted houses and stole food items.",0.6471408647140865,0.92,0.13414408153800397,0.3332571644850734,0.1354922519708132,0.13280932562513567,0.13280932562513567,0.13148785075550468
llama3.2:3b,CAO15321,S,R,0.83,"{""V"": 0.01, ""B"": 0.02, ""E"": 0.0, ""P"": 0.03, ""R"": 0.92, ""S"": 0.02}",0.66,Boko Haram - Jamaatu Ahli is-Sunnah lid-Dawati wal-Jihad,"Looting: On 12 October 2024, Boko Haram (JAS) (likely) militants looted 2 stores and nearly 20 houses in Ldoubam (Mokolo, Mayo-Tsanaga, Extreme-Nord).",0.42105263157894846,0.83,0.13307297089665981,0.1344103764885579,0.13174887271274593,0.13576122323011383,0.33059618018303394,0.1344103764885579
llama3.2:3b,CAO5584,B,B,0.92,"{""V"": 0.02, ""B"": 0.93, ""E"": 0.03, ""P"": 0.0, ""R"": 0.01, ""S"": 0.01}",0.66,Military Forces of Cameroon (1982-),"On 3 September 2021, military forces engaged in fire fight with Ambazonian separatists in Ekona town, Bangem subdivision (Kupe-Manenguba, Sud-Ouest).There were no fatalities.",0.6471408647140865,0.92,0.13414408153800397,0.3332571644850734,0.1354922519708132,0.13148785075550468,0.13280932562513567,0.13280932562513567
llama3.2:3b,CAO15173,B,B,0.92,"{""V"": 0.01, ""B"": 0.93, ""E"": 0.03, ""P"": 0.02, ""R"": 0.01}",0.59,Ambazonian Separatists (Cameroon),"On 8 August 2024, Ambazonian Separatists from the Restoration Forces faction clashed with the security forces, coded as the military forces in Big Ngwandi (Konye, Meme, Sud-Ouest). The Separatists detonated an IED that killed 2 soldiers and injured 6 others before clashing with security forces. The casualties on the Separatist side are unknown.",0.6471408647140865,0.92,0.13280932562513567,0.3332571644850735,0.1354922519708132,0.134144081538004,0.13280932562513567,0.1314878507555047
llama3.2:3b,CAO5791,V,V,0.92,"{""V"": 0.92, ""B"": 0.02, ""E"": 0.01, ""P"": 0.0, ""R"": 0.03, ""S"": 0.02}",0.67,Ambazonian Separatists (Cameroon),"On 22 December 2021, suspected Ambazonian separatists opened fire on the house of the former Mayor of Mamfe town (Manyu, Sud-Ouest) before burning his house down. They accuse him of denouncing human rights violations allegedly committed by one separatist leader. There were no fatalities.",0.6471408647140865,0.92,0.33059618018303394,0.1344103764885579,0.13307297089665981,0.13174887271274593,0.13576122323011383,0.1344103764885579
llama3.2:3b,CAO7007,V,V,0.92,"{""V"": 0.92, ""B"": 0.02, ""E"": 0.01, ""P"": 0.0, ""R"": 0.03, ""S"": 0.02}",0.66,Military Forces of Cameroon (1982-),"On 29 January 2023, suspected members of the Cameroonian military forces attacked traveling civilians on the Bamenda-Kumbo road, coded to Bamenda (Bamenda 1, Mezam, Nord-Ouest). 2 drivers were killed by the military. The victims were traveling to Jakiri when they were stopped by the soldiers.",0.6471408647140865,0.92,0.33059618018303394,0.1344103764885579,0.13307297089665981,0.13174887271274593,0.13576122323011383,0.1344103764885579
llama3.2:3b,CAO13016,E,E,0.96,"{""V"": 0.02, ""B"": 0.01, ""E"": 0.95, ""P"": 0.0, ""R"": 0.01, ""S"": 0.0}",0.67,Ambazonian Separatists (Cameroon),"On 23 February 2024, an IED planted by Ambazonian Separatists detonated on the military forces in Bamenda - Mankon (Bamenda 2, Mezam, Nord-Ouest). At least 6 soldiers were killed and their military vehicle was damaged.",0.6471408647140865,0.96,0.1337791534013784,0.13244802858413912,0.3390644920697403,0.13113014868013198,0.13244802858413912,0.13113014868013198
llama3.2:3b,CAO9923,V,V,0.99,"{""V"": 0.99, ""B"": 0.01, ""E"": 0.0, ""P"": 0.0, ""R"": 0.0, ""S"": 0.0}",0.66,Military Forces of Cameroon (1982-),"On 20 March 2021, state forces, coded as military, raided the village Bengang located in Batibo (Momo, Nord-Ouest).There was 1 civilian killed.",0.6471408647140865,0.99,0.3494526690479928,0.13115346521695664,0.12984846643367523,0.12984846643367523,0.12984846643367523,0.12984846643367523
llama3.2:3b,CAO3105,B,V,0.92,"{""V"": 0.92, ""B"": 0.02, ""E"": 0.03, ""P"": 0.01, ""R"": 0.0, ""S"": 0.02}",0.74,Ambazonian Separatists (Cameroon),"On 15 March 2020, the Ambazonian separatists killed a civilian when they targeted a soldier who he was transporting to his duty post in Mundemba town (Ndian, Sud-Ouest).",0.6471408647140865,0.92,0.3305961801830339,0.1344103764885579,0.13576122323011383,0.13307297089665981,0.1317488727127459,0.1344103764885579
llama3.2:3b,CAO12465,S,E,0.01,"{""E"": 0.99, ""P"": 0.01}",0.5,Military Forces of Cameroon (1982-),"Property destruction: On 24 July 2023, state security forces (coded as military) set ablaze the traditional house of a village in Belo commune, coded to Oku (Boyo, Nord-Ouest), which had been a secret shrine of 'Beng Aweh.' They also arrested some men, all, with the exception of two, were shortly released.",0.0,0.010000000000000002,0.12984846643367523,0.12984846643367523,0.3494526690479928,0.13115346521695664,0.12984846643367523,0.12984846643367523
llama3.2:3b,CAO5869,B,B,0.92,"{""V"": 0.02, ""B"": 0.93, ""E"": 0.03, ""P"": 0.0, ""R"": 0.01, ""S"": 0.01}",0.67,Islamic State West Africa Province (ISWAP) - Lake Chad Faction,"Around 12 February 2022, ISWAP militants launched an attack targeting a military post of the Multinational Task force in Gasama (Logone-Birni, Logone-et-Chari), causing the killing of ten militants, injury of two soldiers, and the seizure of arms and ammunition.",0.6471408647140865,0.92,0.13414408153800397,0.3332571644850734,0.1354922519708132,0.13148785075550468,0.13280932562513567,0.13280932562513567
llama3.2:3b,CAO13677,V,V,0.92,"{""V"": 0.92, ""B"": 0.02, ""E"": 0.03, ""P"": 0.01, ""R"": 0.02}",0.64,Ambazonian Separatists (Cameroon),"On 16 April 2024, Ambazonian Separatists from the SOCADEF abducted 3 village elders and a traditional ruler from their private residences in Weme (Konye, Meme, Sud-Ouest). The Separatists accused the elders of installing a new traditional council in the village without notifying the Separatists.",0.6471408647140865,0.92,0.3305961801830339,0.1344103764885579,0.13576122323011383,0.13307297089665981,0.1344103764885579,0.1317488727127459
mistral:7b,CAO11875,V,V,0.92,"{""V"": 0.92, ""B"": 0.03, ""E"": 0.01, ""P"": 0.02, ""R"": 0.02, ""S"": 0.0}",0.76,Unidentified Armed Group (Cameroon),"On 24 September 2023, an unidentified armed group shot and killed a bike rider beside a rice farm in Bamunka (Ngo-Ketunjia, Nord-Ouest) after having abducted him. They accused him of impersonating the armed group and extorting money from civilians.",0.53125,0.92,0.33059618018303394,0.13576122323011383,0.13307297089665981,0.1344103764885579,0.1344103764885579,0.13174887271274593
mistral:7b,CAO9055,V,B,0.98,"{""V"": 0.01, ""B"": 0.98, ""E"": 0.0, ""P"": 0.0, ""R"": 0.0, ""S"": 0.01}",0.75,Military Forces of Cameroon (1982-),"On 4 September 2022, military forces shot and killed a man in Besali (Wabane, Lebialem, Sud-Ouest) after he was mistaken for a separatist fighter following an exchange of fire between soldiers and Ambazonia Liberation Army fighters.",0.6486486486486486,0.98,0.13143896555144177,0.3467286909196672,0.13013112599236756,0.13013112599236756,0.13013112599236756,0.13143896555144177
mistral:7b,CAO3117,B,B,0.98,"{""V"": 0.01, ""B"": 0.98, ""E"": 0.0, ""P"": 0.0, ""R"": 0.0, ""S"": 0.01}",0.76,Islamic State West Africa Province (ISWAP) - Lake Chad Faction and/or Boko Haram - Jamaatu Ahli is-Sunnah lid-Dawati wal-Jihad,"On 23 March 2020, Boko Haram were repulsed by the military after staging an attack on the village of Goshikale in Mora subdivision (Mayo-Sava, Extreme-Nord). Militants destroyed the local hospital and looted several houses, taking away 3 motorcycles.",0.6486486486486486,0.98,0.13143896555144177,0.3467286909196672,0.13013112599236756,0.13013112599236756,0.13013112599236756,0.13143896555144177
mistral:7b,CAO13564,B,B,0.98,"{""V"": 0.01, ""B"": 0.98, ""E"": 0.0, ""P"": 0.0, ""R"": 0.0, ""S"": 0.01}",0.78,Military Forces of Cameroon (1982-) Gendarmerie,"On 21 April 2024, gendarmerie officers clashed with Ambazonian Separatists from the Restoration Forces faction at the Separatist hideout in Kouki (Mbven, Bui, Nord-Ouest). There were no fatalities. No information on the injuries.",0.6486486486486486,0.98,0.13143896555144177,0.3467286909196672,0.13013112599236756,0.13013112599236756,0.13013112599236756,0.13143896555144177
mistral:7b,CAO8281,S,E,0.98,"{""V"": 0.01, ""B"": 0.02, ""E"": 0.93, ""P"": 0.01, ""R"": 0.01, ""S"": 0.02}",0.76,Islamic State West Africa Province (ISWAP) and/or Boko Haram - Jamaatu Ahli is-Sunnah lid-Dawati wal-Jihad,"Looting: On 18 December 2023, ISWAP or Boko Haram militants looted 2 houses in Waza (Waza, Logone-et-Chari, Extreme-Nord).",0.6486486486486486,0.98,0.13281287113952805,0.1341476626854084,0.33326606121026564,0.13281287113952805,0.13281287113952805,0.1341476626854084
mistral:7b,CAO10079,S,R,0.82,"{""V"": 0.15, ""B"": 0.03, ""E"": 0.02, ""P"": 0.01, ""R"": 0.82, ""S"": 0.0}",0.78,Civilians (Cameroon),"Displacement: On 2 February 2023, civilians were displaced for fear of retaliation attacks from, the state security forces in Diongo (Dibombari, Moungo, Littoral) after suspected Ambazonian Separatists mounted an illegal checkpoint paralyzing vehicle movement.",0.1546391752577322,0.8200000000000001,0.15505512100774163,0.13752155563941793,0.13615319329773268,0.13479844638883856,0.30301450422905035,0.13345717943691576
mistral:7b,CAO9679,V,V,0.98,"{""V"": 0.98, ""B"": 0.01, ""E"": 0.0, ""P"": 0.0, ""R"": 0.0, ""S"": 0.01}",0.76,Military Forces of Cameroon (1982-),"On 27 June 2022, military forces shot and killed four civilians in Banten (Bui, Nord-Ouest) who were previously arrested on 25 June during a military operation. The circumstances that led to their execution are unclear.",0.6486486486486486,0.98,0.3467286909196672,0.13143896555144177,0.13013112599236756,0.13013112599236756,0.13013112599236756,0.13143896555144177
mistral:7b,CAO5718,V,V,0.92,"{""V"": 0.92, ""B"": 0.03, ""E"": 0.01, ""P"": 0.02, ""R"": 0.02, ""S"": 0.0}",0.76,Military Forces of Cameroon (1982-),"On 16 October 2021, the military forces shot and killed a student in Waindo village, Wum subdivision (Menchum, Nord-Ouest). He was accused of being in possession of a military uniform and some ammunition.",0.53125,0.92,0.33059618018303394,0.13576122323011383,0.13307297089665981,0.1344103764885579,0.1344103764885579,0.13174887271274593
mistral:7b,CAO8534,B,B,0.98,"{""V"": 0.01, ""B"": 0.98, ""E"": 0.0, ""P"": 0.0, ""R"": 0.0, ""S"": 0.01}",0.76,Unidentified Armed Group (Cameroon),"On 21 February 2024, an unidentified armed group clashed with Boko Haram (JAS) (likely) militants in Kouyape (Kolofata, Mayo-Sava, Extreme-Nord). The bodies of 3 militants were found by civilians. The exact circumstances of their death are unknown.",0.6486486486486486,0.98,0.13143896555144177,0.3467286909196672,0.13013112599236756,0.13013112599236756,0.13013112599236756,0.13143896555144177
mistral:7b,CAO4163,V,V,0.98,"{""V"": 0.98, ""B"": 0.01, ""E"": 0.0, ""P"": 0.0, ""R"": 0.0, ""S"": 0.01}",0.76,Military Forces of Cameroon (1982-),"On 12 December 2020, the military forces shot and killed two civilians in Mkpot village, Mamfe subdivision (Manyu, Sud-Ouest).",0.6486486486486486,0.98,0.3467286909196672,0.13143896555144177,0.13013112599236756,0.13013112599236756,0.13013112599236756,0.13143896555144177
mistral:7b,CAO14080,B,B,0.98,"{""V"": 0.01, ""B"": 0.98, ""E"": 0.0, ""P"": 0.0, ""R"": 0.0, ""S"": 0.01}",0.76,Military Forces of Cameroon (1982-) Rapid Intervention Battalion,"On 24 July 2024, the military forces from the Rapid Intervention clashed with Boko Haram (JAS) (likely) militants in Yabogo neighborhood in Amchide (Kolofata, Mayo-Sava, Extreme-Nord). There were no fatalities.",0.6486486486486486,0.98,0.13143896555144177,0.3467286909196672,0.13013112599236756,0.13013112599236756,0.13013112599236756,0.13143896555144177
mistral:7b,CAO13672,V,B,0.98,"{""V"": 0.01, ""B"": 0.98, ""E"": 0.0, ""P"": 0.0, ""R"": 0.0, ""S"": 0.01}",0.76,Ambazonian Separatists (Cameroon),"On 15 April 2024, Ambazonian Separatists from the ADF abducted 4 men and 2 women at a checkpoint in Mambanda (Kumba 2, Meme, Sud-Ouest). The militants also looted 3 motorbikes. The reason for the abduction is not known.",0.6486486486486486,0.98,0.13143896555144177,0.3467286909196672,0.13013112599236756,0.13013112599236756,0.13013112599236756,0.13143896555144177
mistral:7b,CAO3188,V,B,0.98,"{""V"": 0.01, ""B"": 0.98, ""E"": 0.0, ""P"": 0.0, ""R"": 0.0, ""S"": 0.01}",0.71,Military Forces of Cameroon (1982-),"On 16 April 2020, military forces killed three former Ambazonian separatists in Balikumbat town (Ngo-ketunjia, Nord-Ouest).",0.6486486486486486,0.98,0.13143896555144177,0.3467286909196672,0.13013112599236756,0.13013112599236756,0.13013112599236756,0.13143896555144177
mistral:7b,CAO8782,B,B,0.98,"{""V"": 0.01, ""B"": 0.98, ""E"": 0.0, ""P"": 0.0, ""R"": 0.0, ""S"": 0.01}",0.77,Ambazonian Separatists (Cameroon),"On 1 July 2022, suspected Ambazonian Separatist fighters clashed with the military forces in Bambui (Tubah, Mezam, Nord-Ouest). There were no fatalities.",0.6486486486486486,0.98,0.13143896555144177,0.3467286909196672,0.13013112599236756,0.13013112599236756,0.13013112599236756,0.13143896555144177
mistral:7b,CAO7306,B,B,0.98,"{""V"": 0.01, ""B"": 0.98, ""E"": 0.0, ""P"": 0.0, ""R"": 0.0, ""S"": 0.01}",0.77,Military Forces of Cameroon (1982-) Rapid Intervention Battalion,"On 19 May 2023, the military forces of Kerawa (Rapid Intervention) clashed with Boko Haram (JAS) (likely) militants in Balatikse neighborhood in Mayo Moskota (Kolofata, Mayo-Sava, Extreme-Nord). 1 militant was killed while 3 soldiers seriously injured. 2 militants were captured. The military seized some equipment.",0.6486486486486486,0.98,0.13143896555144177,0.3467286909196672,0.13013112599236756,0.13013112599236756,0.13013112599236756,0.13143896555144177
mistral:7b,CAO13551,S,S,0.98,"{""V"": 0.01, ""B"": 0.02, ""E"": 0.01, ""P"": 0.01, ""R"": 0.01, ""S"": 0.94}",0.74,Boko Haram - Jamaatu Ahli is-Sunnah lid-Dawati wal-Jihad,"On 14 June 2024, 11 members of Boko Haram (JAS) (likely) militants surrendered to the military forces in Madakar (Mayo-Moskota, Mayo-Tsanaga, Extreme-Nord).",0.6486486486486486,0.98,0.13254584586201035,0.13387795375923592,0.13254584586201035,0.13254584586201035,0.13254584586201035,0.3359386627923867
mistral:7b,CAO4946,V,E,0.98,"{""V"": 0.01, ""B"": 0.02, ""E"": 0.93, ""P"": 0.01, ""R"": 0.01, ""S"": 0.02}",0.76,Ambazonian Separatists (Cameroon),"On 13 January 2021, Ambazonian separatists kidnapped a truck driver and his assistant in Bukow village, Ndop subdivision (Ngo-Ketunjia, Nord-Ouest).",0.6486486486486486,0.98,0.13281287113952805,0.1341476626854084,0.33326606121026564,0.13281287113952805,0.13281287113952805,0.1341476626854084
mistral:7b,CAO8143,B,B,0.98,"{""V"": 0.01, ""B"": 0.98, ""E"": 0.0, ""P"": 0.0, ""R"": 0.0, ""S"": 0.01}",0.76,Military Forces of Cameroon (1982-) Rapid Intervention Battalion,"On 14 November 2023, the military forces (Rapid Intervention) ambushed Boko Haram (JAS) (likely) militants along the Limani - Goumbouldi road, coded to Limani (Mora, Mayo-Sava, Extreme-Nord). 2 militants were killed, the militants had approached an abandoned civilian truck near where the military forces were parked and the military recovered a weapon.",0.6486486486486486,0.98,0.13143896555144177,0.3467286909196672,0.13013112599236756,0.13013112599236756,0.13013112599236756,0.13143896555144177
mistral:7b,CAO15055,V,V,0.82,"{""V"": 0.82, ""B"": 0.05, ""E"": 0.03, ""P"": 0.01, ""R"": 0.06, ""S"": 0.03}",0.76,Unidentified Armed Group (Cameroon),"Around 17 September 2024 (as reported), an unidentified armed group attacked and killed 1 civilian between Mora and Blabline (Kolofata, Mayo-Sava, Extreme-Nord) for an unknown reason.",0.1546391752577322,0.8200000000000001,0.3045783778187273,0.14102376925510546,0.13823131152857235,0.1354941481697594,0.14244108169895842,0.13823131152857235
mistral:7b,CAO11956,B,B,0.98,"{""V"": 0.01, ""B"": 0.98, ""E"": 0.0, ""P"": 0.0, ""R"": 0.0, ""S"": 0.01}",0.76,Military Forces of Cameroon (1982-) Rapid Intervention Battalion,"On 25 October 2023, military forces from the Rapid Intervention Battalion engaged in an armed confrontation with Ambazonian Separatists in Ngarum (Donga-Mantung, Nord-Ouest). There were no casualties.",0.6486486486486486,0.98,0.13143896555144177,0.3467286909196672,0.13013112599236756,0.13013112599236756,0.13013112599236756,0.13143896555144177
mistral:7b,CAO12511,V,V,0.92,"{""V"": 0.92, ""B"": 0.03, ""E"": 0.01, ""P"": 0.01, ""R"": 0.02, ""S"": 0.01}",0.77,Military Forces of Cameroon (1982-),"On 19 July 2023, state security forces (coded as military) physically assualted 10 men, including the traditional chief and traditional council chairman, whom they had arrested in Nongomadiba (Kupe-Manenguba, Sud-Ouest), injuring them. They were targeted for not acting against Ambazonian Separatists who had buried a woman alive early in the morning (coded separately).",0.53125,0.92,0.33060057961982675,0.13576302988414168,0.13307474177654105,0.13307474177654105,0.13441216516607782,0.13307474177654105
mistral:7b,CAO4776,S,R,0.92,"{""V"": 0.03, ""B"": 0.01, ""E"": 0.02, ""P"": 0.04, ""R"": 0.92, ""S"": 0.0}",0.75,Military Forces of Cameroon (1982-),"Looting: Around 15 July 2020 (month of), the military forces raided Bengang village, Batibo subdivision (Momo, Nord-Ouest). They shot in the air, and then looted property.",0.53125,0.92,0.135393593106663,0.1327126203373857,0.1340464043459542,0.13675432133951082,0.3297009531687114,0.1313921077014452
mistral:7b,CAO12845,V,R,0.82,"{""V"": 0.15, ""B"": 0.03, ""E"": 0.01, ""P"": 0.01, ""R"": 0.82, ""S"": 0.0}",0.78,Ambazonian Separatists (Cameroon),"On 9 December 2021, suspected Ambazonian separatist fighters killed a Fulani pastoralist at 3 Corners near Ntumbaw (Ndu, Donga-Mantung, Nord-Ouest). In retaliation, local Fulanis set ablaze more than 15 houses, and killed a bike who transported a uniformed officer to the scene [Coded as a separate event].",0.1546391752577322,0.8200000000000001,0.15526546641843,0.1377081152829271,0.13498131190389884,0.13498131190389884,0.30342556908084206,0.13363822540969963
mistral:7b,CAO11075,B,B,0.98,"{""V"": 0.01, ""B"": 0.98, ""E"": 0.0, ""P"": 0.0, ""R"": 0.0, ""S"": 0.01}",0.76,Military Forces of Cameroon (1982-),"On 23 November 2023, the military forces ambushed Ambazonian Separatists from the Restoration Forces onboard a motorcycle in Konye (Konye, Meme, Sud-Ouest). The military forces members shot and injured one.",0.6486486486486486,0.98,0.13143896555144177,0.3467286909196672,0.13013112599236756,0.13013112599236756,0.13013112599236756,0.13143896555144177
mistral:7b,CAO13652,V,R,0.92,"{""V"": 0.05, ""B"": 0.03, ""E"": 0.01, ""P"": 0.01, ""R"": 0.92, ""S"": 0.08}",0.78,Military Forces of Cameroon (1982-) Rapid Intervention Battalion,"On 13 April 2024, state security forces, coded as the military forces from the Rapid Intervention, beat and injured a dump truck driver and 2 other civilians on the main road in Mile 15 Buea (Buea, Fako, Sud-Ouest) after the dump truck blocked the road and delayed their convoy traveling to Buea center. There were no fatalities.",0.53125,0.92,0.13662801892541196,0.13392260288721905,0.13127075767583954,0.13127075767583954,0.32611890126858606,0.14078896156677764
mistral:7b,CAO9051,V,V,0.94,"{""V"": 0.94, ""B"": 0.03, ""E"": 0.01, ""P"": 0.01, ""R"": 0.01, ""S"": 0.0}",0.76,Military Forces of Cameroon (1982-),"On 23 May 2022, military forces killed a man at the Finance Junction in Bamenda city (Bamenda 1, Mezam, Nord-Ouest). Locals in the early hours of the morning discovered the dead body dumped by the road.",0.6486486486486479,0.9400000000000001,0.3359297127507557,0.13521984695484018,0.13254231458987684,0.13254231458987684,0.13254231458987684,0.13122349652443752
mistral:7b,CAO10854,B,B,0.98,"{""V"": 0.01, ""B"": 0.98, ""E"": 0.0, ""P"": 0.0, ""R"": 0.0, ""S"": 0.01}",0.77,Military Forces of Cameroon (1982-),"On 18 December 2023, the military forces attacked Ambazonian Separatists leading to a clash in Bai Panya (Kumba 1, Meme, Sud-Ouest). Two Ambazonian Separatists were killed and four others arrested.",0.6486486486486486,0.98,0.13143896555144177,0.3467286909196672,0.13013112599236756,0.13013112599236756,0.13013112599236756,0.13143896555144177
mistral:7b,CAO8295,S,E,0.98,"{""V"": 0.01, ""B"": 0.02, ""E"": 0.93, ""P"": 0.01, ""R"": 0.01, ""S"": 0.02}",0.75,Military Forces of Cameroon (1982-) Rapid Intervention Battalion,"Defusal: Around 27 December 2023 (as reported), the military forces (Rapid Intervention) defused an IED that was planted by an unidentified armed group on the road in Kumba (Ekondo Titi, Ndian, Sud-Ouest).",0.6486486486486486,0.98,0.13281287113952805,0.1341476626854084,0.33326606121026564,0.13281287113952805,0.13281287113952805,0.1341476626854084
mistral:7b,CAO10551,B,B,0.98,"{""V"": 0.01, ""B"": 0.98, ""E"": 0.0, ""P"": 0.0, ""R"": 0.0, ""S"": 0.01}",0.75,Military Forces of Cameroon (1982-),"On 15 September 2022, state security forces, coded as military, clashed with Ambazonian Separatists around Kosala and Fiango, coded to Fiango (Meme, Sud-Ouest). Casualties unknown.",0.6486486486486486,0.98,0.13143896555144177,0.3467286909196672,0.13013112599236756,0.13013112599236756,0.13013112599236756,0.13143896555144177
mistral:7b,CAO12982,E,E,0.98,"{""V"": 0.01, ""B"": 0.02, ""E"": 0.93, ""P"": 0.01, ""R"": 0.01, ""S"": 0.02}",0.76,Unidentified Armed Group (Cameroon),"On 9 April 2024, an IED planted by an unidentified armed group detonated on members of self-defence militia in Tourou (Mokolo, Mayo-Tsanaga, Extreme-Nord). A self-defence militia member was killed when they stepped on an IED when it detonated.",0.6486486486486486,0.98,0.13281287113952805,0.1341476626854084,0.33326606121026564,0.13281287113952805,0.13281287113952805,0.1341476626854084
mistral:7b,CAO4198,V,E,0.98,"{""V"": 0.01, ""B"": 0.02, ""E"": 0.93, ""P"": 0.01, ""R"": 0.01, ""S"": 0.02}",0.71,Ambazonian Separatists (Cameroon),"On 7 January 2021, suspected Ambazonian separatists kidnapped between 6 and 7 students in Mulang neighborhood of Bamenda town (Mezam, Nord-Ouest).",0.6486486486486486,0.98,0.13281287113952805,0.1341476626854084,0.33326606121026564,0.13281287113952805,0.13281287113952805,0.1341476626854084
mistral:7b,CAO12441,V,B,0.98,"{""V"": 0.01, ""B"": 0.98, ""E"": 0.0, ""P"": 0.0, ""R"": 0.0, ""S"": 0.01}",0.78,Military Forces of Cameroon (1982-),"Around 28 July 2023 (as reported), state security forces shot and killed two Ambazonian Separatists in Kumbo commune, coded to Kumbo (Bui, Nord-Ouest) whom they had captured on 28 July (coded separately).",0.6486486486486486,0.98,0.13143896555144177,0.3467286909196672,0.13013112599236756,0.13013112599236756,0.13013112599236756,0.13143896555144177
mistral:7b,CAO14598,B,B,0.98,"{""V"": 0.01, ""B"": 0.98, ""E"": 0.0, ""P"": 0.0, ""R"": 0.0, ""S"": 0.01}",0.76,Military Forces of Cameroon (1982-) Rapid Intervention Battalion,"On 28 August 2024, the military forces from the Rapid Intervention clashed with the Boko Haram (JAS) (likely) militants around Amchide (Kolofata, Mayo-Sava, Extreme-Nord). Casualties unknown. The militants stole a motorbike from a civilian and the military forces chased them until the militants abandoned the motorbike.",0.6486486486486486,0.98,0.13143896555144177,0.3467286909196672,0.13013112599236756,0.13013112599236756,0.13013112599236756,0.13143896555144177
mistral:7b,CAO8757,S,E,0.98,"{""V"": 0.01, ""B"": 0.02, ""E"": 0.93, ""P"": 0.01, ""R"": 0.01, ""S"": 0.02}",0.74,Unidentified Armed Group (Cameroon),"Looting: Around 17 March 2024 (as reported), an unidentified armed group suspected of being ISWAP or Boko Haram militants looted food items, clothing and 1 bicycle in Ganse (Kolofata, Mayo-Sava, Extreme-Nord).",0.6486486486486486,0.98,0.13281287113952805,0.1341476626854084,0.33326606121026564,0.13281287113952805,0.13281287113952805,0.1341476626854084
mistral:7b,CAO3886,B,B,0.98,"{""V"": 0.01, ""B"": 0.98, ""E"": 0.0, ""P"": 0.0, ""R"": 0.0, ""S"": 0.01}",0.77,Military Forces of Cameroon (1982-),"On 17 August 2020, the military forces engaged in a fire fight with Ambazonian separatists in Makanga village, Muyuka subdivision (Fako, Sud-Ouest). 1 person was killed, and another arrested.",0.6486486486486486,0.98,0.13143896555144177,0.3467286909196672,0.13013112599236756,0.13013112599236756,0.13013112599236756,0.13143896555144177
mistral:7b,CAO14603,V,B,0.98,"{""V"": 0.01, ""B"": 0.98, ""E"": 0.0, ""P"": 0.0, ""R"": 0.0, ""S"": 0.01}",0.77,Ambazonian Separatists (Cameroon),"On 30 June 2024, Ambazonian Separatists beat and injured a commercial motorbike driver and abducted 4 suspected government officials in Bambui (Tubah, Mezam, Nord-Ouest). The Separatists looted the motorbike from the commercial motorbike driver and used it to transport the abducted. The motorbike was later found abandoned and recovered by the military forces.",0.6486486486486486,0.98,0.13143896555144177,0.3467286909196672,0.13013112599236756,0.13013112599236756,0.13013112599236756,0.13143896555144177
mistral:7b,CAO13493,V,E,0.98,"{""V"": 0.01, ""B"": 0.02, ""E"": 0.95, ""P"": 0.0, ""R"": 0.01, ""S"": 0.01}",0.75,Boko Haram - Jamaatu Ahli is-Sunnah lid-Dawati wal-Jihad,"On 20 May 2024, Boko Haram (JAS) (likely) militants slit the throat and killed a civilian between Kordo and Lelede, coded to Kordo (Kolofata, Mayo-Sava, Extreme-Nord). He had been abducted by the militants the previous day (coded as a separate event).",0.6486486486486486,0.98,0.1322737077229026,0.13360308058636017,0.33861823390414764,0.13095756234044575,0.1322737077229026,0.1322737077229026
mistral:7b,CAO6461,B,B,0.98,"{""V"": 0.01, ""B"": 0.98, ""E"": 0.0, ""P"": 0.0, ""R"": 0.0, ""S"": 0.01}",0.77,Ambazonian Separatists (Cameroon),"On 17 August 2022, Ambazonian separatists clashed with the Cameroonian military forces in Tinta (Akwaya, Manyu, Sud-Ouest) leading to the death of 3. Unclarity if the fatalities are of civilian or separatist fighters. The clashes also resulted in the destruction of several buildings, including a primary school. Civilians fled the fighting into the bushes.",0.6486486486486486,0.98,0.13143896555144177,0.3467286909196672,0.13013112599236756,0.13013112599236756,0.13013112599236756,0.13143896555144177
mistral:7b,CAO13869,R,R,0.78,"{""V"": 0.12, ""B"": 0.05, ""E"": 0.03, ""P"": 0.01, ""R"": 0.78, ""S"": 0.01}",0.77,Rioters (Cameroon),"Around 29 June 2024 (as reported), youth from Ndoumba Kanda clashed with Belabo youths, coded to Belabo (Belabo, Lom-et-Djerem, Est) during a wake for unknown reasons. Casualties unknown.",0.11764705882352941,0.78,0.15214249472127492,0.14185672182319012,0.1390477705307364,0.13629444020048995,0.29436413252352434,0.13629444020048995
mistral:7b,CAO4334,B,B,0.98,"{""V"": 0.01, ""B"": 0.98, ""E"": 0.0, ""P"": 0.0, ""R"": 0.0, ""S"": 0.01}",0.72,Ambazonian Separatists (Cameroon),"On 4 February 2021, the military forces engaged in a fire fight with Ambazonian separatists in Mbalangi village (Meme, Sud-Ouest), as they tried to remove a road blockade erected by separatists in order to enforce a lockdown in the area. No fatality and/or casualty reported.",0.6486486486486486,0.98,0.13143896555144177,0.3467286909196672,0.13013112599236756,0.13013112599236756,0.13013112599236756,0.13143896555144177
mistral:7b,CAO6445,B,B,0.98,"{""V"": 0.01, ""B"": 0.98, ""E"": 0.0, ""P"": 0.0, ""R"": 0.0, ""S"": 0.01}",0.77,Islamic State West Africa Province (ISWAP) - Lake Chad Faction and/or Boko Haram - Jamaatu Ahli is-Sunnah lid-Dawati wal-Jihad,"On 25 September 2021, ISWAP or Boko Haram fighters ambushed the Cameroonian military camp in Sagme (Makary, Logone-et-Chari, Extreme-Nord) leading to the death of 2. The fighters stole weapons and ammunition and burnt the camp and military vehicles.",0.6486486486486486,0.98,0.13143896555144177,0.3467286909196672,0.13013112599236756,0.13013112599236756,0.13013112599236756,0.13143896555144177
mistral:7b,CAO6236,B,B,0.98,"{""V"": 0.01, ""B"": 0.98, ""E"": 0.0, ""P"": 0.0, ""R"": 0.0, ""S"": 0.01}",0.71,Boko Haram - Jamaatu Ahli is-Sunnah lid-Dawati wal-Jihad,"On 15 June 2022, suspected Boko Haram (JAS) (likely) clashed with Cameroonian military Forces and MNJTF in Limani (Mora, Mayo-Sava, Extreme-Nord), unknown fatalities, coded to 3.",0.6486486486486486,0.98,0.13143896555144177,0.3467286909196672,0.13013112599236756,0.13013112599236756,0.13013112599236756,0.13143896555144177
mistral:7b,CAO7298,V,S,0.82,"{""V"": 0.1, ""B"": 0.05, ""E"": 0.02, ""P"": 0.01, ""R"": 0.01, ""S"": 0.82}",0.7,Islamic State West Africa Province (ISWAP) and/or Boko Haram - Jamaatu Ahli is-Sunnah lid-Dawati wal-Jihad,"On 15 May 2023, ISWAP or Boko Haram militants abducted 2 herders in Zigague (Waza, Logone-et-Chari, Extreme-Nord) and stole a head of oxen. The herders and the oxen were freed when the militants spotted the security forces who had been following them.",0.1546391752577322,0.8200000000000001,0.14800252786730853,0.14078435940787076,0.13662355278085608,0.13526412571690724,0.13526412571690724,0.3040613085098461
mistral:7b,CAO12794,S,R,0.92,"{""V"": 0.05, ""B"": 0.01, ""E"": 0.03, ""P"": 0.02, ""R"": 0.92, ""S"": 0.0}",0.77,Military Forces of Cameroon (1982-),"Property destruction: On 18 March 2022, suspected military forces burnt down 2 shops in Ndop (Ndop, Ngo-Ketunjia, Nord-Ouest) for failing to open their stores on Mondays. The Ambazonian Separatist fighters had imposed lockdown Mondays.",0.53125,0.92,0.13793914104174282,0.13253046995864928,0.13520776304618973,0.13386242332547704,0.3292484328783519,0.13121176974925983
mistral:7b,CAO2846,B,B,0.98,"{""V"": 0.01, ""B"": 0.98, ""E"": 0.0, ""P"": 0.0, ""R"": 0.0, ""S"": 0.01}",0.71,Military Forces of Cameroon (1982-),"On 14 January 2020, the military forces engaged in a fire fight with Ambazonian separatists in Peng village, Tombel subdivision (Kupe-Manenguba, Sud-Ouest) [coded: Tombel]. Two civilians were killed after they were reportedly flagged as Ambazonian fighters.",0.6486486486486486,0.98,0.13143896555144177,0.3467286909196672,0.13013112599236756,0.13013112599236756,0.13013112599236756,0.13143896555144177
mistral:7b,CAO4930,V,B,0.98,"{""V"": 0.01, ""B"": 0.98, ""E"": 0.0, ""P"": 0.0, ""R"": 0.0, ""S"": 0.01}",0.77,Ambazonian Separatists (Cameroon),"On 21 November 2020, Ambazonian separatists kidnapped a retired military officer from his home in Mankon town, Bamenda 2 subdivision (Bamenda - Mankon, Mezam, Nord-Ouest).",0.6486486486486486,0.98,0.13143896555144177,0.3467286909196672,0.13013112599236756,0.13013112599236756,0.13013112599236756,0.13143896555144177
mistral:7b,CAO3670,S,S,0.87,"{""V"": 0.02, ""B"": 0.01, ""E"": 0.01, ""P"": 0.03, ""R"": 0.04, ""S"": 0.87}",0.79,Military Forces of Cameroon (1982-) Gendarmerie,"Around 14 September 2020 (as reported), the gendarmerie and police forces arrested 'over a dozen' civilians in Moloundou town (Boumba-Et-Ngoko, Est) for not having national ID cards.",0.30303030303030304,0.8700000000000001,0.1360544582990965,0.13470069381985358,0.13470069381985358,0.13742182833754837,0.1388029406733526,0.3183193850499771
mistral:7b,CAO15919,V,V,0.98,"{""V"": 0.98, ""B"": 0.01, ""E"": 0.0, ""P"": 0.0, ""R"": 0.0, ""S"": 0.01}",0.75,Military Forces of Cameroon (1982-) Rapid Intervention Battalion,"On 10 October 2024, the military forces from the Rapid Intervention shot and killed 7 civilians at their private residences in Mbomboko in the Buea subdivision (Buea, Fako, Sud-Ouest), mistakenly believing them to be Ambazonian Separatists.",0.6486486486486486,0.98,0.3467286909196672,0.13143896555144177,0.13013112599236756,0.13013112599236756,0.13013112599236756,0.13143896555144177
mistral:7b,CAO13492,V,E,0.98,"{""V"": 0.01, ""B"": 0.02, ""E"": 0.95, ""P"": 0.0, ""R"": 0.0, ""S"": 0.02}",0.71,Boko Haram - Jamaatu Ahli is-Sunnah lid-Dawati wal-Jihad,"On 20 May 2024, Boko Haram (JAS) (likely) militants attacked and killed a civilian along the Limani - Mora road, coded to Limani (Mora, Mayo-Sava, Extreme-Nord).",0.6486486486486486,0.98,0.13227195809808992,0.1336013133775258,0.3386137548971382,0.13095583012469084,0.13095583012469084,0.1336013133775258
mistral:7b,CAO9846,S,R,0.82,"{""V"": 0.1, ""B"": 0.05, ""E"": 0.03, ""P"": 0.02, ""R"": 0.82, ""S"": 0.0}",0.72,Ambazonian Separatists (Cameroon),"Looting: On 25 November 2022, Ambazonian Separatists abducted the body of a deceased person in Kai, Mbengwi commune, coded to Mbengwi (Momo, Nord-Ouest). The group accused the family of the deceased of not supporting the struggle against the military. They later released the dead body after the family had paid an unspecified amount of money.",0.1546391752577322,0.8200000000000001,0.14779758935651802,0.1405894158661935,0.13780555891301458,0.13643437069154124,0.3036402760271382,0.1337327891452908
mistral:7b,CAO9206,V,V,0.92,"{""V"": 0.92, ""B"": 0.04, ""E"": 0.01, ""P"": 0.01, ""R"": 0.01, ""S"": 0.01}",0.76,Military Forces of Cameroon (1982-),"On 11 March 2023, state security forces coded as military forces shot and wounded two civilians at Ashing, coded to Oku (Boyo, Nord-Ouest) after they shot into the air as they approached a spot where Ambazonian Separatists launched attacks from. The victims were hit by stray bullets and hospitalized.",0.53125,0.92,0.3305916477791031,0.13712376624342817,0.1330711464942846,0.1330711464942846,0.1330711464942846,0.1330711464942846
mistral:7b,CAO3384,B,B,0.98,"{""V"": 0.01, ""B"": 0.98, ""E"": 0.0, ""P"": 0.0, ""R"": 0.0, ""S"": 0.01}",0.76,Military Forces of Cameroon (1982-),"On 14 June 2020, the military forces engaged in fire fights with Ambazonian separatists in Bamenda town (Mezam, Nord-Ouest). No fatality and/or casualty reported.",0.6486486486486486,0.98,0.13143896555144177,0.3467286909196672,0.13013112599236756,0.13013112599236756,0.13013112599236756,0.13143896555144177
mistral:7b,CAO3727,S,S,0.82,"{""V"": 0.1, ""B"": 0.05, ""E"": 0.03, ""P"": 0.01, ""R"": 0.02, ""S"": 0.82}",0.76,Military Forces of Cameroon (1982-),"On 1 October 2020, the military forces destroyed buildings in Akum town (Mezam, Nord-Ouest), in retaliation for writings on a vehicle that supported the separatists. No fatality and/or casualty reported.",0.1546391752577322,0.8200000000000001,0.14759921057470474,0.1404007121317361,0.13762059176285138,0.1348955214656375,0.13625124399527314,0.3032327200694939
mistral:7b,CAO11453,S,B,0.92,"{""V"": 0.03, ""B"": 0.92, ""E"": 0.01, ""P"": 0.01, ""R"": 0.01, ""S"": 0.02}",0.79,Military Forces of Cameroon (1982-),"Other: On 5 July 2023, state security forces, coded as military forces, fired warning shots into the air at their base in Waindo, coded to Wum (Menchum, Nord-Ouest) after they received news that their colleague was murdered by Ambazonian Separatists at Belo.",0.53125,0.92,0.13576302988414168,0.33060057961982675,0.13307474177654105,0.13307474177654105,0.13307474177654105,0.13441216516607782
mistral:7b,CAO3758,V,B,0.9,"{""V"": 0.05, ""B"": 0.9, ""E"": 0.01, ""P"": 0.02, ""R"": 0.01, ""S"": 0.01}",0.76,Ambazonian Separatists (Cameroon),"Around 11 October 2020 (as reported), Ambazonian separatists kidnapped 3 Mbororo ethnic men in Ngarbuh village, near Nkambe (Donga-Mantung, Nord-Ouest). They are suspected to be involved in the killing of a separatist fighter on October 10.",0.30303030303030304,0.8999999999999999,0.13903447530719207,0.3252915724616538,0.1335828555532346,0.13492538557112488,0.1335828555532346,0.1335828555532346
mistral:7b,CAO13380,B,B,0.98,"{""V"": 0.01, ""B"": 0.98, ""E"": 0.0, ""P"": 0.0, ""R"": 0.0, ""S"": 0.01}",0.77,Military Forces of Cameroon (1982-),"On 4 April 2024, the security forces, coded as the military forces shot and killed an unknown Separatist commander at the market in Agyati (Bafut, Mezam, Nord-Ouest). The Separatist tried to escape leading to the military forces shooting him. He died of his injuries.",0.6486486486486486,0.98,0.13143896555144177,0.3467286909196672,0.13013112599236756,0.13013112599236756,0.13013112599236756,0.13143896555144177
mistral:7b,CAO4585,V,E,0.98,"{""V"": 0.01, ""B"": 0.02, ""E"": 0.93, ""P"": 0.01, ""R"": 0.01, ""S"": 0.02}",0.73,Islamic State West Africa Province (ISWAP) - Lake Chad Faction and/or Boko Haram - Jamaatu Ahli is-Sunnah lid-Dawati wal-Jihad,"On 26 April 2021, suspected Boko Haram fighters attacked Takoudele village, Kourgui town, Mora subdivision (Mayo-Sava, Extreme-Nord). They kidnapped a young girl, and took away goods. No fatality and/or casualty reported.",0.6486486486486486,0.98,0.13281287113952805,0.1341476626854084,0.33326606121026564,0.13281287113952805,0.13281287113952805,0.1341476626854084
mistral:7b,CAO10717,B,B,0.98,"{""V"": 0.01, ""B"": 0.98, ""E"": 0.0, ""P"": 0.0, ""R"": 0.0, ""S"": 0.01}",0.77,Ambazonian Separatists (Cameroon),"On 25 May 2023, Ambazonian Separatists and state security forces, coded as military forces, engaged in an armed clash at Melim (Bui, Nord-Ouest) after the separatists detonated an IED which partially destroyed one of the security forces' vehicles. Casualties are unknown.",0.6486486486486486,0.98,0.13143896555144177,0.3467286909196672,0.13013112599236756,0.13013112599236756,0.13013112599236756,0.13143896555144177
mistral:7b,CAO4525,B,B,0.98,"{""V"": 0.01, ""B"": 0.98, ""E"": 0.0, ""P"": 0.0, ""R"": 0.0, ""S"": 0.01}",0.75,Islamic State West Africa Province (ISWAP) - Lake Chad Faction and/or Boko Haram - Jamaatu Ahli is-Sunnah lid-Dawati wal-Jihad,"On 4 April 2021, Boko Haram fighters attacked and tortured a group of local vigilance militiamen in Mahoula village, Mora subdivision (Mayo-Sava, Extreme-Nord), killing two of them.",0.6486486486486486,0.98,0.13143896555144177,0.3467286909196672,0.13013112599236756,0.13013112599236756,0.13013112599236756,0.13143896555144177
mistral:7b,CAO10405,B,B,0.98,"{""V"": 0.01, ""B"": 0.98, ""E"": 0.0, ""P"": 0.0, ""R"": 0.0, ""S"": 0.01}",0.76,Military Forces of Cameroon (1982-),"On 8 April 2023, the State security forces, coded as the military force, clashed with the Ambazonian Separatists in Batibo (Batibo, Momo, Nord-Ouest). There were no fatalities. During the operation, the military forces arrested about 30 civilians from several villages and moved them to their base.",0.6486486486486486,0.98,0.13143896555144177,0.3467286909196672,0.13013112599236756,0.13013112599236756,0.13013112599236756,0.13143896555144177
mistral:7b,CAO10613,S,R,0.92,"{""V"": 0.03, ""B"": 0.01, ""E"": 0.01, ""P"": 0.04, ""R"": 0.92, ""S"": 0.02}",0.73,Ambazonian Separatists (Cameroon),"Looting: On 10 May 2023, Ambazonian Separatists from the Restoration Forces extorted money amounting to 200,000 FCFA from a civilian whom they imposed as the new traditional chief in Makwe, Upper Bayang commune, coded to Tinto (Manyu, Sud-Ouest). They also forced the civilians to buy a motorcycle for the man to 'support his reign.' The legal leader fled to Mamfe when the Separatists demanded 500,000 FCFA from him.",0.53125,0.92,0.13521503993785583,0.13253760275820622,0.13253760275820622,0.13657397368152374,0.3292661530530173,0.13386962781086129
mistral:7b,CAO4669,V,V,0.92,"{""V"": 0.92, ""B"": 0.03, ""E"": 0.01, ""P"": 0.02, ""R"": 0.02, ""S"": 0.0}",0.76,Military Forces of Cameroon (1982-),"Around 15 May 2020 (month of), the military forces raided Njembo village, Mbengwi town, Mbeggwi subdivision (Momo, Nord-Ouest), killing one person.",0.53125,0.92,0.33059618018303394,0.13576122323011383,0.13307297089665981,0.1344103764885579,0.1344103764885579,0.13174887271274593
mistral:7b,CAO4298,B,V,0.98,"{""V"": 0.98, ""B"": 0.01, ""E"": 0.0, ""P"": 0.0, ""R"": 0.0, ""S"": 0.01}",0.76,Military Forces of Cameroon (1982-),"On 23 January 2021, the military forces engaged in fire fights with Ambazonian separatists in Mulang and Meta neighborhood of Bamenda town, Bamenda 2 subdivision (Mezam, Nord-Ouest). Four civilians were killed, reportedly by the military forces.",0.6486486486486486,0.98,0.3467286909196672,0.13143896555144177,0.13013112599236756,0.13013112599236756,0.13013112599236756,0.13143896555144177
mistral:7b,CAO8775,E,E,0.98,"{""V"": 0.01, ""B"": 0.02, ""E"": 0.95, ""P"": 0.01, ""R"": 0.01, ""S"": 0.0}",0.78,Unidentified Armed Group (Cameroon),"On 17 March 2024, an IED planted by an unidentified armed group detonated on military forces along the Zeleved - Dzamadzaf road, coded to Zelevet (Mayo-Moskota, Mayo-Tsanaga, Extreme-Nord). There were no fatalities and 2 militants were injured.",0.6486486486486486,0.98,0.1322737077229026,0.13360308058636017,0.33861823390414764,0.1322737077229026,0.1322737077229026,0.13095756234044575
mistral:7b,CAO14650,V,V,0.82,"{""V"": 0.82, ""B"": 0.05, ""E"": 0.03, ""P"": 0.01, ""R"": 0.02, ""S"": 0.07}",0.76,Unidentified Armed Group (Cameroon),"On 24 August 2024, an unidentified armed group shot and injured 1 plantation owner who tried to flee an abduction in Sirbia (Touboro, Mayo-Rey, Nord). The plantation owner escaped. 2 other civilians were abducted. The reason for the abduction is not known.",0.1546391752577322,0.8200000000000001,0.3045612821422165,0.1410158537334693,0.13822355274476608,0.13548654302016602,0.136848205415175,0.14386456294390237
mistral:7b,CAO9309,V,V,0.92,"{""V"": 0.92, ""B"": 0.03, ""E"": 0.01, ""P"": 0.02, ""R"": 0.01, ""S"": 0.01}",0.77,Ambazonian Separatists (Cameroon),"On 13 February 2023, Ambazonian Separatists shot a male motorbike rider in his legs near Azire New Church in Bamenda (Mezam, Nord-Ouest) before taking his bike away. He was accused of violating the Monday ghost town. No information on the status of the victim.",0.53125,0.92,0.33060057961982675,0.13576302988414168,0.13307474177654105,0.13441216516607782,0.13307474177654105,0.13307474177654105
mistral:7b,CAO14584,S,E,0.98,"{""V"": 0.01, ""B"": 0.02, ""E"": 0.93, ""P"": 0.01, ""R"": 0.01, ""S"": 0.02}",0.76,Boko Haram - Jamaatu Ahli is-Sunnah lid-Dawati wal-Jihad,"Looting: On 21 August 2024, Boko Haram (JAS) (likely) militants looted 1 motorbike and goods along the Amchide - Ganse road in Guederou (Kolofata, Mayo-Sava, Extreme-Nord).",0.6486486486486486,0.98,0.13281287113952805,0.1341476626854084,0.33326606121026564,0.13281287113952805,0.13281287113952805,0.1341476626854084
mistral:7b,CAO7763,S,S,0.87,"{""V"": 0.05, ""B"": 0.12, ""E"": 0.03, ""P"": 0.01, ""R"": 0.04, ""S"": 0.75}",0.76,Military Forces of Cameroon (1982-) Gendarmerie,"On 3 September 2023, the gendarmerie arrested a suspected former ISWAP or Boko Haram militant leader in Banki (Menoua, Ouest).",0.30303030303030304,0.8700000000000001,0.142504975706834,0.15283775231501281,0.13968318812745006,0.13691727568578446,0.1410870275069802,0.2869697806576514
mistral:7b,CAO7437,V,V,0.98,"{""V"": 0.98, ""B"": 0.01, ""E"": 0.0, ""P"": 0.0, ""R"": 0.0, ""S"": 0.01}",0.76,Military Forces of Cameroon (1982-),"On 25 June 2023, the military forces attacked civilians in Kumba (Ekondo Titi, Ndian, Sud-Ouest). 1 civilian was killed. The victim had challenged a gendarmerie officer to lawfully present a warrant authorizing him to arrest another civilian when the officer shot him at close range in the chest and the other civilian was injured.",0.6486486486486486,0.98,0.3467286909196672,0.13143896555144177,0.13013112599236756,0.13013112599236756,0.13013112599236756,0.13143896555144177
mistral:7b,CAO9421,S,V,0.78,"{""V"": 0.78, ""B"": 0.12, ""E"": 0.05, ""P"": 0.03, ""R"": 0.02, ""S"": 0.02}",0.76,Military Forces of Cameroon (1982-),"Other: On 15 September 2022, the military forces fired gunshots under unclear circumstances at GRA quarter in Mbengwi (Momo, Nord-Ouest).",0.11764705882352941,0.78,0.29355990643269203,0.15172682939299523,0.14146915803995294,0.13866788102458555,0.13728811255474035,0.13728811255474035
mistral:7b,CAO6502,S,E,0.98,"{""V"": 0.01, ""B"": 0.02, ""E"": 0.95, ""P"": 0.01, ""R"": 0.01, ""S"": 0.0}",0.7,Boko Haram - Jamaatu Ahli is-Sunnah lid-Dawati wal-Jihad,"Looting: On 24 August 2022, Boko Haram (JAS) (likely) fighters entered Madakar (Mayo-Moskota, Mayo-Tsanaga, Extreme-Nord) and stole 22 livestock. The Cameroonian military forces returned 175 livestock to their owners.",0.6486486486486486,0.98,0.1322737077229026,0.13360308058636017,0.33861823390414764,0.1322737077229026,0.1322737077229026,0.13095756234044575
mistral:7b,CAO15428,V,E,0.98,"{""V"": 0.01, ""B"": 0.02, ""E"": 0.93, ""P"": 0.01, ""R"": 0.01, ""S"": 0.02}",0.76,Military Forces of Cameroon (1982-),"On 25 August 2024, security forces, coded as the military forces, beat and injured a group of 15 civilians along the main road in Ashing (Belo, Boyo, Nord-Ouest) accusing them of leaving a bag they suspected of carrying items used to manufacture IEDs near the military minor base.",0.6486486486486486,0.98,0.13281287113952805,0.1341476626854084,0.33326606121026564,0.13281287113952805,0.13281287113952805,0.1341476626854084
mistral:7b,CAO8495,B,S,0.87,"{""V"": 0.02, ""B"": 0.15, ""E"": 0.03, ""P"": 0.01, ""R"": 0.04, ""S"": 0.87}",0.78,Military Forces of Cameroon (1982-) Rapid Intervention Battalion,"On 6 February 2024, the military forces (Rapid Intervention) and the gendarmerie fired warning shots in the air at the outpost in Fotokol (Fotokol, Logone-et-Chari, Extreme-Nord) to drive back suspected ISWAP or Boko Haram militants. There were no fatalities.",0.30303030303030304,0.8700000000000001,0.1333550866397923,0.15186855772610952,0.1346953275420459,0.13202818135733227,0.13604903808930022,0.3120038086451078
mistral:7b,CAO13440,B,B,0.98,"{""V"": 0.01, ""B"": 0.98, ""E"": 0.0, ""P"": 0.0, ""R"": 0.0, ""S"": 0.01}",0.77,Ambazonian Separatists (Cameroon),"Around 13 May 2024 (as reported), Ambazonian Separatists ambushed patrolling gendarmerie forces along the Ayukaba and Eyangchang villages, coded to Ayukaba (Mamfe, Manyu, Sud-Ouest). The brigade commander and 4 gendarmerie officers were killed. The Separatists looted their weapons and ammunition and burnt the victim's bodies.",0.6486486486486486,0.98,0.13143896555144177,0.3467286909196672,0.13013112599236756,0.13013112599236756,0.13013112599236756,0.13143896555144177
mistral:7b,CAO3624,V,E,0.98,"{""V"": 0.01, ""B"": 0.02, ""E"": 0.93, ""P"": 0.01, ""R"": 0.01, ""S"": 0.02}",0.76,Islamic State West Africa Province (ISWAP) - Lake Chad Faction and/or Boko Haram - Jamaatu Ahli is-Sunnah lid-Dawati wal-Jihad,"Around 30 August 2020 (as reported), Boko Haram attacked Makoulahe village, in Mora subdivision (Mayo-Sava, Extreme-Nord). They looted houses and injured 2 women.",0.6486486486486486,0.98,0.13281287113952805,0.1341476626854084,0.33326606121026564,0.13281287113952805,0.13281287113952805,0.1341476626854084
mistral:7b,CAO11112,S,R,0.92,"{""V"": 0.05, ""B"": 0.01, ""E"": 0.03, ""P"": 0.02, ""R"": 0.92, ""S"": 0.0}",0.76,Ambazonian Separatists (Cameroon),"Looting: On 2 February 2024, Ambazonian Separatists extorted money and food items from business persons at the market square in Lassin (Noni, Bui, Nord-Ouest).",0.53125,0.92,0.13793914104174282,0.13253046995864928,0.13520776304618973,0.13386242332547704,0.3292484328783519,0.13121176974925983
mistral:7b,CAO7600,R,R,0.92,"{""V"": 0.05, ""B"": 0.01, ""E"": 0.03, ""P"": 0.02, ""R"": 0.92, ""S"": 0.06}",0.71,Rioters (Cameroon),"On 26 August 2023, a mob attacked thieves who had killed an elderly woman while robbing her in Brazzaville neighbourhood, in the outskirts of Douala (Douala 1, Wouri, Littoral). Two managed to escape while a third was beaten to death.",0.53125,0.92,0.13682895432119546,0.13146381428206022,0.1341195594955864,0.13278504758111698,0.3265985161456389,0.13820410817407544
mistral:7b,CAO3498,V,V,0.94,"{""V"": 0.94, ""B"": 0.03, ""E"": 0.01, ""P"": 0.01, ""R"": 0.01, ""S"": 0.0}",0.7,Military Forces of Cameroon (1982-),"On 21 July 2020, military forces opened fire around a food market in Bamenda town (Mezam, Nord-Ouest). One person was reportedly killed and property destroyed.",0.6486486486486479,0.9400000000000001,0.3359297127507557,0.13521984695484018,0.13254231458987684,0.13254231458987684,0.13254231458987684,0.13122349652443752
mistral:7b,CAO4080,B,B,0.98,"{""V"": 0.01, ""B"": 0.98, ""E"": 0.0, ""P"": 0.0, ""R"": 0.0, ""S"": 0.01}",0.77,Military Forces of Cameroon (1982-),"On 1 December 2020, the military forces repelled an attack of Boko Haram in Boudoua village, Mora subdivision (Mayo-Sava, Extreme-Nord). One Boko Haram fighter was killed, and several others injured. The military seized two motorbikes.",0.6486486486486486,0.98,0.13143896555144177,0.3467286909196672,0.13013112599236756,0.13013112599236756,0.13013112599236756,0.13143896555144177
mistral:7b,CAO14355,V,E,0.98,"{""V"": 0.01, ""B"": 0.02, ""E"": 0.95, ""P"": 0.01, ""R"": 0.01, ""S"": 0.0}",0.72,Ambazonian Separatists (Cameroon),"On 8 May 2024, Ambazonian Separatists abducted a ship owner alongside two skippers after intercepting 2 ships in the Cameroon-Nigeria waterway in Mabeta (Limbe 3, Fako, Sud-Ouest). The militants later released the men after they paid the sum of approximately 700,000 Franc CFA.",0.6486486486486486,0.98,0.1322737077229026,0.13360308058636017,0.33861823390414764,0.1322737077229026,0.1322737077229026,0.13095756234044575
mistral:7b,CAO11427,B,B,0.98,"{""V"": 0.01, ""B"": 0.98, ""E"": 0.0, ""P"": 0.0, ""R"": 0.0, ""S"": 0.01}",0.79,Military Forces of Cameroon (1982-),"On 10 January 2024, military forces, disguised as civilians, engaged in gunbattle with Ambazonian Separatists from the Restoration Forces in Yoke (Muyuka, Fako, Sud-Ouest). They freed two civilians held captive by the Ambazonian Separatists. No casualties.",0.6486486486486486,0.98,0.13143896555144177,0.3467286909196672,0.13013112599236756,0.13013112599236756,0.13013112599236756,0.13143896555144177
mistral:7b,CAO11069,V,R,0.82,"{""V"": 0.15, ""B"": 0.03, ""E"": 0.02, ""P"": 0.01, ""R"": 0.82, ""S"": 0.07}",0.78,Ambazonian Separatists (Cameroon),"On 15 December 2023, Ambazonian Separatists kidnapped an employee of the Mbonge municipal council in Kombone (Kumba 1, Meme, Sud-Ouest). They accused him of working closely with the Mayor of the municipality, who is seen as a security forces collaborator.",0.1546391752577322,0.8200000000000001,0.15356907341822493,0.13620354966234127,0.13484830169924752,0.13350653867869766,0.3001104145693757,0.1417621219718128
mistral:7b,CAO4139,V,V,0.98,"{""V"": 0.98, ""B"": 0.01, ""E"": 0.0, ""P"": 0.0, ""R"": 0.0, ""S"": 0.01}",0.76,Military Forces of Cameroon (1982-),"On 8 November 2020, the military forces raided Luh village, in Ndu subdivision (Donga-Mantung, Nord-Ouest), killing two civilians including a driver and a bike taxi driver.",0.6486486486486486,0.98,0.3467286909196672,0.13143896555144177,0.13013112599236756,0.13013112599236756,0.13013112599236756,0.13143896555144177
mistral:7b,CAO2894,R,R,0.98,"{""V"": 0.01, ""B"": 0.02, ""E"": 0.01, ""P"": 0.01, ""R"": 0.98, ""S"": 0.07}",0.7,Rioters (Cameroon),"On 26 January 2020, one young man was burnt to death in Bamenda town (Mezam, Nord-Ouest), for allegedly trying to steal a motorcycle.",0.6486486486486486,0.98,0.1297045262811716,0.13100807844187023,0.1297045262811716,0.1297045262811716,0.34215333645657164,0.1377250062577011
mistral:7b,CAO8266,B,B,0.98,"{""V"": 0.01, ""B"": 0.98, ""E"": 0.0, ""P"": 0.0, ""R"": 0.0, ""S"": 0.01}",0.79,Boko Haram - Jamaatu Ahli is-Sunnah lid-Dawati wal-Jihad,"On 18 December 2023, Boko Haram militants [JAS faction] ambushed military forces in Moundou, in the Double-Limani area, coded to Limani (Mora, Mayo-Sava, Extreme-Nord). 2 soldiers were killed and 2 others were wounded. The militants stole 2 motorbikes and the rifles from the killed soldiers.",0.6486486486486486,0.98,0.13143896555144177,0.3467286909196672,0.13013112599236756,0.13013112599236756,0.13013112599236756,0.13143896555144177
mistral:7b,CAO6765,V,E,0.98,"{""V"": 0.01, ""B"": 0.02, ""E"": 0.93, ""P"": 0.01, ""R"": 0.01, ""S"": 0.02}",0.73,Ambazonian Separatists (Cameroon),"On 24 November 2022, Ambazonian Separatists killed a public transport driver and a passenger in Awing (Santa, Mezam, Nord-Ouest). They set ablaze the driver's vehicle and abducted two other civilian passengers. The fighters left a note on the body of the killed driver on which it was written that he was collaborating with the military and warned any other person who may be collaborating with them. The rest of the civilians were allowed to go. Residents claim the attack was carried out by the Cameroonian military.",0.6486486486486486,0.98,0.13281287113952805,0.1341476626854084,0.33326606121026564,0.13281287113952805,0.13281287113952805,0.1341476626854084
mistral:7b,CAO14747,S,S,0.92,"{""V"": 0.03, ""B"": 0.05, ""E"": 0.01, ""P"": 0.01, ""R"": 0.02, ""S"": 0.92}",0.77,Military Forces of Cameroon (1982-),"On 6 July 2024, the security forces, coded as the military forces, arrested 39 men and 11 women from their private residences in Marumba I (Kumba 1, Meme, Sud-Ouest) during a search operation to dislodge Ambazonian Separatists in the area.",0.53125,0.92,0.13502969935337863,0.13775748022372686,0.13235593216319178,0.13235593216319178,0.13368613139601265,0.3288148247001695
mistral:7b,CAO10353,B,B,0.98,"{""V"": 0.01, ""B"": 0.98, ""E"": 0.0, ""P"": 0.0, ""R"": 0.0, ""S"": 0.01}",0.75,Military Forces of Cameroon (1982-),"On 19 April 2023, state security forces (coded as military) engaged in an armed confrontation with Ambazonian Separatists in Bamenda - Mankon (Mezam, Nord-Ouest). 4 Separatists were killed, and one soldier was severely wounded. Some ammunition was recovered.",0.6486486486486486,0.98,0.13143896555144177,0.3467286909196672,0.13013112599236756,0.13013112599236756,0.13013112599236756,0.13143896555144177
mistral:7b,CAO10413,S,R,0.92,"{""V"": 0.03, ""B"": 0.01, ""E"": 0.02, ""P"": 0.04, ""R"": 0.92, ""S"": 0.06}",0.8,Military Forces of Cameroon (1982-),"Property destruction: On 6 April 2023, State security forces (Air Force), coded as the military forces, burned down 7 civilian houses in Maghow, coded to Akwaya (Akwaya,Manyu,Sud-Ouest). The Separatists also stole food items, money and other valuables. The houses were suspected of housing Separatists.",0.53125,0.92,0.13430240830870027,0.13164304244609015,0.1329660770181416,0.13565216995200885,0.3270437767121556,0.13839252556257664
mistral:7b,CAO3901,S,S,0.82,"{""V"": 0.1, ""B"": 0.05, ""E"": 0.03, ""P"": 0.02, ""R"": 0.04, ""S"": 0.76}",0.76,Military Forces of Cameroon (1982-),"On 17 September 2020, the security forces (assumed Military Forces) arrested 'scores' of civilians during a raid in Bakweri town (Fako, Sud-Ouest).",0.1546391752577322,0.8200000000000001,0.14962676071118325,0.14232937748120492,0.13951106697965343,0.13812290866937493,0.1409131765128895,0.28949670964540447
mistral:7b,CAO13626,B,B,0.98,"{""V"": 0.01, ""B"": 0.98, ""E"": 0.0, ""P"": 0.0, ""R"": 0.0, ""S"": 0.01}",0.77,Boko Haram - Jamaatu Ahli is-Sunnah lid-Dawati wal-Jihad,"On 14 June 2024, Boko Haram (JAS) (likely) militants clashed with the Gendarmerie forces in Tourou (Mokolo, Mayo-Tsanaga, Extreme-Nord). 1 soldier was killed. 4 motorbikes and an ambulance were burnt and several materials looted.",0.6486486486486486,0.98,0.13143896555144177,0.3467286909196672,0.13013112599236756,0.13013112599236756,0.13013112599236756,0.13143896555144177
mistral:7b,CAO5613,R,R,0.9,"{""V"": 0.05, ""B"": 0.02, ""E"": 0.01, ""P"": 0.03, ""R"": 0.89, ""S"": 0.02}",0.75,Rioters (Cameroon),"On 19 October 2021, a traditional leader and his supporters tortured a pregnant woman and her children and paraded them on the streets of Buea town (Fako, Sud-Ouest) for being the ex-girlfriend of an Ambazonian separatist commander.",0.30303030303030304,0.8999999999999999,0.13892272899271427,0.1348169418593494,0.13347549087442012,0.13617187465081243,0.32179602176303246,0.1348169418593494
mistral:7b,CAO8174,R,R,0.92,"{""V"": 0.05, ""B"": 0.03, ""E"": 0.01, ""P"": 0.01, ""R"": 0.92, ""S"": 0.08}",0.76,Rioters (Cameroon),"On 3 December 2023, a mob killed a suspect who was accused of killing two people with knives in Obala (Obala, Lekie, Centre). The victim was burnt alive by the mob.",0.53125,0.92,0.13662801892541196,0.13392260288721905,0.13127075767583954,0.13127075767583954,0.32611890126858606,0.14078896156677764
mistral:7b,CAO13505,S,R,0.92,"{""V"": 0.05, ""B"": 0.01, ""E"": 0.03, ""P"": 0.04, ""R"": 0.92, ""S"": 0.05}",0.73,Ambazonian Separatists (Cameroon),"Looting: On 10 April 2024, Ambazonian Separatists from the Restoration Forces faction extorted money from commercial motorbike riders and their passengers in Bulu Camp (Mundemba, Ndian, Sud-Ouest) on their way to the market and farms.",0.53125,0.92,0.13665031381966278,0.13129217837478274,0.1339444563129852,0.13529062047892876,0.3261721171936515,0.13665031381966278
mistral:7b,CAO3090,B,B,0.98,"{""V"": 0.01, ""B"": 0.98, ""E"": 0.0, ""P"": 0.0, ""R"": 0.0, ""S"": 0.01}",0.76,Ambazonian Separatists (Cameroon),"On 12 March 2020, two groups of Ambazonian separatists clashed in their camp in Vikovi village, near Kikaikom, in Kumbo subdivision (Bui, Nord-Ouest), resulting in 5 deaths.",0.6486486486486486,0.98,0.13143896555144177,0.3467286909196672,0.13013112599236756,0.13013112599236756,0.13013112599236756,0.13143896555144177
mistral:7b,CAO6193,B,B,0.98,"{""V"": 0.01, ""E"": 0.01, ""P"": 0.01, ""R"": 0.01, ""S"": 0.04}",0.7,Military Forces of Cameroon (1982-),"On 21 June 2022, Cameroonian military forces clashed with Ambazonia separatist in Essu (Fungom, Menchum, Nord-Ouest) leading to the death of 1 separatist and 1 civilian was injured. She was taking to the hospital for treatment.",0.6486486486486486,0.98,0.1660990406990454,0.1644463276299862,0.1660990406990454,0.1660990406990454,0.1660990406990454,0.17115750957366105
mistral:7b,CAO4023,V,V,0.98,"{""V"": 0.98, ""B"": 0.01, ""E"": 0.0, ""P"": 0.0, ""R"": 0.0, ""S"": 0.01}",0.71,Islamic State West Africa Province (ISWAP) - Lake Chad Faction and/or Boko Haram - Jamaatu Ahli is-Sunnah lid-Dawati wal-Jihad,"On 18 November 2020, Boko Haram shot and killed a traditional chief and 3 of his children (total of 4 fatalities) in Satomi village, around Mora (Mayo-Sava, Extreme-Nord).",0.6486486486486486,0.98,0.3467286909196672,0.13143896555144177,0.13013112599236756,0.13013112599236756,0.13013112599236756,0.13143896555144177
mistral:7b,CAO4443,B,B,0.98,"{""V"": 0.01, ""B"": 0.98, ""E"": 0.0, ""P"": 0.0, ""R"": 0.0, ""S"": 0.01}",0.71,MNJTF: Multinational Joint Task Force,"On 4 March 2021, the MNJTF military forces repelled an attack of Boko Haram in Gouzoudou village (Mayo-Sava, Extreme-Nord). No fatality and/or casualty reported.",0.6486486486486486,0.98,0.13143896555144177,0.3467286909196672,0.13013112599236756,0.13013112599236756,0.13013112599236756,0.13143896555144177
mistral:7b,CAO10147,B,S,0.87,"{""V"": 0.02, ""B"": 0.15, ""E"": 0.01, ""P"": 0.01, ""R"": 0.03, ""S"": 0.87}",0.78,Military Forces of Cameroon (1982-),"On 3 January 2023, state security forces (coded as military) captured and arrested 1 Ambazonian Separatist in Adiemukong, Bafut commune, coded to Bafut (Mezam, Nord-Ouest). Gunshots could be heard, no casualties. It is unclear if the gunshots were an armed confrontation between the two.",0.30303030303030304,0.8700000000000001,0.13389345303178155,0.15248166465393498,0.13256119091421736,0.13256119091421736,0.13523910460622718,0.31326339587930824
mistral:7b,CAO7973,S,E,0.98,"{""V"": 0.01, ""B"": 0.02, ""E"": 0.95, ""P"": 0.01, ""R"": 0.01, ""S"": 0.0}",0.72,Islamic State West Africa Province (ISWAP) and/or Boko Haram - Jamaatu Ahli is-Sunnah lid-Dawati wal-Jihad,"Looting: On 18 October 2023, ISWAP or Boko Haram militants demanded money and food items from fishermen in the Tsoukiya zone around Darak (Darak, Logone-et-Chari, Extreme-Nord) as taxes for fishing rights. The militants also searched the fishermen for mobile phones and any person from Darak. Finding neither the militants retreated toward Nigeria.",0.6486486486486486,0.98,0.1322737077229026,0.13360308058636017,0.33861823390414764,0.1322737077229026,0.1322737077229026,0.13095756234044575
mistral:7b,CAO9827,V,R,0.82,"{""V"": 0.15, ""B"": 0.03, ""E"": 0.01, ""P"": 0.01, ""R"": 0.82, ""S"": 0.08}",0.78,Military Forces of Cameroon (1982-),"On 7 January 2023, the state security forces, coded as the military forces shot and killed a masquerade in Bambui (Tubah, Mezam, Nord-Ouest) accusing him of being an Ambazonian Separatists.",0.1546391752577322,0.8200000000000001,0.15355633285059767,0.13619224979253727,0.13349546256130726,0.13349546256130726,0.30008551647663245,0.14317497575731797
mistral:7b,CAO7395,B,B,0.98,"{""V"": 0.01, ""B"": 0.98, ""E"": 0.0, ""P"": 0.0, ""R"": 0.0, ""S"": 0.01}",0.76,Military Forces of Cameroon (1982-) Rapid Intervention Battalion,"On 23 June 2023, the military forces (Rapid Intervention) ambushed Boko Haram (JAS) (likely) militants in Ganse (Kolofata, Mayo-Sava, Extreme-Nord). 1 militant was killed and various items recovered by the military forces.",0.6486486486486486,0.98,0.13143896555144177,0.3467286909196672,0.13013112599236756,0.13013112599236756,0.13013112599236756,0.13143896555144177
mistral:7b,CAO6147,V,R,0.9,"{""V"": 0.05, ""B"": 0.02, ""E"": 0.01, ""P"": 0.03, ""R"": 0.89, ""S"": 0.02}",0.75,Ambazonian Separatists (Cameroon),"On 1 June 2022, Ambazonia separatists abducted 9 commercial bike riders near Fundong (Njinikom, Boyo, Nord-Ouest) after they had participated in the 20th May celebration despite the ban imposed by the Separatists. The Separatists also burnt their motorbikes.",0.30303030303030304,0.8999999999999999,0.13892272899271427,0.1348169418593494,0.13347549087442012,0.13617187465081243,0.32179602176303246,0.1348169418593494
mistral:7b,CAO16029,V,R,0.82,"{""V"": 0.15, ""B"": 0.03, ""E"": 0.01, ""P"": 0.01, ""R"": 0.82, ""S"": 0.08}",0.76,Ambazonian Separatists (Cameroon),"On 22 October 2024, Ambazonian Separatists abducted a male civilian from his private residences in Bamenda - Nkwen (Bamenda 3, Mezam, Nord-Ouest) for an unknown reason.",0.1546391752577322,0.8200000000000001,0.15355633285059767,0.13619224979253727,0.13349546256130726,0.13349546256130726,0.30008551647663245,0.14317497575731797
mistral:7b,CAO11761,B,B,0.98,"{""V"": 0.01, ""B"": 0.98, ""E"": 0.0, ""P"": 0.0, ""R"": 0.0, ""S"": 0.01}",0.77,Military Forces of Cameroon (1982-),"On 16 July 2023, state security forces (coded as military) engaged in an armed confrontation with Ambazonian Separatists in Agyati (Mezam, Nord-Ouest). No casualties.",0.6486486486486486,0.98,0.13143896555144177,0.3467286909196672,0.13013112599236756,0.13013112599236756,0.13013112599236756,0.13143896555144177
mistral:7b,CAO11220,B,B,0.98,"{""V"": 0.01, ""B"": 0.98, ""E"": 0.0, ""P"": 0.0, ""R"": 0.0, ""S"": 0.01}",0.76,Military Forces of Cameroon (1982-),"On 8 November 2023, the military forces attacked Ambazonian Separatists from the Restoration Forces during an operation in Mfuni (Mamfe, Manyu, Sud-Ouest). The military forces shot and killed one, while several others sustained life-threatening injuries.",0.6486486486486486,0.98,0.13143896555144177,0.3467286909196672,0.13013112599236756,0.13013112599236756,0.13013112599236756,0.13143896555144177
mistral:7b,CAO3650,R,R,0.83,"{""V"": 0.12, ""B"": 0.04, ""E"": 0.01, ""P"": 0.05, ""R"": 0.83, ""S"": 0.05}",0.77,Rioters (Cameroon),"On 5 September 2020, residents beat one woman to death in Yokosire village (Lom-Et-Djerem, Est) after she was accused of attempting to use witchcraft against her co-wife.",0.18431740081224618,0.83,0.148859822033883,0.1374149350396829,0.13335370995211868,0.1387959780966918,0.302779576780629,0.1387959780966918
mistral:7b,CAO12120,V,B,0.98,"{""V"": 0.01, ""B"": 0.98, ""E"": 0.0, ""P"": 0.0, ""R"": 0.0, ""S"": 0.01}",0.77,Military Forces of Cameroon (1982-),"On 13 August 2023, state security forces, coded as military forces, shot and killed a suspected Ambazonian Separatist in Nkundu quarter in Njenka (Balikumbat, Ngo-Ketunjia, Nord-Ouest) and left his body by the road. He had been arrested earlier from his private residence after a tip-off.",0.6486486486486486,0.98,0.13143896555144177,0.3467286909196672,0.13013112599236756,0.13013112599236756,0.13013112599236756,0.13143896555144177
mistral:7b,CAO13210,B,S,0.92,"{""V"": 0.01, ""B"": 0.06, ""E"": 0.01, ""P"": 0.01, ""R"": 0.01, ""S"": 0.92}",0.77,Military Forces of Cameroon (1982-),"On 23 March 2024, state security forces, coded as the military forces, fired several warning gunshots to dislodge and dismantle an Ambazonian Separatist illegal checkpoint in Bobong (Njinikom, Boyo, Nord-Ouest). There were no fatalities or injuries.",0.53125,0.92,0.1327035465461276,0.13950740287053429,0.1327035465461276,0.1327035465461276,0.1327035465461276,0.32967841094462563
mistral:7b,CAO10312,S,E,0.98,"{""V"": 0.01, ""B"": 0.02, ""E"": 0.95, ""P"": 0.01, ""R"": 0.01, ""S"": 0.0}",0.75,Ambazonian Separatists (Cameroon),"Property destruction: On 28 April 2023, Ambazonian Separatists Restoration forces burned a vehicle belonging to an unnamed road construction company working along the Kumba -Mundemba road axis in Dibonda (Toko, Ndian, Sud-Ouest). The burning was an attempt by the perpetrators to enforce the ban on any government sponsored projects especially reconstruction projects the perpetrators had declared.",0.6486486486486486,0.98,0.1322737077229026,0.13360308058636017,0.33861823390414764,0.1322737077229026,0.1322737077229026,0.13095756234044575
mistral:7b,CAO4521,V,B,0.98,"{""V"": 0.01, ""B"": 0.98, ""E"": 0.0, ""P"": 0.0, ""R"": 0.0, ""S"": 0.01}",0.71,Islamic State West Africa Province (ISWAP) - Lake Chad Faction and/or Boko Haram - Jamaatu Ahli is-Sunnah lid-Dawati wal-Jihad,"On 3 April 2021, Boko Haram fighters nightly attacked Goudjimdele village, Mora subdivision (Mayo-Sava, Extreme-Nord), killing 2 people.",0.6486486486486486,0.98,0.13143896555144177,0.3467286909196672,0.13013112599236756,0.13013112599236756,0.13013112599236756,0.13143896555144177
mistral:7b,CAO8337,V,E,0.98,"{""V"": 0.01, ""B"": 0.02, ""E"": 0.93, ""P"": 0.01, ""R"": 0.01, ""S"": 0.02}",0.76,Boko Haram - Jamaatu Ahli is-Sunnah lid-Dawati wal-Jihad,"Around 30 December 2023 (as reported), Boko Haram (JAS) (likely) militants attacked Soukoule, coded to Mora (Mora, Mayo-Sava, Extreme-Nord). 1 civilian was killed and 3 motorbikes were taken away.",0.6486486486486486,0.98,0.13281287113952805,0.1341476626854084,0.33326606121026564,0.13281287113952805,0.13281287113952805,0.1341476626854084
mistral:7b,CAO9705,V,V,0.98,"{""V"": 0.98, ""B"": 0.01, ""E"": 0.0, ""P"": 0.0, ""R"": 0.0, ""S"": 0.01}",0.75,Military Forces of Cameroon (1982-),"On 23 June 2022, military forces shot and killed two male civilians in Ekombe Bonji (Kumba 1, Meme, Sud-Ouest).",0.6486486486486486,0.98,0.3467286909196672,0.13143896555144177,0.13013112599236756,0.13013112599236756,0.13013112599236756,0.13143896555144177
mistral:7b,CAO13243,S,E,0.98,"{""V"": 0.01, ""B"": 0.02, ""E"": 0.93, ""P"": 0.01, ""R"": 0.01, ""S"": 0.02}",0.75,Boko Haram - Jamaatu Ahli is-Sunnah lid-Dawati wal-Jihad,"Looting: On 26 April 2024, ISWAP or Boko Haram militants looted some 150 oxen and cows in a grazing area in Dougza (Kolofata, Mayo-Sava, Extreme-Nord).",0.6486486486486486,0.98,0.13281287113952805,0.1341476626854084,0.33326606121026564,0.13281287113952805,0.13281287113952805,0.1341476626854084
mistral:7b,CAO6787,S,E,0.98,"{""V"": 0.01, ""B"": 0.02, ""E"": 0.93, ""P"": 0.01, ""R"": 0.01, ""S"": 0.02}",0.76,Boko Haram - Jamaatu Ahli is-Sunnah lid-Dawati wal-Jihad,"Looting: On 4 December 2022, Boko Haram [JAS] looted farmers in Amchide (Kolofata, Mayo-Sava, Extreme-Nord) stealing 2 motorbikes and 1 bicycle.",0.6486486486486486,0.98,0.13281287113952805,0.1341476626854084,0.33326606121026564,0.13281287113952805,0.13281287113952805,0.1341476626854084
mistral:7b,CAO4545,B,B,0.98,"{""V"": 0.01, ""B"": 0.98, ""E"": 0.0, ""P"": 0.0, ""R"": 0.0, ""S"": 0.01}",0.76,Military Forces of Cameroon (1982-),"On 12 April 2021, the military forces repelled a nightly attack of Boko Haram fighters in Djanpala village, assumedly in Mora subdivision (Mayo-Sava, Extreme-Nord). One assailant was killed, and foodstuffs retrieved.",0.6486486486486486,0.98,0.13143896555144177,0.3467286909196672,0.13013112599236756,0.13013112599236756,0.13013112599236756,0.13143896555144177
mistral:7b,CAO3621,P,P,0.98,"{""V"": 0.01, ""B"": 0.01, ""E"": 0.01, ""P"": 0.98, ""R"": 0.0, ""S"": 0.0}",0.7,Protesters (Cameroon),"On 28 August 2020, women of the SUFC movement demonstrated in the Nord-ouest region, around Bamenda town (Mezam, Nord-Ouest), calling for a ceasefire in the North West and South West regions.",0.6486486486486486,0.98,0.13126728899807766,0.13126728899807766,0.13126728899807766,0.34627581770691923,0.12996115764925079,0.12996115764925079
mistral:7b,CAO6152,B,B,0.98,"{""V"": 0.01, ""B"": 0.98, ""E"": 0.0, ""P"": 0.0, ""R"": 0.0, ""S"": 0.01}",0.76,Military Forces of Cameroon (1982-),"On 10 June 2022, Cameroonian military forces exchanged gunshots with suspected separatists and killed 2 civilians in Belo (Tubah, Mezam, Nord-Ouest). Unclear why the military was targeting civilians.",0.6486486486486486,0.98,0.13143896555144177,0.3467286909196672,0.13013112599236756,0.13013112599236756,0.13013112599236756,0.13143896555144177
mistral:7b,CAO6296,P,P,0.98,"{""V"": 0.01, ""B"": 0.02, ""E"": 0.01, ""P"": 0.98, ""R"": 0.01, ""S"": 0.07}",0.76,Protesters (Cameroon),"Around 15 July 2022, residents of Koza and Gaboua protested in front of the sub-prefecture of Koza in Koza (Koza, Mayo-Tsanaga, Extreme-Nord) after a Boko Haram attack. They protested against the lack of security measures in the community.",0.6486486486486486,0.98,0.1297045262811716,0.13100807844187023,0.1297045262811716,0.34215333645657164,0.1297045262811716,0.1377250062577011
mistral:7b,CAO4239,B,B,0.98,"{""V"": 0.01, ""B"": 0.98, ""E"": 0.0, ""P"": 0.0, ""R"": 0.0, ""S"": 0.01}",0.71,Military Forces of Cameroon (1982-),"On 24 December 2020, the military forces repelled an attack of Boko Haram in Makoulahe village, Mora subdivision (Mayo-Sava, Extreme-Nord), killing one assailant.",0.6486486486486486,0.98,0.13143896555144177,0.3467286909196672,0.13013112599236756,0.13013112599236756,0.13013112599236756,0.13143896555144177
mistral:7b,CAO6523,B,B,0.98,"{""V"": 0.01, ""B"": 0.98, ""E"": 0.0, ""P"": 0.0, ""R"": 0.0, ""S"": 0.01}",0.77,Boko Haram - Jamaatu Ahli is-Sunnah lid-Dawati wal-Jihad,"On 12 September 2022, Boko Haram (JAS) fighters ambushed the Cameroonian military forces on the Limani - Mora Road, coded to Limani (Mora, Mayo-Sava, Extreme-Nord). Unknown fatalities or injuries but 4 motorbikes, mobile phones and a luggage were stolen by the assailants.",0.6486486486486486,0.98,0.13143896555144177,0.3467286909196672,0.13013112599236756,0.13013112599236756,0.13013112599236756,0.13143896555144177
mistral:7b,CAO5844,B,B,0.98,"{""V"": 0.01, ""B"": 0.98, ""E"": 0.0, ""P"": 0.0, ""R"": 0.0, ""S"": 0.01}",0.78,Military Forces of Cameroon (1982-),"On 25 January 2022, the military intercepted Ambazonian separatists and engaged in fire fights with them in Bamenyam town, Penka-Michel subdivision (Menoua, Ouest). At least one soldier was killed and several others injured.",0.6486486486486486,0.98,0.13143896555144177,0.3467286909196672,0.13013112599236756,0.13013112599236756,0.13013112599236756,0.13143896555144177
mistral:7b,CAO9976,S,E,0.98,"{""V"": 0.01, ""B"": 0.01, ""E"": 0.98, ""P"": 0.0, ""R"": 0.0, ""S"": 0.0}",0.75,Military Forces of Cameroon (1982-),"Defusal: On 1 October 2021, state forces, coded as military, defused an IED planted by Ambazonian Separatists in Oku (Bui, Nord-Ouest).",0.6486486486486486,0.98,0.13143896555144177,0.13143896555144177,0.3467286909196671,0.13013112599236756,0.13013112599236756,0.13013112599236756
mistral:7b,CAO12429,B,B,0.98,"{""V"": 0.01, ""B"": 0.98, ""E"": 0.0, ""P"": 0.0, ""R"": 0.0, ""S"": 0.01}",0.76,Ambazonian Separatists (Cameroon),"On 28 July 2023, Ambazonian Separatists exchanged fire with other Ambazonian Separatists in Bali (Mezam, Nord-Ouest) in a dispute over money extorted from civilians. Two Ambazonian Separatists were killed and their bodies were abandoned in the forest.",0.6486486486486486,0.98,0.13143896555144177,0.3467286909196672,0.13013112599236756,0.13013112599236756,0.13013112599236756,0.13143896555144177
mistral:7b,CAO12201,S,R,0.92,"{""V"": 0.05, ""B"": 0.03, ""E"": 0.01, ""P"": 0.01, ""R"": 0.92, ""S"": 0.08}",0.79,Ambazonian Separatists (Cameroon),"Other: On 11 August 2023, Ambazonian Separatists fired gunshots in the air and rounded up civilians in Ikiliwindi Mile 10 (Meme, Sud-Ouest). They accused the population of collaborating with state security forces and threatened to kill anyone who collaborated with them.",0.53125,0.92,0.13662801892541196,0.13392260288721905,0.13127075767583954,0.13127075767583954,0.32611890126858606,0.14078896156677764
mistral:7b,CAO6363,B,B,0.98,"{""V"": 0.01, ""B"": 0.98, ""E"": 0.0, ""P"": 0.0, ""R"": 0.0, ""S"": 0.01}",0.78,Military Forces of Cameroon (1982-),"Around 7 August 2022, the Cameroonian military forces clashed with Boko Haram (JAS) (likely) fighters in Mora (Mora, Mayo-Sava, Extreme-Nord) killing many. The military also recovered weapons including 2 Kalashnikov rifles.",0.6486486486486486,0.98,0.13143896555144177,0.3467286909196672,0.13013112599236756,0.13013112599236756,0.13013112599236756,0.13143896555144177
mistral:7b,CAO7132,B,B,0.98,"{""V"": 0.01, ""B"": 0.98, ""E"": 0.0, ""P"": 0.0, ""R"": 0.0, ""S"": 0.01}",0.76,Islamic State West Africa Province (ISWAP) and/or Boko Haram - Jamaatu Ahli is-Sunnah lid-Dawati wal-Jihad,"Around 5 March 2023, suspected ISWAP or Boko Haram fighters clashed with the Cameroonian military forces in Marouare, coded to Ngaoundere (Ngaoundere 1, Vina, Adamaoua). 2 fighters were killed while 2 civilians were wounded.",0.6486486486486486,0.98,0.13143896555144177,0.3467286909196672,0.13013112599236756,0.13013112599236756,0.13013112599236756,0.13143896555144177
mistral:7b,CAO4190,V,E,0.98,"{""V"": 0.01, ""B"": 0.02, ""E"": 0.95, ""P"": 0.01, ""R"": 0.01, ""S"": 0.0}",0.71,Ambazonian Separatists (Cameroon),"On 4 January 2021, Ambazonian separatists burnt a transport truck, killed the driver and reportedly injured his assistant in Ewili village, around Buea (Fako, Sud-Ouest). They accused the victims of not respecting their stop order.",0.6486486486486486,0.98,0.1322737077229026,0.13360308058636017,0.33861823390414764,0.1322737077229026,0.1322737077229026,0.13095756234044575
mistral:7b,CAO13670,V,R,0.82,"{""V"": 0.1, ""B"": 0.05, ""E"": 0.03, ""P"": 0.01, ""R"": 0.82, ""S"": 0.0}",0.76,Military Forces of Cameroon (1982-) Rapid Intervention Battalion,"On 15 April 2024, state security forces, coded as the military forces from the Rapid Intervention, beat and arrested 2 civilian from the road in Bonganjo (Buea, Fako, Sud-Ouest). There were no fatalities.",0.1546391752577322,0.8200000000000001,0.14799850393681027,0.14078053172677868,0.13799289042600804,0.13526044812133753,0.30405304161339314,0.1339145841753682
mistral:7b,CAO8729,V,E,0.98,"{""V"": 0.01, ""B"": 0.02, ""E"": 0.95, ""P"": 0.01, ""R"": 0.01, ""S"": 0.0}",0.76,Ambazonian Separatists (Cameroon),"On 10 February 2024, Ambazonian Separatists from the Fako Mountain Lions faction fired several shots as a warning to enforce the Separatist-imposed lockdown in Bokova (Buea, Fako, Sud-Ouest) against the Youth Day celebration. There were no fatalities.",0.6486486486486486,0.98,0.1322737077229026,0.13360308058636017,0.33861823390414764,0.1322737077229026,0.1322737077229026,0.13095756234044575
mistral:7b,CAO10745,B,E,0.98,"{""V"": 0.01, ""B"": 0.02, ""E"": 0.95, ""P"": 0.01, ""R"": 0.01, ""S"": 0.0}",0.77,Ambazonian Separatists (Cameroon),"On 2 June 2023, Ambazonian Separatists detonated an IED targeting a state security forces convoy (coded as military) in Bufi (Menchum, Nord-Ouest). The explosion missed the target, but the soldiers stopped and fired gunshots in the area which caused civilians to flee.",0.6486486486486486,0.98,0.1322737077229026,0.13360308058636017,0.33861823390414764,0.1322737077229026,0.1322737077229026,0.13095756234044575
mistral:7b,CAO2881,V,V,0.98,"{""V"": 0.98, ""B"": 0.01, ""E"": 0.0, ""P"": 0.0, ""R"": 0.0, ""S"": 0.01}",0.72,Military Forces of Cameroon (1982-),"On 23 January 2020, the military forces attacked the villages of Bekora Barombi, Ndoh, Njima, Mokono Barombi and Mberenge, in Ekondo Titi subdivision (Ndian, Sud-Ouest). They reportedly killed at least 14 civilians, and injured at least 3 people including a humanitarian worker and two beneficiaries of a humanitarian project.",0.6486486486486486,0.98,0.3467286909196672,0.13143896555144177,0.13013112599236756,0.13013112599236756,0.13013112599236756,0.13143896555144177
mistral:7b,CAO12755,R,R,0.92,"{""V"": 0.05, ""B"": 0.03, ""E"": 0.01, ""P"": 0.01, ""R"": 0.92, ""S"": 0.08}",0.72,Rioters (Cameroon),"On 4 April 2022, residents killed 1 Ambazonian Separatist fighter in Mbengwi (Mbengwi, Momo, Nord-Ouest) because of the atrocities committed by the separatists in their community.",0.53125,0.92,0.13662801892541196,0.13392260288721905,0.13127075767583954,0.13127075767583954,0.32611890126858606,0.14078896156677764
mistral:7b,CAO11779,V,V,0.92,"{""V"": 0.92, ""B"": 0.03, ""E"": 0.01, ""P"": 0.02, ""R"": 0.01, ""S"": 0.01}",0.76,Military Forces of Cameroon (1982-),"On 14 May 2022, state security forces, coded as military, killed a female civilian in Tobin (Bui, Nord-Ouest). The women who approached the military base and was mistaken to be an intruder.",0.53125,0.92,0.33060057961982675,0.13576302988414168,0.13307474177654105,0.13441216516607782,0.13307474177654105,0.13307474177654105
mistral:7b,CAO10497,V,V,0.92,"{""V"": 0.92, ""B"": 0.03, ""E"": 0.01, ""P"": 0.02, ""R"": 0.02, ""S"": 0.0}",0.76,Military Forces of Cameroon (1982-),"On 16 March 2023, state security forces (coded as military) fired shots at a vehicle, injuring some civilians, at a vehicular checkpoint in Ntarinkon (Bamenda - Mankon, Mezam, Nord-Ouest) after the driver failed to stop.",0.53125,0.92,0.33059618018303394,0.13576122323011383,0.13307297089665981,0.1344103764885579,0.1344103764885579,0.13174887271274593
mistral:7b,CAO5725,V,V,0.98,"{""V"": 0.98, ""B"": 0.01, ""E"": 0.0, ""P"": 0.0, ""R"": 0.0, ""S"": 0.01}",0.76,Military Forces of Cameroon (1982-),"On 27 October 2021, the military forces alongside Fulani militiamen attacked and killed a 15 year old boy in Ngarbuh village, near Ntamruh, Ndu subdivision (Donga-Mantung, Nord-Ouest). He was accused of collaborating with Ambazonian separatists fighters.",0.6486486486486486,0.98,0.3467286909196672,0.13143896555144177,0.13013112599236756,0.13013112599236756,0.13013112599236756,0.13143896555144177
mistral:7b,CAO6214,S,E,0.98,"{""V"": 0.01, ""B"": 0.02, ""E"": 0.93, ""P"": 0.01, ""R"": 0.01, ""S"": 0.02}",0.72,Boko Haram - Jamaatu Ahli is-Sunnah lid-Dawati wal-Jihad,"Property destruction: Around 20 June 2022, Boko Haram (JAS) (likely) burnt houses and looted items in Djakana village, around Limani (Limani, Mayo-Sava, Extreme-Nord), including 4 bicycles.",0.6486486486486486,0.98,0.13281287113952805,0.1341476626854084,0.33326606121026564,0.13281287113952805,0.13281287113952805,0.1341476626854084
mistral:7b,CAO12645,B,B,0.98,"{""V"": 0.01, ""B"": 0.98, ""E"": 0.0, ""P"": 0.0, ""R"": 0.0, ""S"": 0.01}",0.76,Military Forces of Cameroon (1982-),"On 15 January 2022, Ambazonian separatists and the military engaged in an armed clash at Total gas station in Bamunka near Bamenda (Bamenda 1, Mezam, Nord-Ouest). Three civilians were killed in the crossfire.",0.6486486486486486,0.98,0.13143896555144177,0.3467286909196672,0.13013112599236756,0.13013112599236756,0.13013112599236756,0.13143896555144177
mistral:7b,CAO3193,B,B,0.98,"{""V"": 0.01, ""B"": 0.98, ""E"": 0.0, ""P"": 0.0, ""R"": 0.0, ""S"": 0.01}",0.76,Military Forces of Cameroon (1982-) Rapid Intervention Battalion,"On 18 April 2020, the military's rapid intervention battalion engaged in a fire fight with Ambazonian separatists in Oku village, Belo subdivision (Boyo, Nord-Ouest). Some separatists were killed. Some fatalities coded as 3.",0.6486486486486486,0.98,0.13143896555144177,0.3467286909196672,0.13013112599236756,0.13013112599236756,0.13013112599236756,0.13143896555144177
mistral:7b,CAO3287,V,E,0.98,"{""V"": 0.01, ""B"": 0.02, ""E"": 0.95, ""P"": 0.01, ""R"": 0.01, ""S"": 0.0}",0.77,Islamic State West Africa Province (ISWAP) - Lake Chad Faction and/or Boko Haram - Jamaatu Ahli is-Sunnah lid-Dawati wal-Jihad,"On 18 May 2020, Boko Haram attacked the village of Tolkomari, Kolofata subdivision (Mayo-Sava, Extreme-Nord). No fatality and/or casualty reported.",0.6486486486486486,0.98,0.1322737077229026,0.13360308058636017,0.33861823390414764,0.1322737077229026,0.1322737077229026,0.13095756234044575
mistral:7b,CAO8924,B,B,0.98,"{""V"": 0.01, ""B"": 0.98, ""E"": 0.0, ""P"": 0.0, ""R"": 0.0, ""S"": 0.01}",0.76,Military Forces of Cameroon (1982-),"On 29 May 2022, the military forces in a joint operation with the self-defense militia (COVI) ambushed Ambazonian Separatist fighter at a checkpoint in Ngarum (Ndu, Donga-Mantung, Nord-Ouest). 1 separatist was killed.",0.6486486486486486,0.98,0.13143896555144177,0.3467286909196672,0.13013112599236756,0.13013112599236756,0.13013112599236756,0.13143896555144177
mistral:7b,CAO2836,V,V,0.98,"{""V"": 0.98, ""B"": 0.01, ""E"": 0.0, ""P"": 0.0, ""R"": 0.0, ""S"": 0.01}",0.76,Military Forces of Cameroon (1982-),"On 13 January 2020, the military forces attacked Kumbo town, in Jakiri subdivision (Bui, Nord-Ouest). They reportedly killed one person, and burnt over 8 houses in several areas of the town.",0.6486486486486486,0.98,0.3467286909196672,0.13143896555144177,0.13013112599236756,0.13013112599236756,0.13013112599236756,0.13143896555144177
mistral:7b,CAO10508,B,B,0.98,"{""V"": 0.01, ""B"": 0.98, ""E"": 0.0, ""P"": 0.0, ""R"": 0.0, ""S"": 0.01}",0.76,Military Forces of Cameroon (1982-),"On 14 March 2023, the state security forces, coded as military, shot and killed 3 Ambazonian Separatists at the Ndekwai - Ntenako road axis, coded to Ntenaku (Mamfe, Manyu, Sud-Ouest).",0.6486486486486486,0.98,0.13143896555144177,0.3467286909196672,0.13013112599236756,0.13013112599236756,0.13013112599236756,0.13143896555144177
mistral:7b,CAO3184,B,B,0.98,"{""V"": 0.01, ""B"": 0.98, ""E"": 0.0, ""P"": 0.0, ""R"": 0.0, ""S"": 0.01}",0.71,Ambazonian Separatists (Cameroon),"On 15 April 2020, Ambazonian separatists engaged in fire fights with military forces in Bafut town, Bamenda subdivision (Mezam, Nord-Ouest). No fatality and/or casualty reported.",0.6486486486486486,0.98,0.13143896555144177,0.3467286909196672,0.13013112599236756,0.13013112599236756,0.13013112599236756,0.13143896555144177
mistral:7b,CAO5032,B,B,0.98,"{""V"": 0.01, ""B"": 0.98, ""E"": 0.0, ""P"": 0.0, ""R"": 0.0, ""S"": 0.01}",0.76,Military Forces of Cameroon (1982-),"On 10 February 2021, the military forces repelled an incursion of Ambazonian separatists in Meanja water tank neighborhood of Muyuka town (Fako, Sud-Ouest). No fatality and/or casualty reported.",0.6486486486486486,0.98,0.13143896555144177,0.3467286909196672,0.13013112599236756,0.13013112599236756,0.13013112599236756,0.13143896555144177
mistral:7b,CAO5789,S,S,0.87,"{""V"": 0.03, ""B"": 0.02, ""E"": 0.01, ""P"": 0.04, ""R"": 0.05, ""S"": 0.87}",0.76,Military Forces of Cameroon (1982-),"Around 21 December 2021 (as reported), the security forces (assumedly Military Forces) arrested at least 30 people including 7 Chadians and seized machetes, knives and spears during a security operation in Kousseri town (Logone-et-Chari, Extreme-Nord). The aim was to restore peace in the city in the context of tensions between the Musgum and Arab Shoa communities.",0.30303030303030304,0.8700000000000001,0.1366705177553225,0.13531062338206976,0.13396426018391444,0.13804407929424325,0.13943144535613053,0.3165790740280029
mistral:7b,CAO13094,V,V,0.92,"{""V"": 0.92, ""B"": 0.03, ""E"": 0.01, ""P"": 0.02, ""R"": 0.02, ""S"": 0.0}",0.78,Ambazonian Separatists (Cameroon),"On 19 March 2024, Ambazonian Separatists from the Restoration Forces faction shot and injured a civilian in his private residence in Bole (Kumba 1, Meme, Sud-Ouest). They accused the man of collaborating with the military forces.",0.53125,0.92,0.33059618018303394,0.13576122323011383,0.13307297089665981,0.1344103764885579,0.1344103764885579,0.13174887271274593
mistral:7b,CAO2871,B,B,0.98,"{""V"": 0.01, ""B"": 0.98, ""E"": 0.0, ""P"": 0.0, ""R"": 0.0, ""S"": 0.01}",0.75,Military Forces of Cameroon (1982-),"On 21 January 2020, the military forces attacked an Ambazonian separatists' camp in Kossala village, Kumba subdivision (Ndian, Sud-Ouest) [coded: Kumba], killing two Ambazonian separatists. The military also rescued 23 children hostages.",0.6486486486486486,0.98,0.13143896555144177,0.3467286909196672,0.13013112599236756,0.13013112599236756,0.13013112599236756,0.13143896555144177
mistral:7b,CAO11284,V,R,0.82,"{""V"": 0.15, ""B"": 0.03, ""E"": 0.02, ""P"": 0.01, ""R"": 0.82, ""S"": 0.0}",0.77,Ambazonian Separatists (Cameroon),"On 15 December 2023, Ambazonian Separatists temporally detained a civilian masked in a traditional masquerade outfit at an illegal vehicle checkpoint for two hours alongside some motorcycle riders in Ngwa (Bangangte, Nde, Ouest). They were accused of not having paid a stipulated sum of money motorcycle riders pay before plying the road.",0.1546391752577322,0.8200000000000001,0.15505512100774163,0.13752155563941793,0.13615319329773268,0.13479844638883856,0.30301450422905035,0.13345717943691576
mistral:7b,CAO3310,V,V,0.92,"{""V"": 0.92, ""B"": 0.03, ""E"": 0.01, ""P"": 0.02, ""R"": 0.02, ""S"": 0.0}",0.75,Military Forces of Cameroon (1982-),"On 28 May 2020, military forces killed four people suspected to be armed bandits in Bonduma neighbourhood of Buea town (Fako, Sud-Ouest). Residents say the victims were not armed.",0.53125,0.92,0.33059618018303394,0.13576122323011383,0.13307297089665981,0.1344103764885579,0.1344103764885579,0.13174887271274593
mistral:7b,CAO12582,S,E,0.98,"{""V"": 0.01, ""B"": 0.02, ""E"": 0.95, ""P"": 0.01, ""R"": 0.01, ""S"": 0.0}",0.71,Ambazonian Separatists (Cameroon),"Other: On 20 May 2022, Ambazonian Separatists fired warning shots for about 30 minutes in Alabukam near Nlabakam (Bamenda - Mankon, Mezam, Nord-Ouest) to enforce the lockdown for 20 May.",0.6486486486486486,0.98,0.1322737077229026,0.13360308058636017,0.33861823390414764,0.1322737077229026,0.1322737077229026,0.13095756234044575
mistral:7b,CAO12898,V,V,0.92,"{""V"": 0.92, ""B"": 0.04, ""E"": 0.01, ""P"": 0.01, ""R"": 0.01, ""S"": 0.01}",0.78,Military Forces of Cameroon (1982-),"On 14 February 2024, security forces, coded as the military shot and killed a traditional doctor at his residence in Bessom, coded to Batibo (Batibo, Momo, Nord-Ouest) during a cordon and search operation. They accused the victim of providing fortification charms to Ambazonian Separatists.",0.53125,0.92,0.3305916477791031,0.13712376624342817,0.1330711464942846,0.1330711464942846,0.1330711464942846,0.1330711464942846
mistral:7b,CAO13115,B,B,0.98,"{""V"": 0.01, ""B"": 0.98, ""E"": 0.0, ""P"": 0.0, ""R"": 0.0, ""S"": 0.01}",0.77,Ambazonian Separatists (Cameroon),"On 20 March 2024, Ambazonian Separatists from the Restoration Forces faction clashed with the military forces from the Rapid Intervention in Bombe Bakundu (Kumba 3, Meme, Sud-Ouest) during an operation to dislodge Separatists hideouts. 1 Separatist was killed. The military forces recovered a weapon.",0.6486486486486486,0.98,0.13143896555144177,0.3467286909196672,0.13013112599236756,0.13013112599236756,0.13013112599236756,0.13143896555144177
mistral:7b,CAO11938,B,B,0.98,"{""V"": 0.01, ""B"": 0.98, ""E"": 0.0, ""P"": 0.0, ""R"": 0.0, ""S"": 0.01}",0.76,Military Forces of Cameroon (1982-) Gendarmerie,"On 10 October 2023, Gendarmerie forces, clashed with Ambazonian Separatists at an illegal Separatist checkpoint in Bamessing (Tubah, Mezam, Nord-Ouest) as Separatists were looting money from commercial vehicles. Casualties unknown. No information on the injuries. The military forces seized 2 motorbikes.",0.6486486486486486,0.98,0.13143896555144177,0.3467286909196672,0.13013112599236756,0.13013112599236756,0.13013112599236756,0.13143896555144177
mistral:7b,CAO13051,S,E,0.98,"{""V"": 0.01, ""B"": 0.02, ""E"": 0.93, ""P"": 0.01, ""R"": 0.01, ""S"": 0.02}",0.71,Boko Haram - Jamaatu Ahli is-Sunnah lid-Dawati wal-Jihad,"Property destruction: Around 3 April 2024 (as reported), suspected ISWAP or Boko Haram militants removed sheet metal Roofs of schools and professional training buildings in Tchahack (Chahack) (Darak, Logone-et-Chari, Extreme-Nord).",0.6486486486486486,0.98,0.13281287113952805,0.1341476626854084,0.33326606121026564,0.13281287113952805,0.13281287113952805,0.1341476626854084
mistral:7b,CAO11684,V,B,0.98,"{""V"": 0.01, ""B"": 0.98, ""E"": 0.0, ""P"": 0.0, ""R"": 0.0, ""S"": 0.01}",0.78,Ambazonian Separatists (Cameroon),"On 26 June 2023, Ambazonian Separatists from the Restoration Forces shot and killed two members of the state security forces (coded as military) in Konye (Meme, Sud-Ouest). The soldiers had been previously abducted by the Separatists on 25 June 2023 (coded separately).",0.6486486486486486,0.98,0.13143896555144177,0.3467286909196672,0.13013112599236756,0.13013112599236756,0.13013112599236756,0.13143896555144177
mistral:7b,CAO14510,V,E,0.98,"{""V"": 0.01, ""B"": 0.02, ""E"": 0.93, ""P"": 0.01, ""R"": 0.01, ""S"": 0.02}",0.71,Boko Haram - Jamaatu Ahli is-Sunnah lid-Dawati wal-Jihad,"On 20 August 2024, Boko Haram (JAS) (likely) militants abducted 2 farmers from their fields in Alagarno (Kolofata, Mayo-Sava, Extreme-Nord). They were later released for an unknown reason.",0.6486486486486486,0.98,0.13281287113952805,0.1341476626854084,0.33326606121026564,0.13281287113952805,0.13281287113952805,0.1341476626854084
mistral:7b,CAO13082,B,B,0.98,"{""V"": 0.01, ""B"": 0.98, ""E"": 0.0, ""P"": 0.0, ""R"": 0.0, ""S"": 0.01}",0.77,Military Forces of Cameroon (1982-),"On 21 February 2024, the state security forces, coded as the military forces ambushed and clashed with the Ambazonian Separatists restoration forces along Buea - Kumba main road, coded to Kumba (Kumba 1, Meme, Sud-Ouest). A driver of a public transport vehicle was hit and killed by a stray bullet. No information on the injuries.",0.6486486486486486,0.98,0.13143896555144177,0.3467286909196672,0.13013112599236756,0.13013112599236756,0.13013112599236756,0.13143896555144177
mistral:7b,CAO5627,B,B,0.98,"{""V"": 0.01, ""B"": 0.98, ""E"": 0.0, ""P"": 0.0, ""R"": 0.0, ""S"": 0.01}",0.77,Military Forces of Cameroon (1982-),"Around 24 October 2021 (as reported), the military forces opened fire on BNL fighters who were erecting barricades in Cameroon-Nigeria border area in Bakassi Peninsula, Kombo Abedimo subdivision (Ndian, Sud-Ouest). 2 BNL fighters were killed.",0.6486486486486486,0.98,0.13143896555144177,0.3467286909196672,0.13013112599236756,0.13013112599236756,0.13013112599236756,0.13143896555144177
mistral:7b,CAO8784,B,E,0.98,"{""V"": 0.01, ""B"": 0.02, ""E"": 0.95, ""P"": 0.01, ""R"": 0.01, ""S"": 0.0}",0.77,Ambazonian Separatists (Cameroon),"On 10 May 2022, suspected Ambazonian Separatist fighters detonated a remote controlled IED targeting traveling military along the Bamenda-Belo road road, coded to Bamenda (Bamenda 1, Mezam, Nord-Ouest). 1 separatist was killed during clashes that followed the detonation. 2 civlians were also killed by stray bullets.",0.6486486486486486,0.98,0.1322737077229026,0.13360308058636017,0.33861823390414764,0.1322737077229026,0.1322737077229026,0.13095756234044575
mistral:7b,CAO4808,B,B,0.98,"{""V"": 0.01, ""B"": 0.98, ""E"": 0.0, ""P"": 0.0, ""R"": 0.0, ""S"": 0.01}",0.76,Military Forces of Cameroon (1982-),"Around 16 October 2020 (week of), the military forces engaged in fire fights with Ambazonian separatists in Bamessing village, Ndop subdivision (Mezam, Nord-Ouest), resulting in 3 people getting killed.",0.6486486486486486,0.98,0.13143896555144177,0.3467286909196672,0.13013112599236756,0.13013112599236756,0.13013112599236756,0.13143896555144177
mistral:7b,CAO14672,S,R,0.92,"{""V"": 0.05, ""B"": 0.03, ""E"": 0.01, ""P"": 0.01, ""R"": 0.92, ""S"": 0.08}",0.76,Ambazonian Separatists (Cameroon),"Looting: On 3 July 2024, Ambazonian Separatists from the Restoration Forces faction extorted money, coded as looting, from civilians at an illegal checkpoint on the main road in Bamessing (Tubah, Mezam, Nord-Ouest).",0.53125,0.92,0.13662801892541196,0.13392260288721905,0.13127075767583954,0.13127075767583954,0.32611890126858606,0.14078896156677764
mistral:7b,CAO12986,P,R,0.92,"{""V"": 0.03, ""B"": 0.01, ""E"": 0.02, ""P"": 0.87, ""R"": 0.07, ""S"": 0.0}",0.76,Protesters (Cameroon),"On 17 April 2024, people protested in front of the Town Hall in Yaounde (Yaounde 1, Mfoundi, Centre) after the municipal police officers attempted to arrest a civilian who had refused to pay them money causing an accident that killed 2 civilians. The protesters voiced their growing concern about the actions of the police officers.",0.53125,0.92,0.13702624937227997,0.13431294784290942,0.13566281541029784,0.3174030789981201,0.14261839669384194,0.13297651168223318
mistral:7b,CAO11562,B,B,0.98,"{""V"": 0.01, ""B"": 0.98, ""E"": 0.0, ""P"": 0.0, ""R"": 0.0, ""S"": 0.01}",0.77,Military Forces of Cameroon (1982-),"On 16 June 2023, government forces, coded as military, clashed with Ambazonian Separatists in Kedjem Keku (Tubah, Mezam, Nord-Ouest), leading to the killing of at least 13 civilians and 3 Ambazonian separatists.",0.6486486486486486,0.98,0.13143896555144177,0.3467286909196672,0.13013112599236756,0.13013112599236756,0.13013112599236756,0.13143896555144177
mistral:7b,CAO14799,V,V,0.98,"{""V"": 0.98, ""B"": 0.01, ""E"": 0.0, ""P"": 0.0, ""R"": 0.0, ""S"": 0.01}",0.76,Ambazonian Separatists (Cameroon),"On 12 July 2024, Ambazonian Separatists from the Bui Unity Warriors faction shot and killed 1 civilian in Jakiri (Jakiri, Bui, Nord-Ouest) after the Separatists had taken him out of his private residence. They accused him of collaborating with the security forces.",0.6486486486486486,0.98,0.3467286909196672,0.13143896555144177,0.13013112599236756,0.13013112599236756,0.13013112599236756,0.13143896555144177
mistral:7b,CAO4310,S,E,0.99,"{""V"": 0.01, ""B"": 0.01, ""E"": 0.87, ""P"": 0.01, ""R"": 0.01, ""S"": 0.09}",0.76,Police Forces of Cameroon (1982-),"Defusal: On 27 January 2021, the police forces retrieved and defused an IED planted by unidentified men in Bamenda town (Mezam, Nord-Ouest). No fatality and/or casualty reported.",0.6486486486486486,0.99,0.13429221986702802,0.13429221986702802,0.31735409546025706,0.13429221986702802,0.13429221986702802,0.14547702507131358
mistral:7b,CAO10471,V,R,0.87,"{""V"": 0.12, ""B"": 0.05, ""E"": 0.01, ""P"": 0.01, ""R"": 0.87, ""S"": 0.04}",0.79,Military Forces of Cameroon (1982-),"On 22 March 2023, state security forces, coded as military forces, beat up civilians and broke into homes where they looted properties in Ngomgham Mankon, coded to Ntarinkon (Bamenda - Mankon, Mezam, Nord-Ouest). They also harrassed civilians, the attack was after separatists attacked their position in the area and engaged them in an armed clash (coded separately). No information on injuries.",0.30303030303030304,0.8700000000000001,0.14783761352163977,0.137842877197221,0.1324379806734605,0.1324379806734605,0.31297223028128957,0.1364713176526156
mistral:7b,CAO11896,B,B,0.98,"{""V"": 0.01, ""B"": 0.98, ""E"": 0.0, ""P"": 0.0, ""R"": 0.0, ""S"": 0.01}",0.75,Military Forces of Cameroon (1982-),"On 28 September 2023, state forces, coded as military, exchanged fire with Ambazonian Separatists in Benade (Menchum, Nord-Ouest) during an operation to dislodge the Ambazonian Separatists. Four civilians, including the traditional chief of Banum village, were killed caught by stray bullets.",0.6486486486486486,0.98,0.13143896555144177,0.3467286909196672,0.13013112599236756,0.13013112599236756,0.13013112599236756,0.13143896555144177
mistral:7b,CAO11447,S,B,0.92,"{""V"": 0.05, ""B"": 0.92, ""E"": 0.01, ""P"": 0.01, ""R"": 0.01, ""S"": 0.0}",0.76,Military Forces of Cameroon (1982-),"Other: On 4 July 2023, state security forces, coded as military forces, on vehicular patrol shot into the air at the cattle market in Lassin (Bui, Nord-Ouest) to prevent an attack by Ambazonian Separatists after they tipped off that a separatists camp opened in the area.",0.53125,0.92,0.13849439922076856,0.3305737846523766,0.13306395615306016,0.13306395615306016,0.13306395615306016,0.1317399476673438
mistral:7b,CAO3261,V,E,0.98,"{""V"": 0.01, ""B"": 0.02, ""E"": 0.93, ""P"": 0.01, ""R"": 0.01, ""S"": 0.02}",0.71,Ambazonian Separatists (Cameroon),"On 10 May 2020, suspected Ambazonian separatists killed one person in Bakebe village, Mamfe subdivision (Manyu, Sud-Ouest).",0.6486486486486486,0.98,0.13281287113952805,0.1341476626854084,0.33326606121026564,0.13281287113952805,0.13281287113952805,0.1341476626854084
mistral:7b,CAO11281,V,R,0.82,"{""V"": 0.15, ""B"": 0.03, ""E"": 0.02, ""P"": 0.01, ""R"": 0.82, ""S"": 0.0}",0.76,Ambazonian Separatists (Cameroon),"On 24 November 2023, the Ambazonian Restoration Forces abducted a builder from a public transport vehicle at a vehicle checkpoint in Nguti (Nguti, Kupe-Manenguba, Sud-Ouest).",0.1546391752577322,0.8200000000000001,0.15505512100774163,0.13752155563941793,0.13615319329773268,0.13479844638883856,0.30301450422905035,0.13345717943691576
mistral:7b,CAO11825,V,P,0.98,"{""V"": 0.01, ""B"": 0.02, ""E"": 0.01, ""P"": 0.98, ""R"": 0.0, ""S"": 0.0}",0.73,Ambazonian Separatists (Cameroon),"On 3 July 2022, Ambazonian Separatists abducted two workers of a government-owned agro-industrial company, (PAMOL) in Mabonji (Meme, Sud-Ouest).",0.6486486486486486,0.98,0.13109434171448617,0.1324118617525058,0.13109434171448617,0.34581959237840876,0.12978993121988366,0.12978993121988366
mistral:7b,CAO12114,V,V,0.98,"{""V"": 0.98, ""B"": 0.01, ""E"": 0.0, ""P"": 0.0, ""R"": 0.0, ""S"": 0.01}",0.76,Ambazonian Separatists (Cameroon),"On 15 August 2023, Ambazonian Separatists shot and killed a woman in Akwaya (Manyu, Sud-Ouest). They also abducted four civilians from a home for unknown reasons. No additional information.",0.6486486486486486,0.98,0.3467286909196672,0.13143896555144177,0.13013112599236756,0.13013112599236756,0.13013112599236756,0.13143896555144177
mistral:7b,CAO15247,S,R,0.82,"{""V"": 0.1, ""B"": 0.05, ""E"": 0.03, ""P"": 0.01, ""R"": 0.82, ""S"": 0.01}",0.76,Military Forces of Cameroon (1982-) Gendarmerie,"Looting: On 10 August 2024, gendarmerie forces broke into 8 civilian private residences and looted an unspecified amount of money and valuables in Bamunka (Ndop, Ngo-Ketunjia, Nord-Ouest) during an operation to dislodge Ambazonian Separatists from their hideouts.",0.1546391752577322,0.8200000000000001,0.14779958580304875,0.14059131494487795,0.13780742038742158,0.13507865063557692,0.3036443775931942,0.13507865063557692
mistral:7b,CAO6111,V,V,0.92,"{""V"": 0.92, ""B"": 0.04, ""E"": 0.01, ""P"": 0.01, ""R"": 0.01, ""S"": 0.01}",0.75,Military Forces of Cameroon (1982-),"Around 24 May 2022, the Cameroonian military shot randomly in Mbve area of Kumbo (Kumbo, Bui, Nord-Ouest). The bullets went through some houses.",0.53125,0.92,0.3305916477791031,0.13712376624342817,0.1330711464942846,0.1330711464942846,0.1330711464942846,0.1330711464942846
mistral:7b,CAO13590,S,E,0.98,"{""V"": 0.01, ""B"": 0.01, ""E"": 0.92, ""P"": 0.03, ""R"": 0.01, ""S"": 0.02}",0.76,Military Forces of Cameroon (1982-) Gendarmerie,"Defusal: On 19 April 2024, gendarmerie forces recovered an IED planted by an Ambazonian Separatist at the Market in Great Soppo (Buea, Fako, Sud-Ouest). The were no fatalities. The Separatist had attempted to detonate the IED on a minister's convoy but nearby civilians alerted the gendarmerie forces and he was arrested.",0.6486486486486486,0.98,0.13307474177654105,0.13307474177654105,0.33060057961982675,0.13576302988414168,0.13307474177654105,0.13441216516607782
mistral:7b,CAO4947,S,S,0.87,"{""V"": 0.03, ""B"": 0.02, ""E"": 0.01, ""P"": 0.01, ""R"": 0.01, ""S"": 0.87}",0.7,Military Forces of Cameroon (1982-),"On 13 January 2021, a joint police and military forces operation was conducted in Mudeka village, Tiko subdivision (Fako, Sud-Ouest), resulting in 86 people getting arrested.",0.30303030303030304,0.8700000000000001,0.13798788871987042,0.13661488628650642,0.13525554545561716,0.13525554545561716,0.13525554545561716,0.31963058862645194
mistral:7b,CAO5487,V,V,0.98,"{""V"": 0.98, ""B"": 0.01, ""E"": 0.0, ""P"": 0.0, ""R"": 0.0, ""S"": 0.01}",0.77,Military Forces of Cameroon (1982-),"On 16 August 2021, the military forces tortured several civilians, and looted properties during a raid in Bamenda - Chomba village, Bamenda 2 subdivision (Mezam, Nord-Ouest).",0.6486486486486486,0.98,0.3467286909196672,0.13143896555144177,0.13013112599236756,0.13013112599236756,0.13013112599236756,0.13143896555144177
mistral:7b,CAO12450,V,V,0.92,"{""V"": 0.92, ""B"": 0.03, ""E"": 0.01, ""P"": 0.02, ""R"": 0.02, ""S"": 0.0}",0.76,Ambazonian Separatists (Cameroon),"On 26 July 2023, Ambazonian Separatists shot and killed a civilian in Mezam department, coded to Bamenda (Mezam, Nord-Ouest), after getting in an argument with him. They let another man go who was with the victim after seizing his phone and an unknown amount of money.",0.53125,0.92,0.33059618018303394,0.13576122323011383,0.13307297089665981,0.1344103764885579,0.1344103764885579,0.13174887271274593
mistral:7b,CAO10410,S,R,0.92,"{""V"": 0.05, ""B"": 0.03, ""E"": 0.01, ""P"": 0.01, ""R"": 0.92, ""S"": 0.08}",0.77,Military Forces of Cameroon (1982-),"Property destruction: On 7 April 2023, State security forces, coded as the military forces, set fire to 3 civilian houses in Aboh, coded to Fundong (Njinikom, Boyo, Nord-Ouest).",0.53125,0.92,0.13662801892541196,0.13392260288721905,0.13127075767583954,0.13127075767583954,0.32611890126858606,0.14078896156677764
mistral:7b,CAO6584,S,S,0.87,"{""V"": 0.02, ""B"": 0.1, ""E"": 0.03, ""P"": 0.01, ""R"": 0.04, ""S"": 0.87}",0.77,Military Forces of Cameroon (1982-),"On 25 September 2022, Cameroonian security forces arrested at least 60 people in Kourgui (Mora, Mayo-Sava, Extreme-Nord). 30 motorbikes without official documents were seized. The military were looking for armed group members.",0.30303030303030304,0.8700000000000001,0.1343501803996109,0.14553981296669616,0.1357004221604151,0.1330133737688055,0.1370642340765194,0.31433197662763857
mistral:7b,CAO10587,B,B,0.98,"{""V"": 0.01, ""B"": 0.98, ""E"": 0.0, ""P"": 0.0, ""R"": 0.0, ""S"": 0.01}",0.78,Ambazonian Separatists (Cameroon),"On 7 May 2023, Ambazonian Separatists from the Bui Warriors, led by 'General Mad Dog,' engaged in an armed confrontation with state security forces (coded as military) in Njavnyuy, Kumbo commune, coded to Kumbo (Bui, Nord-Ouest). During the attack, the Separatists fired 2 rockets at the base. An unknown number of soldiers were injured.",0.6486486486486486,0.98,0.13143896555144177,0.3467286909196672,0.13013112599236756,0.13013112599236756,0.13013112599236756,0.13143896555144177
mistral:7b,CAO4741,V,V,0.92,"{""V"": 0.92, ""B"": 0.03, ""E"": 0.01, ""P"": 0.02, ""R"": 0.02, ""S"": 0.0}",0.77,Military Forces of Cameroon (1982-),"On 18 December 2020, the military forces raided Dyeny village, Mbonge subdivision (Meme, Sud-Ouest), resulting in 2 people getting injured and houses burnt down.",0.53125,0.92,0.33059618018303394,0.13576122323011383,0.13307297089665981,0.1344103764885579,0.1344103764885579,0.13174887271274593
mistral:7b,CAO6254,E,E,0.98,"{""V"": 0.01, ""B"": 0.02, ""E"": 0.93, ""P"": 0.01, ""R"": 0.01, ""S"": 0.02}",0.76,Unidentified Armed Group (Cameroon),"On 2 July 2022, an explosive device planted by an unidentified armed group exploded at Mokolo market in Yaounde (Yaounde 1, Mfoundi, Centre) leading to 4 injured, including 2 severely. No fatalities.",0.6486486486486486,0.98,0.13281287113952805,0.1341476626854084,0.33326606121026564,0.13281287113952805,0.13281287113952805,0.1341476626854084
mistral:7b,CAO11395,B,E,0.98,"{""V"": 0.01, ""B"": 0.02, ""E"": 0.93, ""P"": 0.01, ""R"": 0.01, ""S"": 0.02}",0.76,Ambazonian Separatists (Cameroon),"On 2 January 2024, the Bui Unity Warriors attacked a military convoy on transit with a road planted IED in Wainamah (Jakiri, Bui, Nord-Ouest). This prompted military to fire repelling gunshots. Casualties unknown.",0.6486486486486486,0.98,0.13281287113952805,0.1341476626854084,0.33326606121026564,0.13281287113952805,0.13281287113952805,0.1341476626854084
mistral:7b,CAO8359,B,B,0.92,"{""V"": 0.05, ""B"": 0.92, ""E"": 0.01, ""P"": 0.01, ""R"": 0.01, ""S"": 0.0}",0.71,Military Forces of Cameroon (1982-) Rapid Intervention Battalion,"On 4 January 2024, the military forces killed 1 unidentified armed group member in Bourrha (Bourrha, Mayo-Tsanaga, Extreme-Nord). The member was known to abduct civilians. Food items, clothing, bladed weapons and other items were recovered.",0.53125,0.92,0.13849439922076856,0.3305737846523766,0.13306395615306016,0.13306395615306016,0.13306395615306016,0.1317399476673438
mistral:7b,CAO11563,V,V,0.99,"{""V"": 0.99, ""B"": 0.01, ""E"": 0.0, ""P"": 0.0, ""R"": 0.0, ""S"": 0.0}",0.78,Military Forces of Cameroon (1982-),"On 21 June 2023, government forces, coded as military, raped a 12-year-old girl in Atoini, coded to Njinikom (Boyo, Nord-Ouest). No further information is available.",0.6486486486486486,0.99,0.3494526690479928,0.13115346521695664,0.12984846643367523,0.12984846643367523,0.12984846643367523,0.12984846643367523
mistral:7b,CAO10080,V,R,0.82,"{""V"": 0.15, ""B"": 0.03, ""E"": 0.01, ""P"": 0.04, ""R"": 0.82, ""S"": 0.05}",0.75,Military Forces of Cameroon (1982-),"On 2 February 2023, the state security forces, coded as the military forces beat civilians in Matondo II (Konye, Meme, Sud-Ouest) for an unknown reason. Casualties unknown. The attack caused the displacement of some civilians.",0.1546391752577322,0.8200000000000001,0.15358181482594005,0.13621485027723637,0.13351761552642538,0.13758383228186752,0.30013531430385004,0.13896657278438043
mistral:7b,CAO7398,V,E,0.98,"{""V"": 0.01, ""B"": 0.02, ""E"": 0.93, ""P"": 0.01, ""R"": 0.01, ""S"": 0.02}",0.78,Boko Haram - Jamaatu Ahli is-Sunnah lid-Dawati wal-Jihad,"On 18 June 2023, Boko Haram [JAS] militants attacked Gazla, coded to Mora (Mora, Mayo-Sava, Extreme-Nord). 2 were killed and 1 was wounded. The militants looted houses and stole food items.",0.6486486486486486,0.98,0.13281287113952805,0.1341476626854084,0.33326606121026564,0.13281287113952805,0.13281287113952805,0.1341476626854084
mistral:7b,CAO15321,S,E,0.98,"{""V"": 0.01, ""B"": 0.02, ""E"": 0.93, ""P"": 0.01, ""R"": 0.01, ""S"": 0.02}",0.75,Boko Haram - Jamaatu Ahli is-Sunnah lid-Dawati wal-Jihad,"Looting: On 12 October 2024, Boko Haram (JAS) (likely) militants looted 2 stores and nearly 20 houses in Ldoubam (Mokolo, Mayo-Tsanaga, Extreme-Nord).",0.6486486486486486,0.98,0.13281287113952805,0.1341476626854084,0.33326606121026564,0.13281287113952805,0.13281287113952805,0.1341476626854084
mistral:7b,CAO5584,B,B,0.98,"{""V"": 0.01, ""B"": 0.98, ""E"": 0.0, ""P"": 0.0, ""R"": 0.0, ""S"": 0.01}",0.75,Military Forces of Cameroon (1982-),"On 3 September 2021, military forces engaged in fire fight with Ambazonian separatists in Ekona town, Bangem subdivision (Kupe-Manenguba, Sud-Ouest).There were no fatalities.",0.6486486486486486,0.98,0.13143896555144177,0.3467286909196672,0.13013112599236756,0.13013112599236756,0.13013112599236756,0.13143896555144177
mistral:7b,CAO15173,B,B,0.98,"{""V"": 0.01, ""B"": 0.98, ""E"": 0.0, ""P"": 0.0, ""R"": 0.0, ""S"": 0.01}",0.77,Ambazonian Separatists (Cameroon),"On 8 August 2024, Ambazonian Separatists from the Restoration Forces faction clashed with the security forces, coded as the military forces in Big Ngwandi (Konye, Meme, Sud-Ouest). The Separatists detonated an IED that killed 2 soldiers and injured 6 others before clashing with security forces. The casualties on the Separatist side are unknown.",0.6486486486486486,0.98,0.13143896555144177,0.3467286909196672,0.13013112599236756,0.13013112599236756,0.13013112599236756,0.13143896555144177
mistral:7b,CAO5791,V,E,0.98,"{""V"": 0.01, ""B"": 0.02, ""E"": 0.95, ""P"": 0.01, ""R"": 0.01, ""S"": 0.0}",0.76,Ambazonian Separatists (Cameroon),"On 22 December 2021, suspected Ambazonian separatists opened fire on the house of the former Mayor of Mamfe town (Manyu, Sud-Ouest) before burning his house down. They accuse him of denouncing human rights violations allegedly committed by one separatist leader. There were no fatalities.",0.6486486486486486,0.98,0.1322737077229026,0.13360308058636017,0.33861823390414764,0.1322737077229026,0.1322737077229026,0.13095756234044575
mistral:7b,CAO7007,V,V,0.98,"{""V"": 0.98, ""B"": 0.01, ""E"": 0.0, ""P"": 0.0, ""R"": 0.0, ""S"": 0.01}",0.79,Military Forces of Cameroon (1982-),"On 29 January 2023, suspected members of the Cameroonian military forces attacked traveling civilians on the Bamenda-Kumbo road, coded to Bamenda (Bamenda 1, Mezam, Nord-Ouest). 2 drivers were killed by the military. The victims were traveling to Jakiri when they were stopped by the soldiers.",0.6486486486486486,0.98,0.3467286909196672,0.13143896555144177,0.13013112599236756,0.13013112599236756,0.13013112599236756,0.13143896555144177
mistral:7b,CAO13016,E,E,0.98,"{""V"": 0.01, ""B"": 0.02, ""E"": 0.93, ""P"": 0.01, ""R"": 0.01, ""S"": 0.02}",0.77,Ambazonian Separatists (Cameroon),"On 23 February 2024, an IED planted by Ambazonian Separatists detonated on the military forces in Bamenda - Mankon (Bamenda 2, Mezam, Nord-Ouest). At least 6 soldiers were killed and their military vehicle was damaged.",0.6486486486486486,0.98,0.13281287113952805,0.1341476626854084,0.33326606121026564,0.13281287113952805,0.13281287113952805,0.1341476626854084
mistral:7b,CAO9923,V,V,0.92,"{""V"": 0.92, ""B"": 0.04, ""E"": 0.01, ""P"": 0.01, ""R"": 0.01, ""S"": 0.01}",0.75,Military Forces of Cameroon (1982-),"On 20 March 2021, state forces, coded as military, raided the village Bengang located in Batibo (Momo, Nord-Ouest).There was 1 civilian killed.",0.53125,0.92,0.3305916477791031,0.13712376624342817,0.1330711464942846,0.1330711464942846,0.1330711464942846,0.1330711464942846
mistral:7b,CAO3105,B,V,0.98,"{""V"": 0.98, ""B"": 0.01, ""E"": 0.0, ""P"": 0.0, ""R"": 0.0, ""S"": 0.01}",0.76,Ambazonian Separatists (Cameroon),"On 15 March 2020, the Ambazonian separatists killed a civilian when they targeted a soldier who he was transporting to his duty post in Mundemba town (Ndian, Sud-Ouest).",0.6486486486486486,0.98,0.3467286909196672,0.13143896555144177,0.13013112599236756,0.13013112599236756,0.13013112599236756,0.13143896555144177
mistral:7b,CAO12465,S,R,0.82,"{""V"": 0.15, ""B"": 0.03, ""E"": 0.01, ""P"": 0.02, ""R"": 0.82, ""S"": 0.0}",0.76,Military Forces of Cameroon (1982-),"Property destruction: On 24 July 2023, state security forces (coded as military) set ablaze the traditional house of a village in Belo commune, coded to Oku (Boyo, Nord-Ouest), which had been a secret shrine of 'Beng Aweh.' They also arrested some men, all, with the exception of two, were shortly released.",0.1546391752577322,0.8200000000000001,0.15505512100774163,0.13752155563941793,0.13479844638883856,0.13615319329773268,0.30301450422905035,0.13345717943691576
mistral:7b,CAO5869,B,B,0.98,"{""V"": 0.01, ""B"": 0.98, ""E"": 0.0, ""P"": 0.0, ""R"": 0.0, ""S"": 0.01}",0.76,Islamic State West Africa Province (ISWAP) - Lake Chad Faction,"Around 12 February 2022, ISWAP militants launched an attack targeting a military post of the Multinational Task force in Gasama (Logone-Birni, Logone-et-Chari), causing the killing of ten militants, injury of two soldiers, and the seizure of arms and ammunition.",0.6486486486486486,0.98,0.13143896555144177,0.3467286909196672,0.13013112599236756,0.13013112599236756,0.13013112599236756,0.13143896555144177
mistral:7b,CAO13677,V,R,0.9,"{""V"": 0.05, ""B"": 0.02, ""E"": 0.01, ""P"": 0.03, ""R"": 0.89, ""S"": 0.02}",0.76,Ambazonian Separatists (Cameroon),"On 16 April 2024, Ambazonian Separatists from the SOCADEF abducted 3 village elders and a traditional ruler from their private residences in Weme (Konye, Meme, Sud-Ouest). The Separatists accused the elders of installing a new traditional council in the village without notifying the Separatists.",0.30303030303030304,0.8999999999999999,0.13892272899271427,0.1348169418593494,0.13347549087442012,0.13617187465081243,0.32179602176303246,0.1348169418593494
gemma3:4b,CAO11875,V,V,0.86,"{""V"": 0.25, ""B"": 0.05, ""E"": 0.05, ""P"": 0.05, ""R"": 0.05, ""S"": 0.15}",1.51,Unidentified Armed Group (Cameroon),"On 24 September 2023, an unidentified armed group shot and killed a bike rider beside a rice farm in Bamunka (Ngo-Ketunjia, Nord-Ouest) after having abducted him. They accused him of impersonating the armed group and extorting money from civilians.",0.4155251141552511,0.86,0.1930591218352244,0.15806344020872712,0.15806344020872712,0.15806344020872712,0.15806344020872712,0.17468711732967418
gemma3:4b,CAO9055,V,V,0.9,"{""V"": 0.35, ""B"": 0.05, ""E"": 0.02, ""P"": 0.02, ""R"": 0.01, ""S"": 0.03}",1.45,Military Forces of Cameroon (1982-),"On 4 September 2022, military forces shot and killed a man in Besali (Wabane, Lebialem, Sud-Ouest) after he was mistaken for a separatist fighter following an exchange of fire between soldiers and Ambazonia Liberation Army fighters.",0.6485623003194888,0.8999999999999999,0.2166103277068181,0.1604688775530488,0.15572630549489866,0.15572630549489866,0.1541768028655966,0.1572913808845226
gemma3:4b,CAO3117,B,B,0.92,"{""V"": 0.03, ""B"": 0.82, ""E"": 0.02, ""P"": 0.01, ""R"": 0.0, ""S"": 0.02}",1.46,Islamic State West Africa Province (ISWAP) - Lake Chad Faction and/or Boko Haram - Jamaatu Ahli is-Sunnah lid-Dawati wal-Jihad,"On 23 March 2020, Boko Haram were repulsed by the military after staging an attack on the village of Goshikale in Mora subdivision (Mayo-Sava, Extreme-Nord). Militants destroyed the local hospital and looted several houses, taking away 3 motorcycles.",0.8317757009345793,0.92,0.1401710588610448,0.3088524101589366,0.13877633352182225,0.13739548593159923,0.13602837800446596,0.13877633352182225
gemma3:4b,CAO13564,B,B,0.92,"{""V"": 0.03, ""B"": 0.82, ""E"": 0.02, ""P"": 0.01, ""R"": 0.0, ""S"": 0.02}",1.46,Military Forces of Cameroon (1982-) Gendarmerie,"On 21 April 2024, gendarmerie officers clashed with Ambazonian Separatists from the Restoration Forces faction at the Separatist hideout in Kouki (Mbven, Bui, Nord-Ouest). There were no fatalities. No information on the injuries.",0.8317757009345793,0.92,0.1401710588610448,0.3088524101589366,0.13877633352182225,0.13739548593159923,0.13602837800446596,0.13877633352182225
gemma3:4b,CAO8281,S,V,0.86,"{""V"": 0.25, ""B"": 0.05, ""E"": 0.05, ""P"": 0.05, ""R"": 0.05, ""S"": 0.15}",1.43,Islamic State West Africa Province (ISWAP) and/or Boko Haram - Jamaatu Ahli is-Sunnah lid-Dawati wal-Jihad,"Looting: On 18 December 2023, ISWAP or Boko Haram militants looted 2 houses in Waza (Waza, Logone-et-Chari, Extreme-Nord).",0.4155251141552511,0.86,0.1930591218352244,0.15806344020872712,0.15806344020872712,0.15806344020872712,0.15806344020872712,0.17468711732967418
gemma3:4b,CAO10079,S,V,0.87,"{""V"": 0.25, ""B"": 0.05, ""E"": 0.05, ""P"": 0.05, ""R"": 0.05, ""S"": 0.15}",1.44,Civilians (Cameroon),"Displacement: On 2 February 2023, civilians were displaced for fear of retaliation attacks from, the state security forces in Diongo (Dibombari, Moungo, Littoral) after suspected Ambazonian Separatists mounted an illegal checkpoint paralyzing vehicle movement.",0.4155251141552511,0.8700000000000001,0.1930591218352244,0.15806344020872712,0.15806344020872712,0.15806344020872712,0.15806344020872712,0.17468711732967418
gemma3:4b,CAO9679,V,V,0.88,"{""V"": 0.15, ""B"": 0.05, ""E"": 0.05, ""P"": 0.05, ""R"": 0.05, ""S"": 0.65}",1.36,Military Forces of Cameroon (1982-),"On 27 June 2022, military forces shot and killed four civilians in Banten (Bui, Nord-Ouest) who were previously arrested on 25 June during a military operation. The circumstances that led to their execution are unclear.",0.6485623003194888,0.8800000000000001,0.1595387175924359,0.1443566013031078,0.1443566013031078,0.1443566013031078,0.1443566013031078,0.2630348771948698
gemma3:4b,CAO5718,V,V,0.89,"{""V"": 0.89, ""B"": 0.03, ""E"": 0.02, ""P"": 0.01, ""R"": 0.01, ""S"": 0.02}",1.45,Military Forces of Cameroon (1982-),"On 16 October 2021, the military forces shot and killed a student in Waindo village, Wum subdivision (Menchum, Nord-Ouest). He was accused of being in possession of a military uniform and some ammunition.",0.6485623003194888,0.8899999999999999,0.32355852207799457,0.1369176979541775,0.13555534409685224,0.13420654588689981,0.13420654588689981,0.13555534409685224
gemma3:4b,CAO8534,B,B,0.88,"{""V"": 0.05, ""B"": 0.32, ""E"": 0.03, ""P"": 0.02, ""R"": 0.01, ""S"": 0.17}",1.38,Unidentified Armed Group (Cameroon),"On 21 February 2024, an unidentified armed group clashed with Boko Haram (JAS) (likely) militants in Kouyape (Kolofata, Mayo-Sava, Extreme-Nord). The bodies of 3 militants were found by civilians. The exact circumstances of their death are unknown.",0.6485623003194888,0.8800000000000001,0.15750772506708016,0.206329520553741,0.15438886314631714,0.15285266829073435,0.15133175882935826,0.1775894641125628
gemma3:4b,CAO4163,V,V,0.9,"{""V"": 0.35, ""B"": 0.05, ""E"": 0.03, ""P"": 0.02, ""R"": 0.02, ""S"": 0.03}",1.42,Military Forces of Cameroon (1982-),"On 12 December 2020, the military forces shot and killed two civilians in Mkpot village, Mamfe subdivision (Manyu, Sud-Ouest).",0.6485623003194888,0.8999999999999999,0.21593777266661482,0.15997063652485488,0.15680300568969993,0.15524278971445726,0.15524278971445726,0.15680300568969993
gemma3:4b,CAO14080,B,B,0.92,"{""V"": 0.03, ""B"": 0.92, ""E"": 0.01, ""P"": 0.0, ""R"": 0.0, ""S"": 0.04}",1.38,Military Forces of Cameroon (1982-) Rapid Intervention Battalion,"On 24 July 2024, the military forces from the Rapid Intervention clashed with Boko Haram (JAS) (likely) militants in Yabogo neighborhood in Amchide (Kolofata, Mayo-Sava, Extreme-Nord). There were no fatalities.",0.8317757009345793,0.92,0.1357539242923912,0.3305784063233626,0.13306581648758756,0.13174178949123336,0.13174178949123336,0.13711827391386122
gemma3:4b,CAO13672,V,V,0.89,"{""V"": 0.25, ""B"": 0.05, ""E"": 0.05, ""P"": 0.05, ""R"": 0.05, ""S"": 0.15}",1.43,Ambazonian Separatists (Cameroon),"On 15 April 2024, Ambazonian Separatists from the ADF abducted 4 men and 2 women at a checkpoint in Mambanda (Kumba 2, Meme, Sud-Ouest). The militants also looted 3 motorbikes. The reason for the abduction is not known.",0.6485623003194888,0.8899999999999999,0.1930591218352244,0.15806344020872712,0.15806344020872712,0.15806344020872712,0.15806344020872712,0.17468711732967418
gemma3:4b,CAO3188,V,V,0.9,"{""V"": 0.3, ""B"": 0.05, ""E"": 0.03, ""P"": 0.02, ""R"": 0.02, ""S"": 0.18}",1.39,Military Forces of Cameroon (1982-),"On 16 April 2020, military forces killed three former Ambazonian separatists in Balikumbat town (Ngo-ketunjia, Nord-Ouest).",0.6485623003194888,0.8999999999999999,0.20240177241603496,0.1576306588526483,0.1545093626798356,0.15297196883386116,0.15297196883386116,0.17951426838355644
gemma3:4b,CAO8782,B,B,0.92,"{""V"": 0.03, ""B"": 0.75, ""E"": 0.02, ""P"": 0.0, ""R"": 0.0, ""S"": 0.0}",1.5,Ambazonian Separatists (Cameroon),"On 1 July 2022, suspected Ambazonian Separatist fighters clashed with the military forces in Bambui (Tubah, Mezam, Nord-Ouest). There were no fatalities.",0.8317757009345793,0.92,0.1437645095805468,0.2953545829942067,0.14233402880925103,0.13951562620523333,0.13951562620523333,0.13951562620523333
gemma3:4b,CAO7306,B,B,0.92,"{""B"": 0.35, ""E"": 0.05, ""P"": 0.02, ""R"": 0.01, ""S"": 0.035}",1.47,Military Forces of Cameroon (1982-) Rapid Intervention Battalion,"On 19 May 2023, the military forces of Kerawa (Rapid Intervention) clashed with Boko Haram (JAS) (likely) militants in Balatikse neighborhood in Mayo Moskota (Kolofata, Mayo-Sava, Extreme-Nord). 1 militant was killed while 3 soldiers seriously injured. 2 militants were captured. The military seized some equipment.",0.8317757009345793,0.92,0.15299386361275352,0.21710862698676126,0.1608380267389833,0.15608454467360186,0.1545314775049141,0.15844346048276908
gemma3:4b,CAO13551,S,B,0.88,"{""V"": 0.03, ""B"": 0.35, ""E"": 0.02, ""P"": 0.01, ""R"": 0.01, ""S"": 0.58}",1.45,Boko Haram - Jamaatu Ahli is-Sunnah lid-Dawati wal-Jihad,"On 14 June 2024, 11 members of Boko Haram (JAS) (likely) militants surrendered to the military forces in Madakar (Mayo-Moskota, Mayo-Tsanaga, Extreme-Nord).",0.6485623003194888,0.8800000000000001,0.14162645022671486,0.19503771677155354,0.14021724350144385,0.1388220586173711,0.1388220586173711,0.24547447226529995
gemma3:4b,CAO4946,V,V,0.85,"{""V"": 0.25, ""B"": 0.05, ""E"": 0.05, ""P"": 0.05, ""R"": 0.05, ""S"": 0.15}",1.45,Ambazonian Separatists (Cameroon),"On 13 January 2021, Ambazonian separatists kidnapped a truck driver and his assistant in Bukow village, Ndop subdivision (Ngo-Ketunjia, Nord-Ouest).",0.2692307692307692,0.85,0.1930591218352244,0.15806344020872712,0.15806344020872712,0.15806344020872712,0.15806344020872712,0.17468711732967418
gemma3:4b,CAO8143,B,B,0.92,"{""V"": 0.03, ""B"": 0.82, ""E"": 0.02, ""P"": 0.01, ""R"": 0.0, ""S"": 0.02}",1.5,Military Forces of Cameroon (1982-) Rapid Intervention Battalion,"On 14 November 2023, the military forces (Rapid Intervention) ambushed Boko Haram (JAS) (likely) militants along the Limani - Goumbouldi road, coded to Limani (Mora, Mayo-Sava, Extreme-Nord). 2 militants were killed, the militants had approached an abandoned civilian truck near where the military forces were parked and the military recovered a weapon.",0.8317757009345793,0.92,0.1401710588610448,0.3088524101589366,0.13877633352182225,0.13739548593159923,0.13602837800446596,0.13877633352182225
gemma3:4b,CAO15055,V,V,0.89,"{""V"": 0.89, ""B"": 0.02, ""E"": 0.02, ""P"": 0.01, ""R"": 0.01, ""S"": 0.03}",1.39,Unidentified Armed Group (Cameroon),"Around 17 September 2024 (as reported), an unidentified armed group attacked and killed 1 civilian between Mora and Blabline (Kolofata, Mayo-Sava, Extreme-Nord) for an unknown reason.",0.6485623003194888,0.8899999999999999,0.3235585220779946,0.13555534409685227,0.13555534409685227,0.13420654588689984,0.13420654588689984,0.13691769795417752
gemma3:4b,CAO11956,B,B,0.92,"{""V"": 0.03, ""B"": 0.82, ""E"": 0.01, ""P"": 0.01, ""R"": 0.0, ""S"": 0.01}",1.38,Military Forces of Cameroon (1982-) Rapid Intervention Battalion,"On 25 October 2023, military forces from the Rapid Intervention Battalion engaged in an armed confrontation with Ambazonian Separatists in Ngarum (Donga-Mantung, Nord-Ouest). There were no casualties.",0.8317757009345793,0.92,0.14055924063848324,0.30970772850008216,0.13777598119484624,0.13777598119484624,0.136405087276586,0.13777598119484624
gemma3:4b,CAO12511,V,V,0.89,"{""V"": 0.35, ""B"": 0.05, ""E"": 0.05, ""P"": 0.05, ""R"": 0.05, ""S"": 0.05}",1.49,Military Forces of Cameroon (1982-),"On 19 July 2023, state security forces (coded as military) physically assualted 10 men, including the traditional chief and traditional council chairman, whom they had arrested in Nongomadiba (Kupe-Manenguba, Sud-Ouest), injuring them. They were targeted for not acting against Ambazonian Separatists who had buried a woman alive early in the morning (coded separately).",0.6485623003194888,0.8899999999999999,0.2125809169119166,0.15748381661757416,0.15748381661757416,0.15748381661757416,0.15748381661757416,0.15748381661757416
gemma3:4b,CAO4776,S,V,0.86,"{""V"": 0.25, ""B"": 0.05, ""E"": 0.05, ""P"": 0.05, ""R"": 0.1, ""S"": 0.1}",1.48,Military Forces of Cameroon (1982-),"Looting: Around 15 July 2020 (month of), the military forces raided Bengang village, Batibo subdivision (Momo, Nord-Ouest). They shot in the air, and then looted property.",0.4155251141552511,0.86,0.19313937228118166,0.15812914371678055,0.15812914371678055,0.15812914371678055,0.16623659828414178,0.16623659828414178
gemma3:4b,CAO12845,V,V,0.89,"{""V"": 0.25, ""B"": 0.05, ""E"": 0.05, ""P"": 0.05, ""R"": 0.05, ""S"": 0.15}",1.4,Ambazonian Separatists (Cameroon),"On 9 December 2021, suspected Ambazonian separatist fighters killed a Fulani pastoralist at 3 Corners near Ntumbaw (Ndu, Donga-Mantung, Nord-Ouest). In retaliation, local Fulanis set ablaze more than 15 houses, and killed a bike who transported a uniformed officer to the scene [Coded as a separate event].",0.6485623003194888,0.8899999999999999,0.1930591218352244,0.15806344020872712,0.15806344020872712,0.15806344020872712,0.15806344020872712,0.17468711732967418
gemma3:4b,CAO11075,B,V,0.9,"{""V"": 0.35, ""B"": 0.05, ""E"": 0.03, ""P"": 0.02, ""R"": 0.01, ""S"": 0.04}",1.51,Military Forces of Cameroon (1982-),"On 23 November 2023, the military forces ambushed Ambazonian Separatists from the Restoration Forces onboard a motorcycle in Konye (Konye, Meme, Sud-Ouest). The military forces members shot and injured one.",0.6485623003194888,0.8999999999999999,0.21593103457332075,0.15996564482256997,0.15679811282974274,0.1552379455392701,0.15369330217271676,0.15837396006216387
gemma3:4b,CAO13652,V,V,0.86,"{""V"": 0.32, ""B"": 0.05, ""E"": 0.03, ""P"": 0.04, ""R"": 0.03, ""S"": 0.13}",1.45,Military Forces of Cameroon (1982-) Rapid Intervention Battalion,"On 13 April 2024, state security forces, coded as the military forces from the Rapid Intervention, beat and injured a dump truck driver and 2 other civilians on the main road in Mile 15 Buea (Buea, Fako, Sud-Ouest) after the dump truck blocked the road and delayed their convoy traveling to Buea center. There were no fatalities.",0.4155251141552511,0.86,0.2064985291604072,0.15763674277177556,0.15451532612929267,0.15606823097395678,0.15451532612929267,0.1707658448350685
gemma3:4b,CAO9051,V,V,0.89,"{""V"": 0.89, ""B"": 0.03, ""E"": 0.02, ""P"": 0.01, ""R"": 0.01, ""S"": 0.02}",1.52,Military Forces of Cameroon (1982-),"On 23 May 2022, military forces killed a man at the Finance Junction in Bamenda city (Bamenda 1, Mezam, Nord-Ouest). Locals in the early hours of the morning discovered the dead body dumped by the road.",0.6485623003194888,0.8899999999999999,0.32355852207799457,0.1369176979541775,0.13555534409685224,0.13420654588689981,0.13420654588689981,0.13555534409685224
gemma3:4b,CAO10854,B,B,0.92,"{""V"": 0.03, ""B"": 0.82, ""E"": 0.02, ""P"": 0.01, ""R"": 0.0, ""S"": 0.02}",1.52,Military Forces of Cameroon (1982-),"On 18 December 2023, the military forces attacked Ambazonian Separatists leading to a clash in Bai Panya (Kumba 1, Meme, Sud-Ouest). Two Ambazonian Separatists were killed and four others arrested.",0.8317757009345793,0.92,0.1401710588610448,0.3088524101589366,0.13877633352182225,0.13739548593159923,0.13602837800446596,0.13877633352182225
gemma3:4b,CAO8295,S,E,0.97,"{""V"": 0.01, ""B"": 0.01, ""E"": 0.97, ""P"": 0.0, ""R"": 0.0, ""S"": 0.01}",1.45,Military Forces of Cameroon (1982-) Rapid Intervention Battalion,"Defusal: Around 27 December 2023 (as reported), the military forces (Rapid Intervention) defused an IED that was planted by an unidentified armed group on the road in Kumba (Ekondo Titi, Ndian, Sud-Ouest).",0.8317757009345793,0.9699999999999999,0.13172113442422878,0.13172113442422878,0.3440156222510507,0.1304104872379595,0.1304104872379595,0.13172113442422878
gemma3:4b,CAO10551,B,B,0.9,"{""V"": 0.05, ""B"": 0.3, ""E"": 0.03, ""P"": 0.02, ""R"": 0.01, ""S"": 0.19}",1.43,Military Forces of Cameroon (1982-),"On 15 September 2022, state security forces, coded as military, clashed with Ambazonian Separatists around Kosala and Fiango, coded to Fiango (Meme, Sud-Ouest). Casualties unknown.",0.6485623003194888,0.8999999999999999,0.15758621136710382,0.202344700714888,0.15446579531347307,0.15292883497003706,0.15140716763753914,0.18126728999675648
gemma3:4b,CAO12982,E,E,0.92,"{""V"": 0.01, ""B"": 0.02, ""E"": 0.89, ""P"": 0.01, ""R"": 0.01, ""S"": 0.0}",1.47,Unidentified Armed Group (Cameroon),"On 9 April 2024, an IED planted by an unidentified armed group detonated on members of self-defence militia in Tourou (Mokolo, Mayo-Tsanaga, Extreme-Nord). A self-defence militia member was killed when they stepped on an IED when it detonated.",0.8317757009345793,0.92,0.13493456207012466,0.13629067696435848,0.32531369608039834,0.13493456207012466,0.13493456207012466,0.13359194074454372
gemma3:4b,CAO4198,V,V,0.89,"{""V"": 0.35, ""B"": 0.05, ""E"": 0.05, ""P"": 0.05, ""R"": 0.05, ""S"": 0.05}",1.39,Ambazonian Separatists (Cameroon),"On 7 January 2021, suspected Ambazonian separatists kidnapped between 6 and 7 students in Mulang neighborhood of Bamenda town (Mezam, Nord-Ouest).",0.6485623003194888,0.8899999999999999,0.2125809169119166,0.15748381661757416,0.15748381661757416,0.15748381661757416,0.15748381661757416,0.15748381661757416
gemma3:4b,CAO12441,V,B,0.92,"{""V"": 0.03, ""B"": 0.89, ""E"": 0.01, ""P"": 0.01, ""R"": 0.0, ""S"": 0.0}",1.4,Military Forces of Cameroon (1982-),"Around 28 July 2023 (as reported), state security forces shot and killed two Ambazonian Separatists in Kumbo commune, coded to Kumbo (Bui, Nord-Ouest) whom they had captured on 28 July (coded separately).",0.8317757009345793,0.92,0.13765668741195644,0.32530487291768073,0.13493090237300243,0.13493090237300243,0.13358831746201627,0.13358831746201627
gemma3:4b,CAO14598,B,B,0.92,"{""V"": 0.03, ""B"": 0.15, ""E"": 0.02, ""P"": 0.01, ""R"": 0.01, ""S"": 0.02}",1.45,Military Forces of Cameroon (1982-) Rapid Intervention Battalion,"On 28 August 2024, the military forces from the Rapid Intervention clashed with the Boko Haram (JAS) (likely) militants around Amchide (Kolofata, Mayo-Sava, Extreme-Nord). Casualties unknown. The militants stole a motorbike from a civilian and the military forces chased them until the militants abandoned the motorbike.",0.8317757009345793,0.92,0.1647991118866929,0.18581047979532353,0.16315933332543087,0.16153587083346793,0.16153587083346793,0.16315933332543087
gemma3:4b,CAO8757,S,V,0.86,"{""V"": 0.25, ""B"": 0.05, ""E"": 0.05, ""P"": 0.05, ""R"": 0.05, ""S"": 0.15}",1.51,Unidentified Armed Group (Cameroon),"Looting: Around 17 March 2024 (as reported), an unidentified armed group suspected of being ISWAP or Boko Haram militants looted food items, clothing and 1 bicycle in Ganse (Kolofata, Mayo-Sava, Extreme-Nord).",0.4155251141552511,0.86,0.1930591218352244,0.15806344020872712,0.15806344020872712,0.15806344020872712,0.15806344020872712,0.17468711732967418
gemma3:4b,CAO3886,B,V,0.89,"{""V"": 0.89, ""B"": 0.03, ""E"": 0.02, ""P"": 0.01, ""R"": 0.01, ""S"": 0.02}",1.42,Military Forces of Cameroon (1982-),"On 17 August 2020, the military forces engaged in a fire fight with Ambazonian separatists in Makanga village, Muyuka subdivision (Fako, Sud-Ouest). 1 person was killed, and another arrested.",0.6485623003194888,0.8899999999999999,0.32355852207799457,0.1369176979541775,0.13555534409685224,0.13420654588689981,0.13420654588689981,0.13555534409685224
gemma3:4b,CAO14603,V,V,0.89,"{""V"": 0.89, ""B"": 0.03, ""E"": 0.02, ""P"": 0.01, ""R"": 0.01, ""S"": 0.02}",1.47,Ambazonian Separatists (Cameroon),"On 30 June 2024, Ambazonian Separatists beat and injured a commercial motorbike driver and abducted 4 suspected government officials in Bambui (Tubah, Mezam, Nord-Ouest). The Separatists looted the motorbike from the commercial motorbike driver and used it to transport the abducted. The motorbike was later found abandoned and recovered by the military forces.",0.6485623003194888,0.8899999999999999,0.32355852207799457,0.1369176979541775,0.13555534409685224,0.13420654588689981,0.13420654588689981,0.13555534409685224
gemma3:4b,CAO13493,V,V,0.88,"{""V"": 0.15, ""B"": 0.05, ""E"": 0.05, ""P"": 0.05, ""R"": 0.05, ""S"": 0.15}",1.36,Boko Haram - Jamaatu Ahli is-Sunnah lid-Dawati wal-Jihad,"On 20 May 2024, Boko Haram (JAS) (likely) militants slit the throat and killed a civilian between Kordo and Lelede, coded to Kordo (Kolofata, Mayo-Sava, Extreme-Nord). He had been abducted by the militants the previous day (coded as a separate event).",0.6485623003194888,0.8800000000000001,0.17795653560357846,0.16102173219816626,0.16102173219816626,0.16102173219816626,0.16102173219816626,0.17795653560357846
gemma3:4b,CAO6461,B,B,0.92,"{""V"": 0.03, ""B"": 0.15, ""E"": 0.02, ""P"": 0.01, ""R"": 0.01, ""S"": 0.02}",1.4,Ambazonian Separatists (Cameroon),"On 17 August 2022, Ambazonian separatists clashed with the Cameroonian military forces in Tinta (Akwaya, Manyu, Sud-Ouest) leading to the death of 3. Unclarity if the fatalities are of civilian or separatist fighters. The clashes also resulted in the destruction of several buildings, including a primary school. Civilians fled the fighting into the bushes.",0.8317757009345793,0.92,0.1647991118866929,0.18581047979532353,0.16315933332543087,0.16153587083346793,0.16153587083346793,0.16315933332543087
gemma3:4b,CAO13869,R,V,0.8,"{""V"": 0.25, ""B"": 0.05, ""E"": 0.05, ""P"": 0.05, ""R"": 0.05, ""S"": 0.15}",1.4,Rioters (Cameroon),"Around 29 June 2024 (as reported), youth from Ndoumba Kanda clashed with Belabo youths, coded to Belabo (Belabo, Lom-et-Djerem, Est) during a wake for unknown reasons. Casualties unknown.",0.0,0.8,0.1930591218352244,0.15806344020872712,0.15806344020872712,0.15806344020872712,0.15806344020872712,0.17468711732967418
gemma3:4b,CAO4334,B,B,0.92,"{""V"": 0.03, ""B"": 0.75, ""E"": 0.03, ""P"": 0.01, ""R"": 0.01, ""S"": 0.01}",1.53,Ambazonian Separatists (Cameroon),"On 4 February 2021, the military forces engaged in a fire fight with Ambazonian separatists in Mbalangi village (Meme, Sud-Ouest), as they tried to remove a road blockade erected by separatists in order to enforce a lockdown in the area. No fatality and/or casualty reported.",0.8317757009345793,0.92,0.14295865921907747,0.2936990172487947,0.14295865921907747,0.14012788810425225,0.14012788810425225,0.14012788810425225
gemma3:4b,CAO6445,B,B,0.92,"{""V"": 0.03, ""B"": 0.75, ""E"": 0.03, ""P"": 0.01, ""R"": 0.01, ""S"": 0.01}",1.47,Islamic State West Africa Province (ISWAP) - Lake Chad Faction and/or Boko Haram - Jamaatu Ahli is-Sunnah lid-Dawati wal-Jihad,"On 25 September 2021, ISWAP or Boko Haram fighters ambushed the Cameroonian military camp in Sagme (Makary, Logone-et-Chari, Extreme-Nord) leading to the death of 2. The fighters stole weapons and ammunition and burnt the camp and military vehicles.",0.8317757009345793,0.92,0.14295865921907747,0.2936990172487947,0.14295865921907747,0.14012788810425225,0.14012788810425225,0.14012788810425225
gemma3:4b,CAO6236,B,B,0.88,"{""V"": 0.05, ""B"": 0.35, ""E"": 0.03, ""P"": 0.02, ""R"": 0.01, ""S"": 0.54}",1.52,Boko Haram - Jamaatu Ahli is-Sunnah lid-Dawati wal-Jihad,"On 15 June 2022, suspected Boko Haram (JAS) (likely) clashed with Cameroonian military Forces and MNJTF in Limani (Mora, Mayo-Sava, Extreme-Nord), unknown fatalities, coded to 3.",0.6485623003194888,0.8800000000000001,0.1450619040558903,0.19581308883358867,0.1421894859029355,0.140774676879081,0.139373945440227,0.23678689888804075
gemma3:4b,CAO7298,V,B,0.88,"{""V"": 0.05, ""B"": 0.32, ""E"": 0.03, ""P"": 0.02, ""R"": 0.01, ""S"": 0.17}",1.4,Islamic State West Africa Province (ISWAP) and/or Boko Haram - Jamaatu Ahli is-Sunnah lid-Dawati wal-Jihad,"On 15 May 2023, ISWAP or Boko Haram militants abducted 2 herders in Zigague (Waza, Logone-et-Chari, Extreme-Nord) and stole a head of oxen. The herders and the oxen were freed when the militants spotted the security forces who had been following them.",0.6485623003194888,0.8800000000000001,0.15750772506708016,0.206329520553741,0.15438886314631714,0.15285266829073435,0.15133175882935826,0.1775894641125628
gemma3:4b,CAO12794,S,R,0.86,"{""V"": 0.03, ""B"": 0.02, ""E"": 0.01, ""P"": 0.12, ""R"": 0.6, ""S"": 0.02}",1.51,Military Forces of Cameroon (1982-),"Property destruction: On 18 March 2022, suspected military forces burnt down 2 shops in Ndop (Ndop, Ngo-Ketunjia, Nord-Ouest) for failing to open their stores on Mondays. The Ambazonian Separatist fighters had imposed lockdown Mondays.",0.4155251141552511,0.86,0.1465686875795059,0.14511030477092357,0.143666433113744,0.16037168874591862,0.2591725810187252,0.14511030477092357
gemma3:4b,CAO2846,B,V,0.89,"{""V"": 0.89, ""B"": 0.03, ""E"": 0.02, ""P"": 0.01, ""R"": 0.01, ""S"": 0.02}",1.38,Military Forces of Cameroon (1982-),"On 14 January 2020, the military forces engaged in a fire fight with Ambazonian separatists in Peng village, Tombel subdivision (Kupe-Manenguba, Sud-Ouest) [coded: Tombel]. Two civilians were killed after they were reportedly flagged as Ambazonian fighters.",0.6485623003194888,0.8899999999999999,0.32355852207799457,0.1369176979541775,0.13555534409685224,0.13420654588689981,0.13420654588689981,0.13555534409685224
gemma3:4b,CAO4930,V,V,0.86,"{""V"": 0.15, ""B"": 0.05, ""E"": 0.05, ""P"": 0.05, ""R"": 0.05, ""S"": 0.15}",1.45,Ambazonian Separatists (Cameroon),"On 21 November 2020, Ambazonian separatists kidnapped a retired military officer from his home in Mankon town, Bamenda 2 subdivision (Bamenda - Mankon, Mezam, Nord-Ouest).",0.4155251141552511,0.86,0.17795653560357846,0.16102173219816626,0.16102173219816626,0.16102173219816626,0.16102173219816626,0.17795653560357846
gemma3:4b,CAO3670,S,V,0.86,"{""V"": 0.25, ""B"": 0.05, ""E"": 0.05, ""P"": 0.05, ""R"": 0.05, ""S"": 0.15}",1.48,Military Forces of Cameroon (1982-) Gendarmerie,"Around 14 September 2020 (as reported), the gendarmerie and police forces arrested 'over a dozen' civilians in Moloundou town (Boumba-Et-Ngoko, Est) for not having national ID cards.",0.4155251141552511,0.86,0.1930591218352244,0.15806344020872712,0.15806344020872712,0.15806344020872712,0.15806344020872712,0.17468711732967418
gemma3:4b,CAO15919,V,V,0.92,"{""V"": 0.35, ""B"": 0.05, ""E"": 0.03, ""P"": 0.02, ""R"": 0.02, ""S"": 0.55}",1.48,Military Forces of Cameroon (1982-) Rapid Intervention Battalion,"On 10 October 2024, the military forces from the Rapid Intervention shot and killed 7 civilians at their private residences in Mbomboko in the Buea subdivision (Buea, Fako, Sud-Ouest), mistakenly believing them to be Ambazonian Separatists.",0.8317757009345793,0.92,0.1950756095228255,0.14451556594510118,0.14165396601156308,0.14024448549965832,0.14024448549965832,0.23826588752095537
gemma3:4b,CAO13492,V,V,0.92,"{""V"": 0.03, ""B"": 0.01, ""E"": 0.02, ""P"": 0.01, ""R"": 0.01, ""S"": 0.89}",1.47,Boko Haram - Jamaatu Ahli is-Sunnah lid-Dawati wal-Jihad,"On 20 May 2024, Boko Haram (JAS) (likely) militants attacked and killed a civilian along the Limani - Mora road, coded to Limani (Mora, Mayo-Sava, Extreme-Nord).",0.8317757009345793,0.92,0.1371026217249399,0.13438780792166402,0.13573842784535184,0.13438780792166402,0.13438780792166402,0.3239955266643922
gemma3:4b,CAO9846,S,V,0.85,"{""V"": 0.15, ""B"": 0.05, ""E"": 0.05, ""P"": 0.05, ""R"": 0.05, ""S"": 0.05}",1.53,Ambazonian Separatists (Cameroon),"Looting: On 25 November 2022, Ambazonian Separatists abducted the body of a deceased person in Kai, Mbengwi commune, coded to Mbengwi (Momo, Nord-Ouest). The group accused the family of the deceased of not supporting the struggle against the military. They later released the dead body after the family had paid an unspecified amount of money.",0.2692307692307692,0.85,0.18102210943896027,0.16379557811217174,0.16379557811217174,0.16379557811217174,0.16379557811217174,0.16379557811217174
gemma3:4b,CAO9206,V,V,0.89,"{""V"": 0.89, ""B"": 0.02, ""E"": 0.02, ""P"": 0.01, ""R"": 0.01, ""S"": 0.03}",1.43,Military Forces of Cameroon (1982-),"On 11 March 2023, state security forces coded as military forces shot and wounded two civilians at Ashing, coded to Oku (Boyo, Nord-Ouest) after they shot into the air as they approached a spot where Ambazonian Separatists launched attacks from. The victims were hit by stray bullets and hospitalized.",0.6485623003194888,0.8899999999999999,0.3235585220779946,0.13555534409685227,0.13555534409685227,0.13420654588689984,0.13420654588689984,0.13691769795417752
gemma3:4b,CAO3384,B,B,0.92,"{""V"": 0.03, ""B"": 0.82, ""E"": 0.01, ""P"": 0.01, ""R"": 0.0, ""S"": 0.03}",1.5,Military Forces of Cameroon (1982-),"On 14 June 2020, the military forces engaged in fire fights with Ambazonian separatists in Bamenda town (Mezam, Nord-Ouest). No fatality and/or casualty reported.",0.8317757009345793,0.92,0.14016911362926834,0.30884812404219214,0.13739357921799267,0.13739357921799267,0.13602649026297678,0.14016911362926834
gemma3:4b,CAO3727,S,V,0.87,"{""V"": 0.03, ""B"": 0.02, ""E"": 0.03, ""P"": 0.02, ""R"": 0.02, ""S"": 0.88}",1.49,Military Forces of Cameroon (1982-),"On 1 October 2020, the military forces destroyed buildings in Akum town (Mezam, Nord-Ouest), in retaliation for writings on a vehicle that supported the separatists. No fatality and/or casualty reported.",0.4155251141552511,0.8700000000000001,0.1368027167494943,0.13544150697427132,0.1368027167494943,0.13544150697427132,0.13544150697427132,0.32007004557787727
gemma3:4b,CAO11453,S,V,0.86,"{""V"": 0.25, ""B"": 0.05, ""E"": 0.05, ""P"": 0.05, ""R"": 0.05, ""S"": 0.15}",1.48,Military Forces of Cameroon (1982-),"Other: On 5 July 2023, state security forces, coded as military forces, fired warning shots into the air at their base in Waindo, coded to Wum (Menchum, Nord-Ouest) after they received news that their colleague was murdered by Ambazonian Separatists at Belo.",0.4155251141552511,0.86,0.1930591218352244,0.15806344020872712,0.15806344020872712,0.15806344020872712,0.15806344020872712,0.17468711732967418
gemma3:4b,CAO3758,V,V,0.88,"{""V"": 0.03, ""B"": 0.02, ""E"": 0.03, ""P"": 0.02, ""R"": 0.02, ""S"": 0.88}",1.32,Ambazonian Separatists (Cameroon),"Around 11 October 2020 (as reported), Ambazonian separatists kidnapped 3 Mbororo ethnic men in Ngarbuh village, near Nkambe (Donga-Mantung, Nord-Ouest). They are suspected to be involved in the killing of a separatist fighter on October 10.",0.6485623003194888,0.8800000000000001,0.1368027167494943,0.13544150697427132,0.1368027167494943,0.13544150697427132,0.13544150697427132,0.32007004557787727
gemma3:4b,CAO13380,B,V,0.9,"{""V"": 0.35, ""B"": 0.05, ""E"": 0.03, ""P"": 0.02, ""R"": 0.02, ""S"": 0.03}",1.41,Military Forces of Cameroon (1982-),"On 4 April 2024, the security forces, coded as the military forces shot and killed an unknown Separatist commander at the market in Agyati (Bafut, Mezam, Nord-Ouest). The Separatist tried to escape leading to the military forces shooting him. He died of his injuries.",0.6485623003194888,0.8999999999999999,0.21593777266661482,0.15997063652485488,0.15680300568969993,0.15524278971445726,0.15524278971445726,0.15680300568969993
gemma3:4b,CAO4585,V,V,0.86,"{""V"": 0.25, ""B"": 0.05, ""E"": 0.1, ""P"": 0.05, ""R"": 0.05, ""S"": 0.1}",1.42,Islamic State West Africa Province (ISWAP) - Lake Chad Faction and/or Boko Haram - Jamaatu Ahli is-Sunnah lid-Dawati wal-Jihad,"On 26 April 2021, suspected Boko Haram fighters attacked Takoudele village, Kourgui town, Mora subdivision (Mayo-Sava, Extreme-Nord). They kidnapped a young girl, and took away goods. No fatality and/or casualty reported.",0.4155251141552511,0.86,0.19313937228118166,0.15812914371678055,0.16623659828414178,0.15812914371678055,0.15812914371678055,0.16623659828414178
gemma3:4b,CAO10717,B,B,0.92,"{""V"": 0.03, ""B"": 0.15, ""E"": 0.04, ""P"": 0.02, ""R"": 0.02, ""S"": 0.02}",1.3,Ambazonian Separatists (Cameroon),"On 25 May 2023, Ambazonian Separatists and state security forces, coded as military forces, engaged in an armed clash at Melim (Bui, Nord-Ouest) after the separatists detonated an IED which partially destroyed one of the security forces' vehicles. Casualties are unknown.",0.8317757009345793,0.92,0.16372784678148664,0.1846026317619966,0.16537333899797166,0.16209872748612011,0.16209872748612011,0.16209872748612011
gemma3:4b,CAO4525,B,V,0.88,"{""V"": 0.25, ""B"": 0.05, ""E"": 0.05, ""P"": 0.05, ""R"": 0.05, ""S"": 0.15}",1.48,Islamic State West Africa Province (ISWAP) - Lake Chad Faction and/or Boko Haram - Jamaatu Ahli is-Sunnah lid-Dawati wal-Jihad,"On 4 April 2021, Boko Haram fighters attacked and tortured a group of local vigilance militiamen in Mahoula village, Mora subdivision (Mayo-Sava, Extreme-Nord), killing two of them.",0.6485623003194888,0.8800000000000001,0.1930591218352244,0.15806344020872712,0.15806344020872712,0.15806344020872712,0.15806344020872712,0.17468711732967418
gemma3:4b,CAO10405,B,B,0.92,"{""V"": 0.03, ""B"": 0.75, ""E"": 0.03, ""P"": 0.01, ""R"": 0.01, ""S"": 0.01}",1.45,Military Forces of Cameroon (1982-),"On 8 April 2023, the State security forces, coded as the military force, clashed with the Ambazonian Separatists in Batibo (Batibo, Momo, Nord-Ouest). There were no fatalities. During the operation, the military forces arrested about 30 civilians from several villages and moved them to their base.",0.8317757009345793,0.92,0.14295865921907747,0.2936990172487947,0.14295865921907747,0.14012788810425225,0.14012788810425225,0.14012788810425225
gemma3:4b,CAO10613,S,V,0.86,"{""V"": 0.25, ""B"": 0.05, ""E"": 0.05, ""P"": 0.05, ""R"": 0.05, ""S"": 0.15}",1.48,Ambazonian Separatists (Cameroon),"Looting: On 10 May 2023, Ambazonian Separatists from the Restoration Forces extorted money amounting to 200,000 FCFA from a civilian whom they imposed as the new traditional chief in Makwe, Upper Bayang commune, coded to Tinto (Manyu, Sud-Ouest). They also forced the civilians to buy a motorcycle for the man to 'support his reign.' The legal leader fled to Mamfe when the Separatists demanded 500,000 FCFA from him.",0.4155251141552511,0.86,0.1930591218352244,0.15806344020872712,0.15806344020872712,0.15806344020872712,0.15806344020872712,0.17468711732967418
gemma3:4b,CAO4669,V,V,0.86,"{""V"": 0.32, ""B"": 0.05, ""E"": 0.03, ""P"": 0.02, ""R"": 0.02, ""S"": 0.36}",1.45,Military Forces of Cameroon (1982-),"Around 15 May 2020 (month of), the military forces raided Njembo village, Mbengwi town, Mbeggwi subdivision (Momo, Nord-Ouest), killing one person.",0.4155251141552511,0.86,0.19864562311785156,0.15164199532793463,0.14863928263803072,0.14716029706437792,0.14716029706437792,0.20675250478722046
gemma3:4b,CAO4298,B,V,0.9,"{""V"": 0.35, ""B"": 0.05, ""E"": 0.03, ""P"": 0.02, ""R"": 0.02, ""S"": 0.03}",1.47,Military Forces of Cameroon (1982-),"On 23 January 2021, the military forces engaged in fire fights with Ambazonian separatists in Mulang and Meta neighborhood of Bamenda town, Bamenda 2 subdivision (Mezam, Nord-Ouest). Four civilians were killed, reportedly by the military forces.",0.6485623003194888,0.8999999999999999,0.21593777266661482,0.15997063652485488,0.15680300568969993,0.15524278971445726,0.15524278971445726,0.15680300568969993
gemma3:4b,CAO8775,E,E,0.97,"{""V"": 0.01, ""B"": 0.01, ""E"": 0.97, ""P"": 0.0, ""R"": 0.0, ""S"": 0.01}",1.5,Unidentified Armed Group (Cameroon),"On 17 March 2024, an IED planted by an unidentified armed group detonated on military forces along the Zeleved - Dzamadzaf road, coded to Zelevet (Mayo-Moskota, Mayo-Tsanaga, Extreme-Nord). There were no fatalities and 2 militants were injured.",0.8317757009345793,0.9699999999999999,0.13172113442422878,0.13172113442422878,0.3440156222510507,0.1304104872379595,0.1304104872379595,0.13172113442422878
gemma3:4b,CAO14650,V,V,0.86,"{""V"": 0.32, ""B"": 0.05, ""E"": 0.08, ""P"": 0.03, ""R"": 0.02, ""S"": 0.32}",1.56,Unidentified Armed Group (Cameroon),"On 24 August 2024, an unidentified armed group shot and injured 1 plantation owner who tried to flee an abduction in Sirbia (Touboro, Mayo-Rey, Nord). The plantation owner escaped. 2 other civilians were abducted. The reason for the abduction is not known.",0.4155251141552511,0.86,0.19844856312122067,0.1514915637673525,0.15610516873977676,0.14849182982192466,0.1470143114283063,0.19844856312122067
gemma3:4b,CAO9309,V,V,0.86,"{""V"": 0.25, ""B"": 0.05, ""E"": 0.05, ""P"": 0.05, ""R"": 0.05, ""S"": 0.15}",1.38,Ambazonian Separatists (Cameroon),"On 13 February 2023, Ambazonian Separatists shot a male motorbike rider in his legs near Azire New Church in Bamenda (Mezam, Nord-Ouest) before taking his bike away. He was accused of violating the Monday ghost town. No information on the status of the victim.",0.4155251141552511,0.86,0.1930591218352244,0.15806344020872712,0.15806344020872712,0.15806344020872712,0.15806344020872712,0.17468711732967418
gemma3:4b,CAO14584,S,V,0.89,"{""V"": 0.89, ""B"": 0.03, ""E"": 0.02, ""P"": 0.01, ""R"": 0.01, ""S"": 0.02}",1.42,Boko Haram - Jamaatu Ahli is-Sunnah lid-Dawati wal-Jihad,"Looting: On 21 August 2024, Boko Haram (JAS) (likely) militants looted 1 motorbike and goods along the Amchide - Ganse road in Guederou (Kolofata, Mayo-Sava, Extreme-Nord).",0.6485623003194888,0.8899999999999999,0.32355852207799457,0.1369176979541775,0.13555534409685224,0.13420654588689981,0.13420654588689981,0.13555534409685224
gemma3:4b,CAO7763,S,S,0.88,"{""V"": 0.03, ""B"": 0.02, ""E"": 0.02, ""P"": 0.01, ""R"": 0.01, ""S"": 0.88}",1.5,Military Forces of Cameroon (1982-) Gendarmerie,"On 3 September 2023, the gendarmerie arrested a suspected former ISWAP or Boko Haram militant leader in Banki (Menoua, Ouest).",0.6485623003194888,0.8800000000000001,0.13735992288074397,0.1359931688118791,0.1359931688118791,0.13464001417322344,0.13464001417322344,0.3213737111487295
gemma3:4b,CAO7437,V,V,0.9,"{""V"": 0.35, ""B"": 0.05, ""E"": 0.02, ""P"": 0.03, ""R"": 0.02, ""S"": 0.05}",1.47,Military Forces of Cameroon (1982-),"On 25 June 2023, the military forces attacked civilians in Kumba (Ekondo Titi, Ndian, Sud-Ouest). 1 civilian was killed. The victim had challenged a gendarmerie officer to lawfully present a warrant authorizing him to arrest another civilian when the officer shot him at close range in the chest and the other civilian was injured.",0.6485623003194888,0.8999999999999999,0.2152559213726252,0.15946550866247197,0.15475259063653685,0.15630788002914192,0.15475259063653685,0.15946550866247197
gemma3:4b,CAO9421,S,V,0.86,"{""V"": 0.25, ""B"": 0.05, ""E"": 0.05, ""P"": 0.05, ""R"": 0.05, ""S"": 0.15}",1.51,Military Forces of Cameroon (1982-),"Other: On 15 September 2022, the military forces fired gunshots under unclear circumstances at GRA quarter in Mbengwi (Momo, Nord-Ouest).",0.4155251141552511,0.86,0.1930591218352244,0.15806344020872712,0.15806344020872712,0.15806344020872712,0.15806344020872712,0.17468711732967418
gemma3:4b,CAO6502,S,V,0.85,"{""V"": 0.15, ""B"": 0.05, ""E"": 0.05, ""P"": 0.05, ""R"": 0.05, ""S"": 0.05}",1.45,Boko Haram - Jamaatu Ahli is-Sunnah lid-Dawati wal-Jihad,"Looting: On 24 August 2022, Boko Haram (JAS) (likely) fighters entered Madakar (Mayo-Moskota, Mayo-Tsanaga, Extreme-Nord) and stole 22 livestock. The Cameroonian military forces returned 175 livestock to their owners.",0.2692307692307692,0.85,0.18102210943896027,0.16379557811217174,0.16379557811217174,0.16379557811217174,0.16379557811217174,0.16379557811217174
gemma3:4b,CAO15428,V,V,0.89,"{""V"": 0.35, ""B"": 0.05, ""E"": 0.05, ""P"": 0.05, ""R"": 0.05, ""S"": 0.05}",1.52,Military Forces of Cameroon (1982-),"On 25 August 2024, security forces, coded as the military forces, beat and injured a group of 15 civilians along the main road in Ashing (Belo, Boyo, Nord-Ouest) accusing them of leaving a bag they suspected of carrying items used to manufacture IEDs near the military minor base.",0.6485623003194888,0.8899999999999999,0.2125809169119166,0.15748381661757416,0.15748381661757416,0.15748381661757416,0.15748381661757416,0.15748381661757416
gemma3:4b,CAO8495,B,B,0.92,"{""V"": 0.03, ""B"": 0.92, ""E"": 0.01, ""P"": 0.0, ""R"": 0.0, ""S"": 0.04}",1.39,Military Forces of Cameroon (1982-) Rapid Intervention Battalion,"On 6 February 2024, the military forces (Rapid Intervention) and the gendarmerie fired warning shots in the air at the outpost in Fotokol (Fotokol, Logone-et-Chari, Extreme-Nord) to drive back suspected ISWAP or Boko Haram militants. There were no fatalities.",0.8317757009345793,0.92,0.1357539242923912,0.3305784063233626,0.13306581648758756,0.13174178949123336,0.13174178949123336,0.13711827391386122
gemma3:4b,CAO13440,B,V,0.92,"{""V"": 0.03, ""B"": 0.02, ""E"": 0.03, ""P"": 0.02, ""R"": 0.02, ""S"": 0.88}",1.43,Ambazonian Separatists (Cameroon),"Around 13 May 2024 (as reported), Ambazonian Separatists ambushed patrolling gendarmerie forces along the Ayukaba and Eyangchang villages, coded to Ayukaba (Mamfe, Manyu, Sud-Ouest). The brigade commander and 4 gendarmerie officers were killed. The Separatists looted their weapons and ammunition and burnt the victim's bodies.",0.8317757009345793,0.92,0.1368027167494943,0.13544150697427132,0.1368027167494943,0.13544150697427132,0.13544150697427132,0.32007004557787727
gemma3:4b,CAO3624,V,V,0.88,"{""V"": 0.15, ""B"": 0.05, ""E"": 0.05, ""P"": 0.05, ""R"": 0.05, ""S"": 0.15}",1.4,Islamic State West Africa Province (ISWAP) - Lake Chad Faction and/or Boko Haram - Jamaatu Ahli is-Sunnah lid-Dawati wal-Jihad,"Around 30 August 2020 (as reported), Boko Haram attacked Makoulahe village, in Mora subdivision (Mayo-Sava, Extreme-Nord). They looted houses and injured 2 women.",0.6485623003194888,0.8800000000000001,0.17795653560357846,0.16102173219816626,0.16102173219816626,0.16102173219816626,0.16102173219816626,0.17795653560357846
gemma3:4b,CAO11112,S,R,0.86,"{""V"": 0.05, ""B"": 0.03, ""E"": 0.02, ""P"": 0.12, ""R"": 0.6, ""S"": 0.08}",1.44,Ambazonian Separatists (Cameroon),"Looting: On 2 February 2024, Ambazonian Separatists extorted money and food items from business persons at the market square in Lassin (Noni, Bui, Nord-Ouest).",0.4155251141552511,0.86,0.14734354456267165,0.1444259469006455,0.14298888471805027,0.15802715699846054,0.2553836432765296,0.15183082354338703
gemma3:4b,CAO7600,R,V,0.86,"{""V"": 0.25, ""B"": 0.05, ""E"": 0.05, ""P"": 0.05, ""R"": 0.15, ""S"": 0.25}",1.44,Rioters (Cameroon),"On 26 August 2023, a mob attacked thieves who had killed an elderly woman while robbing her in Brazzaville neighbourhood, in the outskirts of Douala (Douala 1, Wouri, Littoral). Two managed to escape while a third was beaten to death.",0.4155251141552511,0.86,0.18653133077022283,0.15271893691414265,0.15271893691414265,0.15271893691414265,0.16878052771693994,0.18653133077022283
gemma3:4b,CAO3498,V,V,0.9,"{""V"": 0.3, ""B"": 0.05, ""E"": 0.05, ""P"": 0.05, ""R"": 0.05, ""S"": 0.05}",1.43,Military Forces of Cameroon (1982-),"On 21 July 2020, military forces opened fire around a food market in Bamenda town (Mezam, Nord-Ouest). One person was reportedly killed and property destroyed.",0.6485623003194888,0.8999999999999999,0.2043316714279425,0.15913366571437063,0.15913366571437063,0.15913366571437063,0.15913366571437063,0.15913366571437063
gemma3:4b,CAO4080,B,B,0.92,"{""V"": 0.03, ""B"": 0.82, ""E"": 0.02, ""P"": 0.01, ""R"": 0.0, ""S"": 0.02}",1.5,Military Forces of Cameroon (1982-),"On 1 December 2020, the military forces repelled an attack of Boko Haram in Boudoua village, Mora subdivision (Mayo-Sava, Extreme-Nord). One Boko Haram fighter was killed, and several others injured. The military seized two motorbikes.",0.8317757009345793,0.92,0.1401710588610448,0.3088524101589366,0.13877633352182225,0.13739548593159923,0.13602837800446596,0.13877633352182225
gemma3:4b,CAO14355,V,V,0.89,"{""V"": 0.89, ""B"": 0.03, ""E"": 0.02, ""P"": 0.01, ""R"": 0.01, ""S"": 0.01}",1.39,Ambazonian Separatists (Cameroon),"On 8 May 2024, Ambazonian Separatists abducted a ship owner alongside two skippers after intercepting 2 ships in the Cameroon-Nigeria waterway in Mabeta (Limbe 3, Fako, Sud-Ouest). The militants later released the men after they paid the sum of approximately 700,000 Franc CFA.",0.6485623003194888,0.8899999999999999,0.32399552666439213,0.13710262172493987,0.1357384278453518,0.134387807921664,0.134387807921664,0.134387807921664
gemma3:4b,CAO11427,B,B,0.92,"{""V"": 0.03, ""B"": 0.92, ""E"": 0.01, ""P"": 0.0, ""R"": 0.0, ""S"": 0.04}",1.44,Military Forces of Cameroon (1982-),"On 10 January 2024, military forces, disguised as civilians, engaged in gunbattle with Ambazonian Separatists from the Restoration Forces in Yoke (Muyuka, Fako, Sud-Ouest). They freed two civilians held captive by the Ambazonian Separatists. No casualties.",0.8317757009345793,0.92,0.1357539242923912,0.3305784063233626,0.13306581648758756,0.13174178949123336,0.13174178949123336,0.13711827391386122
gemma3:4b,CAO11069,V,V,0.86,"{""V"": 0.25, ""B"": 0.05, ""E"": 0.05, ""P"": 0.05, ""R"": 0.05, ""S"": 0.15}",1.37,Ambazonian Separatists (Cameroon),"On 15 December 2023, Ambazonian Separatists kidnapped an employee of the Mbonge municipal council in Kombone (Kumba 1, Meme, Sud-Ouest). They accused him of working closely with the Mayor of the municipality, who is seen as a security forces collaborator.",0.4155251141552511,0.86,0.1930591218352244,0.15806344020872712,0.15806344020872712,0.15806344020872712,0.15806344020872712,0.17468711732967418
gemma3:4b,CAO4139,V,V,0.9,"{""V"": 0.1, ""B"": 0.05, ""E"": 0.02, ""P"": 0.01, ""R"": 0.01, ""S"": 0.01}",1.37,Military Forces of Cameroon (1982-),"On 8 November 2020, the military forces raided Luh village, in Ndu subdivision (Donga-Mantung, Nord-Ouest), killing two civilians including a driver and a bike taxi driver.",0.6485623003194888,0.8999999999999999,0.1780582606356438,0.1693742567920416,0.16436849100193485,0.1627329971900672,0.1627329971900672,0.1627329971900672
gemma3:4b,CAO2894,R,V,0.86,"{""V"": 0.25, ""B"": 0.05, ""E"": 0.05, ""P"": 0.05, ""R"": 0.05, ""S"": 0.15}",1.47,Rioters (Cameroon),"On 26 January 2020, one young man was burnt to death in Bamenda town (Mezam, Nord-Ouest), for allegedly trying to steal a motorcycle.",0.4155251141552511,0.86,0.1930591218352244,0.15806344020872712,0.15806344020872712,0.15806344020872712,0.15806344020872712,0.17468711732967418
gemma3:4b,CAO8266,B,B,0.92,"{""V"": 0.03, ""B"": 0.75, ""E"": 0.04, ""P"": 0.01, ""R"": 0.01, ""S"": 0.02}",1.45,Boko Haram - Jamaatu Ahli is-Sunnah lid-Dawati wal-Jihad,"On 18 December 2023, Boko Haram militants [JAS faction] ambushed military forces in Moundou, in the Double-Limani area, coded to Limani (Mora, Mayo-Sava, Extreme-Nord). 2 soldiers were killed and 2 others were wounded. The militants stole 2 motorbikes and the rifles from the killed soldiers.",0.8317757009345793,0.92,0.14255308612376041,0.29286579441243177,0.143985768457668,0.1397303458942936,0.1397303458942936,0.14113465921725984
gemma3:4b,CAO6765,V,V,0.89,"{""V"": 0.35, ""B"": 0.05, ""E"": 0.05, ""P"": 0.05, ""R"": 0.05, ""S"": 0.05}",1.51,Ambazonian Separatists (Cameroon),"On 24 November 2022, Ambazonian Separatists killed a public transport driver and a passenger in Awing (Santa, Mezam, Nord-Ouest). They set ablaze the driver's vehicle and abducted two other civilian passengers. The fighters left a note on the body of the killed driver on which it was written that he was collaborating with the military and warned any other person who may be collaborating with them. The rest of the civilians were allowed to go. Residents claim the attack was carried out by the Cameroonian military.",0.6485623003194888,0.8899999999999999,0.2125809169119166,0.15748381661757416,0.15748381661757416,0.15748381661757416,0.15748381661757416,0.15748381661757416
gemma3:4b,CAO14747,S,V,0.87,"{""V"": 0.25, ""B"": 0.05, ""E"": 0.05, ""P"": 0.05, ""R"": 0.05, ""S"": 0.15}",1.48,Military Forces of Cameroon (1982-),"On 6 July 2024, the security forces, coded as the military forces, arrested 39 men and 11 women from their private residences in Marumba I (Kumba 1, Meme, Sud-Ouest) during a search operation to dislodge Ambazonian Separatists in the area.",0.4155251141552511,0.8700000000000001,0.1930591218352244,0.15806344020872712,0.15806344020872712,0.15806344020872712,0.15806344020872712,0.17468711732967418
gemma3:4b,CAO10353,B,B,0.92,"{""V"": 0.03, ""B"": 0.68, ""E"": 0.05, ""P"": 0.02, ""R"": 0.01, ""S"": 0.01}",1.47,Military Forces of Cameroon (1982-),"On 19 April 2023, state security forces (coded as military) engaged in an armed confrontation with Ambazonian Separatists in Bamenda - Mankon (Mezam, Nord-Ouest). 4 Separatists were killed, and one soldier was severely wounded. Some ammunition was recovered.",0.8317757009345793,0.92,0.1452181967790893,0.2781713850461198,0.148151798950296,0.1437732515784913,0.14234268382286264,0.14234268382286264
gemma3:4b,CAO10413,S,V,0.86,"{""V"": 0.32, ""B"": 0.08, ""E"": 0.05, ""P"": 0.03, ""R"": 0.04, ""S"": 0.02}",1.48,Military Forces of Cameroon (1982-),"Property destruction: On 6 April 2023, State security forces (Air Force), coded as the military forces, burned down 7 civilian houses in Maghow, coded to Akwaya (Akwaya,Manyu,Sud-Ouest). The Separatists also stole food items, money and other valuables. The houses were suspected of housing Separatists.",0.4155251141552511,0.86,0.20855610231153948,0.1640560406737036,0.15920745192344804,0.1560549331559128,0.1576233113084384,0.15450216062674899
gemma3:4b,CAO3901,S,V,0.86,"{""V"": 0.32, ""B"": 0.05, ""E"": 0.03, ""P"": 0.04, ""R"": 0.03, ""S"": 0.13}",1.46,Military Forces of Cameroon (1982-),"On 17 September 2020, the security forces (assumed Military Forces) arrested 'scores' of civilians during a raid in Bakweri town (Fako, Sud-Ouest).",0.4155251141552511,0.86,0.2064985291604072,0.15763674277177556,0.15451532612929267,0.15606823097395678,0.15451532612929267,0.1707658448350685
gemma3:4b,CAO13626,B,B,0.92,"{""V"": 0.03, ""B"": 0.92, ""E"": 0.01, ""P"": 0.0, ""R"": 0.0, ""S"": 0.04}",1.39,Boko Haram - Jamaatu Ahli is-Sunnah lid-Dawati wal-Jihad,"On 14 June 2024, Boko Haram (JAS) (likely) militants clashed with the Gendarmerie forces in Tourou (Mokolo, Mayo-Tsanaga, Extreme-Nord). 1 soldier was killed. 4 motorbikes and an ambulance were burnt and several materials looted.",0.8317757009345793,0.92,0.1357539242923912,0.3305784063233626,0.13306581648758756,0.13174178949123336,0.13174178949123336,0.13711827391386122
gemma3:4b,CAO5613,R,V,0.86,"{""V"": 0.32, ""B"": 0.05, ""E"": 0.03, ""P"": 0.04, ""R"": 0.03, ""S"": 0.13}",1.49,Rioters (Cameroon),"On 19 October 2021, a traditional leader and his supporters tortured a pregnant woman and her children and paraded them on the streets of Buea town (Fako, Sud-Ouest) for being the ex-girlfriend of an Ambazonian separatist commander.",0.4155251141552511,0.86,0.2064985291604072,0.15763674277177556,0.15451532612929267,0.15606823097395678,0.15451532612929267,0.1707658448350685
gemma3:4b,CAO8174,R,V,0.86,"{""V"": 0.25, ""B"": 0.05, ""E"": 0.05, ""P"": 0.05, ""R"": 0.15, ""S"": 0.25}",1.46,Rioters (Cameroon),"On 3 December 2023, a mob killed a suspect who was accused of killing two people with knives in Obala (Obala, Lekie, Centre). The victim was burnt alive by the mob.",0.4155251141552511,0.86,0.18653133077022283,0.15271893691414265,0.15271893691414265,0.15271893691414265,0.16878052771693994,0.18653133077022283
gemma3:4b,CAO13505,S,V,0.86,"{""V"": 0.25, ""B"": 0.05, ""E"": 0.05, ""P"": 0.05, ""R"": 0.05, ""S"": 0.15}",1.43,Ambazonian Separatists (Cameroon),"Looting: On 10 April 2024, Ambazonian Separatists from the Restoration Forces faction extorted money from commercial motorbike riders and their passengers in Bulu Camp (Mundemba, Ndian, Sud-Ouest) on their way to the market and farms.",0.4155251141552511,0.86,0.1930591218352244,0.15806344020872712,0.15806344020872712,0.15806344020872712,0.15806344020872712,0.17468711732967418
gemma3:4b,CAO3090,B,B,0.92,"{""V"": 0.03, ""B"": 0.82, ""E"": 0.01, ""P"": 0.01, ""R"": 0.0, ""S"": 0.01}",1.41,Ambazonian Separatists (Cameroon),"On 12 March 2020, two groups of Ambazonian separatists clashed in their camp in Vikovi village, near Kikaikom, in Kumbo subdivision (Bui, Nord-Ouest), resulting in 5 deaths.",0.8317757009345793,0.92,0.14055924063848324,0.30970772850008216,0.13777598119484624,0.13777598119484624,0.136405087276586,0.13777598119484624
gemma3:4b,CAO6193,B,B,0.92,"{""V"": 0.03, ""B"": 0.92, ""E"": 0.01, ""P"": 0.0, ""R"": 0.0, ""S"": 0.04}",1.45,Military Forces of Cameroon (1982-),"On 21 June 2022, Cameroonian military forces clashed with Ambazonia separatist in Essu (Fungom, Menchum, Nord-Ouest) leading to the death of 1 separatist and 1 civilian was injured. She was taking to the hospital for treatment.",0.8317757009345793,0.92,0.1357539242923912,0.3305784063233626,0.13306581648758756,0.13174178949123336,0.13174178949123336,0.13711827391386122
gemma3:4b,CAO4023,V,V,0.88,"{""V"": 0.25, ""B"": 0.05, ""E"": 0.05, ""P"": 0.05, ""R"": 0.05, ""S"": 0.15}",1.45,Islamic State West Africa Province (ISWAP) - Lake Chad Faction and/or Boko Haram - Jamaatu Ahli is-Sunnah lid-Dawati wal-Jihad,"On 18 November 2020, Boko Haram shot and killed a traditional chief and 3 of his children (total of 4 fatalities) in Satomi village, around Mora (Mayo-Sava, Extreme-Nord).",0.6485623003194888,0.8800000000000001,0.1930591218352244,0.15806344020872712,0.15806344020872712,0.15806344020872712,0.15806344020872712,0.17468711732967418
gemma3:4b,CAO4443,B,B,0.9,"{""V"": 0.05, ""B"": 0.45, ""E"": 0.03, ""P"": 0.02, ""R"": 0.01, ""S"": 0.44}",1.48,MNJTF: Multinational Joint Task Force,"On 4 March 2021, the MNJTF military forces repelled an attack of Boko Haram in Gouzoudou village (Mayo-Sava, Extreme-Nord). No fatality and/or casualty reported.",0.6485623003194888,0.8999999999999999,0.14534378529734715,0.2168274485552526,0.14246578552184155,0.14104822727084385,0.13964477396011385,0.21466997939438412
gemma3:4b,CAO10147,B,B,0.88,"{""B"": 0.35, ""E"": 0.05, ""P"": 0.02, ""R"": 0.03, ""S"": 0.055}",1.5,Military Forces of Cameroon (1982-),"On 3 January 2023, state security forces (coded as military) captured and arrested 1 Ambazonian Separatist in Adiemukong, Bafut commune, coded to Bafut (Mezam, Nord-Ouest). Gunshots could be heard, no casualties. It is unclear if the gunshots were an armed confrontation between the two.",0.6485623003194888,0.8800000000000001,0.1520326352781728,0.2157445790503694,0.15982751517382088,0.1551038982385909,0.15666271833129453,0.16062865392753592
gemma3:4b,CAO7973,S,V,0.85,"{""V"": 0.15, ""B"": 0.05, ""E"": 0.05, ""P"": 0.05, ""R"": 0.05, ""S"": 0.05}",1.45,Islamic State West Africa Province (ISWAP) and/or Boko Haram - Jamaatu Ahli is-Sunnah lid-Dawati wal-Jihad,"Looting: On 18 October 2023, ISWAP or Boko Haram militants demanded money and food items from fishermen in the Tsoukiya zone around Darak (Darak, Logone-et-Chari, Extreme-Nord) as taxes for fishing rights. The militants also searched the fishermen for mobile phones and any person from Darak. Finding neither the militants retreated toward Nigeria.",0.2692307692307692,0.85,0.18102210943896027,0.16379557811217174,0.16379557811217174,0.16379557811217174,0.16379557811217174,0.16379557811217174
gemma3:4b,CAO9827,V,V,0.89,"{""V"": 0.89, ""B"": 0.03, ""E"": 0.02, ""P"": 0.01, ""R"": 0.01, ""S"": 0.02}",1.5,Military Forces of Cameroon (1982-),"On 7 January 2023, the state security forces, coded as the military forces shot and killed a masquerade in Bambui (Tubah, Mezam, Nord-Ouest) accusing him of being an Ambazonian Separatists.",0.6485623003194888,0.8899999999999999,0.32355852207799457,0.1369176979541775,0.13555534409685224,0.13420654588689981,0.13420654588689981,0.13555534409685224
gemma3:4b,CAO7395,B,B,0.92,"{""V"": 0.03, ""B"": 0.82, ""E"": 0.02, ""P"": 0.01, ""R"": 0.0, ""S"": 0.02}",1.51,Military Forces of Cameroon (1982-) Rapid Intervention Battalion,"On 23 June 2023, the military forces (Rapid Intervention) ambushed Boko Haram (JAS) (likely) militants in Ganse (Kolofata, Mayo-Sava, Extreme-Nord). 1 militant was killed and various items recovered by the military forces.",0.8317757009345793,0.92,0.1401710588610448,0.3088524101589366,0.13877633352182225,0.13739548593159923,0.13602837800446596,0.13877633352182225
gemma3:4b,CAO6147,V,V,0.89,"{""V"": 0.89, ""B"": 0.03, ""E"": 0.02, ""P"": 0.01, ""R"": 0.01, ""S"": 0.01}",1.45,Ambazonian Separatists (Cameroon),"On 1 June 2022, Ambazonia separatists abducted 9 commercial bike riders near Fundong (Njinikom, Boyo, Nord-Ouest) after they had participated in the 20th May celebration despite the ban imposed by the Separatists. The Separatists also burnt their motorbikes.",0.6485623003194888,0.8899999999999999,0.32399552666439213,0.13710262172493987,0.1357384278453518,0.134387807921664,0.134387807921664,0.134387807921664
gemma3:4b,CAO16029,V,V,0.88,"{""V"": 0.03, ""B"": 0.02, ""E"": 0.02, ""P"": 0.01, ""R"": 0.01, ""S"": 0.89}",1.39,Ambazonian Separatists (Cameroon),"On 22 October 2024, Ambazonian Separatists abducted a male civilian from his private residences in Bamenda - Nkwen (Bamenda 3, Mezam, Nord-Ouest) for an unknown reason.",0.6485623003194888,0.8800000000000001,0.13691769795417752,0.13555534409685227,0.13555534409685227,0.13420654588689984,0.13420654588689984,0.3235585220779946
gemma3:4b,CAO11761,B,B,0.92,"{""V"": 0.03, ""B"": 0.75, ""E"": 0.03, ""P"": 0.01, ""R"": 0.01, ""S"": 0.01}",1.53,Military Forces of Cameroon (1982-),"On 16 July 2023, state security forces (coded as military) engaged in an armed confrontation with Ambazonian Separatists in Agyati (Mezam, Nord-Ouest). No casualties.",0.8317757009345793,0.92,0.14295865921907747,0.2936990172487947,0.14295865921907747,0.14012788810425225,0.14012788810425225,0.14012788810425225
gemma3:4b,CAO11220,B,B,0.92,"{""V"": 0.03, ""B"": 0.92, ""E"": 0.01, ""P"": 0.0, ""R"": 0.0, ""S"": 0.04}",1.37,Military Forces of Cameroon (1982-),"On 8 November 2023, the military forces attacked Ambazonian Separatists from the Restoration Forces during an operation in Mfuni (Mamfe, Manyu, Sud-Ouest). The military forces shot and killed one, while several others sustained life-threatening injuries.",0.8317757009345793,0.92,0.1357539242923912,0.3305784063233626,0.13306581648758756,0.13174178949123336,0.13174178949123336,0.13711827391386122
gemma3:4b,CAO3650,R,V,0.86,"{""V"": 0.03, ""B"": 0.02, ""E"": 0.01, ""P"": 0.01, ""R"": 0.02, ""S"": 0.1}",1.44,Rioters (Cameroon),"On 5 September 2020, residents beat one woman to death in Yokosire village (Lom-Et-Djerem, Est) after she was accused of attempting to use witchcraft against her co-wife.",0.4155251141552511,0.86,0.166306192579124,0.16465141831441882,0.16301310932875507,0.16301310932875507,0.16465141831441882,0.17836475213434974
gemma3:4b,CAO12120,V,V,0.92,"{""V"": 0.35, ""B"": 0.05, ""E"": 0.03, ""P"": 0.02, ""R"": 0.02, ""S"": 0.55}",1.47,Military Forces of Cameroon (1982-),"On 13 August 2023, state security forces, coded as military forces, shot and killed a suspected Ambazonian Separatist in Nkundu quarter in Njenka (Balikumbat, Ngo-Ketunjia, Nord-Ouest) and left his body by the road. He had been arrested earlier from his private residence after a tip-off.",0.8317757009345793,0.92,0.1950756095228255,0.14451556594510118,0.14165396601156308,0.14024448549965832,0.14024448549965832,0.23826588752095537
gemma3:4b,CAO13210,B,V,0.87,"{""V"": 0.25, ""B"": 0.05, ""E"": 0.05, ""P"": 0.05, ""R"": 0.05, ""S"": 0.15}",1.49,Military Forces of Cameroon (1982-),"On 23 March 2024, state security forces, coded as the military forces, fired several warning gunshots to dislodge and dismantle an Ambazonian Separatist illegal checkpoint in Bobong (Njinikom, Boyo, Nord-Ouest). There were no fatalities or injuries.",0.4155251141552511,0.8700000000000001,0.1930591218352244,0.15806344020872712,0.15806344020872712,0.15806344020872712,0.15806344020872712,0.17468711732967418
gemma3:4b,CAO10312,S,V,0.85,"{""V"": 0.25, ""B"": 0.05, ""E"": 0.05, ""P"": 0.05, ""R"": 0.05, ""S"": 0.15}",1.52,Ambazonian Separatists (Cameroon),"Property destruction: On 28 April 2023, Ambazonian Separatists Restoration forces burned a vehicle belonging to an unnamed road construction company working along the Kumba -Mundemba road axis in Dibonda (Toko, Ndian, Sud-Ouest). The burning was an attempt by the perpetrators to enforce the ban on any government sponsored projects especially reconstruction projects the perpetrators had declared.",0.2692307692307692,0.85,0.1930591218352244,0.15806344020872712,0.15806344020872712,0.15806344020872712,0.15806344020872712,0.17468711732967418
gemma3:4b,CAO4521,V,V,0.92,"{""V"": 0.04, ""B"": 0.03, ""E"": 0.02, ""P"": 0.01, ""R"": 0.01, ""S"": 0.09}",1.42,Islamic State West Africa Province (ISWAP) - Lake Chad Faction and/or Boko Haram - Jamaatu Ahli is-Sunnah lid-Dawati wal-Jihad,"On 3 April 2021, Boko Haram fighters nightly attacked Goudjimdele village, Mora subdivision (Mayo-Sava, Extreme-Nord), killing 2 people.",0.8317757009345793,0.92,0.16771739741823374,0.16604858143076545,0.16439637043981456,0.16276059922290503,0.16276059922290503,0.17631645226519993
gemma3:4b,CAO8337,V,V,0.88,"{""V"": 0.03, ""B"": 0.02, ""E"": 0.04, ""P"": 0.03, ""R"": 0.02, ""S"": 0.86}",1.36,Boko Haram - Jamaatu Ahli is-Sunnah lid-Dawati wal-Jihad,"Around 30 December 2023 (as reported), Boko Haram (JAS) (likely) militants attacked Soukoule, coded to Mora (Mora, Mayo-Sava, Extreme-Nord). 1 civilian was killed and 3 motorbikes were taken away.",0.6485623003194888,0.8800000000000001,0.13729722174585404,0.13593109156370545,0.13867708176459195,0.13729722174585404,0.13593109156370545,0.3148662916159741
gemma3:4b,CAO9705,V,V,0.9,"{""V"": 0.3, ""B"": 0.05, ""E"": 0.03, ""P"": 0.02, ""R"": 0.02, ""S"": 0.18}",1.44,Military Forces of Cameroon (1982-),"On 23 June 2022, military forces shot and killed two male civilians in Ekombe Bonji (Kumba 1, Meme, Sud-Ouest).",0.6485623003194888,0.8999999999999999,0.20240177241603496,0.1576306588526483,0.1545093626798356,0.15297196883386116,0.15297196883386116,0.17951426838355644
gemma3:4b,CAO13243,S,V,0.88,"{""V"": 0.15, ""B"": 0.05, ""E"": 0.03, ""P"": 0.02, ""R"": 0.02, ""S"": 0.75}",1.51,Boko Haram - Jamaatu Ahli is-Sunnah lid-Dawati wal-Jihad,"Looting: On 26 April 2024, ISWAP or Boko Haram militants looted some 150 oxen and cows in a grazing area in Dougza (Kolofata, Mayo-Sava, Extreme-Nord).",0.6485623003194888,0.8800000000000001,0.15698420736253996,0.14204518486234236,0.13923250175168078,0.1378471152117323,0.1378471152117323,0.28604387559968625
gemma3:4b,CAO6787,S,V,0.88,"{""V"": 0.15, ""B"": 0.05, ""E"": 0.03, ""P"": 0.02, ""R"": 0.03, ""S"": 0.72}",1.51,Boko Haram - Jamaatu Ahli is-Sunnah lid-Dawati wal-Jihad,"Looting: On 4 December 2022, Boko Haram [JAS] looted farmers in Amchide (Kolofata, Mayo-Sava, Extreme-Nord) stealing 2 motorbikes and 1 bicycle.",0.6485623003194888,0.8800000000000001,0.158101747602656,0.14305637708776023,0.14022367102949349,0.13882842219044805,0.14022367102949349,0.2795661110598691
gemma3:4b,CAO4545,B,B,0.92,"{""V"": 0.03, ""B"": 0.82, ""E"": 0.02, ""P"": 0.01, ""R"": 0.0, ""S"": 0.02}",1.46,Military Forces of Cameroon (1982-),"On 12 April 2021, the military forces repelled a nightly attack of Boko Haram fighters in Djanpala village, assumedly in Mora subdivision (Mayo-Sava, Extreme-Nord). One assailant was killed, and foodstuffs retrieved.",0.8317757009345793,0.92,0.1401710588610448,0.3088524101589366,0.13877633352182225,0.13739548593159923,0.13602837800446596,0.13877633352182225
gemma3:4b,CAO3621,P,P,0.93,"{""V"": 0.02, ""B"": 0.01, ""E"": 0.01, ""P"": 0.88, ""R"": 0.01, ""S"": 0.01}",1.4,Protesters (Cameroon),"On 28 August 2020, women of the SUFC movement demonstrated in the Nord-ouest region, around Bamenda town (Mezam, Nord-Ouest), calling for a ceasefire in the North West and South West regions.",0.8317757009345793,0.93,0.13654934293553422,0.13519065427188381,0.13519065427188381,0.32268803997660755,0.13519065427188381,0.13519065427188381
gemma3:4b,CAO6152,B,V,0.9,"{""V"": 0.35, ""B"": 0.05, ""E"": 0.03, ""P"": 0.02, ""R"": 0.02, ""S"": 0.03}",1.48,Military Forces of Cameroon (1982-),"On 10 June 2022, Cameroonian military forces exchanged gunshots with suspected separatists and killed 2 civilians in Belo (Tubah, Mezam, Nord-Ouest). Unclear why the military was targeting civilians.",0.6485623003194888,0.8999999999999999,0.21593777266661482,0.15997063652485488,0.15680300568969993,0.15524278971445726,0.15524278971445726,0.15680300568969993
gemma3:4b,CAO6296,P,P,0.86,"{""V"": 0.03, ""B"": 0.02, ""E"": 0.01, ""P"": 0.86, ""R"": 0.01, ""S"": 0.01}",1.5,Protesters (Cameroon),"Around 15 July 2022, residents of Koza and Gaboua protested in front of the sub-prefecture of Koza in Koza (Koza, Mayo-Tsanaga, Extreme-Nord) after a Boko Haram attack. They protested against the lack of security measures in the community.",0.4155251141552511,0.86,0.1384281424689485,0.13705075943758863,0.13568708159638182,0.3174598533039998,0.13568708159638182,0.13568708159638182
gemma3:4b,CAO4239,B,B,0.92,"{""V"": 0.03, ""B"": 0.82, ""E"": 0.01, ""P"": 0.01, ""R"": 0.0, ""S"": 0.03}",1.47,Military Forces of Cameroon (1982-),"On 24 December 2020, the military forces repelled an attack of Boko Haram in Makoulahe village, Mora subdivision (Mayo-Sava, Extreme-Nord), killing one assailant.",0.8317757009345793,0.92,0.14016911362926834,0.30884812404219214,0.13739357921799267,0.13739357921799267,0.13602649026297678,0.14016911362926834
gemma3:4b,CAO6523,B,B,0.92,"{""V"": 0.03, ""B"": 0.75, ""E"": 0.03, ""P"": 0.01, ""R"": 0.01, ""S"": 0.01}",1.44,Boko Haram - Jamaatu Ahli is-Sunnah lid-Dawati wal-Jihad,"On 12 September 2022, Boko Haram (JAS) fighters ambushed the Cameroonian military forces on the Limani - Mora Road, coded to Limani (Mora, Mayo-Sava, Extreme-Nord). Unknown fatalities or injuries but 4 motorbikes, mobile phones and a luggage were stolen by the assailants.",0.8317757009345793,0.92,0.14295865921907747,0.2936990172487947,0.14295865921907747,0.14012788810425225,0.14012788810425225,0.14012788810425225
gemma3:4b,CAO5844,B,B,0.92,"{""V"": 0.03, ""B"": 0.82, ""E"": 0.02, ""P"": 0.01, ""R"": 0.0, ""S"": 0.02}",1.41,Military Forces of Cameroon (1982-),"On 25 January 2022, the military intercepted Ambazonian separatists and engaged in fire fights with them in Bamenyam town, Penka-Michel subdivision (Menoua, Ouest). At least one soldier was killed and several others injured.",0.8317757009345793,0.92,0.1401710588610448,0.3088524101589366,0.13877633352182225,0.13739548593159923,0.13602837800446596,0.13877633352182225
gemma3:4b,CAO9976,S,E,0.97,"{""V"": 0.01, ""B"": 0.01, ""E"": 0.97, ""P"": 0.0, ""R"": 0.0, ""S"": 0.01}",1.44,Military Forces of Cameroon (1982-),"Defusal: On 1 October 2021, state forces, coded as military, defused an IED planted by Ambazonian Separatists in Oku (Bui, Nord-Ouest).",0.8317757009345793,0.9699999999999999,0.13172113442422878,0.13172113442422878,0.3440156222510507,0.1304104872379595,0.1304104872379595,0.13172113442422878
gemma3:4b,CAO12429,B,V,0.89,"{""V"": 0.89, ""B"": 0.03, ""E"": 0.02, ""P"": 0.01, ""R"": 0.01, ""S"": 0.01}",1.51,Ambazonian Separatists (Cameroon),"On 28 July 2023, Ambazonian Separatists exchanged fire with other Ambazonian Separatists in Bali (Mezam, Nord-Ouest) in a dispute over money extorted from civilians. Two Ambazonian Separatists were killed and their bodies were abandoned in the forest.",0.6485623003194888,0.8899999999999999,0.32399552666439213,0.13710262172493987,0.1357384278453518,0.134387807921664,0.134387807921664,0.134387807921664
gemma3:4b,CAO12201,S,V,0.86,"{""V"": 0.15, ""B"": 0.05, ""E"": 0.05, ""P"": 0.05, ""R"": 0.05, ""S"": 0.65}",1.51,Ambazonian Separatists (Cameroon),"Other: On 11 August 2023, Ambazonian Separatists fired gunshots in the air and rounded up civilians in Ikiliwindi Mile 10 (Meme, Sud-Ouest). They accused the population of collaborating with state security forces and threatened to kill anyone who collaborated with them.",0.4155251141552511,0.86,0.1595387175924359,0.1443566013031078,0.1443566013031078,0.1443566013031078,0.1443566013031078,0.2630348771948698
gemma3:4b,CAO6363,B,B,0.92,"{""V"": 0.03, ""B"": 0.75, ""E"": 0.03, ""P"": 0.01, ""R"": 0.01, ""S"": 0.01}",1.51,Military Forces of Cameroon (1982-),"Around 7 August 2022, the Cameroonian military forces clashed with Boko Haram (JAS) (likely) fighters in Mora (Mora, Mayo-Sava, Extreme-Nord) killing many. The military also recovered weapons including 2 Kalashnikov rifles.",0.8317757009345793,0.92,0.14295865921907747,0.2936990172487947,0.14295865921907747,0.14012788810425225,0.14012788810425225,0.14012788810425225
gemma3:4b,CAO7132,B,B,0.92,"{""V"": 0.03, ""B"": 0.82, ""E"": 0.02, ""P"": 0.01, ""R"": 0.0, ""S"": 0.02}",1.45,Islamic State West Africa Province (ISWAP) and/or Boko Haram - Jamaatu Ahli is-Sunnah lid-Dawati wal-Jihad,"Around 5 March 2023, suspected ISWAP or Boko Haram fighters clashed with the Cameroonian military forces in Marouare, coded to Ngaoundere (Ngaoundere 1, Vina, Adamaoua). 2 fighters were killed while 2 civilians were wounded.",0.8317757009345793,0.92,0.1401710588610448,0.3088524101589366,0.13877633352182225,0.13739548593159923,0.13602837800446596,0.13877633352182225
gemma3:4b,CAO4190,V,V,0.89,"{""V"": 0.89, ""B"": 0.03, ""E"": 0.02, ""P"": 0.01, ""R"": 0.01, ""S"": 0.02}",1.43,Ambazonian Separatists (Cameroon),"On 4 January 2021, Ambazonian separatists burnt a transport truck, killed the driver and reportedly injured his assistant in Ewili village, around Buea (Fako, Sud-Ouest). They accused the victims of not respecting their stop order.",0.6485623003194888,0.8899999999999999,0.32355852207799457,0.1369176979541775,0.13555534409685224,0.13420654588689981,0.13420654588689981,0.13555534409685224
gemma3:4b,CAO13670,V,V,0.89,"{""V"": 0.89, ""B"": 0.03, ""E"": 0.02, ""P"": 0.01, ""R"": 0.01, ""S"": 0.02}",1.45,Military Forces of Cameroon (1982-) Rapid Intervention Battalion,"On 15 April 2024, state security forces, coded as the military forces from the Rapid Intervention, beat and arrested 2 civilian from the road in Bonganjo (Buea, Fako, Sud-Ouest). There were no fatalities.",0.6485623003194888,0.8899999999999999,0.32355852207799457,0.1369176979541775,0.13555534409685224,0.13420654588689981,0.13420654588689981,0.13555534409685224
gemma3:4b,CAO8729,V,V,0.86,"{""V"": 0.25, ""B"": 0.05, ""E"": 0.05, ""P"": 0.05, ""R"": 0.05, ""S"": 0.15}",1.41,Ambazonian Separatists (Cameroon),"On 10 February 2024, Ambazonian Separatists from the Fako Mountain Lions faction fired several shots as a warning to enforce the Separatist-imposed lockdown in Bokova (Buea, Fako, Sud-Ouest) against the Youth Day celebration. There were no fatalities.",0.4155251141552511,0.86,0.1930591218352244,0.15806344020872712,0.15806344020872712,0.15806344020872712,0.15806344020872712,0.17468711732967418
gemma3:4b,CAO10745,B,V,0.89,"{""V"": 0.89, ""B"": 0.02, ""E"": 0.03, ""P"": 0.02, ""R"": 0.01, ""S"": 0.03}",1.51,Ambazonian Separatists (Cameroon),"On 2 June 2023, Ambazonian Separatists detonated an IED targeting a state security forces convoy (coded as military) in Bufi (Menchum, Nord-Ouest). The explosion missed the target, but the soldiers stopped and fired gunshots in the area which caused civilians to flee.",0.6485623003194888,0.8899999999999999,0.32268367755850513,0.13518882663006132,0.13654749692560605,0.13518882663006132,0.13384367532983732,0.13654749692560605
gemma3:4b,CAO2881,V,V,0.92,"{""V"": 0.03, ""B"": 0.02, ""E"": 0.03, ""P"": 0.02, ""R"": 0.02, ""S"": 0.88}",1.42,Military Forces of Cameroon (1982-),"On 23 January 2020, the military forces attacked the villages of Bekora Barombi, Ndoh, Njima, Mokono Barombi and Mberenge, in Ekondo Titi subdivision (Ndian, Sud-Ouest). They reportedly killed at least 14 civilians, and injured at least 3 people including a humanitarian worker and two beneficiaries of a humanitarian project.",0.8317757009345793,0.92,0.1368027167494943,0.13544150697427132,0.1368027167494943,0.13544150697427132,0.13544150697427132,0.32007004557787727
gemma3:4b,CAO12755,R,V,0.86,"{""V"": 0.15, ""B"": 0.05, ""E"": 0.05, ""P"": 0.05, ""R"": 0.05, ""S"": 0.05}",1.47,Rioters (Cameroon),"On 4 April 2022, residents killed 1 Ambazonian Separatist fighter in Mbengwi (Mbengwi, Momo, Nord-Ouest) because of the atrocities committed by the separatists in their community.",0.4155251141552511,0.86,0.18102210943896027,0.16379557811217174,0.16379557811217174,0.16379557811217174,0.16379557811217174,0.16379557811217174
gemma3:4b,CAO11779,V,V,0.88,"{""V"": 0.25, ""B"": 0.05, ""E"": 0.05, ""P"": 0.05, ""R"": 0.05, ""S"": 0.15}",1.52,Military Forces of Cameroon (1982-),"On 14 May 2022, state security forces, coded as military, killed a female civilian in Tobin (Bui, Nord-Ouest). The women who approached the military base and was mistaken to be an intruder.",0.6485623003194888,0.8800000000000001,0.1930591218352244,0.15806344020872712,0.15806344020872712,0.15806344020872712,0.15806344020872712,0.17468711732967418
gemma3:4b,CAO10497,V,V,0.89,"{""V"": 0.89, ""B"": 0.03, ""E"": 0.02, ""P"": 0.01, ""R"": 0.01, ""S"": 0.02}",1.48,Military Forces of Cameroon (1982-),"On 16 March 2023, state security forces (coded as military) fired shots at a vehicle, injuring some civilians, at a vehicular checkpoint in Ntarinkon (Bamenda - Mankon, Mezam, Nord-Ouest) after the driver failed to stop.",0.6485623003194888,0.8899999999999999,0.32355852207799457,0.1369176979541775,0.13555534409685224,0.13420654588689981,0.13420654588689981,0.13555534409685224
gemma3:4b,CAO5725,V,V,0.92,"{""V"": 0.35, ""B"": 0.05, ""E"": 0.03, ""P"": 0.02, ""R"": 0.02, ""S"": 0.55}",1.45,Military Forces of Cameroon (1982-),"On 27 October 2021, the military forces alongside Fulani militiamen attacked and killed a 15 year old boy in Ngarbuh village, near Ntamruh, Ndu subdivision (Donga-Mantung, Nord-Ouest). He was accused of collaborating with Ambazonian separatists fighters.",0.8317757009345793,0.92,0.1950756095228255,0.14451556594510118,0.14165396601156308,0.14024448549965832,0.14024448549965832,0.23826588752095537
gemma3:4b,CAO6214,S,V,0.86,"{""V"": 0.25, ""B"": 0.05, ""E"": 0.05, ""P"": 0.05, ""R"": 0.05, ""S"": 0.15}",1.47,Boko Haram - Jamaatu Ahli is-Sunnah lid-Dawati wal-Jihad,"Property destruction: Around 20 June 2022, Boko Haram (JAS) (likely) burnt houses and looted items in Djakana village, around Limani (Limani, Mayo-Sava, Extreme-Nord), including 4 bicycles.",0.4155251141552511,0.86,0.1930591218352244,0.15806344020872712,0.15806344020872712,0.15806344020872712,0.15806344020872712,0.17468711732967418
gemma3:4b,CAO12645,B,V,0.9,"{""V"": 0.35, ""B"": 0.05, ""E"": 0.05, ""P"": 0.05, ""R"": 0.05, ""S"": 0.05}",1.54,Military Forces of Cameroon (1982-),"On 15 January 2022, Ambazonian separatists and the military engaged in an armed clash at Total gas station in Bamunka near Bamenda (Bamenda 1, Mezam, Nord-Ouest). Three civilians were killed in the crossfire.",0.6485623003194888,0.8999999999999999,0.2125809169119166,0.15748381661757416,0.15748381661757416,0.15748381661757416,0.15748381661757416,0.15748381661757416
gemma3:4b,CAO3193,B,B,0.93,"{""B"": 0.35, ""E"": 0.05, ""P"": 0.02, ""R"": 0.01, ""S"": 0.035}",1.47,Military Forces of Cameroon (1982-) Rapid Intervention Battalion,"On 18 April 2020, the military's rapid intervention battalion engaged in a fire fight with Ambazonian separatists in Oku village, Belo subdivision (Boyo, Nord-Ouest). Some separatists were killed. Some fatalities coded as 3.",0.8317757009345793,0.93,0.15299386361275352,0.21710862698676126,0.1608380267389833,0.15608454467360186,0.1545314775049141,0.15844346048276908
gemma3:4b,CAO3287,V,V,0.88,"{""V"": 0.25, ""B"": 0.05, ""E"": 0.05, ""P"": 0.05, ""R"": 0.05, ""S"": 0.15}",1.51,Islamic State West Africa Province (ISWAP) - Lake Chad Faction and/or Boko Haram - Jamaatu Ahli is-Sunnah lid-Dawati wal-Jihad,"On 18 May 2020, Boko Haram attacked the village of Tolkomari, Kolofata subdivision (Mayo-Sava, Extreme-Nord). No fatality and/or casualty reported.",0.6485623003194888,0.8800000000000001,0.1930591218352244,0.15806344020872712,0.15806344020872712,0.15806344020872712,0.15806344020872712,0.17468711732967418
gemma3:4b,CAO8924,B,B,0.92,"{""V"": 0.03, ""B"": 0.75, ""E"": 0.03, ""P"": 0.01, ""R"": 0.01, ""S"": 0.01}",1.49,Military Forces of Cameroon (1982-),"On 29 May 2022, the military forces in a joint operation with the self-defense militia (COVI) ambushed Ambazonian Separatist fighter at a checkpoint in Ngarum (Ndu, Donga-Mantung, Nord-Ouest). 1 separatist was killed.",0.8317757009345793,0.92,0.14295865921907747,0.2936990172487947,0.14295865921907747,0.14012788810425225,0.14012788810425225,0.14012788810425225
gemma3:4b,CAO2836,V,V,0.87,"{""V"": 0.25, ""B"": 0.05, ""E"": 0.05, ""P"": 0.05, ""R"": 0.05, ""S"": 0.15}",1.46,Military Forces of Cameroon (1982-),"On 13 January 2020, the military forces attacked Kumbo town, in Jakiri subdivision (Bui, Nord-Ouest). They reportedly killed one person, and burnt over 8 houses in several areas of the town.",0.4155251141552511,0.8700000000000001,0.1930591218352244,0.15806344020872712,0.15806344020872712,0.15806344020872712,0.15806344020872712,0.17468711732967418
gemma3:4b,CAO10508,B,V,0.92,"{""V"": 0.35, ""B"": 0.05, ""E"": 0.03, ""P"": 0.02, ""R"": 0.02, ""S"": 0.55}",1.52,Military Forces of Cameroon (1982-),"On 14 March 2023, the state security forces, coded as military, shot and killed 3 Ambazonian Separatists at the Ndekwai - Ntenako road axis, coded to Ntenaku (Mamfe, Manyu, Sud-Ouest).",0.8317757009345793,0.92,0.1950756095228255,0.14451556594510118,0.14165396601156308,0.14024448549965832,0.14024448549965832,0.23826588752095537
gemma3:4b,CAO3184,B,B,0.92,"{""V"": 0.03, ""B"": 0.68, ""E"": 0.04, ""P"": 0.02, ""R"": 0.01, ""S"": 0.02}",1.52,Ambazonian Separatists (Cameroon),"On 15 April 2020, Ambazonian separatists engaged in fire fights with military forces in Bafut town, Bamenda subdivision (Mezam, Nord-Ouest). No fatality and/or casualty reported.",0.8317757009345793,0.92,0.14522452381575152,0.278183504743173,0.14668405454481856,0.14377951566008687,0.1423488855758049,0.14377951566008687
gemma3:4b,CAO5032,B,V,0.86,"{""V"": 0.25, ""B"": 0.05, ""E"": 0.05, ""P"": 0.05, ""R"": 0.05, ""S"": 0.15}",1.5,Military Forces of Cameroon (1982-),"On 10 February 2021, the military forces repelled an incursion of Ambazonian separatists in Meanja water tank neighborhood of Muyuka town (Fako, Sud-Ouest). No fatality and/or casualty reported.",0.4155251141552511,0.86,0.1930591218352244,0.15806344020872712,0.15806344020872712,0.15806344020872712,0.15806344020872712,0.17468711732967418
gemma3:4b,CAO5789,S,S,0.88,"{""V"": 0.03, ""B"": 0.02, ""E"": 0.02, ""P"": 0.04, ""R"": 0.03, ""S"": 0.88}",1.46,Military Forces of Cameroon (1982-),"Around 21 December 2021 (as reported), the security forces (assumedly Military Forces) arrested at least 30 people including 7 Chadians and seized machetes, knives and spears during a security operation in Kousseri town (Logone-et-Chari, Extreme-Nord). The aim was to restore peace in the city in the context of tensions between the Musgum and Arab Shoa communities.",0.6485623003194888,0.8800000000000001,0.13642943218879716,0.135071936657012,0.135071936657012,0.13780057077749275,0.13642943218879716,0.3191966915305697
gemma3:4b,CAO13094,V,V,0.89,"{""V"": 0.89, ""B"": 0.03, ""E"": 0.01, ""P"": 0.01, ""R"": 0.01, ""S"": 0.01}",1.45,Ambazonian Separatists (Cameroon),"On 19 March 2024, Ambazonian Separatists from the Restoration Forces faction shot and injured a civilian in his private residence in Bole (Kumba 1, Meme, Sud-Ouest). They accused the man of collaborating with the military forces.",0.6485623003194888,0.8899999999999999,0.3244337133014931,0.13728804569473935,0.13456956025086073,0.13456956025086073,0.13456956025086073,0.13456956025086073
gemma3:4b,CAO2871,B,B,0.92,"{""V"": 0.03, ""B"": 0.77, ""E"": 0.02, ""P"": 0.0, ""R"": 0.0, ""S"": 0.0}",1.43,Military Forces of Cameroon (1982-),"On 21 January 2020, the military forces attacked an Ambazonian separatists' camp in Kossala village, Kumba subdivision (Ndian, Sud-Ouest) [coded: Kumba], killing two Ambazonian separatists. The military also rescued 23 children hostages.",0.8317757009345793,0.92,0.14291181787890544,0.2995339545333486,0.1414898215318017,0.13868813535188163,0.13868813535188163,0.13868813535188163
gemma3:4b,CAO11284,V,V,0.85,"{""V"": 0.15, ""B"": 0.05, ""E"": 0.02, ""P"": 0.03, ""R"": 0.02, ""S"": 0.03}",1.43,Ambazonian Separatists (Cameroon),"On 15 December 2023, Ambazonian Separatists temporally detained a civilian masked in a traditional masquerade outfit at an illegal vehicle checkpoint for two hours alongside some motorcycle riders in Ngwa (Bangangte, Nde, Ouest). They were accused of not having paid a stipulated sum of money motorcycle riders pay before plying the road.",0.2692307692307692,0.85,0.18399706999211354,0.16648743373784575,0.16156698646284562,0.1631907616720827,0.16156698646284562,0.1631907616720827
gemma3:4b,CAO3310,V,V,0.86,"{""V"": 0.25, ""B"": 0.05, ""E"": 0.05, ""P"": 0.05, ""R"": 0.05, ""S"": 0.15}",1.5,Military Forces of Cameroon (1982-),"On 28 May 2020, military forces killed four people suspected to be armed bandits in Bonduma neighbourhood of Buea town (Fako, Sud-Ouest). Residents say the victims were not armed.",0.4155251141552511,0.86,0.1930591218352244,0.15806344020872712,0.15806344020872712,0.15806344020872712,0.15806344020872712,0.17468711732967418
gemma3:4b,CAO12582,S,V,0.85,"{""V"": 0.25, ""B"": 0.05, ""E"": 0.1, ""P"": 0.15, ""R"": 0.1, ""S"": 0.25}",1.49,Ambazonian Separatists (Cameroon),"Other: On 20 May 2022, Ambazonian Separatists fired warning shots for about 30 minutes in Alabukam near Nlabakam (Bamenda - Mankon, Mezam, Nord-Ouest) to enforce the lockdown for 20 May.",0.2692307692307692,0.85,0.1836552645945635,0.150364213088243,0.15807355114899532,0.1661781554244558,0.15807355114899532,0.1836552645945635
gemma3:4b,CAO12898,V,V,0.87,"{""V"": 0.25, ""B"": 0.05, ""E"": 0.05, ""P"": 0.05, ""R"": 0.05, ""S"": 0.15}",1.48,Military Forces of Cameroon (1982-),"On 14 February 2024, security forces, coded as the military shot and killed a traditional doctor at his residence in Bessom, coded to Batibo (Batibo, Momo, Nord-Ouest) during a cordon and search operation. They accused the victim of providing fortification charms to Ambazonian Separatists.",0.4155251141552511,0.8700000000000001,0.1930591218352244,0.15806344020872712,0.15806344020872712,0.15806344020872712,0.15806344020872712,0.17468711732967418
gemma3:4b,CAO13115,B,B,0.92,"{""V"": 0.03, ""B"": 0.75, ""E"": 0.03, ""P"": 0.01, ""R"": 0.01, ""S"": 0.01}",1.49,Ambazonian Separatists (Cameroon),"On 20 March 2024, Ambazonian Separatists from the Restoration Forces faction clashed with the military forces from the Rapid Intervention in Bombe Bakundu (Kumba 3, Meme, Sud-Ouest) during an operation to dislodge Separatists hideouts. 1 Separatist was killed. The military forces recovered a weapon.",0.8317757009345793,0.92,0.14295865921907747,0.2936990172487947,0.14295865921907747,0.14012788810425225,0.14012788810425225,0.14012788810425225
gemma3:4b,CAO11938,B,V,0.86,"{""V"": 0.03, ""B"": 0.02, ""E"": 0.03, ""P"": 0.02, ""R"": 0.03, ""S"": 0.87}",1.41,Military Forces of Cameroon (1982-) Gendarmerie,"On 10 October 2023, Gendarmerie forces, clashed with Ambazonian Separatists at an illegal Separatist checkpoint in Bamessing (Tubah, Mezam, Nord-Ouest) as Separatists were looting money from commercial vehicles. Casualties unknown. No information on the injuries. The military forces seized 2 motorbikes.",0.4155251141552511,0.86,0.13705263777005025,0.1356889412391232,0.13705263777005025,0.1356889412391232,0.13705263777005025,0.3174642042112853
gemma3:4b,CAO13051,S,E,0.97,"{""V"": 0.01, ""B"": 0.01, ""E"": 0.97, ""P"": 0.0, ""R"": 0.0, ""S"": 0.01}",1.53,Boko Haram - Jamaatu Ahli is-Sunnah lid-Dawati wal-Jihad,"Property destruction: Around 3 April 2024 (as reported), suspected ISWAP or Boko Haram militants removed sheet metal Roofs of schools and professional training buildings in Tchahack (Chahack) (Darak, Logone-et-Chari, Extreme-Nord).",0.8317757009345793,0.9699999999999999,0.13172113442422878,0.13172113442422878,0.3440156222510507,0.1304104872379595,0.1304104872379595,0.13172113442422878
gemma3:4b,CAO11684,V,B,0.92,"{""V"": 0.03, ""B"": 0.15, ""E"": 0.02, ""P"": 0.01, ""R"": 0.01, ""S"": 0.02}",1.38,Ambazonian Separatists (Cameroon),"On 26 June 2023, Ambazonian Separatists from the Restoration Forces shot and killed two members of the state security forces (coded as military) in Konye (Meme, Sud-Ouest). The soldiers had been previously abducted by the Separatists on 25 June 2023 (coded separately).",0.8317757009345793,0.92,0.1647991118866929,0.18581047979532353,0.16315933332543087,0.16153587083346793,0.16153587083346793,0.16315933332543087
gemma3:4b,CAO14510,V,V,0.88,"{""V"": 0.25, ""B"": 0.05, ""E"": 0.05, ""P"": 0.05, ""R"": 0.05, ""S"": 0.15}",1.36,Boko Haram - Jamaatu Ahli is-Sunnah lid-Dawati wal-Jihad,"On 20 August 2024, Boko Haram (JAS) (likely) militants abducted 2 farmers from their fields in Alagarno (Kolofata, Mayo-Sava, Extreme-Nord). They were later released for an unknown reason.",0.6485623003194888,0.8800000000000001,0.1930591218352244,0.15806344020872712,0.15806344020872712,0.15806344020872712,0.15806344020872712,0.17468711732967418
gemma3:4b,CAO13082,B,V,0.89,"{""V"": 0.35, ""B"": 0.15, ""E"": 0.1, ""P"": 0.1, ""R"": 0.05, ""S"": 0.25}",1.47,Military Forces of Cameroon (1982-),"On 21 February 2024, the state security forces, coded as the military forces ambushed and clashed with the Ambazonian Separatists restoration forces along Buea - Kumba main road, coded to Kumba (Kumba 1, Meme, Sud-Ouest). A driver of a public transport vehicle was hit and killed by a stray bullet. No information on the injuries.",0.6485623003194888,0.8899999999999999,0.19912433251040726,0.1630292147123962,0.15507818608767598,0.15507818608767598,0.14751493370479465,0.1801751468968508
gemma3:4b,CAO5627,B,V,0.89,"{""V"": 0.89, ""B"": 0.03, ""E"": 0.02, ""P"": 0.01, ""R"": 0.01, ""S"": 0.02}",1.45,Military Forces of Cameroon (1982-),"Around 24 October 2021 (as reported), the military forces opened fire on BNL fighters who were erecting barricades in Cameroon-Nigeria border area in Bakassi Peninsula, Kombo Abedimo subdivision (Ndian, Sud-Ouest). 2 BNL fighters were killed.",0.6485623003194888,0.8899999999999999,0.32355852207799457,0.1369176979541775,0.13555534409685224,0.13420654588689981,0.13420654588689981,0.13555534409685224
gemma3:4b,CAO8784,B,V,0.89,"{""V"": 0.25, ""B"": 0.05, ""E"": 0.1, ""P"": 0.05, ""R"": 0.05, ""S"": 0.2}",1.45,Ambazonian Separatists (Cameroon),"On 10 May 2022, suspected Ambazonian Separatist fighters detonated a remote controlled IED targeting traveling military along the Bamenda-Belo road road, coded to Bamenda (Bamenda 1, Mezam, Nord-Ouest). 1 separatist was killed during clashes that followed the detonation. 2 civlians were also killed by stray bullets.",0.6485623003194888,0.8899999999999999,0.18982068865205048,0.1554120353698744,0.1633801808133173,0.1554120353698744,0.1554120353698744,0.1805630244248192
gemma3:4b,CAO4808,B,B,0.92,"{""V"": 0.03, ""B"": 0.82, ""E"": 0.02, ""P"": 0.01, ""R"": 0.0, ""S"": 0.02}",1.51,Military Forces of Cameroon (1982-),"Around 16 October 2020 (week of), the military forces engaged in fire fights with Ambazonian separatists in Bamessing village, Ndop subdivision (Mezam, Nord-Ouest), resulting in 3 people getting killed.",0.8317757009345793,0.92,0.1401710588610448,0.3088524101589366,0.13877633352182225,0.13739548593159923,0.13602837800446596,0.13877633352182225
gemma3:4b,CAO14672,S,V,0.86,"{""V"": 0.25, ""B"": 0.05, ""E"": 0.05, ""P"": 0.05, ""R"": 0.05, ""S"": 0.15}",1.44,Ambazonian Separatists (Cameroon),"Looting: On 3 July 2024, Ambazonian Separatists from the Restoration Forces faction extorted money, coded as looting, from civilians at an illegal checkpoint on the main road in Bamessing (Tubah, Mezam, Nord-Ouest).",0.4155251141552511,0.86,0.1930591218352244,0.15806344020872712,0.15806344020872712,0.15806344020872712,0.15806344020872712,0.17468711732967418
gemma3:4b,CAO12986,P,P,0.89,"{""V"": 0.05, ""B"": 0.02, ""E"": 0.01, ""P"": 0.89, ""R"": 0.01, ""S"": 0.0}",1.39,Protesters (Cameroon),"On 17 April 2024, people protested in front of the Town Hall in Yaounde (Yaounde 1, Mfoundi, Centre) after the municipal police officers attempted to arrest a civilian who had refused to pay them money causing an accident that killed 2 civilians. The protesters voiced their growing concern about the actions of the police officers.",0.6485623003194888,0.8899999999999999,0.13967220137763267,0.13554426398781141,0.13419557602678603,0.3235320748454668,0.13419557602678603,0.13286030773519336
gemma3:4b,CAO11562,B,V,0.92,"{""V"": 0.35, ""B"": 0.15, ""E"": 0.05, ""P"": 0.1, ""R"": 0.1, ""S"": 0.25}",1.47,Military Forces of Cameroon (1982-),"On 16 June 2023, government forces, coded as military, clashed with Ambazonian Separatists in Kedjem Keku (Tubah, Mezam, Nord-Ouest), leading to the killing of at least 13 civilians and 3 Ambazonian separatists.",0.8317757009345793,0.92,0.1991243325104073,0.16302921471239623,0.14751493370479468,0.155078186087676,0.155078186087676,0.18017514689685082
gemma3:4b,CAO14799,V,V,0.89,"{""V"": 0.89, ""B"": 0.03, ""E"": 0.02, ""P"": 0.01, ""R"": 0.01, ""S"": 0.02}",1.45,Ambazonian Separatists (Cameroon),"On 12 July 2024, Ambazonian Separatists from the Bui Unity Warriors faction shot and killed 1 civilian in Jakiri (Jakiri, Bui, Nord-Ouest) after the Separatists had taken him out of his private residence. They accused him of collaborating with the security forces.",0.6485623003194888,0.8899999999999999,0.32355852207799457,0.1369176979541775,0.13555534409685224,0.13420654588689981,0.13420654588689981,0.13555534409685224
gemma3:4b,CAO4310,S,E,0.97,"{""V"": 0.01, ""B"": 0.01, ""E"": 0.97, ""P"": 0.0, ""R"": 0.0, ""S"": 0.01}",1.48,Police Forces of Cameroon (1982-),"Defusal: On 27 January 2021, the police forces retrieved and defused an IED planted by unidentified men in Bamenda town (Mezam, Nord-Ouest). No fatality and/or casualty reported.",0.8317757009345793,0.9699999999999999,0.13172113442422878,0.13172113442422878,0.3440156222510507,0.1304104872379595,0.1304104872379595,0.13172113442422878
gemma3:4b,CAO10471,V,V,0.86,"{""V"": 0.25, ""B"": 0.05, ""E"": 0.05, ""P"": 0.05, ""R"": 0.1, ""S"": 0.1}",1.48,Military Forces of Cameroon (1982-),"On 22 March 2023, state security forces, coded as military forces, beat up civilians and broke into homes where they looted properties in Ngomgham Mankon, coded to Ntarinkon (Bamenda - Mankon, Mezam, Nord-Ouest). They also harrassed civilians, the attack was after separatists attacked their position in the area and engaged them in an armed clash (coded separately). No information on injuries.",0.4155251141552511,0.86,0.19313937228118166,0.15812914371678055,0.15812914371678055,0.15812914371678055,0.16623659828414178,0.16623659828414178
gemma3:4b,CAO11896,B,V,0.9,"{""V"": 0.25, ""B"": 0.05, ""E"": 0.05, ""P"": 0.05, ""R"": 0.05, ""S"": 0.15}",1.41,Military Forces of Cameroon (1982-),"On 28 September 2023, state forces, coded as military, exchanged fire with Ambazonian Separatists in Benade (Menchum, Nord-Ouest) during an operation to dislodge the Ambazonian Separatists. Four civilians, including the traditional chief of Banum village, were killed caught by stray bullets.",0.6485623003194888,0.8999999999999999,0.1930591218352244,0.15806344020872712,0.15806344020872712,0.15806344020872712,0.15806344020872712,0.17468711732967418
gemma3:4b,CAO11447,S,V,0.87,"{""V"": 0.25, ""B"": 0.05, ""E"": 0.05, ""P"": 0.05, ""R"": 0.05, ""S"": 0.15}",1.42,Military Forces of Cameroon (1982-),"Other: On 4 July 2023, state security forces, coded as military forces, on vehicular patrol shot into the air at the cattle market in Lassin (Bui, Nord-Ouest) to prevent an attack by Ambazonian Separatists after they tipped off that a separatists camp opened in the area.",0.4155251141552511,0.8700000000000001,0.1930591218352244,0.15806344020872712,0.15806344020872712,0.15806344020872712,0.15806344020872712,0.17468711732967418
gemma3:4b,CAO3261,V,V,0.89,"{""V"": 0.89, ""B"": 0.03, ""E"": 0.02, ""P"": 0.01, ""R"": 0.01, ""S"": 0.02}",1.44,Ambazonian Separatists (Cameroon),"On 10 May 2020, suspected Ambazonian separatists killed one person in Bakebe village, Mamfe subdivision (Manyu, Sud-Ouest).",0.6485623003194888,0.8899999999999999,0.32355852207799457,0.1369176979541775,0.13555534409685224,0.13420654588689981,0.13420654588689981,0.13555534409685224
gemma3:4b,CAO11281,V,V,0.86,"{""V"": 0.25, ""B"": 0.05, ""E"": 0.05, ""P"": 0.05, ""R"": 0.05, ""S"": 0.15}",1.42,Ambazonian Separatists (Cameroon),"On 24 November 2023, the Ambazonian Restoration Forces abducted a builder from a public transport vehicle at a vehicle checkpoint in Nguti (Nguti, Kupe-Manenguba, Sud-Ouest).",0.4155251141552511,0.86,0.1930591218352244,0.15806344020872712,0.15806344020872712,0.15806344020872712,0.15806344020872712,0.17468711732967418
gemma3:4b,CAO11825,V,V,0.85,"{""V"": 0.25, ""B"": 0.05, ""E"": 0.05, ""P"": 0.05, ""R"": 0.05, ""S"": 0.15}",1.4,Ambazonian Separatists (Cameroon),"On 3 July 2022, Ambazonian Separatists abducted two workers of a government-owned agro-industrial company, (PAMOL) in Mabonji (Meme, Sud-Ouest).",0.2692307692307692,0.85,0.1930591218352244,0.15806344020872712,0.15806344020872712,0.15806344020872712,0.15806344020872712,0.17468711732967418
gemma3:4b,CAO12114,V,V,0.89,"{""V"": 0.89, ""B"": 0.03, ""E"": 0.02, ""P"": 0.01, ""R"": 0.01, ""S"": 0.02}",1.33,Ambazonian Separatists (Cameroon),"On 15 August 2023, Ambazonian Separatists shot and killed a woman in Akwaya (Manyu, Sud-Ouest). They also abducted four civilians from a home for unknown reasons. No additional information.",0.6485623003194888,0.8899999999999999,0.32355852207799457,0.1369176979541775,0.13555534409685224,0.13420654588689981,0.13420654588689981,0.13555534409685224
gemma3:4b,CAO15247,S,V,0.86,"{""V"": 0.25, ""B"": 0.05, ""E"": 0.05, ""P"": 0.05, ""R"": 0.05, ""S"": 0.15}",1.47,Military Forces of Cameroon (1982-) Gendarmerie,"Looting: On 10 August 2024, gendarmerie forces broke into 8 civilian private residences and looted an unspecified amount of money and valuables in Bamunka (Ndop, Ngo-Ketunjia, Nord-Ouest) during an operation to dislodge Ambazonian Separatists from their hideouts.",0.4155251141552511,0.86,0.1930591218352244,0.15806344020872712,0.15806344020872712,0.15806344020872712,0.15806344020872712,0.17468711732967418
gemma3:4b,CAO6111,V,V,0.88,"{""V"": 0.15, ""B"": 0.05, ""E"": 0.05, ""P"": 0.05, ""R"": 0.05, ""S"": 0.65}",1.42,Military Forces of Cameroon (1982-),"Around 24 May 2022, the Cameroonian military shot randomly in Mbve area of Kumbo (Kumbo, Bui, Nord-Ouest). The bullets went through some houses.",0.6485623003194888,0.8800000000000001,0.1595387175924359,0.1443566013031078,0.1443566013031078,0.1443566013031078,0.1443566013031078,0.2630348771948698
gemma3:4b,CAO13590,S,E,0.97,"{""V"": 0.01, ""B"": 0.01, ""E"": 0.97, ""P"": 0.0, ""R"": 0.0, ""S"": 0.01}",1.46,Military Forces of Cameroon (1982-) Gendarmerie,"Defusal: On 19 April 2024, gendarmerie forces recovered an IED planted by an Ambazonian Separatist at the Market in Great Soppo (Buea, Fako, Sud-Ouest). The were no fatalities. The Separatist had attempted to detonate the IED on a minister's convoy but nearby civilians alerted the gendarmerie forces and he was arrested.",0.8317757009345793,0.9699999999999999,0.13172113442422878,0.13172113442422878,0.3440156222510507,0.1304104872379595,0.1304104872379595,0.13172113442422878
gemma3:4b,CAO4947,S,V,0.86,"{""V"": 0.25, ""B"": 0.05, ""E"": 0.05, ""P"": 0.05, ""R"": 0.05, ""S"": 0.15}",1.5,Military Forces of Cameroon (1982-),"On 13 January 2021, a joint police and military forces operation was conducted in Mudeka village, Tiko subdivision (Fako, Sud-Ouest), resulting in 86 people getting arrested.",0.4155251141552511,0.86,0.1930591218352244,0.15806344020872712,0.15806344020872712,0.15806344020872712,0.15806344020872712,0.17468711732967418
gemma3:4b,CAO5487,V,V,0.87,"{""V"": 0.25, ""B"": 0.05, ""E"": 0.05, ""P"": 0.05, ""R"": 0.05, ""S"": 0.15}",1.53,Military Forces of Cameroon (1982-),"On 16 August 2021, the military forces tortured several civilians, and looted properties during a raid in Bamenda - Chomba village, Bamenda 2 subdivision (Mezam, Nord-Ouest).",0.4155251141552511,0.8700000000000001,0.1930591218352244,0.15806344020872712,0.15806344020872712,0.15806344020872712,0.15806344020872712,0.17468711732967418
gemma3:4b,CAO12450,V,V,0.86,"{""V"": 0.32, ""B"": 0.08, ""E"": 0.05, ""P"": 0.04, ""R"": 0.03, ""S"": 0.12}",1.48,Ambazonian Separatists (Cameroon),"On 26 July 2023, Ambazonian Separatists shot and killed a civilian in Mezam department, coded to Bamenda (Mezam, Nord-Ouest), after getting in an argument with him. They let another man go who was with the victim after seizing his phone and an unknown amount of money.",0.4155251141552511,0.86,0.20522143175137617,0.16143289590360071,0.15666183279745055,0.1551030215159559,0.15355972066586576,0.16802109736554585
gemma3:4b,CAO10410,S,V,0.86,"{""V"": 0.25, ""B"": 0.05, ""E"": 0.05, ""P"": 0.05, ""R"": 0.05, ""S"": 0.15}",1.43,Military Forces of Cameroon (1982-),"Property destruction: On 7 April 2023, State security forces, coded as the military forces, set fire to 3 civilian houses in Aboh, coded to Fundong (Njinikom, Boyo, Nord-Ouest).",0.4155251141552511,0.86,0.1930591218352244,0.15806344020872712,0.15806344020872712,0.15806344020872712,0.15806344020872712,0.17468711732967418
gemma3:4b,CAO6584,S,S,0.88,"{""V"": 0.03, ""B"": 0.02, ""E"": 0.01, ""P"": 0.02, ""R"": 0.01, ""S"": 0.88}",1.49,Military Forces of Cameroon (1982-),"On 25 September 2022, Cameroonian security forces arrested at least 60 people in Kourgui (Mora, Mayo-Sava, Extreme-Nord). 30 motorbikes without official documents were seized. The military were looking for armed group members.",0.6485623003194888,0.8800000000000001,0.13735992288074397,0.1359931688118791,0.13464001417322344,0.1359931688118791,0.13464001417322344,0.3213737111487295
gemma3:4b,CAO10587,B,B,0.92,"{""V"": 0.03, ""B"": 0.68, ""E"": 0.05, ""P"": 0.02, ""R"": 0.01, ""S"": 0.01}",1.46,Ambazonian Separatists (Cameroon),"On 7 May 2023, Ambazonian Separatists from the Bui Warriors, led by 'General Mad Dog,' engaged in an armed confrontation with state security forces (coded as military) in Njavnyuy, Kumbo commune, coded to Kumbo (Bui, Nord-Ouest). During the attack, the Separatists fired 2 rockets at the base. An unknown number of soldiers were injured.",0.8317757009345793,0.92,0.1452181967790893,0.2781713850461198,0.148151798950296,0.1437732515784913,0.14234268382286264,0.14234268382286264
gemma3:4b,CAO4741,V,V,0.87,"{""V"": 0.25, ""B"": 0.05, ""E"": 0.05, ""P"": 0.05, ""R"": 0.05, ""S"": 0.15}",1.45,Military Forces of Cameroon (1982-),"On 18 December 2020, the military forces raided Dyeny village, Mbonge subdivision (Meme, Sud-Ouest), resulting in 2 people getting injured and houses burnt down.",0.4155251141552511,0.8700000000000001,0.1930591218352244,0.15806344020872712,0.15806344020872712,0.15806344020872712,0.15806344020872712,0.17468711732967418
gemma3:4b,CAO6254,E,E,0.97,"{""V"": 0.01, ""B"": 0.01, ""E"": 0.97, ""P"": 0.0, ""R"": 0.0, ""S"": 0.01}",1.44,Unidentified Armed Group (Cameroon),"On 2 July 2022, an explosive device planted by an unidentified armed group exploded at Mokolo market in Yaounde (Yaounde 1, Mfoundi, Centre) leading to 4 injured, including 2 severely. No fatalities.",0.8317757009345793,0.9699999999999999,0.13172113442422878,0.13172113442422878,0.3440156222510507,0.1304104872379595,0.1304104872379595,0.13172113442422878
gemma3:4b,CAO11395,B,E,0.97,"{""V"": 0.01, ""B"": 0.01, ""E"": 0.97, ""P"": 0.0, ""R"": 0.0, ""S"": 0.01}",1.46,Ambazonian Separatists (Cameroon),"On 2 January 2024, the Bui Unity Warriors attacked a military convoy on transit with a road planted IED in Wainamah (Jakiri, Bui, Nord-Ouest). This prompted military to fire repelling gunshots. Casualties unknown.",0.8317757009345793,0.9699999999999999,0.13172113442422878,0.13172113442422878,0.3440156222510507,0.1304104872379595,0.1304104872379595,0.13172113442422878
gemma3:4b,CAO8359,B,V,0.86,"{""V"": 0.25, ""B"": 0.05, ""E"": 0.05, ""P"": 0.05, ""R"": 0.05, ""S"": 0.15}",1.51,Military Forces of Cameroon (1982-) Rapid Intervention Battalion,"On 4 January 2024, the military forces killed 1 unidentified armed group member in Bourrha (Bourrha, Mayo-Tsanaga, Extreme-Nord). The member was known to abduct civilians. Food items, clothing, bladed weapons and other items were recovered.",0.4155251141552511,0.86,0.1930591218352244,0.15806344020872712,0.15806344020872712,0.15806344020872712,0.15806344020872712,0.17468711732967418
gemma3:4b,CAO11563,V,V,0.97,"{""V"": 0.35, ""B"": 0.02, ""E"": 0.01, ""P"": 0.01, ""R"": 0.01, ""S"": 0.6}",1.48,Military Forces of Cameroon (1982-),"On 21 June 2023, government forces, coded as military, raped a 12-year-old girl in Atoini, coded to Njinikom (Boyo, Nord-Ouest). No further information is available.",0.8317757009345793,0.9699999999999999,0.19461840719532908,0.13991579189544082,0.1385236065049644,0.1385236065049644,0.1385236065049644,0.24989498139408695
gemma3:4b,CAO10080,V,V,0.86,"{""V"": 0.25, ""B"": 0.05, ""E"": 0.05, ""P"": 0.05, ""R"": 0.05, ""S"": 0.15}",1.46,Military Forces of Cameroon (1982-),"On 2 February 2023, the state security forces, coded as the military forces beat civilians in Matondo II (Konye, Meme, Sud-Ouest) for an unknown reason. Casualties unknown. The attack caused the displacement of some civilians.",0.4155251141552511,0.86,0.1930591218352244,0.15806344020872712,0.15806344020872712,0.15806344020872712,0.15806344020872712,0.17468711732967418
gemma3:4b,CAO7398,V,V,0.89,"{""V"": 0.89, ""B"": 0.03, ""E"": 0.02, ""P"": 0.01, ""R"": 0.01, ""S"": 0.02}",1.47,Boko Haram - Jamaatu Ahli is-Sunnah lid-Dawati wal-Jihad,"On 18 June 2023, Boko Haram [JAS] militants attacked Gazla, coded to Mora (Mora, Mayo-Sava, Extreme-Nord). 2 were killed and 1 was wounded. The militants looted houses and stole food items.",0.6485623003194888,0.8899999999999999,0.32355852207799457,0.1369176979541775,0.13555534409685224,0.13420654588689981,0.13420654588689981,0.13555534409685224
gemma3:4b,CAO15321,S,V,0.88,"{""V"": 0.25, ""B"": 0.05, ""E"": 0.05, ""P"": 0.05, ""R"": 0.05, ""S"": 0.15}",1.49,Boko Haram - Jamaatu Ahli is-Sunnah lid-Dawati wal-Jihad,"Looting: On 12 October 2024, Boko Haram (JAS) (likely) militants looted 2 stores and nearly 20 houses in Ldoubam (Mokolo, Mayo-Tsanaga, Extreme-Nord).",0.6485623003194888,0.8800000000000001,0.1930591218352244,0.15806344020872712,0.15806344020872712,0.15806344020872712,0.15806344020872712,0.17468711732967418
gemma3:4b,CAO5584,B,B,0.92,"{""V"": 0.03, ""B"": 0.75, ""E"": 0.03, ""P"": 0.01, ""R"": 0.01, ""S"": 0.01}",1.47,Military Forces of Cameroon (1982-),"On 3 September 2021, military forces engaged in fire fight with Ambazonian separatists in Ekona town, Bangem subdivision (Kupe-Manenguba, Sud-Ouest).There were no fatalities.",0.8317757009345793,0.92,0.14295865921907747,0.2936990172487947,0.14295865921907747,0.14012788810425225,0.14012788810425225,0.14012788810425225
gemma3:4b,CAO15173,B,B,0.92,"{""V"": 0.03, ""B"": 0.78, ""E"": 0.02, ""P"": 0.0, ""R"": 0.0, ""S"": 0.0}",1.46,Ambazonian Separatists (Cameroon),"On 8 August 2024, Ambazonian Separatists from the Restoration Forces faction clashed with the security forces, coded as the military forces in Big Ngwandi (Konye, Meme, Sud-Ouest). The Separatists detonated an IED that killed 2 soldiers and injured 6 others before clashing with security forces. The casualties on the Separatist side are unknown.",0.8317757009345793,0.92,0.1424828921833117,0.3016362851190928,0.1410651637181884,0.13827188632636847,0.13827188632636847,0.13827188632636847
gemma3:4b,CAO5791,V,V,0.89,"{""V"": 0.89, ""B"": 0.03, ""E"": 0.02, ""P"": 0.01, ""R"": 0.01, ""S"": 0.01}",1.5,Ambazonian Separatists (Cameroon),"On 22 December 2021, suspected Ambazonian separatists opened fire on the house of the former Mayor of Mamfe town (Manyu, Sud-Ouest) before burning his house down. They accuse him of denouncing human rights violations allegedly committed by one separatist leader. There were no fatalities.",0.6485623003194888,0.8899999999999999,0.32399552666439213,0.13710262172493987,0.1357384278453518,0.134387807921664,0.134387807921664,0.134387807921664
gemma3:4b,CAO7007,V,V,0.9,"{""V"": 0.35, ""B"": 0.05, ""E"": 0.03, ""P"": 0.02, ""R"": 0.02, ""S"": 0.03}",1.41,Military Forces of Cameroon (1982-),"On 29 January 2023, suspected members of the Cameroonian military forces attacked traveling civilians on the Bamenda-Kumbo road, coded to Bamenda (Bamenda 1, Mezam, Nord-Ouest). 2 drivers were killed by the military. The victims were traveling to Jakiri when they were stopped by the soldiers.",0.6485623003194888,0.8999999999999999,0.21593777266661482,0.15997063652485488,0.15680300568969993,0.15524278971445726,0.15524278971445726,0.15680300568969993
gemma3:4b,CAO13016,E,V,0.92,"{""V"": 0.35, ""B"": 0.05, ""E"": 0.15, ""P"": 0.05, ""R"": 0.05, ""S"": 0.35}",1.52,Ambazonian Separatists (Cameroon),"On 23 February 2024, an IED planted by Ambazonian Separatists detonated on the military forces in Bamenda - Mankon (Bamenda 2, Mezam, Nord-Ouest). At least 6 soldiers were killed and their military vehicle was damaged.",0.8317757009345793,0.92,0.19836604243912256,0.1469531786034249,0.16240837931128171,0.1469531786034249,0.1469531786034249,0.19836604243912256
gemma3:4b,CAO9923,V,V,0.86,"{""V"": 0.25, ""B"": 0.05, ""E"": 0.05, ""P"": 0.05, ""R"": 0.05, ""S"": 0.15}",1.47,Military Forces of Cameroon (1982-),"On 20 March 2021, state forces, coded as military, raided the village Bengang located in Batibo (Momo, Nord-Ouest).There was 1 civilian killed.",0.4155251141552511,0.86,0.1930591218352244,0.15806344020872712,0.15806344020872712,0.15806344020872712,0.15806344020872712,0.17468711732967418
gemma3:4b,CAO3105,B,V,0.86,"{""V"": 0.25, ""B"": 0.05, ""E"": 0.05, ""P"": 0.05, ""R"": 0.05, ""S"": 0.15}",1.54,Ambazonian Separatists (Cameroon),"On 15 March 2020, the Ambazonian separatists killed a civilian when they targeted a soldier who he was transporting to his duty post in Mundemba town (Ndian, Sud-Ouest).",0.4155251141552511,0.86,0.1930591218352244,0.15806344020872712,0.15806344020872712,0.15806344020872712,0.15806344020872712,0.17468711732967418
gemma3:4b,CAO12465,S,V,0.86,"{""V"": 0.25, ""B"": 0.05, ""E"": 0.05, ""P"": 0.05, ""R"": 0.05, ""S"": 0.15}",1.46,Military Forces of Cameroon (1982-),"Property destruction: On 24 July 2023, state security forces (coded as military) set ablaze the traditional house of a village in Belo commune, coded to Oku (Boyo, Nord-Ouest), which had been a secret shrine of 'Beng Aweh.' They also arrested some men, all, with the exception of two, were shortly released.",0.4155251141552511,0.86,0.1930591218352244,0.15806344020872712,0.15806344020872712,0.15806344020872712,0.15806344020872712,0.17468711732967418
gemma3:4b,CAO5869,B,B,0.96,"{""B"": 0.35, ""E"": 0.15, ""S"": 0.1}",1.35,Islamic State West Africa Province (ISWAP) - Lake Chad Faction,"Around 12 February 2022, ISWAP militants launched an attack targeting a military post of the Multinational Task force in Gasama (Logone-Birni, Logone-et-Chari), causing the killing of ten militants, injury of two soldiers, and the seizure of arms and ammunition.",0.8317757009345793,0.96,0.14956463135590808,0.2122423147744827,0.17376931021032627,0.14956463135590808,0.14956463135590808,0.1652944809472547
gemma3:4b,CAO13677,V,V,0.89,"{""V"": 0.25, ""B"": 0.05, ""E"": 0.05, ""P"": 0.05, ""R"": 0.05, ""S"": 0.15}",1.4,Ambazonian Separatists (Cameroon),"On 16 April 2024, Ambazonian Separatists from the SOCADEF abducted 3 village elders and a traditional ruler from their private residences in Weme (Konye, Meme, Sud-Ouest). The Separatists accused the elders of installing a new traditional council in the village without notifying the Separatists.",0.6485623003194888,0.8899999999999999,0.1930591218352244,0.15806344020872712,0.15806344020872712,0.15806344020872712,0.15806344020872712,0.17468711732967418
olmo2:7b,CAO11875,V,V,0.99,"{""V"": 0.99, ""B"": 0.01, ""E"": 0.0, ""P"": 0.0, ""R"": 0.01, ""S"": 0.0}",0.75,Unidentified Armed Group (Cameroon),"On 24 September 2023, an unidentified armed group shot and killed a bike rider beside a rice farm in Bamunka (Ngo-Ketunjia, Nord-Ouest) after having abducted him. They accused him of impersonating the armed group and extorting money from civilians.",0.75,0.99,0.3489972280899669,0.130982533170538,0.12967923518953606,0.12967923518953606,0.130982533170538,0.12967923518953606
olmo2:7b,CAO9055,V,V,0.91,"{""V"": 0.91, ""B"": 0.01, ""E"": 0.01, ""P"": 0.01, ""R"": 0.01, ""S"": 0.0}",0.75,Military Forces of Cameroon (1982-),"On 4 September 2022, military forces shot and killed a man in Besali (Wabane, Lebialem, Sud-Ouest) after he was mistaken for a separatist fighter following an exchange of fire between soldiers and Ambazonia Liberation Army fighters.",0.6077669902912621,0.9100000000000001,0.3301634491359696,0.13423444117399377,0.13423444117399377,0.13423444117399377,0.13423444117399377,0.13289878616772502
olmo2:7b,CAO3117,B,B,0.89,"{""V"": 0.01, ""B"": 0.88, ""E"": 0.02, ""P"": 0.01, ""R"": 0.02, ""S"": 0.0}",0.75,Islamic State West Africa Province (ISWAP) - Lake Chad Faction and/or Boko Haram - Jamaatu Ahli is-Sunnah lid-Dawati wal-Jihad,"On 23 March 2020, Boko Haram were repulsed by the military after staging an attack on the village of Goshikale in Mora subdivision (Mayo-Sava, Extreme-Nord). Militants destroyed the local hospital and looted several houses, taking away 3 motorcycles.",0.6077669902912621,0.8899999999999999,0.13518882663006132,0.32268367755850513,0.13654749692560605,0.13518882663006132,0.13654749692560605,0.13384367532983732
olmo2:7b,CAO13564,B,B,0.85,"{""V"": 0.05, ""B"": 0.82, ""E"": 0.02, ""P"": 0.01, ""R"": 0.02, ""S"": 0.08}",0.75,Military Forces of Cameroon (1982-) Gendarmerie,"On 21 April 2024, gendarmerie officers clashed with Ambazonian Separatists from the Restoration Forces faction at the Separatist hideout in Kouki (Mbven, Bui, Nord-Ouest). There were no fatalities. No information on the injuries.",0.5833333333333334,0.85,0.14100591062194498,0.30453980734548863,0.13683855616700663,0.13547698978362113,0.13683855616700663,0.14530017991462754
olmo2:7b,CAO8281,S,E,0.98,"{""V"": 0.01, ""B"": 0.02, ""E"": 0.95, ""P"": 0.01, ""R"": 0.01, ""S"": 0.0}",0.73,Islamic State West Africa Province (ISWAP) and/or Boko Haram - Jamaatu Ahli is-Sunnah lid-Dawati wal-Jihad,"Looting: On 18 December 2023, ISWAP or Boko Haram militants looted 2 houses in Waza (Waza, Logone-et-Chari, Extreme-Nord).",0.6077669902912621,0.98,0.1322737077229026,0.13360308058636017,0.33861823390414764,0.1322737077229026,0.1322737077229026,0.13095756234044575
olmo2:7b,CAO10079,S,V,0.95,"{""V"": 0.95, ""B"": 0.01, ""E"": 0.01, ""P"": 0.02, ""R"": 0.02, ""S"": 0.05}",0.75,Civilians (Cameroon),"Displacement: On 2 February 2023, civilians were displaced for fear of retaliation attacks from, the state security forces in Diongo (Dibombari, Moungo, Littoral) after suspected Ambazonian Separatists mounted an illegal checkpoint paralyzing vehicle movement.",0.6077669902912621,0.9499999999999998,0.3359162210151644,0.13121822627696822,0.13121822627696822,0.13253699137553993,0.13253699137553993,0.1365733436794833
olmo2:7b,CAO9679,V,V,0.99,"{""V"": 0.99, ""B"": 0.01, ""E"": 0.0, ""P"": 0.0, ""R"": 0.01, ""S"": 0.0}",0.75,Military Forces of Cameroon (1982-),"On 27 June 2022, military forces shot and killed four civilians in Banten (Bui, Nord-Ouest) who were previously arrested on 25 June during a military operation. The circumstances that led to their execution are unclear.",0.75,0.99,0.3489972280899669,0.130982533170538,0.12967923518953606,0.12967923518953606,0.130982533170538,0.12967923518953606
olmo2:7b,CAO5718,V,V,0.99,"{""V"": 0.99, ""B"": 0.01, ""E"": 0.0, ""P"": 0.0, ""R"": 0.0, ""S"": 0.0}",0.75,Military Forces of Cameroon (1982-),"On 16 October 2021, the military forces shot and killed a student in Waindo village, Wum subdivision (Menchum, Nord-Ouest). He was accused of being in possession of a military uniform and some ammunition.",0.75,0.99,0.3494526690479928,0.13115346521695664,0.12984846643367523,0.12984846643367523,0.12984846643367523,0.12984846643367523
olmo2:7b,CAO8534,B,B,0.93,"{""V"": 0.01, ""B"": 0.92, ""E"": 0.01, ""P"": 0.01, ""R"": 0.03, ""S"": 0.01}",0.92,Unidentified Armed Group (Cameroon),"On 21 February 2024, an unidentified armed group clashed with Boko Haram (JAS) (likely) militants in Kouyape (Kolofata, Mayo-Sava, Extreme-Nord). The bodies of 3 militants were found by civilians. The exact circumstances of their death are unknown.",0.6077669902912621,0.93,0.13325295739849072,0.3310433247052375,0.13325295739849072,0.13325295739849072,0.13594484570046844,0.13325295739849072
olmo2:7b,CAO4163,V,V,0.99,"{""V"": 0.99, ""B"": 0.01, ""E"": 0.0, ""P"": 0.0, ""R"": 0.0, ""S"": 0.0}",0.74,Military Forces of Cameroon (1982-),"On 12 December 2020, the military forces shot and killed two civilians in Mkpot village, Mamfe subdivision (Manyu, Sud-Ouest).",0.75,0.99,0.3494526690479928,0.13115346521695664,0.12984846643367523,0.12984846643367523,0.12984846643367523,0.12984846643367523
olmo2:7b,CAO14080,B,B,0.93,{},0.43,Military Forces of Cameroon (1982-) Rapid Intervention Battalion,"On 24 July 2024, the military forces from the Rapid Intervention clashed with Boko Haram (JAS) (likely) militants in Yabogo neighborhood in Amchide (Kolofata, Mayo-Sava, Extreme-Nord). There were no fatalities.",0.6077669902912621,0.93,0.16666666666663887,0.16666666666663887,0.16666666666663887,0.16666666666663887,0.16666666666663887,0.16666666666663887
olmo2:7b,CAO13672,V,E,0.85,"{""V"": 0.05, ""B"": 0.02, ""E"": 0.8, ""P"": 0.01, ""R"": 0.02, ""S"": 0.0}",0.75,Ambazonian Separatists (Cameroon),"On 15 April 2024, Ambazonian Separatists from the ADF abducted 4 men and 2 women at a checkpoint in Mambanda (Kumba 2, Meme, Sud-Ouest). The militants also looted 3 motorbikes. The reason for the abduction is not known.",0.5833333333333334,0.85,0.14347387664285044,0.13923358276894382,0.3037341992363992,0.1378481854726939,0.13923358276894382,0.13647657310986505
olmo2:7b,CAO3188,V,V,0.91,"{""V"": 0.91, ""B"": 0.01, ""E"": 0.01, ""P"": 0.01, ""R"": 0.01, ""S"": 0.0}",0.76,Military Forces of Cameroon (1982-),"On 16 April 2020, military forces killed three former Ambazonian separatists in Balikumbat town (Ngo-ketunjia, Nord-Ouest).",0.6077669902912621,0.9100000000000001,0.3301634491359696,0.13423444117399377,0.13423444117399377,0.13423444117399377,0.13423444117399377,0.13289878616772502
olmo2:7b,CAO8782,B,B,0.88,"{""V"": 0.01, ""B"": 0.86, ""E"": 0.02, ""P"": 0.01, ""R"": 0.03, ""S"": 0.08}",0.74,Ambazonian Separatists (Cameroon),"On 1 July 2022, suspected Ambazonian Separatist fighters clashed with the military forces in Bambui (Tubah, Mezam, Nord-Ouest). There were no fatalities.",0.6077669902912621,0.8800000000000001,0.1343651404402544,0.31436697783963485,0.13571553255196667,0.1343651404402544,0.13707949633003078,0.1441077123975446
olmo2:7b,CAO7306,B,B,0.93,"{""V"": 0.01, ""B"": 0.93, ""E"": 0.02, ""P"": 0.01, ""R"": 0.01, ""S"": 0.01}",0.9,Military Forces of Cameroon (1982-) Rapid Intervention Battalion,"On 19 May 2023, the military forces of Kerawa (Rapid Intervention) clashed with Boko Haram (JAS) (likely) militants in Balatikse neighborhood in Mayo Moskota (Kolofata, Mayo-Sava, Extreme-Nord). 1 militant was killed while 3 soldiers seriously injured. 2 militants were captured. The military seized some equipment.",0.6077669902912621,0.93,0.1329903855818861,0.3337114964945496,0.134326961177572,0.1329903855818861,0.1329903855818861,0.1329903855818861
olmo2:7b,CAO13551,S,S,0.85,{},0.43,Boko Haram - Jamaatu Ahli is-Sunnah lid-Dawati wal-Jihad,"On 14 June 2024, 11 members of Boko Haram (JAS) (likely) militants surrendered to the military forces in Madakar (Mayo-Moskota, Mayo-Tsanaga, Extreme-Nord).",0.5833333333333334,0.85,0.16666666666663887,0.16666666666663887,0.16666666666663887,0.16666666666663887,0.16666666666663887,0.16666666666663887
olmo2:7b,CAO4946,V,E,0.98,"{""V"": 0.01, ""B"": 0.02, ""E"": 0.95, ""P"": 0.01, ""R"": 0.01, ""S"": 0.0}",0.75,Ambazonian Separatists (Cameroon),"On 13 January 2021, Ambazonian separatists kidnapped a truck driver and his assistant in Bukow village, Ndop subdivision (Ngo-Ketunjia, Nord-Ouest).",0.6077669902912621,0.98,0.1322737077229026,0.13360308058636017,0.33861823390414764,0.1322737077229026,0.1322737077229026,0.13095756234044575
olmo2:7b,CAO8143,B,B,0.94,"{""V"": 0.01, ""B"": 0.93, ""E"": 0.02, ""P"": 0.01, ""R"": 0.01, ""S"": 0.0}",0.8,Military Forces of Cameroon (1982-) Rapid Intervention Battalion,"On 14 November 2023, the military forces (Rapid Intervention) ambushed Boko Haram (JAS) (likely) militants along the Limani - Goumbouldi road, coded to Limani (Mora, Mayo-Sava, Extreme-Nord). 2 militants were killed, the militants had approached an abandoned civilian truck near where the military forces were parked and the military recovered a weapon.",0.6077669902912621,0.9400000000000001,0.1331666018094947,0.3341536741810387,0.13450494840771102,0.1331666018094947,0.1331666018094947,0.13184157198243188
olmo2:7b,CAO15055,V,V,0.9,"{""V"": 0.9, ""B"": 0.01, ""E"": 0.01, ""P"": 0.01, ""R"": 0.01, ""S"": 0.0}",0.74,Unidentified Armed Group (Cameroon),"Around 17 September 2024 (as reported), an unidentified armed group attacked and killed 1 civilian between Mora and Blabline (Kolofata, Mayo-Sava, Extreme-Nord) for an unknown reason.",0.6077669902912621,0.8999999999999999,0.3279556617042869,0.1346768791265675,0.1346768791265675,0.1346768791265675,0.1346768791265675,0.13333682178911496
olmo2:7b,CAO11956,B,B,0.88,"{""V"": 0.01, ""B"": 0.82, ""E"": 0.01, ""P"": 0.02, ""R"": 0.03, ""S"": 0.08}",0.75,Military Forces of Cameroon (1982-) Rapid Intervention Battalion,"On 25 October 2023, military forces from the Rapid Intervention Battalion engaged in an armed confrontation with Ambazonian Separatists in Ngarum (Donga-Mantung, Nord-Ouest). There were no casualties.",0.6077669902912621,0.8800000000000001,0.13604206368832114,0.3058100414889262,0.13604206368832114,0.1374093091588638,0.13879029567483048,0.14590622630043157
olmo2:7b,CAO12511,V,V,0.99,"{""V"": 0.99, ""B"": 0.01, ""E"": 0.0, ""P"": 0.0, ""R"": 0.01, ""S"": 0.0}",0.75,Military Forces of Cameroon (1982-),"On 19 July 2023, state security forces (coded as military) physically assualted 10 men, including the traditional chief and traditional council chairman, whom they had arrested in Nongomadiba (Kupe-Manenguba, Sud-Ouest), injuring them. They were targeted for not acting against Ambazonian Separatists who had buried a woman alive early in the morning (coded separately).",0.75,0.99,0.3489972280899669,0.130982533170538,0.12967923518953606,0.12967923518953606,0.130982533170538,0.12967923518953606
olmo2:7b,CAO4776,S,V,0.91,"{""V"": 0.91, ""B"": 0.01, ""E"": 0.01, ""P"": 0.01, ""R"": 0.01, ""S"": 0.0}",0.77,Military Forces of Cameroon (1982-),"Looting: Around 15 July 2020 (month of), the military forces raided Bengang village, Batibo subdivision (Momo, Nord-Ouest). They shot in the air, and then looted property.",0.6077669902912621,0.9100000000000001,0.3301634491359696,0.13423444117399377,0.13423444117399377,0.13423444117399377,0.13423444117399377,0.13289878616772502
olmo2:7b,CAO12845,V,V,0.99,"{""V"": 0.99, ""B"": 0.01, ""E"": 0.0, ""P"": 0.0, ""R"": 0.01, ""S"": 0.0}",0.75,Ambazonian Separatists (Cameroon),"On 9 December 2021, suspected Ambazonian separatist fighters killed a Fulani pastoralist at 3 Corners near Ntumbaw (Ndu, Donga-Mantung, Nord-Ouest). In retaliation, local Fulanis set ablaze more than 15 houses, and killed a bike who transported a uniformed officer to the scene [Coded as a separate event].",0.75,0.99,0.3489972280899669,0.130982533170538,0.12967923518953606,0.12967923518953606,0.130982533170538,0.12967923518953606
olmo2:7b,CAO11075,B,V,0.95,"{""V"": 0.95, ""B"": 0.01, ""E"": 0.01, ""P"": 0.01, ""R"": 0.01, ""S"": 0.0}",0.75,Military Forces of Cameroon (1982-),"On 23 November 2023, the military forces ambushed Ambazonian Separatists from the Restoration Forces onboard a motorcycle in Konye (Konye, Meme, Sud-Ouest). The military forces members shot and injured one.",0.6077669902912621,0.9499999999999998,0.33906898300899996,0.13244978287002082,0.13244978287002082,0.13244978287002082,0.13244978287002082,0.13113188551057753
olmo2:7b,CAO13652,V,V,0.91,"{""V"": 0.91, ""B"": 0.01, ""E"": 0.01, ""P"": 0.01, ""R"": 0.01, ""S"": 0.0}",0.75,Military Forces of Cameroon (1982-) Rapid Intervention Battalion,"On 13 April 2024, state security forces, coded as the military forces from the Rapid Intervention, beat and injured a dump truck driver and 2 other civilians on the main road in Mile 15 Buea (Buea, Fako, Sud-Ouest) after the dump truck blocked the road and delayed their convoy traveling to Buea center. There were no fatalities.",0.6077669902912621,0.9100000000000001,0.3301634491359696,0.13423444117399377,0.13423444117399377,0.13423444117399377,0.13423444117399377,0.13289878616772502
olmo2:7b,CAO9051,V,V,0.99,{},0.43,Military Forces of Cameroon (1982-),"On 23 May 2022, military forces killed a man at the Finance Junction in Bamenda city (Bamenda 1, Mezam, Nord-Ouest). Locals in the early hours of the morning discovered the dead body dumped by the road.",0.75,0.99,0.16666666666663887,0.16666666666663887,0.16666666666663887,0.16666666666663887,0.16666666666663887,0.16666666666663887
olmo2:7b,CAO10854,B,B,0.93,"{""V"": 0.01, ""B"": 0.89, ""E"": 0.02, ""P"": 0.03, ""R"": 0.02, ""S"": 0.93}",0.89,Military Forces of Cameroon (1982-),"On 18 December 2023, the military forces attacked Ambazonian Separatists leading to a clash in Bai Panya (Kumba 1, Meme, Sud-Ouest). Two Ambazonian Separatists were killed and four others arrested.",0.6077669902912621,0.93,0.11160101762344408,0.26905886062422324,0.1127226264973229,0.11385550772778726,0.1127226264973229,0.2800393610296197
olmo2:7b,CAO8295,S,E,0.98,"{""V"": 0.01, ""B"": 0.02, ""E"": 0.95, ""P"": 0.01, ""R"": 0.01, ""S"": 0.0}",0.75,Military Forces of Cameroon (1982-) Rapid Intervention Battalion,"Defusal: Around 27 December 2023 (as reported), the military forces (Rapid Intervention) defused an IED that was planted by an unidentified armed group on the road in Kumba (Ekondo Titi, Ndian, Sud-Ouest).",0.6077669902912621,0.98,0.1322737077229026,0.13360308058636017,0.33861823390414764,0.1322737077229026,0.1322737077229026,0.13095756234044575
olmo2:7b,CAO10551,B,B,0.88,"{""V"": 0.02, ""B"": 0.82, ""E"": 0.01, ""P"": 0.01, ""R"": 0.03, ""S"": 0.08}",0.74,Military Forces of Cameroon (1982-),"On 15 September 2022, state security forces, coded as military, clashed with Ambazonian Separatists around Kosala and Fiango, coded to Fiango (Meme, Sud-Ouest). Casualties unknown.",0.6077669902912621,0.8800000000000001,0.1374093091588638,0.3058100414889262,0.13604206368832114,0.13604206368832114,0.13879029567483048,0.14590622630043157
olmo2:7b,CAO12982,E,E,0.99,{},0.44,Unidentified Armed Group (Cameroon),"On 9 April 2024, an IED planted by an unidentified armed group detonated on members of self-defence militia in Tourou (Mokolo, Mayo-Tsanaga, Extreme-Nord). A self-defence militia member was killed when they stepped on an IED when it detonated.",0.75,0.99,0.16666666666663887,0.16666666666663887,0.16666666666663887,0.16666666666663887,0.16666666666663887,0.16666666666663887
olmo2:7b,CAO4198,V,E,0.98,"{""V"": 0.01, ""B"": 0.02, ""E"": 0.95, ""P"": 0.01, ""R"": 0.01, ""S"": 0.0}",0.75,Ambazonian Separatists (Cameroon),"On 7 January 2021, suspected Ambazonian separatists kidnapped between 6 and 7 students in Mulang neighborhood of Bamenda town (Mezam, Nord-Ouest).",0.6077669902912621,0.98,0.1322737077229026,0.13360308058636017,0.33861823390414764,0.1322737077229026,0.1322737077229026,0.13095756234044575
olmo2:7b,CAO12441,V,B,0.93,"{""V"": 0.01, ""B"": 0.89, ""E"": 0.02, ""P"": 0.03, ""R"": 0.02, ""S"": 0.93}",0.9,Military Forces of Cameroon (1982-),"Around 28 July 2023 (as reported), state security forces shot and killed two Ambazonian Separatists in Kumbo commune, coded to Kumbo (Bui, Nord-Ouest) whom they had captured on 28 July (coded separately).",0.6077669902912621,0.93,0.11160101762344408,0.26905886062422324,0.1127226264973229,0.11385550772778726,0.1127226264973229,0.2800393610296197
olmo2:7b,CAO14598,B,B,0.88,"{""V"": 0.02, ""B"": 0.82, ""E"": 0.01, ""P"": 0.01, ""R"": 0.03, ""S"": 0.08}",0.75,Military Forces of Cameroon (1982-) Rapid Intervention Battalion,"On 28 August 2024, the military forces from the Rapid Intervention clashed with the Boko Haram (JAS) (likely) militants around Amchide (Kolofata, Mayo-Sava, Extreme-Nord). Casualties unknown. The militants stole a motorbike from a civilian and the military forces chased them until the militants abandoned the motorbike.",0.6077669902912621,0.8800000000000001,0.1374093091588638,0.3058100414889262,0.13604206368832114,0.13604206368832114,0.13879029567483048,0.14590622630043157
olmo2:7b,CAO8757,S,E,0.98,"{""V"": 0.01, ""B"": 0.02, ""E"": 0.95, ""P"": 0.01, ""R"": 0.01, ""S"": 0.0}",0.75,Unidentified Armed Group (Cameroon),"Looting: Around 17 March 2024 (as reported), an unidentified armed group suspected of being ISWAP or Boko Haram militants looted food items, clothing and 1 bicycle in Ganse (Kolofata, Mayo-Sava, Extreme-Nord).",0.6077669902912621,0.98,0.1322737077229026,0.13360308058636017,0.33861823390414764,0.1322737077229026,0.1322737077229026,0.13095756234044575
olmo2:7b,CAO3886,B,B,0.93,"{""V"": 0.01, ""B"": 0.91, ""E"": 0.02, ""P"": 0.01, ""R"": 0.04, ""S"": 0.03}",0.9,Military Forces of Cameroon (1982-),"On 17 August 2020, the military forces engaged in a fire fight with Ambazonian separatists in Makanga village, Muyuka subdivision (Fako, Sud-Ouest). 1 person was killed, and another arrested.",0.6077669902912621,0.93,0.13297325678483407,0.32706143608864985,0.13430966023324764,0.13297325678483407,0.13702289534849754,0.13565949475960964
olmo2:7b,CAO14603,V,V,0.95,"{""V"": 0.95, ""B"": 0.01, ""E"": 0.01, ""P"": 0.02, ""R"": 0.02, ""S"": 0.05}",0.78,Ambazonian Separatists (Cameroon),"On 30 June 2024, Ambazonian Separatists beat and injured a commercial motorbike driver and abducted 4 suspected government officials in Bambui (Tubah, Mezam, Nord-Ouest). The Separatists looted the motorbike from the commercial motorbike driver and used it to transport the abducted. The motorbike was later found abandoned and recovered by the military forces.",0.6077669902912621,0.9499999999999998,0.3359162210151644,0.13121822627696822,0.13121822627696822,0.13253699137553993,0.13253699137553993,0.1365733436794833
olmo2:7b,CAO13493,V,V,0.99,"{""V"": 0.99, ""B"": 0.01, ""E"": 0.0, ""P"": 0.0, ""R"": 0.0, ""S"": 0.0}",0.76,Boko Haram - Jamaatu Ahli is-Sunnah lid-Dawati wal-Jihad,"On 20 May 2024, Boko Haram (JAS) (likely) militants slit the throat and killed a civilian between Kordo and Lelede, coded to Kordo (Kolofata, Mayo-Sava, Extreme-Nord). He had been abducted by the militants the previous day (coded as a separate event).",0.75,0.99,0.3494526690479928,0.13115346521695664,0.12984846643367523,0.12984846643367523,0.12984846643367523,0.12984846643367523
olmo2:7b,CAO6461,B,B,0.88,"{""V"": 0.01, ""B"": 0.82, ""E"": 0.01, ""P"": 0.02, ""R"": 0.03, ""S"": 0.08}",0.76,Ambazonian Separatists (Cameroon),"On 17 August 2022, Ambazonian separatists clashed with the Cameroonian military forces in Tinta (Akwaya, Manyu, Sud-Ouest) leading to the death of 3. Unclarity if the fatalities are of civilian or separatist fighters. The clashes also resulted in the destruction of several buildings, including a primary school. Civilians fled the fighting into the bushes.",0.6077669902912621,0.8800000000000001,0.13604206368832114,0.3058100414889262,0.13604206368832114,0.1374093091588638,0.13879029567483048,0.14590622630043157
olmo2:7b,CAO13869,R,B,0.85,"{""V"": 0.05, ""B"": 0.8, ""E"": 0.02, ""P"": 0.01, ""R"": 0.02, ""S"": 0.1}",0.77,Rioters (Cameroon),"Around 29 June 2024 (as reported), youth from Ndoumba Kanda clashed with Belabo youths, coded to Belabo (Belabo, Lom-et-Djerem, Est) during a wake for unknown reasons. Casualties unknown.",0.5833333333333334,0.85,0.14144368361426995,0.2994362805611674,0.13726339101211657,0.13589759745139307,0.13726339101211657,0.14869565634863702
olmo2:7b,CAO4334,B,B,0.88,"{""V"": 0.02, ""B"": 0.82, ""E"": 0.01, ""P"": 0.01, ""R"": 0.03, ""S"": 0.08}",0.75,Ambazonian Separatists (Cameroon),"On 4 February 2021, the military forces engaged in a fire fight with Ambazonian separatists in Mbalangi village (Meme, Sud-Ouest), as they tried to remove a road blockade erected by separatists in order to enforce a lockdown in the area. No fatality and/or casualty reported.",0.6077669902912621,0.8800000000000001,0.1374093091588638,0.3058100414889262,0.13604206368832114,0.13604206368832114,0.13879029567483048,0.14590622630043157
olmo2:7b,CAO6445,B,B,0.93,"{""V"": 0.01, ""B"": 0.89, ""E"": 0.02, ""P"": 0.03, ""R"": 0.01, ""S"": 0.03}",0.9,Islamic State West Africa Province (ISWAP) - Lake Chad Faction and/or Boko Haram - Jamaatu Ahli is-Sunnah lid-Dawati wal-Jihad,"On 25 September 2021, ISWAP or Boko Haram fighters ambushed the Cameroonian military camp in Sagme (Makary, Logone-et-Chari, Extreme-Nord) leading to the death of 2. The fighters stole weapons and ammunition and burnt the camp and military vehicles.",0.6077669902912621,0.93,0.13402395783097484,0.32311832058756973,0.13537092100045764,0.13673142137484995,0.13402395783097484,0.13673142137484995
olmo2:7b,CAO6236,B,B,0.88,"{""V"": 0.01, ""B"": 0.82, ""E"": 0.01, ""P"": 0.02, ""R"": 0.03, ""S"": 0.08}",0.75,Boko Haram - Jamaatu Ahli is-Sunnah lid-Dawati wal-Jihad,"On 15 June 2022, suspected Boko Haram (JAS) (likely) clashed with Cameroonian military Forces and MNJTF in Limani (Mora, Mayo-Sava, Extreme-Nord), unknown fatalities, coded to 3.",0.6077669902912621,0.8800000000000001,0.13604206368832114,0.3058100414889262,0.13604206368832114,0.1374093091588638,0.13879029567483048,0.14590622630043157
olmo2:7b,CAO7298,V,E,0.91,"{""V"": 0.01, ""B"": 0.03, ""E"": 0.88, ""P"": 0.01, ""R"": 0.04, ""S"": 0.02}",0.74,Islamic State West Africa Province (ISWAP) and/or Boko Haram - Jamaatu Ahli is-Sunnah lid-Dawati wal-Jihad,"On 15 May 2023, ISWAP or Boko Haram militants abducted 2 herders in Zigague (Waza, Logone-et-Chari, Extreme-Nord) and stole a head of oxen. The herders and the oxen were freed when the militants spotted the security forces who had been following them.",0.6077669902912621,0.9100000000000001,0.1342711385606124,0.136983595486455,0.32049323794538775,0.1342711385606124,0.13836030350888395,0.13562058593772805
olmo2:7b,CAO12794,S,V,0.95,"{""V"": 0.95, ""B"": 0.01, ""E"": 0.01, ""P"": 0.02, ""R"": 0.02, ""S"": 0.05}",0.75,Military Forces of Cameroon (1982-),"Property destruction: On 18 March 2022, suspected military forces burnt down 2 shops in Ndop (Ndop, Ngo-Ketunjia, Nord-Ouest) for failing to open their stores on Mondays. The Ambazonian Separatist fighters had imposed lockdown Mondays.",0.6077669902912621,0.9499999999999998,0.3359162210151644,0.13121822627696822,0.13121822627696822,0.13253699137553993,0.13253699137553993,0.1365733436794833
olmo2:7b,CAO2846,B,B,0.93,"{""V"": 0.01, ""B"": 0.89, ""E"": 0.02, ""P"": 0.03, ""R"": 0.02, ""S"": 0.03}",0.9,Military Forces of Cameroon (1982-),"On 14 January 2020, the military forces engaged in a fire fight with Ambazonian separatists in Peng village, Tombel subdivision (Kupe-Manenguba, Sud-Ouest) [coded: Tombel]. Two civilians were killed after they were reportedly flagged as Ambazonian fighters.",0.6077669902912621,0.93,0.13384367532983735,0.3226836775585052,0.13518882663006135,0.1365474969256061,0.13518882663006135,0.1365474969256061
olmo2:7b,CAO4930,V,B,0.88,"{""V"": 0.02, ""B"": 0.82, ""E"": 0.01, ""P"": 0.01, ""R"": 0.03, ""S"": 0.08}",0.77,Ambazonian Separatists (Cameroon),"On 21 November 2020, Ambazonian separatists kidnapped a retired military officer from his home in Mankon town, Bamenda 2 subdivision (Bamenda - Mankon, Mezam, Nord-Ouest).",0.6077669902912621,0.8800000000000001,0.1374093091588638,0.3058100414889262,0.13604206368832114,0.13604206368832114,0.13879029567483048,0.14590622630043157
olmo2:7b,CAO3670,S,S,0.85,"{""V"": 0.0, ""B"": 0.01, ""E"": 0.02, ""P"": 0.03, ""R"": 0.04, ""S"": 0.85}",0.92,Military Forces of Cameroon (1982-) Gendarmerie,"Around 14 September 2020 (as reported), the gendarmerie and police forces arrested 'over a dozen' civilians in Moloundou town (Boumba-Et-Ngoko, Est) for not having national ID cards.",0.5833333333333334,0.85,0.13438758300800546,0.1357382006712734,0.13710239226772403,0.13848029421765382,0.139872044312406,0.3144194855226227
olmo2:7b,CAO15919,V,V,0.99,"{""V"": 0.99, ""B"": 0.01, ""E"": 0.0, ""P"": 0.0, ""R"": 0.0, ""S"": 0.0}",0.75,Military Forces of Cameroon (1982-) Rapid Intervention Battalion,"On 10 October 2024, the military forces from the Rapid Intervention shot and killed 7 civilians at their private residences in Mbomboko in the Buea subdivision (Buea, Fako, Sud-Ouest), mistakenly believing them to be Ambazonian Separatists.",0.75,0.99,0.3494526690479928,0.13115346521695664,0.12984846643367523,0.12984846643367523,0.12984846643367523,0.12984846643367523
olmo2:7b,CAO13492,V,V,0.99,"{""V"": 0.99, ""B"": 0.01, ""E"": 0.0, ""P"": 0.0, ""R"": 0.0, ""S"": 0.0}",0.75,Boko Haram - Jamaatu Ahli is-Sunnah lid-Dawati wal-Jihad,"On 20 May 2024, Boko Haram (JAS) (likely) militants attacked and killed a civilian along the Limani - Mora road, coded to Limani (Mora, Mayo-Sava, Extreme-Nord).",0.75,0.99,0.3494526690479928,0.13115346521695664,0.12984846643367523,0.12984846643367523,0.12984846643367523,0.12984846643367523
olmo2:7b,CAO9846,S,V,0.95,"{""V"": 0.95, ""B"": 0.01, ""E"": 0.01, ""P"": 0.02, ""R"": 0.03, ""S"": 0.02}",0.75,Ambazonian Separatists (Cameroon),"Looting: On 25 November 2022, Ambazonian Separatists abducted the body of a deceased person in Kai, Mbengwi commune, coded to Mbengwi (Momo, Nord-Ouest). The group accused the family of the deceased of not supporting the struggle against the military. They later released the dead body after the family had paid an unspecified amount of money.",0.6077669902912621,0.9499999999999998,0.3368271138276949,0.13157404636457068,0.13157404636457068,0.13289638751447466,0.1342320184138775,0.13289638751447466
olmo2:7b,CAO9206,V,V,0.91,"{""V"": 0.91, ""B"": 0.01, ""E"": 0.01, ""P"": 0.01, ""R"": 0.01, ""S"": 0.0}",0.75,Military Forces of Cameroon (1982-),"On 11 March 2023, state security forces coded as military forces shot and wounded two civilians at Ashing, coded to Oku (Boyo, Nord-Ouest) after they shot into the air as they approached a spot where Ambazonian Separatists launched attacks from. The victims were hit by stray bullets and hospitalized.",0.6077669902912621,0.9100000000000001,0.3301634491359696,0.13423444117399377,0.13423444117399377,0.13423444117399377,0.13423444117399377,0.13289878616772502
olmo2:7b,CAO3384,B,B,0.89,"{""V"": 0.01, ""B"": 0.88, ""E"": 0.02, ""P"": 0.01, ""R"": 0.02, ""S"": 0.0}",0.74,Military Forces of Cameroon (1982-),"On 14 June 2020, the military forces engaged in fire fights with Ambazonian separatists in Bamenda town (Mezam, Nord-Ouest). No fatality and/or casualty reported.",0.6077669902912621,0.8899999999999999,0.13518882663006132,0.32268367755850513,0.13654749692560605,0.13518882663006132,0.13654749692560605,0.13384367532983732
olmo2:7b,CAO3727,S,E,0.98,"{""V"": 0.01, ""B"": 0.02, ""E"": 0.95, ""P"": 0.01, ""R"": 0.01, ""S"": 0.0}",0.74,Military Forces of Cameroon (1982-),"On 1 October 2020, the military forces destroyed buildings in Akum town (Mezam, Nord-Ouest), in retaliation for writings on a vehicle that supported the separatists. No fatality and/or casualty reported.",0.6077669902912621,0.98,0.1322737077229026,0.13360308058636017,0.33861823390414764,0.1322737077229026,0.1322737077229026,0.13095756234044575
olmo2:7b,CAO11453,S,B,0.88,"{""V"": 0.02, ""B"": 0.82, ""E"": 0.01, ""P"": 0.01, ""R"": 0.03, ""S"": 0.02}",0.76,Military Forces of Cameroon (1982-),"Other: On 5 July 2023, state security forces, coded as military forces, fired warning shots into the air at their base in Waindo, coded to Wum (Menchum, Nord-Ouest) after they received news that their colleague was murdered by Ambazonian Separatists at Belo.",0.6077669902912621,0.8800000000000001,0.13858687031282102,0.30843075203286086,0.13720790791302598,0.13720790791302598,0.1399796915151368,0.13858687031282102
olmo2:7b,CAO3758,V,B,0.88,"{""V"": 0.02, ""B"": 0.82, ""E"": 0.01, ""P"": 0.01, ""R"": 0.03, ""S"": 0.02}",0.75,Ambazonian Separatists (Cameroon),"Around 11 October 2020 (as reported), Ambazonian separatists kidnapped 3 Mbororo ethnic men in Ngarbuh village, near Nkambe (Donga-Mantung, Nord-Ouest). They are suspected to be involved in the killing of a separatist fighter on October 10.",0.6077669902912621,0.8800000000000001,0.13858687031282102,0.30843075203286086,0.13720790791302598,0.13720790791302598,0.1399796915151368,0.13858687031282102
olmo2:7b,CAO13380,B,B,0.89,"{""V"": 0.01, ""B"": 0.88, ""E"": 0.02, ""P"": 0.01, ""R"": 0.02, ""S"": 0.0}",0.75,Military Forces of Cameroon (1982-),"On 4 April 2024, the security forces, coded as the military forces shot and killed an unknown Separatist commander at the market in Agyati (Bafut, Mezam, Nord-Ouest). The Separatist tried to escape leading to the military forces shooting him. He died of his injuries.",0.6077669902912621,0.8899999999999999,0.13518882663006132,0.32268367755850513,0.13654749692560605,0.13518882663006132,0.13654749692560605,0.13384367532983732
olmo2:7b,CAO4585,V,B,0.88,"{""V"": 0.01, ""B"": 0.82, ""E"": 0.01, ""P"": 0.02, ""R"": 0.03, ""S"": 0.08}",0.8,Islamic State West Africa Province (ISWAP) - Lake Chad Faction and/or Boko Haram - Jamaatu Ahli is-Sunnah lid-Dawati wal-Jihad,"On 26 April 2021, suspected Boko Haram fighters attacked Takoudele village, Kourgui town, Mora subdivision (Mayo-Sava, Extreme-Nord). They kidnapped a young girl, and took away goods. No fatality and/or casualty reported.",0.6077669902912621,0.8800000000000001,0.13604206368832114,0.3058100414889262,0.13604206368832114,0.1374093091588638,0.13879029567483048,0.14590622630043157
olmo2:7b,CAO10717,B,B,0.93,{},0.44,Ambazonian Separatists (Cameroon),"On 25 May 2023, Ambazonian Separatists and state security forces, coded as military forces, engaged in an armed clash at Melim (Bui, Nord-Ouest) after the separatists detonated an IED which partially destroyed one of the security forces' vehicles. Casualties are unknown.",0.6077669902912621,0.93,0.16666666666663887,0.16666666666663887,0.16666666666663887,0.16666666666663887,0.16666666666663887,0.16666666666663887
olmo2:7b,CAO4525,B,B,0.93,"{""V"": 0.01, ""B"": 0.92, ""E"": 0.0, ""P"": 0.01, ""R"": 0.06, ""S"": 0.0}",0.89,Islamic State West Africa Province (ISWAP) - Lake Chad Faction and/or Boko Haram - Jamaatu Ahli is-Sunnah lid-Dawati wal-Jihad,"On 4 April 2021, Boko Haram fighters attacked and tortured a group of local vigilance militiamen in Mahoula village, Mora subdivision (Mayo-Sava, Extreme-Nord), killing two of them.",0.6077669902912621,0.93,0.1330549239368708,0.33055134571417094,0.1317310053232071,0.1330549239368708,0.13987679576534262,0.1317310053232071
olmo2:7b,CAO10405,B,B,0.88,"{""V"": 0.02, ""B"": 0.82, ""E"": 0.01, ""P"": 0.01, ""R"": 0.03, ""S"": 0.08}",0.75,Military Forces of Cameroon (1982-),"On 8 April 2023, the State security forces, coded as the military force, clashed with the Ambazonian Separatists in Batibo (Batibo, Momo, Nord-Ouest). There were no fatalities. During the operation, the military forces arrested about 30 civilians from several villages and moved them to their base.",0.6077669902912621,0.8800000000000001,0.1374093091588638,0.3058100414889262,0.13604206368832114,0.13604206368832114,0.13879029567483048,0.14590622630043157
olmo2:7b,CAO10613,S,V,0.99,{},0.42,Ambazonian Separatists (Cameroon),"Looting: On 10 May 2023, Ambazonian Separatists from the Restoration Forces extorted money amounting to 200,000 FCFA from a civilian whom they imposed as the new traditional chief in Makwe, Upper Bayang commune, coded to Tinto (Manyu, Sud-Ouest). They also forced the civilians to buy a motorcycle for the man to 'support his reign.' The legal leader fled to Mamfe when the Separatists demanded 500,000 FCFA from him.",0.75,0.99,0.16666666666663887,0.16666666666663887,0.16666666666663887,0.16666666666663887,0.16666666666663887,0.16666666666663887
olmo2:7b,CAO4669,V,V,0.91,"{""V"": 0.91, ""B"": 0.01, ""E"": 0.01, ""P"": 0.01, ""R"": 0.01, ""S"": 0.0}",0.74,Military Forces of Cameroon (1982-),"Around 15 May 2020 (month of), the military forces raided Njembo village, Mbengwi town, Mbeggwi subdivision (Momo, Nord-Ouest), killing one person.",0.6077669902912621,0.9100000000000001,0.3301634491359696,0.13423444117399377,0.13423444117399377,0.13423444117399377,0.13423444117399377,0.13289878616772502
olmo2:7b,CAO4298,B,V,0.99,"{""V"": 0.99, ""B"": 0.01, ""E"": 0.0, ""P"": 0.0, ""R"": 0.0, ""S"": 0.0}",0.74,Military Forces of Cameroon (1982-),"On 23 January 2021, the military forces engaged in fire fights with Ambazonian separatists in Mulang and Meta neighborhood of Bamenda town, Bamenda 2 subdivision (Mezam, Nord-Ouest). Four civilians were killed, reportedly by the military forces.",0.75,0.99,0.3494526690479928,0.13115346521695664,0.12984846643367523,0.12984846643367523,0.12984846643367523,0.12984846643367523
olmo2:7b,CAO8775,E,E,0.98,"{""V"": 0.01, ""B"": 0.02, ""E"": 0.95, ""P"": 0.01, ""R"": 0.01, ""S"": 0.0}",0.74,Unidentified Armed Group (Cameroon),"On 17 March 2024, an IED planted by an unidentified armed group detonated on military forces along the Zeleved - Dzamadzaf road, coded to Zelevet (Mayo-Moskota, Mayo-Tsanaga, Extreme-Nord). There were no fatalities and 2 militants were injured.",0.6077669902912621,0.98,0.1322737077229026,0.13360308058636017,0.33861823390414764,0.1322737077229026,0.1322737077229026,0.13095756234044575
olmo2:7b,CAO14650,V,V,0.85,"{""V"": 0.85, ""B"": 0.01, ""E"": 0.01, ""P"": 0.01, ""R"": 0.01, ""S"": 0.06}",0.74,Unidentified Armed Group (Cameroon),"On 24 August 2024, an unidentified armed group shot and injured 1 plantation owner who tried to flee an abduction in Sirbia (Touboro, Mayo-Rey, Nord). The plantation owner escaped. 2 other civilians were abducted. The reason for the abduction is not known.",0.5833333333333334,0.85,0.31439749805567935,0.1357287084504104,0.1357287084504104,0.1357287084504104,0.1357287084504104,0.14268766814236464
olmo2:7b,CAO9309,V,V,0.95,"{""V"": 0.95, ""B"": 0.01, ""E"": 0.01, ""P"": 0.01, ""R"": 0.01, ""S"": 0.0}",0.73,Ambazonian Separatists (Cameroon),"On 13 February 2023, Ambazonian Separatists shot a male motorbike rider in his legs near Azire New Church in Bamenda (Mezam, Nord-Ouest) before taking his bike away. He was accused of violating the Monday ghost town. No information on the status of the victim.",0.6077669902912621,0.9499999999999998,0.33906898300899996,0.13244978287002082,0.13244978287002082,0.13244978287002082,0.13244978287002082,0.13113188551057753
olmo2:7b,CAO14584,S,E,0.98,"{""V"": 0.01, ""B"": 0.02, ""E"": 0.95, ""P"": 0.01, ""R"": 0.01, ""S"": 0.0}",0.74,Boko Haram - Jamaatu Ahli is-Sunnah lid-Dawati wal-Jihad,"Looting: On 21 August 2024, Boko Haram (JAS) (likely) militants looted 1 motorbike and goods along the Amchide - Ganse road in Guederou (Kolofata, Mayo-Sava, Extreme-Nord).",0.6077669902912621,0.98,0.1322737077229026,0.13360308058636017,0.33861823390414764,0.1322737077229026,0.1322737077229026,0.13095756234044575
olmo2:7b,CAO7763,S,S,0.85,{},0.43,Military Forces of Cameroon (1982-) Gendarmerie,"On 3 September 2023, the gendarmerie arrested a suspected former ISWAP or Boko Haram militant leader in Banki (Menoua, Ouest).",0.5833333333333334,0.85,0.16666666666663887,0.16666666666663887,0.16666666666663887,0.16666666666663887,0.16666666666663887,0.16666666666663887
olmo2:7b,CAO7437,V,V,0.99,"{""V"": 0.99, ""B"": 0.01, ""E"": 0.0, ""P"": 0.0, ""R"": 0.01, ""S"": 0.0}",0.75,Military Forces of Cameroon (1982-),"On 25 June 2023, the military forces attacked civilians in Kumba (Ekondo Titi, Ndian, Sud-Ouest). 1 civilian was killed. The victim had challenged a gendarmerie officer to lawfully present a warrant authorizing him to arrest another civilian when the officer shot him at close range in the chest and the other civilian was injured.",0.75,0.99,0.3489972280899669,0.130982533170538,0.12967923518953606,0.12967923518953606,0.130982533170538,0.12967923518953606
olmo2:7b,CAO9421,S,V,0.89,"{""V"": 0.89, ""B"": 0.05, ""E"": 0.02, ""P"": 0.01, ""R"": 0.01, ""S"": 0.02}",0.73,Military Forces of Cameroon (1982-),"Other: On 15 September 2022, the military forces fired gunshots under unclear circumstances at GRA quarter in Mbengwi (Momo, Nord-Ouest).",0.6077669902912621,0.8899999999999999,0.3226660532742737,0.13929833075183204,0.13518144290887818,0.1338363650779075,0.1338363650779075,0.13518144290887818
olmo2:7b,CAO6502,S,E,0.95,"{""V"": 0.0, ""B"": 0.01, ""E"": 0.94, ""P"": 0.01, ""R"": 0.02, ""S"": 0.0}",0.75,Boko Haram - Jamaatu Ahli is-Sunnah lid-Dawati wal-Jihad,"Looting: On 24 August 2022, Boko Haram (JAS) (likely) fighters entered Madakar (Mayo-Moskota, Mayo-Tsanaga, Extreme-Nord) and stole 22 livestock. The Cameroonian military forces returned 175 livestock to their owners.",0.6077669902912621,0.9499999999999998,0.13157404636457068,0.13289638751447466,0.3368271138276949,0.13289638751447466,0.1342320184138775,0.13157404636457068
olmo2:7b,CAO15428,V,V,0.99,"{""V"": 0.99, ""B"": 0.01, ""E"": 0.0, ""P"": 0.0, ""R"": 0.01, ""S"": 0.0}",0.74,Military Forces of Cameroon (1982-),"On 25 August 2024, security forces, coded as the military forces, beat and injured a group of 15 civilians along the main road in Ashing (Belo, Boyo, Nord-Ouest) accusing them of leaving a bag they suspected of carrying items used to manufacture IEDs near the military minor base.",0.75,0.99,0.3489972280899669,0.130982533170538,0.12967923518953606,0.12967923518953606,0.130982533170538,0.12967923518953606
olmo2:7b,CAO8495,B,B,0.88,"{""V"": 0.02, ""B"": 0.83, ""E"": 0.01, ""P"": 0.01, ""R"": 0.02, ""S"": 0.0}",0.75,Military Forces of Cameroon (1982-) Rapid Intervention Battalion,"On 6 February 2024, the military forces (Rapid Intervention) and the gendarmerie fired warning shots in the air at the outpost in Fotokol (Fotokol, Logone-et-Chari, Extreme-Nord) to drive back suspected ISWAP or Boko Haram militants. There were no fatalities.",0.6077669902912621,0.8800000000000001,0.13873076803963696,0.3118540014740609,0.137350373833537,0.137350373833537,0.13873076803963696,0.13598371477927937
olmo2:7b,CAO13440,B,B,0.93,"{""V"": 0.01, ""B"": 0.93, ""E"": 0.02, ""P"": 0.01, ""R"": 0.01, ""S"": 0.01}",0.9,Ambazonian Separatists (Cameroon),"Around 13 May 2024 (as reported), Ambazonian Separatists ambushed patrolling gendarmerie forces along the Ayukaba and Eyangchang villages, coded to Ayukaba (Mamfe, Manyu, Sud-Ouest). The brigade commander and 4 gendarmerie officers were killed. The Separatists looted their weapons and ammunition and burnt the victim's bodies.",0.6077669902912621,0.93,0.1329903855818861,0.3337114964945496,0.134326961177572,0.1329903855818861,0.1329903855818861,0.1329903855818861
olmo2:7b,CAO3624,V,B,0.93,"{""V"": 0.01, ""B"": 0.92, ""E"": 0.01, ""P"": 0.01, ""R"": 0.03, ""S"": 0.01}",0.9,Islamic State West Africa Province (ISWAP) - Lake Chad Faction and/or Boko Haram - Jamaatu Ahli is-Sunnah lid-Dawati wal-Jihad,"Around 30 August 2020 (as reported), Boko Haram attacked Makoulahe village, in Mora subdivision (Mayo-Sava, Extreme-Nord). They looted houses and injured 2 women.",0.6077669902912621,0.93,0.13325295739849072,0.3310433247052375,0.13325295739849072,0.13325295739849072,0.13594484570046844,0.13325295739849072
olmo2:7b,CAO11112,S,E,0.98,"{""V"": 0.01, ""B"": 0.02, ""E"": 0.95, ""P"": 0.01, ""R"": 0.01, ""S"": 0.0}",0.75,Ambazonian Separatists (Cameroon),"Looting: On 2 February 2024, Ambazonian Separatists extorted money and food items from business persons at the market square in Lassin (Noni, Bui, Nord-Ouest).",0.6077669902912621,0.98,0.1322737077229026,0.13360308058636017,0.33861823390414764,0.1322737077229026,0.1322737077229026,0.13095756234044575
olmo2:7b,CAO7600,R,R,0.85,"{""V"": 0.05, ""B"": 0.02, ""E"": 0.01, ""P"": 0.8, ""R"": 0.92, ""S"": 0.0}",0.72,Rioters (Cameroon),"On 26 August 2023, a mob attacked thieves who had killed an elderly woman while robbing her in Brazzaville neighbourhood, in the outskirts of Douala (Douala 1, Wouri, Littoral). Two managed to escape while a third was beaten to death.",0.5833333333333334,0.85,0.11924102703754583,0.11571692210432324,0.11456551949135066,0.2524332562193969,0.28461770162129985,0.11342557352579878
olmo2:7b,CAO3498,V,V,0.99,"{""V"": 0.99, ""B"": 0.01, ""E"": 0.0, ""P"": 0.0, ""R"": 0.0, ""S"": 0.0}",0.74,Military Forces of Cameroon (1982-),"On 21 July 2020, military forces opened fire around a food market in Bamenda town (Mezam, Nord-Ouest). One person was reportedly killed and property destroyed.",0.75,0.99,0.3494526690479928,0.13115346521695664,0.12984846643367523,0.12984846643367523,0.12984846643367523,0.12984846643367523
olmo2:7b,CAO4080,B,B,0.93,"{""V"": 0.01, ""B"": 0.89, ""E"": 0.02, ""P"": 0.03, ""R"": 0.02, ""S"": 0.03}",0.92,Military Forces of Cameroon (1982-),"On 1 December 2020, the military forces repelled an attack of Boko Haram in Boudoua village, Mora subdivision (Mayo-Sava, Extreme-Nord). One Boko Haram fighter was killed, and several others injured. The military seized two motorbikes.",0.6077669902912621,0.93,0.13384367532983735,0.3226836775585052,0.13518882663006135,0.1365474969256061,0.13518882663006135,0.1365474969256061
olmo2:7b,CAO14355,V,E,0.91,"{""V"": 0.01, ""B"": 0.03, ""E"": 0.88, ""P"": 0.01, ""R"": 0.02, ""S"": 0.08}",0.75,Ambazonian Separatists (Cameroon),"On 8 May 2024, Ambazonian Separatists abducted a ship owner alongside two skippers after intercepting 2 ships in the Cameroon-Nigeria waterway in Mabeta (Limbe 3, Fako, Sud-Ouest). The militants later released the men after they paid the sum of approximately 700,000 Franc CFA.",0.6077669902912621,0.9100000000000001,0.13351722140603153,0.1362144481950824,0.31869370490646054,0.13351722140603153,0.134859091789776,0.1431983122962994
olmo2:7b,CAO11427,B,B,0.89,"{""V"": 0.01, ""B"": 0.88, ""E"": 0.02, ""P"": 0.01, ""R"": 0.02, ""S"": 0.0}",0.75,Military Forces of Cameroon (1982-),"On 10 January 2024, military forces, disguised as civilians, engaged in gunbattle with Ambazonian Separatists from the Restoration Forces in Yoke (Muyuka, Fako, Sud-Ouest). They freed two civilians held captive by the Ambazonian Separatists. No casualties.",0.6077669902912621,0.8899999999999999,0.13518882663006132,0.32268367755850513,0.13654749692560605,0.13518882663006132,0.13654749692560605,0.13384367532983732
olmo2:7b,CAO11069,V,E,0.91,"{""V"": 0.01, ""B"": 0.03, ""E"": 0.88, ""P"": 0.02, ""R"": 0.04, ""S"": 0.04}",0.75,Ambazonian Separatists (Cameroon),"On 15 December 2023, Ambazonian Separatists kidnapped an employee of the Mbonge municipal council in Kombone (Kumba 1, Meme, Sud-Ouest). They accused him of working closely with the Mayor of the municipality, who is seen as a security forces collaborator.",0.6077669902912621,0.9100000000000001,0.13372431776766533,0.1364257281807359,0.31918802545976965,0.13506826950444675,0.1377968295435316,0.1377968295435316
olmo2:7b,CAO4139,V,V,0.99,"{""V"": 0.99, ""B"": 0.01, ""E"": 0.0, ""P"": 0.0, ""R"": 0.0, ""S"": 0.0}",0.74,Military Forces of Cameroon (1982-),"On 8 November 2020, the military forces raided Luh village, in Ndu subdivision (Donga-Mantung, Nord-Ouest), killing two civilians including a driver and a bike taxi driver.",0.75,0.99,0.3494526690479928,0.13115346521695664,0.12984846643367523,0.12984846643367523,0.12984846643367523,0.12984846643367523
olmo2:7b,CAO2894,R,V,0.99,"{""V"": 0.99, ""B"": 0.01, ""E"": 0.0, ""P"": 0.0, ""R"": 0.0, ""S"": 0.0}",0.75,Rioters (Cameroon),"On 26 January 2020, one young man was burnt to death in Bamenda town (Mezam, Nord-Ouest), for allegedly trying to steal a motorcycle.",0.75,0.99,0.3494526690479928,0.13115346521695664,0.12984846643367523,0.12984846643367523,0.12984846643367523,0.12984846643367523
olmo2:7b,CAO8266,B,B,0.94,"{""V"": 0.01, ""B"": 0.93, ""E"": 0.02, ""P"": 0.01, ""R"": 0.01, ""S"": 0.0}",0.76,Boko Haram - Jamaatu Ahli is-Sunnah lid-Dawati wal-Jihad,"On 18 December 2023, Boko Haram militants [JAS faction] ambushed military forces in Moundou, in the Double-Limani area, coded to Limani (Mora, Mayo-Sava, Extreme-Nord). 2 soldiers were killed and 2 others were wounded. The militants stole 2 motorbikes and the rifles from the killed soldiers.",0.6077669902912621,0.9400000000000001,0.1331666018094947,0.3341536741810387,0.13450494840771102,0.1331666018094947,0.1331666018094947,0.13184157198243188
olmo2:7b,CAO6765,V,V,0.91,"{""V"": 0.91, ""B"": 0.01, ""E"": 0.01, ""P"": 0.01, ""R"": 0.01, ""S"": 0.0}",0.76,Ambazonian Separatists (Cameroon),"On 24 November 2022, Ambazonian Separatists killed a public transport driver and a passenger in Awing (Santa, Mezam, Nord-Ouest). They set ablaze the driver's vehicle and abducted two other civilian passengers. The fighters left a note on the body of the killed driver on which it was written that he was collaborating with the military and warned any other person who may be collaborating with them. The rest of the civilians were allowed to go. Residents claim the attack was carried out by the Cameroonian military.",0.6077669902912621,0.9100000000000001,0.3301634491359696,0.13423444117399377,0.13423444117399377,0.13423444117399377,0.13423444117399377,0.13289878616772502
olmo2:7b,CAO14747,S,S,0.85,"{""V"": 0.0, ""B"": 0.01, ""E"": 0.02, ""P"": 0.03, ""R"": 0.04, ""S"": 0.85}",0.9,Military Forces of Cameroon (1982-),"On 6 July 2024, the security forces, coded as the military forces, arrested 39 men and 11 women from their private residences in Marumba I (Kumba 1, Meme, Sud-Ouest) during a search operation to dislodge Ambazonian Separatists in the area.",0.5833333333333334,0.85,0.13438758300800546,0.1357382006712734,0.13710239226772403,0.13848029421765382,0.139872044312406,0.3144194855226227
olmo2:7b,CAO10353,B,B,0.93,"{""V"": 0.01, ""B"": 0.89, ""E"": 0.02, ""P"": 0.03, ""R"": 0.01, ""S"": 0.03}",0.89,Military Forces of Cameroon (1982-),"On 19 April 2023, state security forces (coded as military) engaged in an armed confrontation with Ambazonian Separatists in Bamenda - Mankon (Mezam, Nord-Ouest). 4 Separatists were killed, and one soldier was severely wounded. Some ammunition was recovered.",0.6077669902912621,0.93,0.13402395783097484,0.32311832058756973,0.13537092100045764,0.13673142137484995,0.13402395783097484,0.13673142137484995
olmo2:7b,CAO10413,S,V,0.99,"{""V"": 0.99, ""B"": 0.01, ""E"": 0.0, ""P"": 0.0, ""R"": 0.01, ""S"": 0.0}",0.77,Military Forces of Cameroon (1982-),"Property destruction: On 6 April 2023, State security forces (Air Force), coded as the military forces, burned down 7 civilian houses in Maghow, coded to Akwaya (Akwaya,Manyu,Sud-Ouest). The Separatists also stole food items, money and other valuables. The houses were suspected of housing Separatists.",0.75,0.99,0.3489972280899669,0.130982533170538,0.12967923518953606,0.12967923518953606,0.130982533170538,0.12967923518953606
olmo2:7b,CAO3901,S,S,0.85,{},0.45,Military Forces of Cameroon (1982-),"On 17 September 2020, the security forces (assumed Military Forces) arrested 'scores' of civilians during a raid in Bakweri town (Fako, Sud-Ouest).",0.5833333333333334,0.85,0.16666666666663887,0.16666666666663887,0.16666666666663887,0.16666666666663887,0.16666666666663887,0.16666666666663887
olmo2:7b,CAO13626,B,B,0.93,"{""V"": 0.01, ""B"": 0.89, ""E"": 0.02, ""P"": 0.03, ""R"": 0.01, ""S"": 0.03}",0.91,Boko Haram - Jamaatu Ahli is-Sunnah lid-Dawati wal-Jihad,"On 14 June 2024, Boko Haram (JAS) (likely) militants clashed with the Gendarmerie forces in Tourou (Mokolo, Mayo-Tsanaga, Extreme-Nord). 1 soldier was killed. 4 motorbikes and an ambulance were burnt and several materials looted.",0.6077669902912621,0.93,0.13402395783097484,0.32311832058756973,0.13537092100045764,0.13673142137484995,0.13402395783097484,0.13673142137484995
olmo2:7b,CAO5613,R,V,0.99,"{""V"": 0.99, ""B"": 0.01, ""E"": 0.0, ""P"": 0.0, ""R"": 0.01, ""S"": 0.0}",0.76,Rioters (Cameroon),"On 19 October 2021, a traditional leader and his supporters tortured a pregnant woman and her children and paraded them on the streets of Buea town (Fako, Sud-Ouest) for being the ex-girlfriend of an Ambazonian separatist commander.",0.75,0.99,0.3489972280899669,0.130982533170538,0.12967923518953606,0.12967923518953606,0.130982533170538,0.12967923518953606
olmo2:7b,CAO8174,R,R,0.84,"{""V"": 0.02, ""B"": 0.01, ""E"": 0.01, ""P"": 0.01, ""R"": 0.77, ""S"": 0.04}",0.84,Rioters (Cameroon),"On 3 December 2023, a mob killed a suspect who was accused of killing two people with knives in Obala (Obala, Lekie, Centre). The victim was burnt alive by the mob.",0.5833333333333334,0.84,0.14069939981786816,0.1392994173982881,0.1392994173982881,0.1392994173982881,0.29786063175182026,0.14354171623514939
olmo2:7b,CAO13505,S,V,0.95,"{""V"": 0.95, ""B"": 0.01, ""E"": 0.01, ""P"": 0.02, ""R"": 0.02, ""S"": 0.05}",0.76,Ambazonian Separatists (Cameroon),"Looting: On 10 April 2024, Ambazonian Separatists from the Restoration Forces faction extorted money from commercial motorbike riders and their passengers in Bulu Camp (Mundemba, Ndian, Sud-Ouest) on their way to the market and farms.",0.6077669902912621,0.9499999999999998,0.3359162210151644,0.13121822627696822,0.13121822627696822,0.13253699137553993,0.13253699137553993,0.1365733436794833
olmo2:7b,CAO3090,B,B,0.93,"{""V"": 0.01, ""B"": 0.89, ""E"": 0.02, ""P"": 0.03, ""R"": 0.02, ""S"": 0.93}",0.91,Ambazonian Separatists (Cameroon),"On 12 March 2020, two groups of Ambazonian separatists clashed in their camp in Vikovi village, near Kikaikom, in Kumbo subdivision (Bui, Nord-Ouest), resulting in 5 deaths.",0.6077669902912621,0.93,0.11160101762344408,0.26905886062422324,0.1127226264973229,0.11385550772778726,0.1127226264973229,0.2800393610296197
olmo2:7b,CAO6193,B,B,0.88,"{""V"": 0.02, ""B"": 0.82, ""E"": 0.01, ""P"": 0.01, ""R"": 0.03, ""S"": 0.02}",0.74,Military Forces of Cameroon (1982-),"On 21 June 2022, Cameroonian military forces clashed with Ambazonia separatist in Essu (Fungom, Menchum, Nord-Ouest) leading to the death of 1 separatist and 1 civilian was injured. She was taking to the hospital for treatment.",0.6077669902912621,0.8800000000000001,0.13858687031282102,0.30843075203286086,0.13720790791302598,0.13720790791302598,0.1399796915151368,0.13858687031282102
olmo2:7b,CAO4023,V,V,0.99,"{""V"": 0.99, ""B"": 0.01, ""E"": 0.0, ""P"": 0.0, ""R"": 0.0, ""S"": 0.0}",0.76,Islamic State West Africa Province (ISWAP) - Lake Chad Faction and/or Boko Haram - Jamaatu Ahli is-Sunnah lid-Dawati wal-Jihad,"On 18 November 2020, Boko Haram shot and killed a traditional chief and 3 of his children (total of 4 fatalities) in Satomi village, around Mora (Mayo-Sava, Extreme-Nord).",0.75,0.99,0.3494526690479928,0.13115346521695664,0.12984846643367523,0.12984846643367523,0.12984846643367523,0.12984846643367523
olmo2:7b,CAO4443,B,B,0.89,"{""V"": 0.01, ""B"": 0.88, ""E"": 0.02, ""P"": 0.01, ""R"": 0.02, ""S"": 0.0}",0.74,MNJTF: Multinational Joint Task Force,"On 4 March 2021, the MNJTF military forces repelled an attack of Boko Haram in Gouzoudou village (Mayo-Sava, Extreme-Nord). No fatality and/or casualty reported.",0.6077669902912621,0.8899999999999999,0.13518882663006132,0.32268367755850513,0.13654749692560605,0.13518882663006132,0.13654749692560605,0.13384367532983732
olmo2:7b,CAO10147,B,S,0.85,"{""V"": 0.01, ""B"": 0.03, ""E"": 0.02, ""P"": 0.01, ""R"": 0.07, ""S"": 0.74}",0.9,Military Forces of Cameroon (1982-),"On 3 January 2023, state security forces (coded as military) captured and arrested 1 Ambazonian Separatist in Adiemukong, Bafut commune, coded to Bafut (Mezam, Nord-Ouest). Gunshots could be heard, no casualties. It is unclear if the gunshots were an armed confrontation between the two.",0.5833333333333334,0.85,0.139525110577499,0.14234370477854574,0.1409273612512399,0.139525110577499,0.14815286157197097,0.28952585124295577
olmo2:7b,CAO7973,S,R,0.85,"{""V"": 0.05, ""B"": 0.02, ""E"": 0.01, ""P"": 0.8, ""R"": 0.92, ""S"": 0.0}",0.76,Islamic State West Africa Province (ISWAP) and/or Boko Haram - Jamaatu Ahli is-Sunnah lid-Dawati wal-Jihad,"Looting: On 18 October 2023, ISWAP or Boko Haram militants demanded money and food items from fishermen in the Tsoukiya zone around Darak (Darak, Logone-et-Chari, Extreme-Nord) as taxes for fishing rights. The militants also searched the fishermen for mobile phones and any person from Darak. Finding neither the militants retreated toward Nigeria.",0.5833333333333334,0.85,0.11924102703754583,0.11571692210432324,0.11456551949135066,0.2524332562193969,0.28461770162129985,0.11342557352579878
olmo2:7b,CAO9827,V,V,0.91,"{""V"": 0.91, ""B"": 0.01, ""E"": 0.01, ""P"": 0.01, ""R"": 0.01, ""S"": 0.0}",0.73,Military Forces of Cameroon (1982-),"On 7 January 2023, the state security forces, coded as the military forces shot and killed a masquerade in Bambui (Tubah, Mezam, Nord-Ouest) accusing him of being an Ambazonian Separatists.",0.6077669902912621,0.9100000000000001,0.3301634491359696,0.13423444117399377,0.13423444117399377,0.13423444117399377,0.13423444117399377,0.13289878616772502
olmo2:7b,CAO7395,B,B,0.93,"{""V"": 0.01, ""B"": 0.89, ""E"": 0.02, ""P"": 0.03, ""R"": 0.02, ""S"": 0.03}",0.9,Military Forces of Cameroon (1982-) Rapid Intervention Battalion,"On 23 June 2023, the military forces (Rapid Intervention) ambushed Boko Haram (JAS) (likely) militants in Ganse (Kolofata, Mayo-Sava, Extreme-Nord). 1 militant was killed and various items recovered by the military forces.",0.6077669902912621,0.93,0.13384367532983735,0.3226836775585052,0.13518882663006135,0.1365474969256061,0.13518882663006135,0.1365474969256061
olmo2:7b,CAO6147,V,V,0.99,{},0.43,Ambazonian Separatists (Cameroon),"On 1 June 2022, Ambazonia separatists abducted 9 commercial bike riders near Fundong (Njinikom, Boyo, Nord-Ouest) after they had participated in the 20th May celebration despite the ban imposed by the Separatists. The Separatists also burnt their motorbikes.",0.75,0.99,0.16666666666663887,0.16666666666663887,0.16666666666663887,0.16666666666663887,0.16666666666663887,0.16666666666663887
olmo2:7b,CAO16029,V,B,0.88,"{""V"": 0.02, ""B"": 0.82, ""E"": 0.01, ""P"": 0.01, ""R"": 0.03, ""S"": 0.02}",0.74,Ambazonian Separatists (Cameroon),"On 22 October 2024, Ambazonian Separatists abducted a male civilian from his private residences in Bamenda - Nkwen (Bamenda 3, Mezam, Nord-Ouest) for an unknown reason.",0.6077669902912621,0.8800000000000001,0.13858687031282102,0.30843075203286086,0.13720790791302598,0.13720790791302598,0.1399796915151368,0.13858687031282102
olmo2:7b,CAO11761,B,B,0.89,"{""V"": 0.01, ""B"": 0.88, ""E"": 0.02, ""P"": 0.01, ""R"": 0.02, ""S"": 0.0}",0.77,Military Forces of Cameroon (1982-),"On 16 July 2023, state security forces (coded as military) engaged in an armed confrontation with Ambazonian Separatists in Agyati (Mezam, Nord-Ouest). No casualties.",0.6077669902912621,0.8899999999999999,0.13518882663006132,0.32268367755850513,0.13654749692560605,0.13518882663006132,0.13654749692560605,0.13384367532983732
olmo2:7b,CAO11220,B,B,0.93,"{""V"": 0.01, ""B"": 0.89, ""E"": 0.02, ""P"": 0.03, ""R"": 0.02, ""S"": 0.03}",0.89,Military Forces of Cameroon (1982-),"On 8 November 2023, the military forces attacked Ambazonian Separatists from the Restoration Forces during an operation in Mfuni (Mamfe, Manyu, Sud-Ouest). The military forces shot and killed one, while several others sustained life-threatening injuries.",0.6077669902912621,0.93,0.13384367532983735,0.3226836775585052,0.13518882663006135,0.1365474969256061,0.13518882663006135,0.1365474969256061
olmo2:7b,CAO3650,R,R,0.79,"{""V"": 0.01, ""B"": 0.02, ""E"": 0.02, ""P"": 0.01, ""R"": 0.77, ""S"": 0.03}",0.87,Rioters (Cameroon),"On 5 September 2020, residents beat one woman to death in Yokosire village (Lom-Et-Djerem, Est) after she was accused of attempting to use witchcraft against her co-wife.",0.5833333333333333,0.79,0.13930335710909217,0.14070337912342407,0.14070337912342407,0.13930335710909217,0.29786905594174823,0.1421174715929215
olmo2:7b,CAO12120,V,V,0.99,"{""V"": 0.99, ""B"": 0.01, ""E"": 0.0, ""P"": 0.0, ""R"": 0.01, ""S"": 0.0}",0.75,Military Forces of Cameroon (1982-),"On 13 August 2023, state security forces, coded as military forces, shot and killed a suspected Ambazonian Separatist in Nkundu quarter in Njenka (Balikumbat, Ngo-Ketunjia, Nord-Ouest) and left his body by the road. He had been arrested earlier from his private residence after a tip-off.",0.75,0.99,0.3489972280899669,0.130982533170538,0.12967923518953606,0.12967923518953606,0.130982533170538,0.12967923518953606
olmo2:7b,CAO13210,B,B,0.89,"{""V"": 0.01, ""B"": 0.88, ""E"": 0.02, ""P"": 0.01, ""R"": 0.02, ""S"": 0.0}",0.75,Military Forces of Cameroon (1982-),"On 23 March 2024, state security forces, coded as the military forces, fired several warning gunshots to dislodge and dismantle an Ambazonian Separatist illegal checkpoint in Bobong (Njinikom, Boyo, Nord-Ouest). There were no fatalities or injuries.",0.6077669902912621,0.8899999999999999,0.13518882663006132,0.32268367755850513,0.13654749692560605,0.13518882663006132,0.13654749692560605,0.13384367532983732
olmo2:7b,CAO10312,S,E,0.99,{},0.43,Ambazonian Separatists (Cameroon),"Property destruction: On 28 April 2023, Ambazonian Separatists Restoration forces burned a vehicle belonging to an unnamed road construction company working along the Kumba -Mundemba road axis in Dibonda (Toko, Ndian, Sud-Ouest). The burning was an attempt by the perpetrators to enforce the ban on any government sponsored projects especially reconstruction projects the perpetrators had declared.",0.75,0.99,0.16666666666663887,0.16666666666663887,0.16666666666663887,0.16666666666663887,0.16666666666663887,0.16666666666663887
olmo2:7b,CAO4521,V,B,0.93,{},0.43,Islamic State West Africa Province (ISWAP) - Lake Chad Faction and/or Boko Haram - Jamaatu Ahli is-Sunnah lid-Dawati wal-Jihad,"On 3 April 2021, Boko Haram fighters nightly attacked Goudjimdele village, Mora subdivision (Mayo-Sava, Extreme-Nord), killing 2 people.",0.6077669902912621,0.93,0.16666666666663887,0.16666666666663887,0.16666666666663887,0.16666666666663887,0.16666666666663887,0.16666666666663887
olmo2:7b,CAO8337,V,B,0.88,"{""V"": 0.01, ""B"": 0.82, ""E"": 0.01, ""P"": 0.02, ""R"": 0.03, ""S"": 0.08}",0.75,Boko Haram - Jamaatu Ahli is-Sunnah lid-Dawati wal-Jihad,"Around 30 December 2023 (as reported), Boko Haram (JAS) (likely) militants attacked Soukoule, coded to Mora (Mora, Mayo-Sava, Extreme-Nord). 1 civilian was killed and 3 motorbikes were taken away.",0.6077669902912621,0.8800000000000001,0.13604206368832114,0.3058100414889262,0.13604206368832114,0.1374093091588638,0.13879029567483048,0.14590622630043157
olmo2:7b,CAO9705,V,V,0.99,{},0.42,Military Forces of Cameroon (1982-),"On 23 June 2022, military forces shot and killed two male civilians in Ekombe Bonji (Kumba 1, Meme, Sud-Ouest).",0.75,0.99,0.16666666666663887,0.16666666666663887,0.16666666666663887,0.16666666666663887,0.16666666666663887,0.16666666666663887
olmo2:7b,CAO13243,S,E,0.98,"{""V"": 0.01, ""B"": 0.02, ""E"": 0.95, ""P"": 0.01, ""R"": 0.01, ""S"": 0.0}",0.75,Boko Haram - Jamaatu Ahli is-Sunnah lid-Dawati wal-Jihad,"Looting: On 26 April 2024, ISWAP or Boko Haram militants looted some 150 oxen and cows in a grazing area in Dougza (Kolofata, Mayo-Sava, Extreme-Nord).",0.6077669902912621,0.98,0.1322737077229026,0.13360308058636017,0.33861823390414764,0.1322737077229026,0.1322737077229026,0.13095756234044575
olmo2:7b,CAO6787,S,R,0.85,"{""V"": 0.05, ""B"": 0.02, ""E"": 0.01, ""P"": 0.03, ""R"": 0.74, ""S"": 0.02}",0.76,Boko Haram - Jamaatu Ahli is-Sunnah lid-Dawati wal-Jihad,"Looting: On 4 December 2022, Boko Haram [JAS] looted farmers in Amchide (Kolofata, Mayo-Sava, Extreme-Nord) stealing 2 motorbikes and 1 bicycle.",0.5833333333333334,0.85,0.14544196418939187,0.14114350453811741,0.13973910320273808,0.14256202034157053,0.28996990318977467,0.14114350453811741
olmo2:7b,CAO4545,B,B,0.89,"{""V"": 0.01, ""B"": 0.88, ""E"": 0.02, ""P"": 0.01, ""R"": 0.02, ""S"": 0.0}",0.75,Military Forces of Cameroon (1982-),"On 12 April 2021, the military forces repelled a nightly attack of Boko Haram fighters in Djanpala village, assumedly in Mora subdivision (Mayo-Sava, Extreme-Nord). One assailant was killed, and foodstuffs retrieved.",0.6077669902912621,0.8899999999999999,0.13518882663006132,0.32268367755850513,0.13654749692560605,0.13518882663006132,0.13654749692560605,0.13384367532983732
olmo2:7b,CAO3621,P,P,0.88,"{""V"": 0.02, ""B"": 0.01, ""E"": 0.01, ""P"": 0.88, ""R"": 0.06, ""S"": 0.02}",0.75,Protesters (Cameroon),"On 28 August 2020, women of the SUFC movement demonstrated in the Nord-ouest region, around Bamenda town (Mezam, Nord-Ouest), calling for a ceasefire in the North West and South West regions.",0.6077669902912621,0.8800000000000001,0.13542664766676582,0.13407913000768865,0.13407913000768865,0.32003493064644456,0.14095351400432632,0.13542664766676582
olmo2:7b,CAO6152,B,V,0.99,"{""V"": 0.99, ""B"": 0.01, ""E"": 0.0, ""P"": 0.0, ""R"": 0.0, ""S"": 0.0}",0.75,Military Forces of Cameroon (1982-),"On 10 June 2022, Cameroonian military forces exchanged gunshots with suspected separatists and killed 2 civilians in Belo (Tubah, Mezam, Nord-Ouest). Unclear why the military was targeting civilians.",0.75,0.99,0.3494526690479928,0.13115346521695664,0.12984846643367523,0.12984846643367523,0.12984846643367523,0.12984846643367523
olmo2:7b,CAO6296,P,P,0.88,"{""V"": 0.02, ""B"": 0.01, ""E"": 0.01, ""P"": 0.83, ""R"": 0.02, ""S"": 0.0}",0.75,Protesters (Cameroon),"Around 15 July 2022, residents of Koza and Gaboua protested in front of the sub-prefecture of Koza in Koza (Koza, Mayo-Tsanaga, Extreme-Nord) after a Boko Haram attack. They protested against the lack of security measures in the community.",0.6077669902912621,0.8800000000000001,0.13873076803963696,0.137350373833537,0.137350373833537,0.3118540014740609,0.13873076803963696,0.13598371477927937
olmo2:7b,CAO4239,B,B,0.93,"{""V"": 0.01, ""B"": 0.93, ""E"": 0.02, ""P"": 0.01, ""R"": 0.01, ""S"": 0.01}",0.88,Military Forces of Cameroon (1982-),"On 24 December 2020, the military forces repelled an attack of Boko Haram in Makoulahe village, Mora subdivision (Mayo-Sava, Extreme-Nord), killing one assailant.",0.6077669902912621,0.93,0.1329903855818861,0.3337114964945496,0.134326961177572,0.1329903855818861,0.1329903855818861,0.1329903855818861
olmo2:7b,CAO6523,B,B,0.85,"{""V"": 0.05, ""B"": 0.82, ""E"": 0.02, ""P"": 0.01, ""R"": 0.02, ""S"": 0.08}",0.75,Boko Haram - Jamaatu Ahli is-Sunnah lid-Dawati wal-Jihad,"On 12 September 2022, Boko Haram (JAS) fighters ambushed the Cameroonian military forces on the Limani - Mora Road, coded to Limani (Mora, Mayo-Sava, Extreme-Nord). Unknown fatalities or injuries but 4 motorbikes, mobile phones and a luggage were stolen by the assailants.",0.5833333333333334,0.85,0.14100591062194498,0.30453980734548863,0.13683855616700663,0.13547698978362113,0.13683855616700663,0.14530017991462754
olmo2:7b,CAO5844,B,B,0.93,"{""V"": 0.01, ""B"": 0.89, ""E"": 0.02, ""P"": 0.03, ""R"": 0.02, ""S"": 0.02}",0.91,Military Forces of Cameroon (1982-),"On 25 January 2022, the military intercepted Ambazonian separatists and engaged in fire fights with them in Bamenyam town, Penka-Michel subdivision (Menoua, Ouest). At least one soldier was killed and several others injured.",0.6077669902912621,0.93,0.1340257721653158,0.3231226947656997,0.13537275356916187,0.13673327236117586,0.13537275356916187,0.13537275356916187
olmo2:7b,CAO9976,S,E,0.98,"{""V"": 0.02, ""B"": 0.01, ""E"": 0.95, ""P"": 0.01, ""R"": 0.0, ""S"": 0.0}",0.73,Military Forces of Cameroon (1982-),"Defusal: On 1 October 2021, state forces, coded as military, defused an IED planted by Ambazonian Separatists in Oku (Bui, Nord-Ouest).",0.6077669902912621,0.98,0.1337791534013784,0.13244802858413912,0.3390644920697403,0.13244802858413912,0.13113014868013198,0.13113014868013198
olmo2:7b,CAO12429,B,B,0.93,"{""V"": 0.01, ""B"": 0.89, ""E"": 0.02, ""P"": 0.03, ""R"": 0.02, ""S"": 0.03}",0.89,Ambazonian Separatists (Cameroon),"On 28 July 2023, Ambazonian Separatists exchanged fire with other Ambazonian Separatists in Bali (Mezam, Nord-Ouest) in a dispute over money extorted from civilians. Two Ambazonian Separatists were killed and their bodies were abandoned in the forest.",0.6077669902912621,0.93,0.13384367532983735,0.3226836775585052,0.13518882663006135,0.1365474969256061,0.13518882663006135,0.1365474969256061
olmo2:7b,CAO12201,S,V,0.95,"{""V"": 0.95, ""B"": 0.01, ""E"": 0.01, ""P"": 0.01, ""R"": 0.01, ""S"": 0.0}",0.75,Ambazonian Separatists (Cameroon),"Other: On 11 August 2023, Ambazonian Separatists fired gunshots in the air and rounded up civilians in Ikiliwindi Mile 10 (Meme, Sud-Ouest). They accused the population of collaborating with state security forces and threatened to kill anyone who collaborated with them.",0.6077669902912621,0.9499999999999998,0.33906898300899996,0.13244978287002082,0.13244978287002082,0.13244978287002082,0.13244978287002082,0.13113188551057753
olmo2:7b,CAO6363,B,B,0.94,"{""V"": 0.01, ""B"": 0.93, ""E"": 0.01, ""P"": 0.01, ""R"": 0.01, ""S"": 0.0}",0.78,Military Forces of Cameroon (1982-),"Around 7 August 2022, the Cameroonian military forces clashed with Boko Haram (JAS) (likely) fighters in Mora (Mora, Mayo-Sava, Extreme-Nord) killing many. The military also recovered weapons including 2 Kalashnikov rifles.",0.6077669902912621,0.9400000000000001,0.13334506372191587,0.33460148694284675,0.13334506372191587,0.13334506372191587,0.13334506372191587,0.13201825816915502
olmo2:7b,CAO7132,B,B,0.93,"{""V"": 0.01, ""B"": 0.89, ""E"": 0.02, ""P"": 0.03, ""R"": 0.01, ""S"": 0.03}",0.9,Islamic State West Africa Province (ISWAP) and/or Boko Haram - Jamaatu Ahli is-Sunnah lid-Dawati wal-Jihad,"Around 5 March 2023, suspected ISWAP or Boko Haram fighters clashed with the Cameroonian military forces in Marouare, coded to Ngaoundere (Ngaoundere 1, Vina, Adamaoua). 2 fighters were killed while 2 civilians were wounded.",0.6077669902912621,0.93,0.13402395783097484,0.32311832058756973,0.13537092100045764,0.13673142137484995,0.13402395783097484,0.13673142137484995
olmo2:7b,CAO4190,V,E,0.98,"{""V"": 0.01, ""B"": 0.02, ""E"": 0.95, ""P"": 0.01, ""R"": 0.01, ""S"": 0.0}",0.77,Ambazonian Separatists (Cameroon),"On 4 January 2021, Ambazonian separatists burnt a transport truck, killed the driver and reportedly injured his assistant in Ewili village, around Buea (Fako, Sud-Ouest). They accused the victims of not respecting their stop order.",0.6077669902912621,0.98,0.1322737077229026,0.13360308058636017,0.33861823390414764,0.1322737077229026,0.1322737077229026,0.13095756234044575
olmo2:7b,CAO13670,V,R,0.73,"{""V"": 0.0, ""B"": 0.01, ""E"": 0.02, ""P"": 0.72, ""R"": 0.93, ""S"": 0.0}",0.76,Military Forces of Cameroon (1982-) Rapid Intervention Battalion,"On 15 April 2024, state security forces, coded as the military forces from the Rapid Intervention, beat and arrested 2 civilian from the road in Bonganjo (Buea, Fako, Sud-Ouest). There were no fatalities.",0.5833333333333333,0.7299999999999999,0.11602013043662583,0.1171861521326409,0.11836389254152468,0.23835560907223988,0.2940540853800488,0.11602013043662583
olmo2:7b,CAO8729,V,B,0.88,"{""V"": 0.02, ""B"": 0.82, ""E"": 0.01, ""P"": 0.01, ""R"": 0.03, ""S"": 0.02}",0.73,Ambazonian Separatists (Cameroon),"On 10 February 2024, Ambazonian Separatists from the Fako Mountain Lions faction fired several shots as a warning to enforce the Separatist-imposed lockdown in Bokova (Buea, Fako, Sud-Ouest) against the Youth Day celebration. There were no fatalities.",0.6077669902912621,0.8800000000000001,0.13858687031282102,0.30843075203286086,0.13720790791302598,0.13720790791302598,0.1399796915151368,0.13858687031282102
olmo2:7b,CAO10745,B,E,0.98,"{""V"": 0.02, ""B"": 0.01, ""E"": 0.95, ""P"": 0.01, ""R"": 0.0, ""S"": 0.0}",0.74,Ambazonian Separatists (Cameroon),"On 2 June 2023, Ambazonian Separatists detonated an IED targeting a state security forces convoy (coded as military) in Bufi (Menchum, Nord-Ouest). The explosion missed the target, but the soldiers stopped and fired gunshots in the area which caused civilians to flee.",0.6077669902912621,0.98,0.1337791534013784,0.13244802858413912,0.3390644920697403,0.13244802858413912,0.13113014868013198,0.13113014868013198
olmo2:7b,CAO2881,V,V,0.99,{},0.43,Military Forces of Cameroon (1982-),"On 23 January 2020, the military forces attacked the villages of Bekora Barombi, Ndoh, Njima, Mokono Barombi and Mberenge, in Ekondo Titi subdivision (Ndian, Sud-Ouest). They reportedly killed at least 14 civilians, and injured at least 3 people including a humanitarian worker and two beneficiaries of a humanitarian project.",0.75,0.99,0.16666666666663887,0.16666666666663887,0.16666666666663887,0.16666666666663887,0.16666666666663887,0.16666666666663887
olmo2:7b,CAO12755,R,B,0.88,"{""V"": 0.02, ""B"": 0.82, ""E"": 0.01, ""P"": 0.01, ""R"": 0.03, ""S"": 0.08}",0.75,Rioters (Cameroon),"On 4 April 2022, residents killed 1 Ambazonian Separatist fighter in Mbengwi (Mbengwi, Momo, Nord-Ouest) because of the atrocities committed by the separatists in their community.",0.6077669902912621,0.8800000000000001,0.1374093091588638,0.3058100414889262,0.13604206368832114,0.13604206368832114,0.13879029567483048,0.14590622630043157
olmo2:7b,CAO11779,V,V,0.99,"{""V"": 0.99, ""B"": 0.01, ""E"": 0.0, ""P"": 0.0, ""R"": 0.0, ""S"": 0.0}",0.75,Military Forces of Cameroon (1982-),"On 14 May 2022, state security forces, coded as military, killed a female civilian in Tobin (Bui, Nord-Ouest). The women who approached the military base and was mistaken to be an intruder.",0.75,0.99,0.3494526690479928,0.13115346521695664,0.12984846643367523,0.12984846643367523,0.12984846643367523,0.12984846643367523
olmo2:7b,CAO10497,V,V,0.91,"{""V"": 0.91, ""B"": 0.01, ""E"": 0.01, ""P"": 0.01, ""R"": 0.01, ""S"": 0.0}",0.75,Military Forces of Cameroon (1982-),"On 16 March 2023, state security forces (coded as military) fired shots at a vehicle, injuring some civilians, at a vehicular checkpoint in Ntarinkon (Bamenda - Mankon, Mezam, Nord-Ouest) after the driver failed to stop.",0.6077669902912621,0.9100000000000001,0.3301634491359696,0.13423444117399377,0.13423444117399377,0.13423444117399377,0.13423444117399377,0.13289878616772502
olmo2:7b,CAO5725,V,V,0.99,"{""V"": 0.99, ""B"": 0.01, ""E"": 0.0, ""P"": 0.0, ""R"": 0.01, ""S"": 0.0}",0.75,Military Forces of Cameroon (1982-),"On 27 October 2021, the military forces alongside Fulani militiamen attacked and killed a 15 year old boy in Ngarbuh village, near Ntamruh, Ndu subdivision (Donga-Mantung, Nord-Ouest). He was accused of collaborating with Ambazonian separatists fighters.",0.75,0.99,0.3489972280899669,0.130982533170538,0.12967923518953606,0.12967923518953606,0.130982533170538,0.12967923518953606
olmo2:7b,CAO6214,S,E,0.98,"{""V"": 0.01, ""B"": 0.02, ""E"": 0.95, ""P"": 0.01, ""R"": 0.01, ""S"": 0.0}",0.75,Boko Haram - Jamaatu Ahli is-Sunnah lid-Dawati wal-Jihad,"Property destruction: Around 20 June 2022, Boko Haram (JAS) (likely) burnt houses and looted items in Djakana village, around Limani (Limani, Mayo-Sava, Extreme-Nord), including 4 bicycles.",0.6077669902912621,0.98,0.1322737077229026,0.13360308058636017,0.33861823390414764,0.1322737077229026,0.1322737077229026,0.13095756234044575
olmo2:7b,CAO12645,B,B,0.93,"{""V"": 0.01, ""B"": 0.89, ""E"": 0.02, ""P"": 0.03, ""R"": 0.02, ""S"": 0.03}",0.9,Military Forces of Cameroon (1982-),"On 15 January 2022, Ambazonian separatists and the military engaged in an armed clash at Total gas station in Bamunka near Bamenda (Bamenda 1, Mezam, Nord-Ouest). Three civilians were killed in the crossfire.",0.6077669902912621,0.93,0.13384367532983735,0.3226836775585052,0.13518882663006135,0.1365474969256061,0.13518882663006135,0.1365474969256061
olmo2:7b,CAO3193,B,B,0.93,"{""V"": 0.01, ""B"": 0.93, ""E"": 0.02, ""P"": 0.01, ""R"": 0.01, ""S"": 0.01}",0.91,Military Forces of Cameroon (1982-) Rapid Intervention Battalion,"On 18 April 2020, the military's rapid intervention battalion engaged in a fire fight with Ambazonian separatists in Oku village, Belo subdivision (Boyo, Nord-Ouest). Some separatists were killed. Some fatalities coded as 3.",0.6077669902912621,0.93,0.1329903855818861,0.3337114964945496,0.134326961177572,0.1329903855818861,0.1329903855818861,0.1329903855818861
olmo2:7b,CAO3287,V,B,0.88,"{""V"": 0.01, ""B"": 0.86, ""E"": 0.02, ""P"": 0.01, ""R"": 0.03, ""S"": 0.08}",0.74,Islamic State West Africa Province (ISWAP) - Lake Chad Faction and/or Boko Haram - Jamaatu Ahli is-Sunnah lid-Dawati wal-Jihad,"On 18 May 2020, Boko Haram attacked the village of Tolkomari, Kolofata subdivision (Mayo-Sava, Extreme-Nord). No fatality and/or casualty reported.",0.6077669902912621,0.8800000000000001,0.1343651404402544,0.31436697783963485,0.13571553255196667,0.1343651404402544,0.13707949633003078,0.1441077123975446
olmo2:7b,CAO8924,B,B,0.89,"{""V"": 0.01, ""B"": 0.88, ""E"": 0.02, ""P"": 0.01, ""R"": 0.02, ""S"": 0.0}",0.77,Military Forces of Cameroon (1982-),"On 29 May 2022, the military forces in a joint operation with the self-defense militia (COVI) ambushed Ambazonian Separatist fighter at a checkpoint in Ngarum (Ndu, Donga-Mantung, Nord-Ouest). 1 separatist was killed.",0.6077669902912621,0.8899999999999999,0.13518882663006132,0.32268367755850513,0.13654749692560605,0.13518882663006132,0.13654749692560605,0.13384367532983732
olmo2:7b,CAO2836,V,B,0.93,"{""V"": 0.01, ""B"": 0.91, ""E"": 0.02, ""P"": 0.01, ""R"": 0.04, ""S"": 0.03}",0.9,Military Forces of Cameroon (1982-),"On 13 January 2020, the military forces attacked Kumbo town, in Jakiri subdivision (Bui, Nord-Ouest). They reportedly killed one person, and burnt over 8 houses in several areas of the town.",0.6077669902912621,0.93,0.13297325678483407,0.32706143608864985,0.13430966023324764,0.13297325678483407,0.13702289534849754,0.13565949475960964
olmo2:7b,CAO10508,B,V,0.99,"{""V"": 0.99, ""B"": 0.01, ""E"": 0.0, ""P"": 0.0, ""R"": 0.0, ""S"": 0.0}",0.73,Military Forces of Cameroon (1982-),"On 14 March 2023, the state security forces, coded as military, shot and killed 3 Ambazonian Separatists at the Ndekwai - Ntenako road axis, coded to Ntenaku (Mamfe, Manyu, Sud-Ouest).",0.75,0.99,0.3494526690479928,0.13115346521695664,0.12984846643367523,0.12984846643367523,0.12984846643367523,0.12984846643367523
olmo2:7b,CAO3184,B,B,0.88,"{""V"": 0.02, ""B"": 0.82, ""E"": 0.01, ""P"": 0.01, ""R"": 0.03, ""S"": 0.08}",0.74,Ambazonian Separatists (Cameroon),"On 15 April 2020, Ambazonian separatists engaged in fire fights with military forces in Bafut town, Bamenda subdivision (Mezam, Nord-Ouest). No fatality and/or casualty reported.",0.6077669902912621,0.8800000000000001,0.1374093091588638,0.3058100414889262,0.13604206368832114,0.13604206368832114,0.13879029567483048,0.14590622630043157
olmo2:7b,CAO5032,B,B,0.88,"{""V"": 0.01, ""B"": 0.82, ""E"": 0.02, ""P"": 0.01, ""R"": 0.03, ""S"": 0.08}",0.74,Military Forces of Cameroon (1982-),"On 10 February 2021, the military forces repelled an incursion of Ambazonian separatists in Meanja water tank neighborhood of Muyuka town (Fako, Sud-Ouest). No fatality and/or casualty reported.",0.6077669902912621,0.8800000000000001,0.13604206368832114,0.3058100414889262,0.1374093091588638,0.13604206368832114,0.13879029567483048,0.14590622630043157
olmo2:7b,CAO5789,S,S,0.85,"{""V"": 0.01, ""B"": 0.03, ""E"": 0.02, ""P"": 0.01, ""R"": 0.03, ""S"": 0.84}",0.77,Military Forces of Cameroon (1982-),"Around 21 December 2021 (as reported), the security forces (assumedly Military Forces) arrested at least 30 people including 7 Chadians and seized machetes, knives and spears during a security operation in Kousseri town (Logone-et-Chari, Extreme-Nord). The aim was to restore peace in the city in the context of tensions between the Musgum and Arab Shoa communities.",0.5833333333333334,0.85,0.13616981248643048,0.13892062516984846,0.13753834185373895,0.13616981248643048,0.13892062516984846,0.3122807828333908
olmo2:7b,CAO13094,V,V,0.94,{},0.46,Ambazonian Separatists (Cameroon),"On 19 March 2024, Ambazonian Separatists from the Restoration Forces faction shot and injured a civilian in his private residence in Bole (Kumba 1, Meme, Sud-Ouest). They accused the man of collaborating with the military forces.",0.6077669902912621,0.9400000000000001,0.16666666666663887,0.16666666666663887,0.16666666666663887,0.16666666666663887,0.16666666666663887,0.16666666666663887
olmo2:7b,CAO2871,B,B,0.93,"{""V"": 0.01, ""B"": 0.89, ""E"": 0.02, ""P"": 0.03, ""R"": 0.02, ""S"": 0.03}",0.89,Military Forces of Cameroon (1982-),"On 21 January 2020, the military forces attacked an Ambazonian separatists' camp in Kossala village, Kumba subdivision (Ndian, Sud-Ouest) [coded: Kumba], killing two Ambazonian separatists. The military also rescued 23 children hostages.",0.6077669902912621,0.93,0.13384367532983735,0.3226836775585052,0.13518882663006135,0.1365474969256061,0.13518882663006135,0.1365474969256061
olmo2:7b,CAO11284,V,R,0.85,"{""V"": 0.05, ""B"": 0.02, ""E"": 0.01, ""P"": 0.8, ""R"": 0.92, ""S"": 0.0}",0.75,Ambazonian Separatists (Cameroon),"On 15 December 2023, Ambazonian Separatists temporally detained a civilian masked in a traditional masquerade outfit at an illegal vehicle checkpoint for two hours alongside some motorcycle riders in Ngwa (Bangangte, Nde, Ouest). They were accused of not having paid a stipulated sum of money motorcycle riders pay before plying the road.",0.5833333333333334,0.85,0.11924102703754583,0.11571692210432324,0.11456551949135066,0.2524332562193969,0.28461770162129985,0.11342557352579878
olmo2:7b,CAO3310,V,V,0.85,"{""V"": 0.85, ""B"": 0.01, ""E"": 0.01, ""P"": 0.01, ""R"": 0.01, ""S"": 0.06}",0.76,Military Forces of Cameroon (1982-),"On 28 May 2020, military forces killed four people suspected to be armed bandits in Bonduma neighbourhood of Buea town (Fako, Sud-Ouest). Residents say the victims were not armed.",0.5833333333333334,0.85,0.31439749805567935,0.1357287084504104,0.1357287084504104,0.1357287084504104,0.1357287084504104,0.14268766814236464
olmo2:7b,CAO12582,S,B,0.89,"{""V"": 0.01, ""B"": 0.88, ""E"": 0.02, ""P"": 0.01, ""R"": 0.02, ""S"": 0.0}",0.78,Ambazonian Separatists (Cameroon),"Other: On 20 May 2022, Ambazonian Separatists fired warning shots for about 30 minutes in Alabukam near Nlabakam (Bamenda - Mankon, Mezam, Nord-Ouest) to enforce the lockdown for 20 May.",0.6077669902912621,0.8899999999999999,0.13518882663006132,0.32268367755850513,0.13654749692560605,0.13518882663006132,0.13654749692560605,0.13384367532983732
olmo2:7b,CAO12898,V,V,0.94,"{""V"": 0.94, ""B"": 0.01, ""E"": 0.01, ""P"": 0.01, ""R"": 0.01, ""S"": 0.0}",0.75,Military Forces of Cameroon (1982-),"On 14 February 2024, security forces, coded as the military shot and killed a traditional doctor at his residence in Bessom, coded to Batibo (Batibo, Momo, Nord-Ouest) during a cordon and search operation. They accused the victim of providing fortification charms to Ambazonian Separatists.",0.6077669902912621,0.9400000000000001,0.33683159023515236,0.13289815369764615,0.13289815369764615,0.13289815369764615,0.13289815369764615,0.13157579497392596
olmo2:7b,CAO13115,B,B,0.93,"{""V"": 0.01, ""B"": 0.93, ""E"": 0.02, ""P"": 0.01, ""R"": 0.01, ""S"": 0.01}",0.9,Ambazonian Separatists (Cameroon),"On 20 March 2024, Ambazonian Separatists from the Restoration Forces faction clashed with the military forces from the Rapid Intervention in Bombe Bakundu (Kumba 3, Meme, Sud-Ouest) during an operation to dislodge Separatists hideouts. 1 Separatist was killed. The military forces recovered a weapon.",0.6077669902912621,0.93,0.1329903855818861,0.3337114964945496,0.134326961177572,0.1329903855818861,0.1329903855818861,0.1329903855818861
olmo2:7b,CAO11938,B,B,0.89,"{""V"": 0.01, ""B"": 0.88, ""E"": 0.02, ""P"": 0.01, ""R"": 0.02, ""S"": 0.0}",0.75,Military Forces of Cameroon (1982-) Gendarmerie,"On 10 October 2023, Gendarmerie forces, clashed with Ambazonian Separatists at an illegal Separatist checkpoint in Bamessing (Tubah, Mezam, Nord-Ouest) as Separatists were looting money from commercial vehicles. Casualties unknown. No information on the injuries. The military forces seized 2 motorbikes.",0.6077669902912621,0.8899999999999999,0.13518882663006132,0.32268367755850513,0.13654749692560605,0.13518882663006132,0.13654749692560605,0.13384367532983732
olmo2:7b,CAO13051,S,E,0.98,"{""V"": 0.01, ""B"": 0.02, ""E"": 0.95, ""P"": 0.01, ""R"": 0.01, ""S"": 0.0}",0.75,Boko Haram - Jamaatu Ahli is-Sunnah lid-Dawati wal-Jihad,"Property destruction: Around 3 April 2024 (as reported), suspected ISWAP or Boko Haram militants removed sheet metal Roofs of schools and professional training buildings in Tchahack (Chahack) (Darak, Logone-et-Chari, Extreme-Nord).",0.6077669902912621,0.98,0.1322737077229026,0.13360308058636017,0.33861823390414764,0.1322737077229026,0.1322737077229026,0.13095756234044575
olmo2:7b,CAO11684,V,B,0.93,"{""V"": 0.01, ""B"": 0.92, ""E"": 0.01, ""P"": 0.01, ""R"": 0.03, ""S"": 0.02}",0.9,Ambazonian Separatists (Cameroon),"On 26 June 2023, Ambazonian Separatists from the Restoration Forces shot and killed two members of the state security forces (coded as military) in Konye (Meme, Sud-Ouest). The soldiers had been previously abducted by the Separatists on 25 June 2023 (coded separately).",0.6077669902912621,0.93,0.13307474177654102,0.3306005796198267,0.13307474177654102,0.13307474177654102,0.13576302988414166,0.1344121651660778
olmo2:7b,CAO14510,V,E,0.98,"{""V"": 0.01, ""B"": 0.02, ""E"": 0.95, ""P"": 0.01, ""R"": 0.01, ""S"": 0.0}",0.74,Boko Haram - Jamaatu Ahli is-Sunnah lid-Dawati wal-Jihad,"On 20 August 2024, Boko Haram (JAS) (likely) militants abducted 2 farmers from their fields in Alagarno (Kolofata, Mayo-Sava, Extreme-Nord). They were later released for an unknown reason.",0.6077669902912621,0.98,0.1322737077229026,0.13360308058636017,0.33861823390414764,0.1322737077229026,0.1322737077229026,0.13095756234044575
olmo2:7b,CAO13082,B,B,0.88,"{""V"": 0.02, ""B"": 0.82, ""E"": 0.01, ""P"": 0.01, ""R"": 0.03, ""S"": 0.08}",0.8,Military Forces of Cameroon (1982-),"On 21 February 2024, the state security forces, coded as the military forces ambushed and clashed with the Ambazonian Separatists restoration forces along Buea - Kumba main road, coded to Kumba (Kumba 1, Meme, Sud-Ouest). A driver of a public transport vehicle was hit and killed by a stray bullet. No information on the injuries.",0.6077669902912621,0.8800000000000001,0.1374093091588638,0.3058100414889262,0.13604206368832114,0.13604206368832114,0.13879029567483048,0.14590622630043157
olmo2:7b,CAO5627,B,B,0.93,"{""V"": 0.01, ""B"": 0.89, ""E"": 0.02, ""P"": 0.03, ""R"": 0.02, ""S"": 0.03}",0.9,Military Forces of Cameroon (1982-),"Around 24 October 2021 (as reported), the military forces opened fire on BNL fighters who were erecting barricades in Cameroon-Nigeria border area in Bakassi Peninsula, Kombo Abedimo subdivision (Ndian, Sud-Ouest). 2 BNL fighters were killed.",0.6077669902912621,0.93,0.13384367532983735,0.3226836775585052,0.13518882663006135,0.1365474969256061,0.13518882663006135,0.1365474969256061
olmo2:7b,CAO8784,B,E,0.99,{},0.43,Ambazonian Separatists (Cameroon),"On 10 May 2022, suspected Ambazonian Separatist fighters detonated a remote controlled IED targeting traveling military along the Bamenda-Belo road road, coded to Bamenda (Bamenda 1, Mezam, Nord-Ouest). 1 separatist was killed during clashes that followed the detonation. 2 civlians were also killed by stray bullets.",0.75,0.99,0.16666666666663887,0.16666666666663887,0.16666666666663887,0.16666666666663887,0.16666666666663887,0.16666666666663887
olmo2:7b,CAO4808,B,B,0.93,"{""V"": 0.01, ""B"": 0.89, ""E"": 0.02, ""P"": 0.03, ""R"": 0.02, ""S"": 0.03}",0.89,Military Forces of Cameroon (1982-),"Around 16 October 2020 (week of), the military forces engaged in fire fights with Ambazonian separatists in Bamessing village, Ndop subdivision (Mezam, Nord-Ouest), resulting in 3 people getting killed.",0.6077669902912621,0.93,0.13384367532983735,0.3226836775585052,0.13518882663006135,0.1365474969256061,0.13518882663006135,0.1365474969256061
olmo2:7b,CAO14672,S,V,0.95,"{""V"": 0.95, ""B"": 0.01, ""E"": 0.01, ""P"": 0.02, ""R"": 0.02, ""S"": 0.05}",0.76,Ambazonian Separatists (Cameroon),"Looting: On 3 July 2024, Ambazonian Separatists from the Restoration Forces faction extorted money, coded as looting, from civilians at an illegal checkpoint on the main road in Bamessing (Tubah, Mezam, Nord-Ouest).",0.6077669902912621,0.9499999999999998,0.3359162210151644,0.13121822627696822,0.13121822627696822,0.13253699137553993,0.13253699137553993,0.1365733436794833
olmo2:7b,CAO12986,P,P,0.95,"{""V"": 0.0, ""B"": 0.01, ""E"": 0.02, ""P"": 0.93, ""R"": 0.02, ""S"": 0.0}",0.74,Protesters (Cameroon),"On 17 April 2024, people protested in front of the Town Hall in Yaounde (Yaounde 1, Mfoundi, Centre) after the municipal police officers attempted to arrest a civilian who had refused to pay them money causing an accident that killed 2 civilians. The protesters voiced their growing concern about the actions of the police officers.",0.6077669902912621,0.9499999999999998,0.1318398163017693,0.1331648284839481,0.13450315725994638,0.33414922439228634,0.13450315725994638,0.1318398163017693
olmo2:7b,CAO11562,B,B,0.93,{},0.42,Military Forces of Cameroon (1982-),"On 16 June 2023, government forces, coded as military, clashed with Ambazonian Separatists in Kedjem Keku (Tubah, Mezam, Nord-Ouest), leading to the killing of at least 13 civilians and 3 Ambazonian separatists.",0.6077669902912621,0.93,0.16666666666663887,0.16666666666663887,0.16666666666663887,0.16666666666663887,0.16666666666663887,0.16666666666663887
olmo2:7b,CAO14799,V,V,0.99,{},0.43,Ambazonian Separatists (Cameroon),"On 12 July 2024, Ambazonian Separatists from the Bui Unity Warriors faction shot and killed 1 civilian in Jakiri (Jakiri, Bui, Nord-Ouest) after the Separatists had taken him out of his private residence. They accused him of collaborating with the security forces.",0.75,0.99,0.16666666666663887,0.16666666666663887,0.16666666666663887,0.16666666666663887,0.16666666666663887,0.16666666666663887
olmo2:7b,CAO4310,S,E,0.98,"{""V"": 0.01, ""B"": 0.02, ""E"": 0.95, ""P"": 0.01, ""R"": 0.01, ""S"": 0.0}",0.72,Police Forces of Cameroon (1982-),"Defusal: On 27 January 2021, the police forces retrieved and defused an IED planted by unidentified men in Bamenda town (Mezam, Nord-Ouest). No fatality and/or casualty reported.",0.6077669902912621,0.98,0.1322737077229026,0.13360308058636017,0.33861823390414764,0.1322737077229026,0.1322737077229026,0.13095756234044575
olmo2:7b,CAO10471,V,V,0.85,"{""V"": 0.85, ""B"": 0.01, ""E"": 0.01, ""P"": 0.01, ""R"": 0.01, ""S"": 0.06}",0.77,Military Forces of Cameroon (1982-),"On 22 March 2023, state security forces, coded as military forces, beat up civilians and broke into homes where they looted properties in Ngomgham Mankon, coded to Ntarinkon (Bamenda - Mankon, Mezam, Nord-Ouest). They also harrassed civilians, the attack was after separatists attacked their position in the area and engaged them in an armed clash (coded separately). No information on injuries.",0.5833333333333334,0.85,0.31439749805567935,0.1357287084504104,0.1357287084504104,0.1357287084504104,0.1357287084504104,0.14268766814236464
olmo2:7b,CAO11896,B,V,0.99,{},0.44,Military Forces of Cameroon (1982-),"On 28 September 2023, state forces, coded as military, exchanged fire with Ambazonian Separatists in Benade (Menchum, Nord-Ouest) during an operation to dislodge the Ambazonian Separatists. Four civilians, including the traditional chief of Banum village, were killed caught by stray bullets.",0.75,0.99,0.16666666666663887,0.16666666666663887,0.16666666666663887,0.16666666666663887,0.16666666666663887,0.16666666666663887
olmo2:7b,CAO11447,S,B,0.88,"{""V"": 0.02, ""B"": 0.82, ""E"": 0.01, ""P"": 0.01, ""R"": 0.03, ""S"": 0.08}",0.76,Military Forces of Cameroon (1982-),"Other: On 4 July 2023, state security forces, coded as military forces, on vehicular patrol shot into the air at the cattle market in Lassin (Bui, Nord-Ouest) to prevent an attack by Ambazonian Separatists after they tipped off that a separatists camp opened in the area.",0.6077669902912621,0.8800000000000001,0.1374093091588638,0.3058100414889262,0.13604206368832114,0.13604206368832114,0.13879029567483048,0.14590622630043157
olmo2:7b,CAO3261,V,E,0.98,"{""V"": 0.01, ""B"": 0.02, ""E"": 0.95, ""P"": 0.01, ""R"": 0.01, ""S"": 0.0}",0.75,Ambazonian Separatists (Cameroon),"On 10 May 2020, suspected Ambazonian separatists killed one person in Bakebe village, Mamfe subdivision (Manyu, Sud-Ouest).",0.6077669902912621,0.98,0.1322737077229026,0.13360308058636017,0.33861823390414764,0.1322737077229026,0.1322737077229026,0.13095756234044575
olmo2:7b,CAO11281,V,E,0.98,"{""V"": 0.01, ""B"": 0.02, ""E"": 0.95, ""P"": 0.01, ""R"": 0.01, ""S"": 0.0}",0.74,Ambazonian Separatists (Cameroon),"On 24 November 2023, the Ambazonian Restoration Forces abducted a builder from a public transport vehicle at a vehicle checkpoint in Nguti (Nguti, Kupe-Manenguba, Sud-Ouest).",0.6077669902912621,0.98,0.1322737077229026,0.13360308058636017,0.33861823390414764,0.1322737077229026,0.1322737077229026,0.13095756234044575
olmo2:7b,CAO11825,V,E,0.91,"{""V"": 0.01, ""B"": 0.03, ""E"": 0.88, ""P"": 0.02, ""R"": 0.02, ""S"": 0.08}",0.76,Ambazonian Separatists (Cameroon),"On 3 July 2022, Ambazonian Separatists abducted two workers of a government-owned agro-industrial company, (PAMOL) in Mabonji (Meme, Sud-Ouest).",0.6077669902912621,0.9100000000000001,0.13333829869199787,0.13603191100246406,0.31826663233839153,0.13467837087257115,0.13467837087257115,0.14300641622168608
olmo2:7b,CAO12114,V,V,0.99,"{""V"": 0.99, ""B"": 0.01, ""E"": 0.0, ""P"": 0.0, ""R"": 0.0, ""S"": 0.0}",0.75,Ambazonian Separatists (Cameroon),"On 15 August 2023, Ambazonian Separatists shot and killed a woman in Akwaya (Manyu, Sud-Ouest). They also abducted four civilians from a home for unknown reasons. No additional information.",0.75,0.99,0.3494526690479928,0.13115346521695664,0.12984846643367523,0.12984846643367523,0.12984846643367523,0.12984846643367523
olmo2:7b,CAO15247,S,V,0.95,"{""V"": 0.95, ""B"": 0.01, ""E"": 0.01, ""P"": 0.01, ""R"": 0.01, ""S"": 0.0}",0.76,Military Forces of Cameroon (1982-) Gendarmerie,"Looting: On 10 August 2024, gendarmerie forces broke into 8 civilian private residences and looted an unspecified amount of money and valuables in Bamunka (Ndop, Ngo-Ketunjia, Nord-Ouest) during an operation to dislodge Ambazonian Separatists from their hideouts.",0.6077669902912621,0.9499999999999998,0.33906898300899996,0.13244978287002082,0.13244978287002082,0.13244978287002082,0.13244978287002082,0.13113188551057753
olmo2:7b,CAO6111,V,V,0.99,"{""V"": 0.99, ""B"": 0.01, ""E"": 0.0, ""P"": 0.0, ""R"": 0.0, ""S"": 0.0}",0.76,Military Forces of Cameroon (1982-),"Around 24 May 2022, the Cameroonian military shot randomly in Mbve area of Kumbo (Kumbo, Bui, Nord-Ouest). The bullets went through some houses.",0.75,0.99,0.3494526690479928,0.13115346521695664,0.12984846643367523,0.12984846643367523,0.12984846643367523,0.12984846643367523
olmo2:7b,CAO13590,S,E,0.99,{},0.42,Military Forces of Cameroon (1982-) Gendarmerie,"Defusal: On 19 April 2024, gendarmerie forces recovered an IED planted by an Ambazonian Separatist at the Market in Great Soppo (Buea, Fako, Sud-Ouest). The were no fatalities. The Separatist had attempted to detonate the IED on a minister's convoy but nearby civilians alerted the gendarmerie forces and he was arrested.",0.75,0.99,0.16666666666663887,0.16666666666663887,0.16666666666663887,0.16666666666663887,0.16666666666663887,0.16666666666663887
olmo2:7b,CAO4947,S,S,0.85,{},0.43,Military Forces of Cameroon (1982-),"On 13 January 2021, a joint police and military forces operation was conducted in Mudeka village, Tiko subdivision (Fako, Sud-Ouest), resulting in 86 people getting arrested.",0.5833333333333334,0.85,0.16666666666663887,0.16666666666663887,0.16666666666663887,0.16666666666663887,0.16666666666663887,0.16666666666663887
olmo2:7b,CAO5487,V,V,0.99,"{""V"": 0.99, ""B"": 0.01, ""E"": 0.0, ""P"": 0.0, ""R"": 0.0, ""S"": 0.0}",0.77,Military Forces of Cameroon (1982-),"On 16 August 2021, the military forces tortured several civilians, and looted properties during a raid in Bamenda - Chomba village, Bamenda 2 subdivision (Mezam, Nord-Ouest).",0.75,0.99,0.3494526690479928,0.13115346521695664,0.12984846643367523,0.12984846643367523,0.12984846643367523,0.12984846643367523
olmo2:7b,CAO12450,V,V,0.99,"{""V"": 0.99, ""B"": 0.01, ""E"": 0.0, ""P"": 0.0, ""R"": 0.0, ""S"": 0.0}",0.75,Ambazonian Separatists (Cameroon),"On 26 July 2023, Ambazonian Separatists shot and killed a civilian in Mezam department, coded to Bamenda (Mezam, Nord-Ouest), after getting in an argument with him. They let another man go who was with the victim after seizing his phone and an unknown amount of money.",0.75,0.99,0.3494526690479928,0.13115346521695664,0.12984846643367523,0.12984846643367523,0.12984846643367523,0.12984846643367523
olmo2:7b,CAO10410,S,V,0.91,"{""V"": 0.91, ""B"": 0.01, ""E"": 0.01, ""P"": 0.01, ""R"": 0.01, ""S"": 0.0}",0.74,Military Forces of Cameroon (1982-),"Property destruction: On 7 April 2023, State security forces, coded as the military forces, set fire to 3 civilian houses in Aboh, coded to Fundong (Njinikom, Boyo, Nord-Ouest).",0.6077669902912621,0.9100000000000001,0.3301634491359696,0.13423444117399377,0.13423444117399377,0.13423444117399377,0.13423444117399377,0.13289878616772502
olmo2:7b,CAO6584,S,S,0.85,"{""V"": 0.01, ""B"": 0.03, ""E"": 0.02, ""P"": 0.01, ""R"": 0.04, ""S"": 0.75}",0.75,Military Forces of Cameroon (1982-),"On 25 September 2022, Cameroonian security forces arrested at least 60 people in Kourgui (Mora, Mayo-Sava, Extreme-Nord). 30 motorbikes without official documents were seized. The military were looking for armed group members.",0.5833333333333334,0.85,0.13973034589429356,0.14255308612376041,0.14113465921725982,0.13973034589429356,0.14398576845766797,0.2928657944124317
olmo2:7b,CAO10587,B,B,0.89,"{""V"": 0.01, ""B"": 0.88, ""E"": 0.02, ""P"": 0.01, ""R"": 0.01, ""S"": 0.0}",0.75,Ambazonian Separatists (Cameroon),"On 7 May 2023, Ambazonian Separatists from the Bui Warriors, led by 'General Mad Dog,' engaged in an armed confrontation with state security forces (coded as military) in Njavnyuy, Kumbo commune, coded to Kumbo (Bui, Nord-Ouest). During the attack, the Separatists fired 2 rockets at the base. An unknown number of soldiers were injured.",0.6077669902912621,0.8899999999999999,0.1353727535691618,0.3231226947656996,0.1367332723611758,0.1353727535691618,0.1353727535691618,0.13402577216531575
olmo2:7b,CAO4741,V,V,0.91,"{""V"": 0.91, ""B"": 0.01, ""E"": 0.01, ""P"": 0.01, ""R"": 0.01, ""S"": 0.0}",0.77,Military Forces of Cameroon (1982-),"On 18 December 2020, the military forces raided Dyeny village, Mbonge subdivision (Meme, Sud-Ouest), resulting in 2 people getting injured and houses burnt down.",0.6077669902912621,0.9100000000000001,0.3301634491359696,0.13423444117399377,0.13423444117399377,0.13423444117399377,0.13423444117399377,0.13289878616772502
olmo2:7b,CAO6254,E,E,0.99,{},0.42,Unidentified Armed Group (Cameroon),"On 2 July 2022, an explosive device planted by an unidentified armed group exploded at Mokolo market in Yaounde (Yaounde 1, Mfoundi, Centre) leading to 4 injured, including 2 severely. No fatalities.",0.75,0.99,0.16666666666663887,0.16666666666663887,0.16666666666663887,0.16666666666663887,0.16666666666663887,0.16666666666663887
olmo2:7b,CAO11395,B,B,0.88,"{""V"": 0.01, ""B"": 0.82, ""E"": 0.02, ""P"": 0.01, ""R"": 0.03, ""S"": 0.08}",0.76,Ambazonian Separatists (Cameroon),"On 2 January 2024, the Bui Unity Warriors attacked a military convoy on transit with a road planted IED in Wainamah (Jakiri, Bui, Nord-Ouest). This prompted military to fire repelling gunshots. Casualties unknown.",0.6077669902912621,0.8800000000000001,0.13604206368832114,0.3058100414889262,0.1374093091588638,0.13604206368832114,0.13879029567483048,0.14590622630043157
olmo2:7b,CAO8359,B,B,0.85,"{""V"": 0.05, ""B"": 0.8, ""E"": 0.02, ""P"": 0.01, ""R"": 0.02, ""S"": 0.06}",0.75,Military Forces of Cameroon (1982-) Rapid Intervention Battalion,"On 4 January 2024, the military forces killed 1 unidentified armed group member in Bourrha (Bourrha, Mayo-Tsanaga, Extreme-Nord). The member was known to abduct civilians. Food items, clothing, bladed weapons and other items were recovered.",0.5833333333333334,0.85,0.1422731989760381,0.30119236459581106,0.13806839048995437,0.13669458705059456,0.13806839048995437,0.1437030683973464
olmo2:7b,CAO11563,V,V,0.99,"{""V"": 0.99, ""B"": 0.01, ""E"": 0.0, ""P"": 0.0, ""R"": 0.0, ""S"": 0.0}",0.75,Military Forces of Cameroon (1982-),"On 21 June 2023, government forces, coded as military, raped a 12-year-old girl in Atoini, coded to Njinikom (Boyo, Nord-Ouest). No further information is available.",0.75,0.99,0.3494526690479928,0.13115346521695664,0.12984846643367523,0.12984846643367523,0.12984846643367523,0.12984846643367523
olmo2:7b,CAO10080,V,V,0.95,"{""V"": 0.95, ""B"": 0.01, ""E"": 0.01, ""P"": 0.01, ""R"": 0.01, ""S"": 0.0}",0.73,Military Forces of Cameroon (1982-),"On 2 February 2023, the state security forces, coded as the military forces beat civilians in Matondo II (Konye, Meme, Sud-Ouest) for an unknown reason. Casualties unknown. The attack caused the displacement of some civilians.",0.6077669902912621,0.9499999999999998,0.33906898300899996,0.13244978287002082,0.13244978287002082,0.13244978287002082,0.13244978287002082,0.13113188551057753
olmo2:7b,CAO7398,V,B,0.93,"{""V"": 0.01, ""B"": 0.89, ""E"": 0.02, ""P"": 0.03, ""R"": 0.02, ""S"": 0.03}",0.88,Boko Haram - Jamaatu Ahli is-Sunnah lid-Dawati wal-Jihad,"On 18 June 2023, Boko Haram [JAS] militants attacked Gazla, coded to Mora (Mora, Mayo-Sava, Extreme-Nord). 2 were killed and 1 was wounded. The militants looted houses and stole food items.",0.6077669902912621,0.93,0.13384367532983735,0.3226836775585052,0.13518882663006135,0.1365474969256061,0.13518882663006135,0.1365474969256061
olmo2:7b,CAO15321,S,V,0.95,"{""V"": 0.95, ""B"": 0.01, ""E"": 0.01, ""P"": 0.01, ""R"": 0.01, ""S"": 0.0}",0.75,Boko Haram - Jamaatu Ahli is-Sunnah lid-Dawati wal-Jihad,"Looting: On 12 October 2024, Boko Haram (JAS) (likely) militants looted 2 stores and nearly 20 houses in Ldoubam (Mokolo, Mayo-Tsanaga, Extreme-Nord).",0.6077669902912621,0.9499999999999998,0.33906898300899996,0.13244978287002082,0.13244978287002082,0.13244978287002082,0.13244978287002082,0.13113188551057753
olmo2:7b,CAO5584,B,B,0.88,"{""V"": 0.01, ""B"": 0.82, ""E"": 0.01, ""P"": 0.02, ""R"": 0.03, ""S"": 0.08}",0.74,Military Forces of Cameroon (1982-),"On 3 September 2021, military forces engaged in fire fight with Ambazonian separatists in Ekona town, Bangem subdivision (Kupe-Manenguba, Sud-Ouest).There were no fatalities.",0.6077669902912621,0.8800000000000001,0.13604206368832114,0.3058100414889262,0.13604206368832114,0.1374093091588638,0.13879029567483048,0.14590622630043157
olmo2:7b,CAO15173,B,B,0.93,"{""V"": 0.01, ""B"": 0.93, ""E"": 0.02, ""P"": 0.01, ""R"": 0.01, ""S"": 0.01}",0.93,Ambazonian Separatists (Cameroon),"On 8 August 2024, Ambazonian Separatists from the Restoration Forces faction clashed with the security forces, coded as the military forces in Big Ngwandi (Konye, Meme, Sud-Ouest). The Separatists detonated an IED that killed 2 soldiers and injured 6 others before clashing with security forces. The casualties on the Separatist side are unknown.",0.6077669902912621,0.93,0.1329903855818861,0.3337114964945496,0.134326961177572,0.1329903855818861,0.1329903855818861,0.1329903855818861
olmo2:7b,CAO5791,V,V,0.95,"{""V"": 0.95, ""B"": 0.01, ""E"": 0.01, ""P"": 0.01, ""R"": 0.01, ""S"": 0.0}",0.75,Ambazonian Separatists (Cameroon),"On 22 December 2021, suspected Ambazonian separatists opened fire on the house of the former Mayor of Mamfe town (Manyu, Sud-Ouest) before burning his house down. They accuse him of denouncing human rights violations allegedly committed by one separatist leader. There were no fatalities.",0.6077669902912621,0.9499999999999998,0.33906898300899996,0.13244978287002082,0.13244978287002082,0.13244978287002082,0.13244978287002082,0.13113188551057753
olmo2:7b,CAO7007,V,V,0.99,{},0.46,Military Forces of Cameroon (1982-),"On 29 January 2023, suspected members of the Cameroonian military forces attacked traveling civilians on the Bamenda-Kumbo road, coded to Bamenda (Bamenda 1, Mezam, Nord-Ouest). 2 drivers were killed by the military. The victims were traveling to Jakiri when they were stopped by the soldiers.",0.75,0.99,0.16666666666663887,0.16666666666663887,0.16666666666663887,0.16666666666663887,0.16666666666663887,0.16666666666663887
olmo2:7b,CAO13016,E,E,0.99,{},0.43,Ambazonian Separatists (Cameroon),"On 23 February 2024, an IED planted by Ambazonian Separatists detonated on the military forces in Bamenda - Mankon (Bamenda 2, Mezam, Nord-Ouest). At least 6 soldiers were killed and their military vehicle was damaged.",0.75,0.99,0.16666666666663887,0.16666666666663887,0.16666666666663887,0.16666666666663887,0.16666666666663887,0.16666666666663887
olmo2:7b,CAO9923,V,V,0.99,"{""V"": 0.99, ""B"": 0.01, ""E"": 0.0, ""P"": 0.0, ""R"": 0.0, ""S"": 0.0}",0.75,Military Forces of Cameroon (1982-),"On 20 March 2021, state forces, coded as military, raided the village Bengang located in Batibo (Momo, Nord-Ouest).There was 1 civilian killed.",0.75,0.99,0.3494526690479928,0.13115346521695664,0.12984846643367523,0.12984846643367523,0.12984846643367523,0.12984846643367523
olmo2:7b,CAO3105,B,V,0.99,"{""V"": 0.99, ""B"": 0.01, ""E"": 0.0, ""P"": 0.0, ""R"": 0.0, ""S"": 0.0}",0.76,Ambazonian Separatists (Cameroon),"On 15 March 2020, the Ambazonian separatists killed a civilian when they targeted a soldier who he was transporting to his duty post in Mundemba town (Ndian, Sud-Ouest).",0.75,0.99,0.3494526690479928,0.13115346521695664,0.12984846643367523,0.12984846643367523,0.12984846643367523,0.12984846643367523
olmo2:7b,CAO12465,S,V,0.95,"{""V"": 0.95, ""B"": 0.01, ""E"": 0.01, ""P"": 0.01, ""R"": 0.01, ""S"": 0.0}",0.74,Military Forces of Cameroon (1982-),"Property destruction: On 24 July 2023, state security forces (coded as military) set ablaze the traditional house of a village in Belo commune, coded to Oku (Boyo, Nord-Ouest), which had been a secret shrine of 'Beng Aweh.' They also arrested some men, all, with the exception of two, were shortly released.",0.6077669902912621,0.9499999999999998,0.33906898300899996,0.13244978287002082,0.13244978287002082,0.13244978287002082,0.13244978287002082,0.13113188551057753
olmo2:7b,CAO5869,B,B,0.93,"{""V"": 0.01, ""B"": 0.89, ""E"": 0.02, ""P"": 0.03, ""R"": 0.02, ""S"": 0.93}",0.9,Islamic State West Africa Province (ISWAP) - Lake Chad Faction,"Around 12 February 2022, ISWAP militants launched an attack targeting a military post of the Multinational Task force in Gasama (Logone-Birni, Logone-et-Chari), causing the killing of ten militants, injury of two soldiers, and the seizure of arms and ammunition.",0.6077669902912621,0.93,0.11160101762344408,0.26905886062422324,0.1127226264973229,0.11385550772778726,0.1127226264973229,0.2800393610296197
olmo2:7b,CAO13677,V,B,0.85,"{""V"": 0.05, ""B"": 0.82, ""E"": 0.02, ""P"": 0.01, ""R"": 0.02, ""S"": 0.08}",0.75,Ambazonian Separatists (Cameroon),"On 16 April 2024, Ambazonian Separatists from the SOCADEF abducted 3 village elders and a traditional ruler from their private residences in Weme (Konye, Meme, Sud-Ouest). The Separatists accused the elders of installing a new traditional council in the village without notifying the Separatists.",0.5833333333333334,0.85,0.14100591062194498,0.30453980734548863,0.13683855616700663,0.13547698978362113,0.13683855616700663,0.14530017991462754
